/data0/yejinxuan/ce-ais/.venv/lib/python3.12/site-packages/hydra/_internal/defaults_list.py:251: UserWarning: In 'config_data_collection': Defaults list is missing `_self_`. See https://hydra.cc/docs/1.2/upgrades/1.0_to_1.1/default_composition_order for more information
  warnings.warn(msg, UserWarning)
/data0/yejinxuan/ce-ais/.venv/lib/python3.12/site-packages/hydra/core/default_element.py:124: UserWarning: In 'vr_input/vr_controller/vive': Usage of deprecated keyword in package header '# @package _group_'.
See https://hydra.cc/docs/1.2/upgrades/1.0_to_1.1/changes_to_package_header for more information
  deprecation_warning(
Gym has been unmaintained since 2022 and does not support NumPy 2.0 amongst other critical functionality.
Please upgrade to Gymnasium, the maintained drop-in replacement of Gym, or contact the authors of your software and request that they upgrade.
Users of this version of Gym should be able to simply replace 'import gym' with 'import gymnasium as gym' in the vast majority of cases.
See the migration guide at https://gymnasium.farama.org/introduction/migration_guide/ for additional information.
pybullet build time: Oct 21 2025 10:07:17
/data0/yejinxuan/workspace/calvin/calvin_env/calvin_env/envs/play_table_env.py:292: UserWarning: 
The version_base parameter is not specified.
Please specify a compatability version level, or None.
Will assume defaults for version 1.1
  @hydra.main(config_path="../../conf", config_name="config_data_collection")
EGL device choice: 6 of 17 (from EGL_VISIBLE_DEVICES)
/data0/yejinxuan/ce-ais/.venv/lib/python3.12/site-packages/lightning_lite/__init__.py:29: UserWarning: pkg_resources is deprecated as an API. See https://setuptools.pypa.io/en/latest/pkg_resources.html. The pkg_resources package is slated for removal as early as 2025-11-30. Refrain from using this package or pin to Setuptools<81.
  __import__("pkg_resources").declare_namespace(__name__)
/data0/yejinxuan/ce-ais/.venv/lib/python3.12/site-packages/lightning_lite/utilities/cloud_io.py:48: FutureWarning: You are using `torch.load` with `weights_only=False` (the current default value), which uses the default pickle module implicitly. It is possible to construct malicious pickle data which will execute arbitrary code during unpickling (See https://github.com/pytorch/pytorch/blob/main/SECURITY.md#untrusted-models for more details). In a future release, the default value for `weights_only` will be flipped to `True`. This limits the functions that could be executed during unpickling. Arbitrary objects will no longer be allowed to be loaded via this mode unless they are explicitly allowlisted by the user via `torch.serialization.add_safe_globals`. We recommend you start setting `weights_only=True` for any use case where you don't have full control of the loaded file. Please open an issue on GitHub for any issues related to this experimental feature.
  return torch.load(f, map_location=map_location)
[INFO] Ignoring CUDA_VISIBLE_DEVICES=4,5,6,7; --device cuda:6 selects the physical GPU index.
======================================================================
CE-AIS Paper Main Experiments
Methods: ['frozen_calvin_policy', 'ce_ais']
Chains: 10 x 1
Device: cuda:6 (requested=cuda:6, visible=None)
EGL: enabled (EGL_VISIBLE_DEVICES=6)
======================================================================

[1] Initializing CALVIN environment...
  Available tasks: 34
  Sequence source: official

[Eval] Running: frozen_calvin_policy
trying to load lang data from:  /data0/yejinxuan/ce-ais/data/task_ABC_D/training/lang_annotations/auto_lang_ann.npy
trying to load lang data from:  /data0/yejinxuan/ce-ais/data/task_ABC_D/validation/lang_annotations/auto_lang_ann.npy
    [frozen_calvin_policy] chain 1/10 start: ['rotate_pink_block_left']
    [frozen_calvin_policy] chain 1/10 instructions: ['take the pink block and rotate it to the left']
    [frozen_calvin_policy] chain 1/10 task 1/1 start: rotate_pink_block_left | instruction: take the pink block and rotate it to the left
    [frozen_calvin_policy] chain 1/10 task 1/1 step 1/360: running policy
    [frozen_calvin_policy] chain 1/10 task 1/1 step 1/360: policy 0.42s, stepping env
    [frozen_calvin_policy] chain 1/10 task 1/1 step 25/360: running policy
    [frozen_calvin_policy] chain 1/10 task 1/1 step 25/360: policy 0.00s, stepping env
    [frozen_calvin_policy] chain 1/10 task 1/1 step 50/360: running policy
    [frozen_calvin_policy] chain 1/10 task 1/1 step 50/360: policy 0.00s, stepping env
    [frozen_calvin_policy] chain 1/10 task 1/1 step 75/360: running policy
    [frozen_calvin_policy] chain 1/10 task 1/1 step 75/360: policy 0.00s, stepping env
    [frozen_calvin_policy] chain 1/10 task 1/1 step 100/360: running policy
    [frozen_calvin_policy] chain 1/10 task 1/1 step 100/360: policy 0.00s, stepping env
    [frozen_calvin_policy] chain 1/10 task 1/1 step 125/360: running policy
    [frozen_calvin_policy] chain 1/10 task 1/1 step 125/360: policy 0.00s, stepping env
    [frozen_calvin_policy] chain 1/10 task 1/1 step 150/360: running policy
    [frozen_calvin_policy] chain 1/10 task 1/1 step 150/360: policy 0.00s, stepping env
    [frozen_calvin_policy] chain 1/10 task 1/1 step 175/360: running policy
    [frozen_calvin_policy] chain 1/10 task 1/1 step 175/360: policy 0.00s, stepping env
    [frozen_calvin_policy] chain 1/10 task 1/1 step 200/360: running policy
    [frozen_calvin_policy] chain 1/10 task 1/1 step 200/360: policy 0.00s, stepping env
    [frozen_calvin_policy] chain 1/10 task 1/1 step 225/360: running policy
    [frozen_calvin_policy] chain 1/10 task 1/1 step 225/360: policy 0.00s, stepping env
    [frozen_calvin_policy] chain 1/10 task 1/1 step 250/360: running policy
    [frozen_calvin_policy] chain 1/10 task 1/1 step 250/360: policy 0.00s, stepping env
    [frozen_calvin_policy] chain 1/10 task 1/1 step 275/360: running policy
    [frozen_calvin_policy] chain 1/10 task 1/1 step 275/360: policy 0.00s, stepping env
    [frozen_calvin_policy] chain 1/10 task 1/1 step 300/360: running policy
    [frozen_calvin_policy] chain 1/10 task 1/1 step 300/360: policy 0.00s, stepping env
    [frozen_calvin_policy] chain 1/10 task 1/1 step 325/360: running policy
    [frozen_calvin_policy] chain 1/10 task 1/1 step 325/360: policy 0.00s, stepping env
    [frozen_calvin_policy] chain 1/10 task 1/1 step 350/360: running policy
    [frozen_calvin_policy] chain 1/10 task 1/1 step 350/360: policy 0.00s, stepping env
    [frozen_calvin_policy] chain 1/10 task 1/1 failed: 360 steps, 3.9s
    [frozen_calvin_policy] chain 2/10 start: ['push_into_drawer']
    [frozen_calvin_policy] chain 2/10 instructions: ['slide the block that it falls into the drawer']
    [frozen_calvin_policy] chain 2/10 task 1/1 start: push_into_drawer | instruction: slide the block that it falls into the drawer
    [frozen_calvin_policy] chain 2/10 task 1/1 step 1/360: running policy
    [frozen_calvin_policy] chain 2/10 task 1/1 step 1/360: policy 0.01s, stepping env
    [frozen_calvin_policy] chain 2/10 task 1/1 step 25/360: running policy
    [frozen_calvin_policy] chain 2/10 task 1/1 step 25/360: policy 0.00s, stepping env
    [frozen_calvin_policy] chain 2/10 task 1/1 step 50/360: running policy
    [frozen_calvin_policy] chain 2/10 task 1/1 step 50/360: policy 0.00s, stepping env
    [frozen_calvin_policy] chain 2/10 task 1/1 step 75/360: running policy
    [frozen_calvin_policy] chain 2/10 task 1/1 step 75/360: policy 0.00s, stepping env
    [frozen_calvin_policy] chain 2/10 task 1/1 step 100/360: running policy
    [frozen_calvin_policy] chain 2/10 task 1/1 step 100/360: policy 0.00s, stepping env
    [frozen_calvin_policy] chain 2/10 task 1/1 step 125/360: running policy
    [frozen_calvin_policy] chain 2/10 task 1/1 step 125/360: policy 0.00s, stepping env
    [frozen_calvin_policy] chain 2/10 task 1/1 step 150/360: running policy
    [frozen_calvin_policy] chain 2/10 task 1/1 step 150/360: policy 0.00s, stepping env
    [frozen_calvin_policy] chain 2/10 task 1/1 step 175/360: running policy
    [frozen_calvin_policy] chain 2/10 task 1/1 step 175/360: policy 0.00s, stepping env
    [frozen_calvin_policy] chain 2/10 task 1/1 step 200/360: running policy
    [frozen_calvin_policy] chain 2/10 task 1/1 step 200/360: policy 0.00s, stepping env
    [frozen_calvin_policy] chain 2/10 task 1/1 step 225/360: running policy
    [frozen_calvin_policy] chain 2/10 task 1/1 step 225/360: policy 0.00s, stepping env
    [frozen_calvin_policy] chain 2/10 task 1/1 step 250/360: running policy
    [frozen_calvin_policy] chain 2/10 task 1/1 step 250/360: policy 0.00s, stepping env
    [frozen_calvin_policy] chain 2/10 task 1/1 step 275/360: running policy
    [frozen_calvin_policy] chain 2/10 task 1/1 step 275/360: policy 0.00s, stepping env
    [frozen_calvin_policy] chain 2/10 task 1/1 step 300/360: running policy
    [frozen_calvin_policy] chain 2/10 task 1/1 step 300/360: policy 0.00s, stepping env
    [frozen_calvin_policy] chain 2/10 task 1/1 step 325/360: running policy
    [frozen_calvin_policy] chain 2/10 task 1/1 step 325/360: policy 0.00s, stepping env
    [frozen_calvin_policy] chain 2/10 task 1/1 step 350/360: running policy
    [frozen_calvin_policy] chain 2/10 task 1/1 step 350/360: policy 0.00s, stepping env
    [frozen_calvin_policy] chain 2/10 task 1/1 failed: 360 steps, 3.7s
    [frozen_calvin_policy] chain 3/10 start: ['move_slider_left']
    [frozen_calvin_policy] chain 3/10 instructions: ['push the sliding door to the left side']
    [frozen_calvin_policy] chain 3/10 task 1/1 start: move_slider_left | instruction: push the sliding door to the left side
    [frozen_calvin_policy] chain 3/10 task 1/1 step 1/360: running policy
    [frozen_calvin_policy] chain 3/10 task 1/1 step 1/360: policy 0.01s, stepping env
    [frozen_calvin_policy] chain 3/10 task 1/1 step 25/360: running policy
    [frozen_calvin_policy] chain 3/10 task 1/1 step 25/360: policy 0.00s, stepping env
    [frozen_calvin_policy] chain 3/10 task 1/1 step 50/360: running policy
    [frozen_calvin_policy] chain 3/10 task 1/1 step 50/360: policy 0.00s, stepping env
    [frozen_calvin_policy] chain 3/10 task 1/1 step 75/360: running policy
    [frozen_calvin_policy] chain 3/10 task 1/1 step 75/360: policy 0.00s, stepping env
    [frozen_calvin_policy] chain 3/10 task 1/1 step 100/360: running policy
    [frozen_calvin_policy] chain 3/10 task 1/1 step 100/360: policy 0.00s, stepping env
    [frozen_calvin_policy] chain 3/10 task 1/1 step 125/360: running policy
    [frozen_calvin_policy] chain 3/10 task 1/1 step 125/360: policy 0.00s, stepping env
    [frozen_calvin_policy] chain 3/10 task 1/1 step 150/360: running policy
    [frozen_calvin_policy] chain 3/10 task 1/1 step 150/360: policy 0.00s, stepping env
    [frozen_calvin_policy] chain 3/10 task 1/1 step 175/360: running policy
    [frozen_calvin_policy] chain 3/10 task 1/1 step 175/360: policy 0.00s, stepping env
    [frozen_calvin_policy] chain 3/10 task 1/1 step 200/360: running policy
    [frozen_calvin_policy] chain 3/10 task 1/1 step 200/360: policy 0.01s, stepping env
    [frozen_calvin_policy] chain 3/10 task 1/1 step 225/360: running policy
    [frozen_calvin_policy] chain 3/10 task 1/1 step 225/360: policy 0.00s, stepping env
    [frozen_calvin_policy] chain 3/10 task 1/1 step 250/360: running policy
    [frozen_calvin_policy] chain 3/10 task 1/1 step 250/360: policy 0.00s, stepping env
    [frozen_calvin_policy] chain 3/10 task 1/1 step 275/360: running policy
    [frozen_calvin_policy] chain 3/10 task 1/1 step 275/360: policy 0.00s, stepping env
    [frozen_calvin_policy] chain 3/10 task 1/1 step 300/360: running policy
    [frozen_calvin_policy] chain 3/10 task 1/1 step 300/360: policy 0.00s, stepping env
    [frozen_calvin_policy] chain 3/10 task 1/1 step 325/360: running policy
    [frozen_calvin_policy] chain 3/10 task 1/1 step 325/360: policy 0.00s, stepping env
    [frozen_calvin_policy] chain 3/10 task 1/1 step 350/360: running policy
    [frozen_calvin_policy] chain 3/10 task 1/1 step 350/360: policy 0.00s, stepping env
    [frozen_calvin_policy] chain 3/10 task 1/1 failed: 360 steps, 4.3s
    [frozen_calvin_policy] chain 4/10 start: ['open_drawer']
    [frozen_calvin_policy] chain 4/10 instructions: ['pull the handle to open the drawer']
    [frozen_calvin_policy] chain 4/10 task 1/1 start: open_drawer | instruction: pull the handle to open the drawer
    [frozen_calvin_policy] chain 4/10 task 1/1 step 1/360: running policy
    [frozen_calvin_policy] chain 4/10 task 1/1 step 1/360: policy 0.01s, stepping env
    [frozen_calvin_policy] chain 4/10 task 1/1 step 25/360: running policy
    [frozen_calvin_policy] chain 4/10 task 1/1 step 25/360: policy 0.01s, stepping env
    [frozen_calvin_policy] chain 4/10 task 1/1 step 50/360: running policy
    [frozen_calvin_policy] chain 4/10 task 1/1 step 50/360: policy 0.00s, stepping env
    [frozen_calvin_policy] chain 4/10 task 1/1 step 75/360: running policy
    [frozen_calvin_policy] chain 4/10 task 1/1 step 75/360: policy 0.00s, stepping env
    [frozen_calvin_policy] chain 4/10 task 1/1 step 100/360: running policy
    [frozen_calvin_policy] chain 4/10 task 1/1 step 100/360: policy 0.00s, stepping env
    [frozen_calvin_policy] chain 4/10 task 1/1 step 125/360: running policy
    [frozen_calvin_policy] chain 4/10 task 1/1 step 125/360: policy 0.00s, stepping env
    [frozen_calvin_policy] chain 4/10 task 1/1 step 150/360: running policy
    [frozen_calvin_policy] chain 4/10 task 1/1 step 150/360: policy 0.00s, stepping env
    [frozen_calvin_policy] chain 4/10 task 1/1 step 175/360: running policy
    [frozen_calvin_policy] chain 4/10 task 1/1 step 175/360: policy 0.00s, stepping env
    [frozen_calvin_policy] chain 4/10 task 1/1 step 200/360: running policy
    [frozen_calvin_policy] chain 4/10 task 1/1 step 200/360: policy 0.00s, stepping env
    [frozen_calvin_policy] chain 4/10 task 1/1 step 225/360: running policy
    [frozen_calvin_policy] chain 4/10 task 1/1 step 225/360: policy 0.00s, stepping env
    [frozen_calvin_policy] chain 4/10 task 1/1 step 250/360: running policy
    [frozen_calvin_policy] chain 4/10 task 1/1 step 250/360: policy 0.00s, stepping env
    [frozen_calvin_policy] chain 4/10 task 1/1 step 275/360: running policy
    [frozen_calvin_policy] chain 4/10 task 1/1 step 275/360: policy 0.00s, stepping env
    [frozen_calvin_policy] chain 4/10 task 1/1 step 300/360: running policy
    [frozen_calvin_policy] chain 4/10 task 1/1 step 300/360: policy 0.00s, stepping env
    [frozen_calvin_policy] chain 4/10 task 1/1 step 325/360: running policy
    [frozen_calvin_policy] chain 4/10 task 1/1 step 325/360: policy 0.00s, stepping env
    [frozen_calvin_policy] chain 4/10 task 1/1 step 350/360: running policy
    [frozen_calvin_policy] chain 4/10 task 1/1 step 350/360: policy 0.00s, stepping env
    [frozen_calvin_policy] chain 4/10 task 1/1 failed: 360 steps, 3.9s
    [frozen_calvin_policy] chain 5/10 start: ['lift_red_block_table']
    [frozen_calvin_policy] chain 5/10 instructions: ['grasp and lift the red block']
    [frozen_calvin_policy] chain 5/10 task 1/1 start: lift_red_block_table | instruction: grasp and lift the red block
    [frozen_calvin_policy] chain 5/10 task 1/1 step 1/360: running policy
    [frozen_calvin_policy] chain 5/10 task 1/1 step 1/360: policy 0.01s, stepping env
    [frozen_calvin_policy] chain 5/10 task 1/1 step 25/360: running policy
    [frozen_calvin_policy] chain 5/10 task 1/1 step 25/360: policy 0.00s, stepping env
    [frozen_calvin_policy] chain 5/10 task 1/1 step 50/360: running policy
    [frozen_calvin_policy] chain 5/10 task 1/1 step 50/360: policy 0.00s, stepping env
    [frozen_calvin_policy] chain 5/10 task 1/1 step 75/360: running policy
    [frozen_calvin_policy] chain 5/10 task 1/1 step 75/360: policy 0.00s, stepping env
    [frozen_calvin_policy] chain 5/10 task 1/1 step 100/360: running policy
    [frozen_calvin_policy] chain 5/10 task 1/1 step 100/360: policy 0.00s, stepping env
    [frozen_calvin_policy] chain 5/10 task 1/1 step 125/360: running policy
    [frozen_calvin_policy] chain 5/10 task 1/1 step 125/360: policy 0.00s, stepping env
    [frozen_calvin_policy] chain 5/10 task 1/1 step 150/360: running policy
    [frozen_calvin_policy] chain 5/10 task 1/1 step 150/360: policy 0.00s, stepping env
    [frozen_calvin_policy] chain 5/10 task 1/1 step 175/360: running policy
    [frozen_calvin_policy] chain 5/10 task 1/1 step 175/360: policy 0.00s, stepping env
    [frozen_calvin_policy] chain 5/10 task 1/1 step 200/360: running policy
    [frozen_calvin_policy] chain 5/10 task 1/1 step 200/360: policy 0.00s, stepping env
    [frozen_calvin_policy] chain 5/10 task 1/1 step 225/360: running policy
    [frozen_calvin_policy] chain 5/10 task 1/1 step 225/360: policy 0.00s, stepping env
    [frozen_calvin_policy] chain 5/10 task 1/1 step 250/360: running policy
    [frozen_calvin_policy] chain 5/10 task 1/1 step 250/360: policy 0.00s, stepping env
    [frozen_calvin_policy] chain 5/10 task 1/1 step 275/360: running policy
    [frozen_calvin_policy] chain 5/10 task 1/1 step 275/360: policy 0.00s, stepping env
    [frozen_calvin_policy] chain 5/10 task 1/1 step 300/360: running policy
    [frozen_calvin_policy] chain 5/10 task 1/1 step 300/360: policy 0.00s, stepping env
    [frozen_calvin_policy] chain 5/10 task 1/1 step 325/360: running policy
    [frozen_calvin_policy] chain 5/10 task 1/1 step 325/360: policy 0.00s, stepping env
    [frozen_calvin_policy] chain 5/10 task 1/1 step 350/360: running policy
    [frozen_calvin_policy] chain 5/10 task 1/1 step 350/360: policy 0.00s, stepping env
    [frozen_calvin_policy] chain 5/10 task 1/1 failed: 360 steps, 3.4s
    [frozen_calvin_policy] chain 6/10 start: ['move_slider_right']
    [frozen_calvin_policy] chain 6/10 instructions: ['push the sliding door to the right side']
    [frozen_calvin_policy] chain 6/10 task 1/1 start: move_slider_right | instruction: push the sliding door to the right side
    [frozen_calvin_policy] chain 6/10 task 1/1 step 1/360: running policy
    [frozen_calvin_policy] chain 6/10 task 1/1 step 1/360: policy 0.01s, stepping env
    [frozen_calvin_policy] chain 6/10 task 1/1 step 25/360: running policy
    [frozen_calvin_policy] chain 6/10 task 1/1 step 25/360: policy 0.00s, stepping env
    [frozen_calvin_policy] chain 6/10 task 1/1 step 50/360: running policy
    [frozen_calvin_policy] chain 6/10 task 1/1 step 50/360: policy 0.00s, stepping env
    [frozen_calvin_policy] chain 6/10 task 1/1 step 75/360: running policy
    [frozen_calvin_policy] chain 6/10 task 1/1 step 75/360: policy 0.00s, stepping env
    [frozen_calvin_policy] chain 6/10 task 1/1 step 100/360: running policy
    [frozen_calvin_policy] chain 6/10 task 1/1 step 100/360: policy 0.00s, stepping env
    [frozen_calvin_policy] chain 6/10 task 1/1 step 125/360: running policy
    [frozen_calvin_policy] chain 6/10 task 1/1 step 125/360: policy 0.00s, stepping env
    [frozen_calvin_policy] chain 6/10 task 1/1 step 150/360: running policy
    [frozen_calvin_policy] chain 6/10 task 1/1 step 150/360: policy 0.00s, stepping env
    [frozen_calvin_policy] chain 6/10 task 1/1 step 175/360: running policy
    [frozen_calvin_policy] chain 6/10 task 1/1 step 175/360: policy 0.00s, stepping env
    [frozen_calvin_policy] chain 6/10 task 1/1 step 200/360: running policy
    [frozen_calvin_policy] chain 6/10 task 1/1 step 200/360: policy 0.00s, stepping env
    [frozen_calvin_policy] chain 6/10 task 1/1 step 225/360: running policy
    [frozen_calvin_policy] chain 6/10 task 1/1 step 225/360: policy 0.00s, stepping env
    [frozen_calvin_policy] chain 6/10 task 1/1 step 250/360: running policy
    [frozen_calvin_policy] chain 6/10 task 1/1 step 250/360: policy 0.00s, stepping env
    [frozen_calvin_policy] chain 6/10 task 1/1 step 275/360: running policy
    [frozen_calvin_policy] chain 6/10 task 1/1 step 275/360: policy 0.00s, stepping env
    [frozen_calvin_policy] chain 6/10 task 1/1 step 300/360: running policy
    [frozen_calvin_policy] chain 6/10 task 1/1 step 300/360: policy 0.00s, stepping env
    [frozen_calvin_policy] chain 6/10 task 1/1 step 325/360: running policy
    [frozen_calvin_policy] chain 6/10 task 1/1 step 325/360: policy 0.00s, stepping env
    [frozen_calvin_policy] chain 6/10 task 1/1 step 350/360: running policy
    [frozen_calvin_policy] chain 6/10 task 1/1 step 350/360: policy 0.00s, stepping env
    [frozen_calvin_policy] chain 6/10 task 1/1 failed: 360 steps, 3.4s
    [frozen_calvin_policy] chain 7/10 start: ['lift_pink_block_slider']
    [frozen_calvin_policy] chain 7/10 instructions: ['lift the pink block from the sliding cabinet']
    [frozen_calvin_policy] chain 7/10 task 1/1 start: lift_pink_block_slider | instruction: lift the pink block from the sliding cabinet
    [frozen_calvin_policy] chain 7/10 task 1/1 step 1/360: running policy
    [frozen_calvin_policy] chain 7/10 task 1/1 step 1/360: policy 0.01s, stepping env
    [frozen_calvin_policy] chain 7/10 task 1/1 step 25/360: running policy
    [frozen_calvin_policy] chain 7/10 task 1/1 step 25/360: policy 0.00s, stepping env
    [frozen_calvin_policy] chain 7/10 task 1/1 step 50/360: running policy
    [frozen_calvin_policy] chain 7/10 task 1/1 step 50/360: policy 0.00s, stepping env
    [frozen_calvin_policy] chain 7/10 task 1/1 step 75/360: running policy
    [frozen_calvin_policy] chain 7/10 task 1/1 step 75/360: policy 0.00s, stepping env
    [frozen_calvin_policy] chain 7/10 task 1/1 step 100/360: running policy
    [frozen_calvin_policy] chain 7/10 task 1/1 step 100/360: policy 0.00s, stepping env
    [frozen_calvin_policy] chain 7/10 task 1/1 step 125/360: running policy
    [frozen_calvin_policy] chain 7/10 task 1/1 step 125/360: policy 0.00s, stepping env
    [frozen_calvin_policy] chain 7/10 task 1/1 step 150/360: running policy
    [frozen_calvin_policy] chain 7/10 task 1/1 step 150/360: policy 0.00s, stepping env
    [frozen_calvin_policy] chain 7/10 task 1/1 step 175/360: running policy
    [frozen_calvin_policy] chain 7/10 task 1/1 step 175/360: policy 0.00s, stepping env
    [frozen_calvin_policy] chain 7/10 task 1/1 step 200/360: running policy
    [frozen_calvin_policy] chain 7/10 task 1/1 step 200/360: policy 0.00s, stepping env
    [frozen_calvin_policy] chain 7/10 task 1/1 step 225/360: running policy
    [frozen_calvin_policy] chain 7/10 task 1/1 step 225/360: policy 0.00s, stepping env
    [frozen_calvin_policy] chain 7/10 task 1/1 step 250/360: running policy
    [frozen_calvin_policy] chain 7/10 task 1/1 step 250/360: policy 0.00s, stepping env
    [frozen_calvin_policy] chain 7/10 task 1/1 step 275/360: running policy
    [frozen_calvin_policy] chain 7/10 task 1/1 step 275/360: policy 0.00s, stepping env
    [frozen_calvin_policy] chain 7/10 task 1/1 step 300/360: running policy
    [frozen_calvin_policy] chain 7/10 task 1/1 step 300/360: policy 0.00s, stepping env
    [frozen_calvin_policy] chain 7/10 task 1/1 step 325/360: running policy
    [frozen_calvin_policy] chain 7/10 task 1/1 step 325/360: policy 0.00s, stepping env
    [frozen_calvin_policy] chain 7/10 task 1/1 step 350/360: running policy
    [frozen_calvin_policy] chain 7/10 task 1/1 step 350/360: policy 0.00s, stepping env
    [frozen_calvin_policy] chain 7/10 task 1/1 failed: 360 steps, 3.5s
    [frozen_calvin_policy] chain 8/10 start: ['push_blue_block_right']
    [frozen_calvin_policy] chain 8/10 instructions: ['go push the blue block right']
    [frozen_calvin_policy] chain 8/10 task 1/1 start: push_blue_block_right | instruction: go push the blue block right
    [frozen_calvin_policy] chain 8/10 task 1/1 step 1/360: running policy
    [frozen_calvin_policy] chain 8/10 task 1/1 step 1/360: policy 0.01s, stepping env
    [frozen_calvin_policy] chain 8/10 task 1/1 step 25/360: running policy
    [frozen_calvin_policy] chain 8/10 task 1/1 step 25/360: policy 0.00s, stepping env
    [frozen_calvin_policy] chain 8/10 task 1/1 step 50/360: running policy
    [frozen_calvin_policy] chain 8/10 task 1/1 step 50/360: policy 0.00s, stepping env
    [frozen_calvin_policy] chain 8/10 task 1/1 step 75/360: running policy
    [frozen_calvin_policy] chain 8/10 task 1/1 step 75/360: policy 0.00s, stepping env
    [frozen_calvin_policy] chain 8/10 task 1/1 step 100/360: running policy
    [frozen_calvin_policy] chain 8/10 task 1/1 step 100/360: policy 0.00s, stepping env
    [frozen_calvin_policy] chain 8/10 task 1/1 step 125/360: running policy
    [frozen_calvin_policy] chain 8/10 task 1/1 step 125/360: policy 0.00s, stepping env
    [frozen_calvin_policy] chain 8/10 task 1/1 step 150/360: running policy
    [frozen_calvin_policy] chain 8/10 task 1/1 step 150/360: policy 0.00s, stepping env
    [frozen_calvin_policy] chain 8/10 task 1/1 step 175/360: running policy
    [frozen_calvin_policy] chain 8/10 task 1/1 step 175/360: policy 0.00s, stepping env
    [frozen_calvin_policy] chain 8/10 task 1/1 step 200/360: running policy
    [frozen_calvin_policy] chain 8/10 task 1/1 step 200/360: policy 0.00s, stepping env
    [frozen_calvin_policy] chain 8/10 task 1/1 step 225/360: running policy
    [frozen_calvin_policy] chain 8/10 task 1/1 step 225/360: policy 0.00s, stepping env
    [frozen_calvin_policy] chain 8/10 task 1/1 step 250/360: running policy
    [frozen_calvin_policy] chain 8/10 task 1/1 step 250/360: policy 0.00s, stepping env
    [frozen_calvin_policy] chain 8/10 task 1/1 step 275/360: running policy
    [frozen_calvin_policy] chain 8/10 task 1/1 step 275/360: policy 0.00s, stepping env
    [frozen_calvin_policy] chain 8/10 task 1/1 step 300/360: running policy
    [frozen_calvin_policy] chain 8/10 task 1/1 step 300/360: policy 0.00s, stepping env
    [frozen_calvin_policy] chain 8/10 task 1/1 step 325/360: running policy
    [frozen_calvin_policy] chain 8/10 task 1/1 step 325/360: policy 0.00s, stepping env
    [frozen_calvin_policy] chain 8/10 task 1/1 step 350/360: running policy
    [frozen_calvin_policy] chain 8/10 task 1/1 step 350/360: policy 0.00s, stepping env
    [frozen_calvin_policy] chain 8/10 task 1/1 failed: 360 steps, 3.5s
    [frozen_calvin_policy] chain 9/10 start: ['move_slider_left']
    [frozen_calvin_policy] chain 9/10 instructions: ['push the sliding door to the left side']
    [frozen_calvin_policy] chain 9/10 task 1/1 start: move_slider_left | instruction: push the sliding door to the left side
    [frozen_calvin_policy] chain 9/10 task 1/1 step 1/360: running policy
    [frozen_calvin_policy] chain 9/10 task 1/1 step 1/360: policy 0.01s, stepping env
    [frozen_calvin_policy] chain 9/10 task 1/1 step 25/360: running policy
    [frozen_calvin_policy] chain 9/10 task 1/1 step 25/360: policy 0.00s, stepping env
    [frozen_calvin_policy] chain 9/10 task 1/1 step 50/360: running policy
    [frozen_calvin_policy] chain 9/10 task 1/1 step 50/360: policy 0.00s, stepping env
    [frozen_calvin_policy] chain 9/10 task 1/1 step 75/360: running policy
    [frozen_calvin_policy] chain 9/10 task 1/1 step 75/360: policy 0.00s, stepping env
    [frozen_calvin_policy] chain 9/10 task 1/1 step 100/360: running policy
    [frozen_calvin_policy] chain 9/10 task 1/1 step 100/360: policy 0.00s, stepping env
    [frozen_calvin_policy] chain 9/10 task 1/1 step 125/360: running policy
    [frozen_calvin_policy] chain 9/10 task 1/1 step 125/360: policy 0.00s, stepping env
    [frozen_calvin_policy] chain 9/10 task 1/1 step 150/360: running policy
    [frozen_calvin_policy] chain 9/10 task 1/1 step 150/360: policy 0.00s, stepping env
    [frozen_calvin_policy] chain 9/10 task 1/1 step 175/360: running policy
    [frozen_calvin_policy] chain 9/10 task 1/1 step 175/360: policy 0.00s, stepping env
    [frozen_calvin_policy] chain 9/10 task 1/1 step 200/360: running policy
    [frozen_calvin_policy] chain 9/10 task 1/1 step 200/360: policy 0.00s, stepping env
    [frozen_calvin_policy] chain 9/10 task 1/1 step 225/360: running policy
    [frozen_calvin_policy] chain 9/10 task 1/1 step 225/360: policy 0.00s, stepping env
    [frozen_calvin_policy] chain 9/10 task 1/1 step 250/360: running policy
    [frozen_calvin_policy] chain 9/10 task 1/1 step 250/360: policy 0.00s, stepping env
    [frozen_calvin_policy] chain 9/10 task 1/1 step 275/360: running policy
    [frozen_calvin_policy] chain 9/10 task 1/1 step 275/360: policy 0.00s, stepping env
    [frozen_calvin_policy] chain 9/10 task 1/1 step 300/360: running policy
    [frozen_calvin_policy] chain 9/10 task 1/1 step 300/360: policy 0.00s, stepping env
    [frozen_calvin_policy] chain 9/10 task 1/1 step 325/360: running policy
    [frozen_calvin_policy] chain 9/10 task 1/1 step 325/360: policy 0.00s, stepping env
    [frozen_calvin_policy] chain 9/10 task 1/1 step 350/360: running policy
    [frozen_calvin_policy] chain 9/10 task 1/1 step 350/360: policy 0.00s, stepping env
    [frozen_calvin_policy] chain 9/10 task 1/1 failed: 360 steps, 3.5s
    [frozen_calvin_policy] chain 10/10 start: ['push_blue_block_left']
    [frozen_calvin_policy] chain 10/10 instructions: ['go push the blue block left']
    [frozen_calvin_policy] chain 10/10 task 1/1 start: push_blue_block_left | instruction: go push the blue block left
    [frozen_calvin_policy] chain 10/10 task 1/1 step 1/360: running policy
    [frozen_calvin_policy] chain 10/10 task 1/1 step 1/360: policy 0.01s, stepping env
    [frozen_calvin_policy] chain 10/10 task 1/1 step 25/360: running policy
    [frozen_calvin_policy] chain 10/10 task 1/1 step 25/360: policy 0.00s, stepping env
    [frozen_calvin_policy] chain 10/10 task 1/1 step 50/360: running policy
    [frozen_calvin_policy] chain 10/10 task 1/1 step 50/360: policy 0.00s, stepping env
    [frozen_calvin_policy] chain 10/10 task 1/1 step 75/360: running policy
    [frozen_calvin_policy] chain 10/10 task 1/1 step 75/360: policy 0.00s, stepping env
    [frozen_calvin_policy] chain 10/10 task 1/1 step 100/360: running policy
    [frozen_calvin_policy] chain 10/10 task 1/1 step 100/360: policy 0.00s, stepping env
    [frozen_calvin_policy] chain 10/10 task 1/1 step 125/360: running policy
    [frozen_calvin_policy] chain 10/10 task 1/1 step 125/360: policy 0.00s, stepping env
    [frozen_calvin_policy] chain 10/10 task 1/1 step 150/360: running policy
    [frozen_calvin_policy] chain 10/10 task 1/1 step 150/360: policy 0.00s, stepping env
    [frozen_calvin_policy] chain 10/10 task 1/1 step 175/360: running policy
    [frozen_calvin_policy] chain 10/10 task 1/1 step 175/360: policy 0.00s, stepping env
    [frozen_calvin_policy] chain 10/10 task 1/1 step 200/360: running policy
    [frozen_calvin_policy] chain 10/10 task 1/1 step 200/360: policy 0.00s, stepping env
    [frozen_calvin_policy] chain 10/10 task 1/1 step 225/360: running policy
    [frozen_calvin_policy] chain 10/10 task 1/1 step 225/360: policy 0.00s, stepping env
    [frozen_calvin_policy] chain 10/10 task 1/1 step 250/360: running policy
    [frozen_calvin_policy] chain 10/10 task 1/1 step 250/360: policy 0.00s, stepping env
    [frozen_calvin_policy] chain 10/10 task 1/1 step 275/360: running policy
    [frozen_calvin_policy] chain 10/10 task 1/1 step 275/360: policy 0.00s, stepping env
    [frozen_calvin_policy] chain 10/10 task 1/1 step 300/360: running policy
    [frozen_calvin_policy] chain 10/10 task 1/1 step 300/360: policy 0.00s, stepping env
    [frozen_calvin_policy] chain 10/10 task 1/1 step 325/360: running policy
    [frozen_calvin_policy] chain 10/10 task 1/1 step 325/360: policy 0.00s, stepping env
    [frozen_calvin_policy] chain 10/10 task 1/1 step 350/360: running policy
    [frozen_calvin_policy] chain 10/10 task 1/1 step 350/360: policy 0.00s, stepping env
    [frozen_calvin_policy] chain 10/10 task 1/1 failed: 360 steps, 3.7s
    [frozen_calvin_policy] 10/10 chains, L1 success: 0.0%
  [frozen_calvin_policy] L1=0.0%, L3=0.0%, L5=0.0%, latency=10.2ms

[Eval] Running: ce_ais
trying to load lang data from:  /data0/yejinxuan/ce-ais/data/task_ABC_D/training/lang_annotations/auto_lang_ann.npy
trying to load lang data from:  /data0/yejinxuan/ce-ais/data/task_ABC_D/validation/lang_annotations/auto_lang_ann.npy
  Loaded encoder checkpoint: /data0/yejinxuan/ce-ais/checkpoints/encoder_epoch0044.pt
  Loaded CE-WM checkpoint: /data0/yejinxuan/ce-ais/checkpoints/cewm_epoch0021.pt
    [ce_ais] chain 1/10 start: ['rotate_pink_block_left']
    [ce_ais] chain 1/10 instructions: ['take the pink block and rotate it to the left']
    [ce_ais] chain 1/10 task 1/1 start: rotate_pink_block_left | instruction: take the pink block and rotate it to the left
    [ce_ais] chain 1/10 task 1/1 step 1/360: running policy
Steering failed, falling back to VLA: Tensors must have same number of dimensions: got 3 and 4
    [ce_ais] chain 1/10 task 1/1 step 1/360: policy 0.07s, stepping env
Steering failed, falling back to VLA: Tensors must have same number of dimensions: got 3 and 4
Steering failed, falling back to VLA: Tensors must have same number of dimensions: got 3 and 4
Steering failed, falling back to VLA: Tensors must have same number of dimensions: got 3 and 4
Steering failed, falling back to VLA: Tensors must have same number of dimensions: got 3 and 4
Steering failed, falling back to VLA: Tensors must have same number of dimensions: got 3 and 4
Steering failed, falling back to VLA: Tensors must have same number of dimensions: got 3 and 4
Steering failed, falling back to VLA: Tensors must have same number of dimensions: got 3 and 4
Steering failed, falling back to VLA: Tensors must have same number of dimensions: got 3 and 4
Steering failed, falling back to VLA: Tensors must have same number of dimensions: got 3 and 4
Steering failed, falling back to VLA: Tensors must have same number of dimensions: got 3 and 4
Steering failed, falling back to VLA: Tensors must have same number of dimensions: got 3 and 4
Steering failed, falling back to VLA: Tensors must have same number of dimensions: got 3 and 4
Steering failed, falling back to VLA: Tensors must have same number of dimensions: got 3 and 4
Steering failed, falling back to VLA: Tensors must have same number of dimensions: got 3 and 4
Steering failed, falling back to VLA: Tensors must have same number of dimensions: got 3 and 4
Steering failed, falling back to VLA: Tensors must have same number of dimensions: got 3 and 4
Steering failed, falling back to VLA: Tensors must have same number of dimensions: got 3 and 4
Steering failed, falling back to VLA: Tensors must have same number of dimensions: got 3 and 4
Steering failed, falling back to VLA: Tensors must have same number of dimensions: got 3 and 4
Steering failed, falling back to VLA: Tensors must have same number of dimensions: got 3 and 4
Steering failed, falling back to VLA: Tensors must have same number of dimensions: got 3 and 4
Steering failed, falling back to VLA: Tensors must have same number of dimensions: got 3 and 4
Steering failed, falling back to VLA: Tensors must have same number of dimensions: got 3 and 4
    [ce_ais] chain 1/10 task 1/1 step 25/360: running policy
Steering failed, falling back to VLA: Tensors must have same number of dimensions: got 3 and 4
    [ce_ais] chain 1/10 task 1/1 step 25/360: policy 0.01s, stepping env
Steering failed, falling back to VLA: Tensors must have same number of dimensions: got 3 and 4
Steering failed, falling back to VLA: Tensors must have same number of dimensions: got 3 and 4
Steering failed, falling back to VLA: Tensors must have same number of dimensions: got 3 and 4
Steering failed, falling back to VLA: Tensors must have same number of dimensions: got 3 and 4
Steering failed, falling back to VLA: Tensors must have same number of dimensions: got 3 and 4
Steering failed, falling back to VLA: Tensors must have same number of dimensions: got 3 and 4
Steering failed, falling back to VLA: Tensors must have same number of dimensions: got 3 and 4
Steering failed, falling back to VLA: Tensors must have same number of dimensions: got 3 and 4
Steering failed, falling back to VLA: Tensors must have same number of dimensions: got 3 and 4
Steering failed, falling back to VLA: Tensors must have same number of dimensions: got 3 and 4
Steering failed, falling back to VLA: Tensors must have same number of dimensions: got 3 and 4
Steering failed, falling back to VLA: Tensors must have same number of dimensions: got 3 and 4
Steering failed, falling back to VLA: Tensors must have same number of dimensions: got 3 and 4
Steering failed, falling back to VLA: Tensors must have same number of dimensions: got 3 and 4
Steering failed, falling back to VLA: Tensors must have same number of dimensions: got 3 and 4
Steering failed, falling back to VLA: Tensors must have same number of dimensions: got 3 and 4
Steering failed, falling back to VLA: Tensors must have same number of dimensions: got 3 and 4
Steering failed, falling back to VLA: Tensors must have same number of dimensions: got 3 and 4
Steering failed, falling back to VLA: Tensors must have same number of dimensions: got 3 and 4
Steering failed, falling back to VLA: Tensors must have same number of dimensions: got 3 and 4
Steering failed, falling back to VLA: Tensors must have same number of dimensions: got 3 and 4
Steering failed, falling back to VLA: Tensors must have same number of dimensions: got 3 and 4
Steering failed, falling back to VLA: Tensors must have same number of dimensions: got 3 and 4
Steering failed, falling back to VLA: Tensors must have same number of dimensions: got 3 and 4
    [ce_ais] chain 1/10 task 1/1 step 50/360: running policy
Steering failed, falling back to VLA: Tensors must have same number of dimensions: got 3 and 4
    [ce_ais] chain 1/10 task 1/1 step 50/360: policy 0.01s, stepping env
Steering failed, falling back to VLA: Tensors must have same number of dimensions: got 3 and 4
Steering failed, falling back to VLA: Tensors must have same number of dimensions: got 3 and 4
Steering failed, falling back to VLA: Tensors must have same number of dimensions: got 3 and 4
Steering failed, falling back to VLA: Tensors must have same number of dimensions: got 3 and 4
Steering failed, falling back to VLA: Tensors must have same number of dimensions: got 3 and 4
Steering failed, falling back to VLA: Tensors must have same number of dimensions: got 3 and 4
Steering failed, falling back to VLA: Tensors must have same number of dimensions: got 3 and 4
Steering failed, falling back to VLA: Tensors must have same number of dimensions: got 3 and 4
Steering failed, falling back to VLA: Tensors must have same number of dimensions: got 3 and 4
Steering failed, falling back to VLA: Tensors must have same number of dimensions: got 3 and 4
Steering failed, falling back to VLA: Tensors must have same number of dimensions: got 3 and 4
Steering failed, falling back to VLA: Tensors must have same number of dimensions: got 3 and 4
Steering failed, falling back to VLA: Tensors must have same number of dimensions: got 3 and 4
Steering failed, falling back to VLA: Tensors must have same number of dimensions: got 3 and 4
Steering failed, falling back to VLA: Tensors must have same number of dimensions: got 3 and 4
Steering failed, falling back to VLA: Tensors must have same number of dimensions: got 3 and 4
Steering failed, falling back to VLA: Tensors must have same number of dimensions: got 3 and 4
Steering failed, falling back to VLA: Tensors must have same number of dimensions: got 3 and 4
Steering failed, falling back to VLA: Tensors must have same number of dimensions: got 3 and 4
Steering failed, falling back to VLA: Tensors must have same number of dimensions: got 3 and 4
Steering failed, falling back to VLA: Tensors must have same number of dimensions: got 3 and 4
Steering failed, falling back to VLA: Tensors must have same number of dimensions: got 3 and 4
Steering failed, falling back to VLA: Tensors must have same number of dimensions: got 3 and 4
Steering failed, falling back to VLA: Tensors must have same number of dimensions: got 3 and 4
    [ce_ais] chain 1/10 task 1/1 step 75/360: running policy
Steering failed, falling back to VLA: Tensors must have same number of dimensions: got 3 and 4
    [ce_ais] chain 1/10 task 1/1 step 75/360: policy 0.01s, stepping env
Steering failed, falling back to VLA: Tensors must have same number of dimensions: got 3 and 4
Steering failed, falling back to VLA: Tensors must have same number of dimensions: got 3 and 4
Steering failed, falling back to VLA: Tensors must have same number of dimensions: got 3 and 4
Steering failed, falling back to VLA: Tensors must have same number of dimensions: got 3 and 4
Steering failed, falling back to VLA: Tensors must have same number of dimensions: got 3 and 4
Steering failed, falling back to VLA: Tensors must have same number of dimensions: got 3 and 4
Steering failed, falling back to VLA: Tensors must have same number of dimensions: got 3 and 4
Steering failed, falling back to VLA: Tensors must have same number of dimensions: got 3 and 4
Steering failed, falling back to VLA: Tensors must have same number of dimensions: got 3 and 4
Steering failed, falling back to VLA: Tensors must have same number of dimensions: got 3 and 4
Steering failed, falling back to VLA: Tensors must have same number of dimensions: got 3 and 4
Steering failed, falling back to VLA: Tensors must have same number of dimensions: got 3 and 4
Steering failed, falling back to VLA: Tensors must have same number of dimensions: got 3 and 4
Steering failed, falling back to VLA: Tensors must have same number of dimensions: got 3 and 4
Steering failed, falling back to VLA: Tensors must have same number of dimensions: got 3 and 4
Steering failed, falling back to VLA: Tensors must have same number of dimensions: got 3 and 4
Steering failed, falling back to VLA: Tensors must have same number of dimensions: got 3 and 4
Steering failed, falling back to VLA: Tensors must have same number of dimensions: got 3 and 4
Steering failed, falling back to VLA: Tensors must have same number of dimensions: got 3 and 4
Steering failed, falling back to VLA: Tensors must have same number of dimensions: got 3 and 4
Steering failed, falling back to VLA: Tensors must have same number of dimensions: got 3 and 4
Steering failed, falling back to VLA: Tensors must have same number of dimensions: got 3 and 4
Steering failed, falling back to VLA: Tensors must have same number of dimensions: got 3 and 4
Steering failed, falling back to VLA: Tensors must have same number of dimensions: got 3 and 4
    [ce_ais] chain 1/10 task 1/1 step 100/360: running policy
Steering failed, falling back to VLA: Tensors must have same number of dimensions: got 3 and 4
    [ce_ais] chain 1/10 task 1/1 step 100/360: policy 0.01s, stepping env
Steering failed, falling back to VLA: Tensors must have same number of dimensions: got 3 and 4
Steering failed, falling back to VLA: Tensors must have same number of dimensions: got 3 and 4
Steering failed, falling back to VLA: Tensors must have same number of dimensions: got 3 and 4
Steering failed, falling back to VLA: Tensors must have same number of dimensions: got 3 and 4
Steering failed, falling back to VLA: Tensors must have same number of dimensions: got 3 and 4
Steering failed, falling back to VLA: Tensors must have same number of dimensions: got 3 and 4
Steering failed, falling back to VLA: Tensors must have same number of dimensions: got 3 and 4
Steering failed, falling back to VLA: Tensors must have same number of dimensions: got 3 and 4
Steering failed, falling back to VLA: Tensors must have same number of dimensions: got 3 and 4
Steering failed, falling back to VLA: Tensors must have same number of dimensions: got 3 and 4
Steering failed, falling back to VLA: Tensors must have same number of dimensions: got 3 and 4
Steering failed, falling back to VLA: Tensors must have same number of dimensions: got 3 and 4
Steering failed, falling back to VLA: Tensors must have same number of dimensions: got 3 and 4
Steering failed, falling back to VLA: Tensors must have same number of dimensions: got 3 and 4
Steering failed, falling back to VLA: Tensors must have same number of dimensions: got 3 and 4
Steering failed, falling back to VLA: Tensors must have same number of dimensions: got 3 and 4
Steering failed, falling back to VLA: Tensors must have same number of dimensions: got 3 and 4
Steering failed, falling back to VLA: Tensors must have same number of dimensions: got 3 and 4
Steering failed, falling back to VLA: Tensors must have same number of dimensions: got 3 and 4
Steering failed, falling back to VLA: Tensors must have same number of dimensions: got 3 and 4
Steering failed, falling back to VLA: Tensors must have same number of dimensions: got 3 and 4
Steering failed, falling back to VLA: Tensors must have same number of dimensions: got 3 and 4
Steering failed, falling back to VLA: Tensors must have same number of dimensions: got 3 and 4
Steering failed, falling back to VLA: Tensors must have same number of dimensions: got 3 and 4
    [ce_ais] chain 1/10 task 1/1 step 125/360: running policy
Steering failed, falling back to VLA: Tensors must have same number of dimensions: got 3 and 4
    [ce_ais] chain 1/10 task 1/1 step 125/360: policy 0.01s, stepping env
Steering failed, falling back to VLA: Tensors must have same number of dimensions: got 3 and 4
Steering failed, falling back to VLA: Tensors must have same number of dimensions: got 3 and 4
Steering failed, falling back to VLA: Tensors must have same number of dimensions: got 3 and 4
Steering failed, falling back to VLA: Tensors must have same number of dimensions: got 3 and 4
Steering failed, falling back to VLA: Tensors must have same number of dimensions: got 3 and 4
Steering failed, falling back to VLA: Tensors must have same number of dimensions: got 3 and 4
Steering failed, falling back to VLA: Tensors must have same number of dimensions: got 3 and 4
Steering failed, falling back to VLA: Tensors must have same number of dimensions: got 3 and 4
Steering failed, falling back to VLA: Tensors must have same number of dimensions: got 3 and 4
Steering failed, falling back to VLA: Tensors must have same number of dimensions: got 3 and 4
Steering failed, falling back to VLA: Tensors must have same number of dimensions: got 3 and 4
Steering failed, falling back to VLA: Tensors must have same number of dimensions: got 3 and 4
Steering failed, falling back to VLA: Tensors must have same number of dimensions: got 3 and 4
Steering failed, falling back to VLA: Tensors must have same number of dimensions: got 3 and 4
Steering failed, falling back to VLA: Tensors must have same number of dimensions: got 3 and 4
Steering failed, falling back to VLA: Tensors must have same number of dimensions: got 3 and 4
Steering failed, falling back to VLA: Tensors must have same number of dimensions: got 3 and 4
Steering failed, falling back to VLA: Tensors must have same number of dimensions: got 3 and 4
Steering failed, falling back to VLA: Tensors must have same number of dimensions: got 3 and 4
Steering failed, falling back to VLA: Tensors must have same number of dimensions: got 3 and 4
Steering failed, falling back to VLA: Tensors must have same number of dimensions: got 3 and 4
Steering failed, falling back to VLA: Tensors must have same number of dimensions: got 3 and 4
Steering failed, falling back to VLA: Tensors must have same number of dimensions: got 3 and 4
Steering failed, falling back to VLA: Tensors must have same number of dimensions: got 3 and 4
    [ce_ais] chain 1/10 task 1/1 step 150/360: running policy
Steering failed, falling back to VLA: Tensors must have same number of dimensions: got 3 and 4
    [ce_ais] chain 1/10 task 1/1 step 150/360: policy 0.01s, stepping env
Steering failed, falling back to VLA: Tensors must have same number of dimensions: got 3 and 4
Steering failed, falling back to VLA: Tensors must have same number of dimensions: got 3 and 4
Steering failed, falling back to VLA: Tensors must have same number of dimensions: got 3 and 4
Steering failed, falling back to VLA: Tensors must have same number of dimensions: got 3 and 4
Steering failed, falling back to VLA: Tensors must have same number of dimensions: got 3 and 4
Steering failed, falling back to VLA: Tensors must have same number of dimensions: got 3 and 4
Steering failed, falling back to VLA: Tensors must have same number of dimensions: got 3 and 4
Steering failed, falling back to VLA: Tensors must have same number of dimensions: got 3 and 4
Steering failed, falling back to VLA: Tensors must have same number of dimensions: got 3 and 4
Steering failed, falling back to VLA: Tensors must have same number of dimensions: got 3 and 4
Steering failed, falling back to VLA: Tensors must have same number of dimensions: got 3 and 4
Steering failed, falling back to VLA: Tensors must have same number of dimensions: got 3 and 4
Steering failed, falling back to VLA: Tensors must have same number of dimensions: got 3 and 4
Steering failed, falling back to VLA: Tensors must have same number of dimensions: got 3 and 4
Steering failed, falling back to VLA: Tensors must have same number of dimensions: got 3 and 4
Steering failed, falling back to VLA: Tensors must have same number of dimensions: got 3 and 4
Steering failed, falling back to VLA: Tensors must have same number of dimensions: got 3 and 4
Steering failed, falling back to VLA: Tensors must have same number of dimensions: got 3 and 4
Steering failed, falling back to VLA: Tensors must have same number of dimensions: got 3 and 4
Steering failed, falling back to VLA: Tensors must have same number of dimensions: got 3 and 4
Steering failed, falling back to VLA: Tensors must have same number of dimensions: got 3 and 4
Steering failed, falling back to VLA: Tensors must have same number of dimensions: got 3 and 4
Steering failed, falling back to VLA: Tensors must have same number of dimensions: got 3 and 4
Steering failed, falling back to VLA: Tensors must have same number of dimensions: got 3 and 4
    [ce_ais] chain 1/10 task 1/1 step 175/360: running policy
Steering failed, falling back to VLA: Tensors must have same number of dimensions: got 3 and 4
    [ce_ais] chain 1/10 task 1/1 step 175/360: policy 0.01s, stepping env
Steering failed, falling back to VLA: Tensors must have same number of dimensions: got 3 and 4
Steering failed, falling back to VLA: Tensors must have same number of dimensions: got 3 and 4
Steering failed, falling back to VLA: Tensors must have same number of dimensions: got 3 and 4
Steering failed, falling back to VLA: Tensors must have same number of dimensions: got 3 and 4
Steering failed, falling back to VLA: Tensors must have same number of dimensions: got 3 and 4
Steering failed, falling back to VLA: Tensors must have same number of dimensions: got 3 and 4
Steering failed, falling back to VLA: Tensors must have same number of dimensions: got 3 and 4
Steering failed, falling back to VLA: Tensors must have same number of dimensions: got 3 and 4
Steering failed, falling back to VLA: Tensors must have same number of dimensions: got 3 and 4
Steering failed, falling back to VLA: Tensors must have same number of dimensions: got 3 and 4
Steering failed, falling back to VLA: Tensors must have same number of dimensions: got 3 and 4
Steering failed, falling back to VLA: Tensors must have same number of dimensions: got 3 and 4
Steering failed, falling back to VLA: Tensors must have same number of dimensions: got 3 and 4
Steering failed, falling back to VLA: Tensors must have same number of dimensions: got 3 and 4
Steering failed, falling back to VLA: Tensors must have same number of dimensions: got 3 and 4
Steering failed, falling back to VLA: Tensors must have same number of dimensions: got 3 and 4
Steering failed, falling back to VLA: Tensors must have same number of dimensions: got 3 and 4
Steering failed, falling back to VLA: Tensors must have same number of dimensions: got 3 and 4
Steering failed, falling back to VLA: Tensors must have same number of dimensions: got 3 and 4
Steering failed, falling back to VLA: Tensors must have same number of dimensions: got 3 and 4
Steering failed, falling back to VLA: Tensors must have same number of dimensions: got 3 and 4
Steering failed, falling back to VLA: Tensors must have same number of dimensions: got 3 and 4
Steering failed, falling back to VLA: Tensors must have same number of dimensions: got 3 and 4
Steering failed, falling back to VLA: Tensors must have same number of dimensions: got 3 and 4
    [ce_ais] chain 1/10 task 1/1 step 200/360: running policy
Steering failed, falling back to VLA: Tensors must have same number of dimensions: got 3 and 4
    [ce_ais] chain 1/10 task 1/1 step 200/360: policy 0.01s, stepping env
Steering failed, falling back to VLA: Tensors must have same number of dimensions: got 3 and 4
Steering failed, falling back to VLA: Tensors must have same number of dimensions: got 3 and 4
Steering failed, falling back to VLA: Tensors must have same number of dimensions: got 3 and 4
Steering failed, falling back to VLA: Tensors must have same number of dimensions: got 3 and 4
Steering failed, falling back to VLA: Tensors must have same number of dimensions: got 3 and 4
Steering failed, falling back to VLA: Tensors must have same number of dimensions: got 3 and 4
Steering failed, falling back to VLA: Tensors must have same number of dimensions: got 3 and 4
Steering failed, falling back to VLA: Tensors must have same number of dimensions: got 3 and 4
Steering failed, falling back to VLA: Tensors must have same number of dimensions: got 3 and 4
Steering failed, falling back to VLA: Tensors must have same number of dimensions: got 3 and 4
Steering failed, falling back to VLA: Tensors must have same number of dimensions: got 3 and 4
Steering failed, falling back to VLA: Tensors must have same number of dimensions: got 3 and 4
Steering failed, falling back to VLA: Tensors must have same number of dimensions: got 3 and 4
Steering failed, falling back to VLA: Tensors must have same number of dimensions: got 3 and 4
Steering failed, falling back to VLA: Tensors must have same number of dimensions: got 3 and 4
Steering failed, falling back to VLA: Tensors must have same number of dimensions: got 3 and 4
Steering failed, falling back to VLA: Tensors must have same number of dimensions: got 3 and 4
Steering failed, falling back to VLA: Tensors must have same number of dimensions: got 3 and 4
Steering failed, falling back to VLA: Tensors must have same number of dimensions: got 3 and 4
Steering failed, falling back to VLA: Tensors must have same number of dimensions: got 3 and 4
Steering failed, falling back to VLA: Tensors must have same number of dimensions: got 3 and 4
Steering failed, falling back to VLA: Tensors must have same number of dimensions: got 3 and 4
Steering failed, falling back to VLA: Tensors must have same number of dimensions: got 3 and 4
Steering failed, falling back to VLA: Tensors must have same number of dimensions: got 3 and 4
    [ce_ais] chain 1/10 task 1/1 step 225/360: running policy
Steering failed, falling back to VLA: Tensors must have same number of dimensions: got 3 and 4
    [ce_ais] chain 1/10 task 1/1 step 225/360: policy 0.01s, stepping env
Steering failed, falling back to VLA: Tensors must have same number of dimensions: got 3 and 4
Steering failed, falling back to VLA: Tensors must have same number of dimensions: got 3 and 4
Steering failed, falling back to VLA: Tensors must have same number of dimensions: got 3 and 4
Steering failed, falling back to VLA: Tensors must have same number of dimensions: got 3 and 4
Steering failed, falling back to VLA: Tensors must have same number of dimensions: got 3 and 4
Steering failed, falling back to VLA: Tensors must have same number of dimensions: got 3 and 4
Steering failed, falling back to VLA: Tensors must have same number of dimensions: got 3 and 4
Steering failed, falling back to VLA: Tensors must have same number of dimensions: got 3 and 4
Steering failed, falling back to VLA: Tensors must have same number of dimensions: got 3 and 4
Steering failed, falling back to VLA: Tensors must have same number of dimensions: got 3 and 4
Steering failed, falling back to VLA: Tensors must have same number of dimensions: got 3 and 4
Steering failed, falling back to VLA: Tensors must have same number of dimensions: got 3 and 4
Steering failed, falling back to VLA: Tensors must have same number of dimensions: got 3 and 4
Steering failed, falling back to VLA: Tensors must have same number of dimensions: got 3 and 4
Steering failed, falling back to VLA: Tensors must have same number of dimensions: got 3 and 4
Steering failed, falling back to VLA: Tensors must have same number of dimensions: got 3 and 4
Steering failed, falling back to VLA: Tensors must have same number of dimensions: got 3 and 4
Steering failed, falling back to VLA: Tensors must have same number of dimensions: got 3 and 4
Steering failed, falling back to VLA: Tensors must have same number of dimensions: got 3 and 4
Steering failed, falling back to VLA: Tensors must have same number of dimensions: got 3 and 4
Steering failed, falling back to VLA: Tensors must have same number of dimensions: got 3 and 4
Steering failed, falling back to VLA: Tensors must have same number of dimensions: got 3 and 4
Steering failed, falling back to VLA: Tensors must have same number of dimensions: got 3 and 4
Steering failed, falling back to VLA: Tensors must have same number of dimensions: got 3 and 4
    [ce_ais] chain 1/10 task 1/1 step 250/360: running policy
Steering failed, falling back to VLA: Tensors must have same number of dimensions: got 3 and 4
    [ce_ais] chain 1/10 task 1/1 step 250/360: policy 0.01s, stepping env
Steering failed, falling back to VLA: Tensors must have same number of dimensions: got 3 and 4
Steering failed, falling back to VLA: Tensors must have same number of dimensions: got 3 and 4
Steering failed, falling back to VLA: Tensors must have same number of dimensions: got 3 and 4
Steering failed, falling back to VLA: Tensors must have same number of dimensions: got 3 and 4
Steering failed, falling back to VLA: Tensors must have same number of dimensions: got 3 and 4
Steering failed, falling back to VLA: Tensors must have same number of dimensions: got 3 and 4
Steering failed, falling back to VLA: Tensors must have same number of dimensions: got 3 and 4
Steering failed, falling back to VLA: Tensors must have same number of dimensions: got 3 and 4
Steering failed, falling back to VLA: Tensors must have same number of dimensions: got 3 and 4
Steering failed, falling back to VLA: Tensors must have same number of dimensions: got 3 and 4
Steering failed, falling back to VLA: Tensors must have same number of dimensions: got 3 and 4
Steering failed, falling back to VLA: Tensors must have same number of dimensions: got 3 and 4
Steering failed, falling back to VLA: Tensors must have same number of dimensions: got 3 and 4
Steering failed, falling back to VLA: Tensors must have same number of dimensions: got 3 and 4
Steering failed, falling back to VLA: Tensors must have same number of dimensions: got 3 and 4
Steering failed, falling back to VLA: Tensors must have same number of dimensions: got 3 and 4
Steering failed, falling back to VLA: Tensors must have same number of dimensions: got 3 and 4
Steering failed, falling back to VLA: Tensors must have same number of dimensions: got 3 and 4
Steering failed, falling back to VLA: Tensors must have same number of dimensions: got 3 and 4
Steering failed, falling back to VLA: Tensors must have same number of dimensions: got 3 and 4
Steering failed, falling back to VLA: Tensors must have same number of dimensions: got 3 and 4
Steering failed, falling back to VLA: Tensors must have same number of dimensions: got 3 and 4
Steering failed, falling back to VLA: Tensors must have same number of dimensions: got 3 and 4
Steering failed, falling back to VLA: Tensors must have same number of dimensions: got 3 and 4
    [ce_ais] chain 1/10 task 1/1 step 275/360: running policy
Steering failed, falling back to VLA: Tensors must have same number of dimensions: got 3 and 4
    [ce_ais] chain 1/10 task 1/1 step 275/360: policy 0.01s, stepping env
Steering failed, falling back to VLA: Tensors must have same number of dimensions: got 3 and 4
Steering failed, falling back to VLA: Tensors must have same number of dimensions: got 3 and 4
Steering failed, falling back to VLA: Tensors must have same number of dimensions: got 3 and 4
Steering failed, falling back to VLA: Tensors must have same number of dimensions: got 3 and 4
Steering failed, falling back to VLA: Tensors must have same number of dimensions: got 3 and 4
Steering failed, falling back to VLA: Tensors must have same number of dimensions: got 3 and 4
Steering failed, falling back to VLA: Tensors must have same number of dimensions: got 3 and 4
Steering failed, falling back to VLA: Tensors must have same number of dimensions: got 3 and 4
Steering failed, falling back to VLA: Tensors must have same number of dimensions: got 3 and 4
Steering failed, falling back to VLA: Tensors must have same number of dimensions: got 3 and 4
Steering failed, falling back to VLA: Tensors must have same number of dimensions: got 3 and 4
Steering failed, falling back to VLA: Tensors must have same number of dimensions: got 3 and 4
Steering failed, falling back to VLA: Tensors must have same number of dimensions: got 3 and 4
Steering failed, falling back to VLA: Tensors must have same number of dimensions: got 3 and 4
Steering failed, falling back to VLA: Tensors must have same number of dimensions: got 3 and 4
Steering failed, falling back to VLA: Tensors must have same number of dimensions: got 3 and 4
Steering failed, falling back to VLA: Tensors must have same number of dimensions: got 3 and 4
Steering failed, falling back to VLA: Tensors must have same number of dimensions: got 3 and 4
Steering failed, falling back to VLA: Tensors must have same number of dimensions: got 3 and 4
Steering failed, falling back to VLA: Tensors must have same number of dimensions: got 3 and 4
Steering failed, falling back to VLA: Tensors must have same number of dimensions: got 3 and 4
Steering failed, falling back to VLA: Tensors must have same number of dimensions: got 3 and 4
Steering failed, falling back to VLA: Tensors must have same number of dimensions: got 3 and 4
Steering failed, falling back to VLA: Tensors must have same number of dimensions: got 3 and 4
    [ce_ais] chain 1/10 task 1/1 step 300/360: running policy
Steering failed, falling back to VLA: Tensors must have same number of dimensions: got 3 and 4
    [ce_ais] chain 1/10 task 1/1 step 300/360: policy 0.01s, stepping env
Steering failed, falling back to VLA: Tensors must have same number of dimensions: got 3 and 4
Steering failed, falling back to VLA: Tensors must have same number of dimensions: got 3 and 4
Steering failed, falling back to VLA: Tensors must have same number of dimensions: got 3 and 4
Steering failed, falling back to VLA: Tensors must have same number of dimensions: got 3 and 4
Steering failed, falling back to VLA: Tensors must have same number of dimensions: got 3 and 4
Steering failed, falling back to VLA: Tensors must have same number of dimensions: got 3 and 4
Steering failed, falling back to VLA: Tensors must have same number of dimensions: got 3 and 4
Steering failed, falling back to VLA: Tensors must have same number of dimensions: got 3 and 4
Steering failed, falling back to VLA: Tensors must have same number of dimensions: got 3 and 4
Steering failed, falling back to VLA: Tensors must have same number of dimensions: got 3 and 4
Steering failed, falling back to VLA: Tensors must have same number of dimensions: got 3 and 4
Steering failed, falling back to VLA: Tensors must have same number of dimensions: got 3 and 4
Steering failed, falling back to VLA: Tensors must have same number of dimensions: got 3 and 4
Steering failed, falling back to VLA: Tensors must have same number of dimensions: got 3 and 4
Steering failed, falling back to VLA: Tensors must have same number of dimensions: got 3 and 4
Steering failed, falling back to VLA: Tensors must have same number of dimensions: got 3 and 4
Steering failed, falling back to VLA: Tensors must have same number of dimensions: got 3 and 4
Steering failed, falling back to VLA: Tensors must have same number of dimensions: got 3 and 4
Steering failed, falling back to VLA: Tensors must have same number of dimensions: got 3 and 4
Steering failed, falling back to VLA: Tensors must have same number of dimensions: got 3 and 4
Steering failed, falling back to VLA: Tensors must have same number of dimensions: got 3 and 4
Steering failed, falling back to VLA: Tensors must have same number of dimensions: got 3 and 4
Steering failed, falling back to VLA: Tensors must have same number of dimensions: got 3 and 4
Steering failed, falling back to VLA: Tensors must have same number of dimensions: got 3 and 4
    [ce_ais] chain 1/10 task 1/1 step 325/360: running policy
Steering failed, falling back to VLA: Tensors must have same number of dimensions: got 3 and 4
    [ce_ais] chain 1/10 task 1/1 step 325/360: policy 0.01s, stepping env
Steering failed, falling back to VLA: Tensors must have same number of dimensions: got 3 and 4
Steering failed, falling back to VLA: Tensors must have same number of dimensions: got 3 and 4
Steering failed, falling back to VLA: Tensors must have same number of dimensions: got 3 and 4
Steering failed, falling back to VLA: Tensors must have same number of dimensions: got 3 and 4
Steering failed, falling back to VLA: Tensors must have same number of dimensions: got 3 and 4
Steering failed, falling back to VLA: Tensors must have same number of dimensions: got 3 and 4
Steering failed, falling back to VLA: Tensors must have same number of dimensions: got 3 and 4
Steering failed, falling back to VLA: Tensors must have same number of dimensions: got 3 and 4
Steering failed, falling back to VLA: Tensors must have same number of dimensions: got 3 and 4
Steering failed, falling back to VLA: Tensors must have same number of dimensions: got 3 and 4
Steering failed, falling back to VLA: Tensors must have same number of dimensions: got 3 and 4
Steering failed, falling back to VLA: Tensors must have same number of dimensions: got 3 and 4
Steering failed, falling back to VLA: Tensors must have same number of dimensions: got 3 and 4
Steering failed, falling back to VLA: Tensors must have same number of dimensions: got 3 and 4
Steering failed, falling back to VLA: Tensors must have same number of dimensions: got 3 and 4
Steering failed, falling back to VLA: Tensors must have same number of dimensions: got 3 and 4
Steering failed, falling back to VLA: Tensors must have same number of dimensions: got 3 and 4
Steering failed, falling back to VLA: Tensors must have same number of dimensions: got 3 and 4
Steering failed, falling back to VLA: Tensors must have same number of dimensions: got 3 and 4
Steering failed, falling back to VLA: Tensors must have same number of dimensions: got 3 and 4
Steering failed, falling back to VLA: Tensors must have same number of dimensions: got 3 and 4
Steering failed, falling back to VLA: Tensors must have same number of dimensions: got 3 and 4
Steering failed, falling back to VLA: Tensors must have same number of dimensions: got 3 and 4
Steering failed, falling back to VLA: Tensors must have same number of dimensions: got 3 and 4
    [ce_ais] chain 1/10 task 1/1 step 350/360: running policy
Steering failed, falling back to VLA: Tensors must have same number of dimensions: got 3 and 4
    [ce_ais] chain 1/10 task 1/1 step 350/360: policy 0.01s, stepping env
Steering failed, falling back to VLA: Tensors must have same number of dimensions: got 3 and 4
Steering failed, falling back to VLA: Tensors must have same number of dimensions: got 3 and 4
Steering failed, falling back to VLA: Tensors must have same number of dimensions: got 3 and 4
Steering failed, falling back to VLA: Tensors must have same number of dimensions: got 3 and 4
Steering failed, falling back to VLA: Tensors must have same number of dimensions: got 3 and 4
Steering failed, falling back to VLA: Tensors must have same number of dimensions: got 3 and 4
Steering failed, falling back to VLA: Tensors must have same number of dimensions: got 3 and 4
Steering failed, falling back to VLA: Tensors must have same number of dimensions: got 3 and 4
Steering failed, falling back to VLA: Tensors must have same number of dimensions: got 3 and 4
Steering failed, falling back to VLA: Tensors must have same number of dimensions: got 3 and 4
    [ce_ais] chain 1/10 task 1/1 failed: 360 steps, 5.4s
    [ce_ais] chain 2/10 start: ['push_into_drawer']
    [ce_ais] chain 2/10 instructions: ['slide the block that it falls into the drawer']
    [ce_ais] chain 2/10 task 1/1 start: push_into_drawer | instruction: slide the block that it falls into the drawer
    [ce_ais] chain 2/10 task 1/1 step 1/360: running policy
Steering failed, falling back to VLA: Tensors must have same number of dimensions: got 3 and 4
    [ce_ais] chain 2/10 task 1/1 step 1/360: policy 0.01s, stepping env
Steering failed, falling back to VLA: Tensors must have same number of dimensions: got 3 and 4
Steering failed, falling back to VLA: Tensors must have same number of dimensions: got 3 and 4
Steering failed, falling back to VLA: Tensors must have same number of dimensions: got 3 and 4
Steering failed, falling back to VLA: Tensors must have same number of dimensions: got 3 and 4
Steering failed, falling back to VLA: Tensors must have same number of dimensions: got 3 and 4
Steering failed, falling back to VLA: Tensors must have same number of dimensions: got 3 and 4
Steering failed, falling back to VLA: Tensors must have same number of dimensions: got 3 and 4
Steering failed, falling back to VLA: Tensors must have same number of dimensions: got 3 and 4
Steering failed, falling back to VLA: Tensors must have same number of dimensions: got 3 and 4
Steering failed, falling back to VLA: Tensors must have same number of dimensions: got 3 and 4
Steering failed, falling back to VLA: Tensors must have same number of dimensions: got 3 and 4
Steering failed, falling back to VLA: Tensors must have same number of dimensions: got 3 and 4
Steering failed, falling back to VLA: Tensors must have same number of dimensions: got 3 and 4
Steering failed, falling back to VLA: Tensors must have same number of dimensions: got 3 and 4
Steering failed, falling back to VLA: Tensors must have same number of dimensions: got 3 and 4
Steering failed, falling back to VLA: Tensors must have same number of dimensions: got 3 and 4
Steering failed, falling back to VLA: Tensors must have same number of dimensions: got 3 and 4
Steering failed, falling back to VLA: Tensors must have same number of dimensions: got 3 and 4
Steering failed, falling back to VLA: Tensors must have same number of dimensions: got 3 and 4
Steering failed, falling back to VLA: Tensors must have same number of dimensions: got 3 and 4
Steering failed, falling back to VLA: Tensors must have same number of dimensions: got 3 and 4
Steering failed, falling back to VLA: Tensors must have same number of dimensions: got 3 and 4
Steering failed, falling back to VLA: Tensors must have same number of dimensions: got 3 and 4
    [ce_ais] chain 2/10 task 1/1 step 25/360: running policy
Steering failed, falling back to VLA: Tensors must have same number of dimensions: got 3 and 4
    [ce_ais] chain 2/10 task 1/1 step 25/360: policy 0.01s, stepping env
Steering failed, falling back to VLA: Tensors must have same number of dimensions: got 3 and 4
Steering failed, falling back to VLA: Tensors must have same number of dimensions: got 3 and 4
Steering failed, falling back to VLA: Tensors must have same number of dimensions: got 3 and 4
Steering failed, falling back to VLA: Tensors must have same number of dimensions: got 3 and 4
Steering failed, falling back to VLA: Tensors must have same number of dimensions: got 3 and 4
Steering failed, falling back to VLA: Tensors must have same number of dimensions: got 3 and 4
Steering failed, falling back to VLA: Tensors must have same number of dimensions: got 3 and 4
Steering failed, falling back to VLA: Tensors must have same number of dimensions: got 3 and 4
Steering failed, falling back to VLA: Tensors must have same number of dimensions: got 3 and 4
Steering failed, falling back to VLA: Tensors must have same number of dimensions: got 3 and 4
Steering failed, falling back to VLA: Tensors must have same number of dimensions: got 3 and 4
Steering failed, falling back to VLA: Tensors must have same number of dimensions: got 3 and 4
Steering failed, falling back to VLA: Tensors must have same number of dimensions: got 3 and 4
Steering failed, falling back to VLA: Tensors must have same number of dimensions: got 3 and 4
Steering failed, falling back to VLA: Tensors must have same number of dimensions: got 3 and 4
Steering failed, falling back to VLA: Tensors must have same number of dimensions: got 3 and 4
Steering failed, falling back to VLA: Tensors must have same number of dimensions: got 3 and 4
Steering failed, falling back to VLA: Tensors must have same number of dimensions: got 3 and 4
Steering failed, falling back to VLA: Tensors must have same number of dimensions: got 3 and 4
Steering failed, falling back to VLA: Tensors must have same number of dimensions: got 3 and 4
Steering failed, falling back to VLA: Tensors must have same number of dimensions: got 3 and 4
Steering failed, falling back to VLA: Tensors must have same number of dimensions: got 3 and 4
Steering failed, falling back to VLA: Tensors must have same number of dimensions: got 3 and 4
Steering failed, falling back to VLA: Tensors must have same number of dimensions: got 3 and 4
    [ce_ais] chain 2/10 task 1/1 step 50/360: running policy
Steering failed, falling back to VLA: Tensors must have same number of dimensions: got 3 and 4
    [ce_ais] chain 2/10 task 1/1 step 50/360: policy 0.01s, stepping env
Steering failed, falling back to VLA: Tensors must have same number of dimensions: got 3 and 4
Steering failed, falling back to VLA: Tensors must have same number of dimensions: got 3 and 4
Steering failed, falling back to VLA: Tensors must have same number of dimensions: got 3 and 4
Steering failed, falling back to VLA: Tensors must have same number of dimensions: got 3 and 4
Steering failed, falling back to VLA: Tensors must have same number of dimensions: got 3 and 4
Steering failed, falling back to VLA: Tensors must have same number of dimensions: got 3 and 4
Steering failed, falling back to VLA: Tensors must have same number of dimensions: got 3 and 4
Steering failed, falling back to VLA: Tensors must have same number of dimensions: got 3 and 4
Steering failed, falling back to VLA: Tensors must have same number of dimensions: got 3 and 4
Steering failed, falling back to VLA: Tensors must have same number of dimensions: got 3 and 4
Steering failed, falling back to VLA: Tensors must have same number of dimensions: got 3 and 4
Steering failed, falling back to VLA: Tensors must have same number of dimensions: got 3 and 4
Steering failed, falling back to VLA: Tensors must have same number of dimensions: got 3 and 4
Steering failed, falling back to VLA: Tensors must have same number of dimensions: got 3 and 4
Steering failed, falling back to VLA: Tensors must have same number of dimensions: got 3 and 4
Steering failed, falling back to VLA: Tensors must have same number of dimensions: got 3 and 4
Steering failed, falling back to VLA: Tensors must have same number of dimensions: got 3 and 4
Steering failed, falling back to VLA: Tensors must have same number of dimensions: got 3 and 4
Steering failed, falling back to VLA: Tensors must have same number of dimensions: got 3 and 4
Steering failed, falling back to VLA: Tensors must have same number of dimensions: got 3 and 4
Steering failed, falling back to VLA: Tensors must have same number of dimensions: got 3 and 4
Steering failed, falling back to VLA: Tensors must have same number of dimensions: got 3 and 4
Steering failed, falling back to VLA: Tensors must have same number of dimensions: got 3 and 4
Steering failed, falling back to VLA: Tensors must have same number of dimensions: got 3 and 4
    [ce_ais] chain 2/10 task 1/1 step 75/360: running policy
Steering failed, falling back to VLA: Tensors must have same number of dimensions: got 3 and 4
    [ce_ais] chain 2/10 task 1/1 step 75/360: policy 0.01s, stepping env
Steering failed, falling back to VLA: Tensors must have same number of dimensions: got 3 and 4
Steering failed, falling back to VLA: Tensors must have same number of dimensions: got 3 and 4
Steering failed, falling back to VLA: Tensors must have same number of dimensions: got 3 and 4
Steering failed, falling back to VLA: Tensors must have same number of dimensions: got 3 and 4
Steering failed, falling back to VLA: Tensors must have same number of dimensions: got 3 and 4
Steering failed, falling back to VLA: Tensors must have same number of dimensions: got 3 and 4
Steering failed, falling back to VLA: Tensors must have same number of dimensions: got 3 and 4
Steering failed, falling back to VLA: Tensors must have same number of dimensions: got 3 and 4
Steering failed, falling back to VLA: Tensors must have same number of dimensions: got 3 and 4
Steering failed, falling back to VLA: Tensors must have same number of dimensions: got 3 and 4
Steering failed, falling back to VLA: Tensors must have same number of dimensions: got 3 and 4
Steering failed, falling back to VLA: Tensors must have same number of dimensions: got 3 and 4
Steering failed, falling back to VLA: Tensors must have same number of dimensions: got 3 and 4
Steering failed, falling back to VLA: Tensors must have same number of dimensions: got 3 and 4
Steering failed, falling back to VLA: Tensors must have same number of dimensions: got 3 and 4
Steering failed, falling back to VLA: Tensors must have same number of dimensions: got 3 and 4
Steering failed, falling back to VLA: Tensors must have same number of dimensions: got 3 and 4
Steering failed, falling back to VLA: Tensors must have same number of dimensions: got 3 and 4
Steering failed, falling back to VLA: Tensors must have same number of dimensions: got 3 and 4
Steering failed, falling back to VLA: Tensors must have same number of dimensions: got 3 and 4
Steering failed, falling back to VLA: Tensors must have same number of dimensions: got 3 and 4
Steering failed, falling back to VLA: Tensors must have same number of dimensions: got 3 and 4
Steering failed, falling back to VLA: Tensors must have same number of dimensions: got 3 and 4
Steering failed, falling back to VLA: Tensors must have same number of dimensions: got 3 and 4
    [ce_ais] chain 2/10 task 1/1 step 100/360: running policy
Steering failed, falling back to VLA: Tensors must have same number of dimensions: got 3 and 4
    [ce_ais] chain 2/10 task 1/1 step 100/360: policy 0.01s, stepping env
Steering failed, falling back to VLA: Tensors must have same number of dimensions: got 3 and 4
Steering failed, falling back to VLA: Tensors must have same number of dimensions: got 3 and 4
Steering failed, falling back to VLA: Tensors must have same number of dimensions: got 3 and 4
Steering failed, falling back to VLA: Tensors must have same number of dimensions: got 3 and 4
Steering failed, falling back to VLA: Tensors must have same number of dimensions: got 3 and 4
Steering failed, falling back to VLA: Tensors must have same number of dimensions: got 3 and 4
Steering failed, falling back to VLA: Tensors must have same number of dimensions: got 3 and 4
Steering failed, falling back to VLA: Tensors must have same number of dimensions: got 3 and 4
Steering failed, falling back to VLA: Tensors must have same number of dimensions: got 3 and 4
Steering failed, falling back to VLA: Tensors must have same number of dimensions: got 3 and 4
Steering failed, falling back to VLA: Tensors must have same number of dimensions: got 3 and 4
Steering failed, falling back to VLA: Tensors must have same number of dimensions: got 3 and 4
Steering failed, falling back to VLA: Tensors must have same number of dimensions: got 3 and 4
Steering failed, falling back to VLA: Tensors must have same number of dimensions: got 3 and 4
Steering failed, falling back to VLA: Tensors must have same number of dimensions: got 3 and 4
Steering failed, falling back to VLA: Tensors must have same number of dimensions: got 3 and 4
Steering failed, falling back to VLA: Tensors must have same number of dimensions: got 3 and 4
Steering failed, falling back to VLA: Tensors must have same number of dimensions: got 3 and 4
Steering failed, falling back to VLA: Tensors must have same number of dimensions: got 3 and 4
Steering failed, falling back to VLA: Tensors must have same number of dimensions: got 3 and 4
Steering failed, falling back to VLA: Tensors must have same number of dimensions: got 3 and 4
Steering failed, falling back to VLA: Tensors must have same number of dimensions: got 3 and 4
Steering failed, falling back to VLA: Tensors must have same number of dimensions: got 3 and 4
Steering failed, falling back to VLA: Tensors must have same number of dimensions: got 3 and 4
    [ce_ais] chain 2/10 task 1/1 step 125/360: running policy
Steering failed, falling back to VLA: Tensors must have same number of dimensions: got 3 and 4
    [ce_ais] chain 2/10 task 1/1 step 125/360: policy 0.01s, stepping env
Steering failed, falling back to VLA: Tensors must have same number of dimensions: got 3 and 4
Steering failed, falling back to VLA: Tensors must have same number of dimensions: got 3 and 4
Steering failed, falling back to VLA: Tensors must have same number of dimensions: got 3 and 4
Steering failed, falling back to VLA: Tensors must have same number of dimensions: got 3 and 4
Steering failed, falling back to VLA: Tensors must have same number of dimensions: got 3 and 4
Steering failed, falling back to VLA: Tensors must have same number of dimensions: got 3 and 4
Steering failed, falling back to VLA: Tensors must have same number of dimensions: got 3 and 4
Steering failed, falling back to VLA: Tensors must have same number of dimensions: got 3 and 4
Steering failed, falling back to VLA: Tensors must have same number of dimensions: got 3 and 4
Steering failed, falling back to VLA: Tensors must have same number of dimensions: got 3 and 4
Steering failed, falling back to VLA: Tensors must have same number of dimensions: got 3 and 4
Steering failed, falling back to VLA: Tensors must have same number of dimensions: got 3 and 4
Steering failed, falling back to VLA: Tensors must have same number of dimensions: got 3 and 4
Steering failed, falling back to VLA: Tensors must have same number of dimensions: got 3 and 4
Steering failed, falling back to VLA: Tensors must have same number of dimensions: got 3 and 4
Steering failed, falling back to VLA: Tensors must have same number of dimensions: got 3 and 4
Steering failed, falling back to VLA: Tensors must have same number of dimensions: got 3 and 4
Steering failed, falling back to VLA: Tensors must have same number of dimensions: got 3 and 4
Steering failed, falling back to VLA: Tensors must have same number of dimensions: got 3 and 4
Steering failed, falling back to VLA: Tensors must have same number of dimensions: got 3 and 4
Steering failed, falling back to VLA: Tensors must have same number of dimensions: got 3 and 4
Steering failed, falling back to VLA: Tensors must have same number of dimensions: got 3 and 4
Steering failed, falling back to VLA: Tensors must have same number of dimensions: got 3 and 4
Steering failed, falling back to VLA: Tensors must have same number of dimensions: got 3 and 4
    [ce_ais] chain 2/10 task 1/1 step 150/360: running policy
Steering failed, falling back to VLA: Tensors must have same number of dimensions: got 3 and 4
    [ce_ais] chain 2/10 task 1/1 step 150/360: policy 0.01s, stepping env
Steering failed, falling back to VLA: Tensors must have same number of dimensions: got 3 and 4
Steering failed, falling back to VLA: Tensors must have same number of dimensions: got 3 and 4
Steering failed, falling back to VLA: Tensors must have same number of dimensions: got 3 and 4
Steering failed, falling back to VLA: Tensors must have same number of dimensions: got 3 and 4
Steering failed, falling back to VLA: Tensors must have same number of dimensions: got 3 and 4
Steering failed, falling back to VLA: Tensors must have same number of dimensions: got 3 and 4
Steering failed, falling back to VLA: Tensors must have same number of dimensions: got 3 and 4
Steering failed, falling back to VLA: Tensors must have same number of dimensions: got 3 and 4
Steering failed, falling back to VLA: Tensors must have same number of dimensions: got 3 and 4
Steering failed, falling back to VLA: Tensors must have same number of dimensions: got 3 and 4
Steering failed, falling back to VLA: Tensors must have same number of dimensions: got 3 and 4
Steering failed, falling back to VLA: Tensors must have same number of dimensions: got 3 and 4
Steering failed, falling back to VLA: Tensors must have same number of dimensions: got 3 and 4
Steering failed, falling back to VLA: Tensors must have same number of dimensions: got 3 and 4
Steering failed, falling back to VLA: Tensors must have same number of dimensions: got 3 and 4
Steering failed, falling back to VLA: Tensors must have same number of dimensions: got 3 and 4
Steering failed, falling back to VLA: Tensors must have same number of dimensions: got 3 and 4
Steering failed, falling back to VLA: Tensors must have same number of dimensions: got 3 and 4
Steering failed, falling back to VLA: Tensors must have same number of dimensions: got 3 and 4
Steering failed, falling back to VLA: Tensors must have same number of dimensions: got 3 and 4
Steering failed, falling back to VLA: Tensors must have same number of dimensions: got 3 and 4
Steering failed, falling back to VLA: Tensors must have same number of dimensions: got 3 and 4
Steering failed, falling back to VLA: Tensors must have same number of dimensions: got 3 and 4
Steering failed, falling back to VLA: Tensors must have same number of dimensions: got 3 and 4
    [ce_ais] chain 2/10 task 1/1 step 175/360: running policy
Steering failed, falling back to VLA: Tensors must have same number of dimensions: got 3 and 4
    [ce_ais] chain 2/10 task 1/1 step 175/360: policy 0.01s, stepping env
Steering failed, falling back to VLA: Tensors must have same number of dimensions: got 3 and 4
Steering failed, falling back to VLA: Tensors must have same number of dimensions: got 3 and 4
Steering failed, falling back to VLA: Tensors must have same number of dimensions: got 3 and 4
Steering failed, falling back to VLA: Tensors must have same number of dimensions: got 3 and 4
Steering failed, falling back to VLA: Tensors must have same number of dimensions: got 3 and 4
Steering failed, falling back to VLA: Tensors must have same number of dimensions: got 3 and 4
Steering failed, falling back to VLA: Tensors must have same number of dimensions: got 3 and 4
Steering failed, falling back to VLA: Tensors must have same number of dimensions: got 3 and 4
Steering failed, falling back to VLA: Tensors must have same number of dimensions: got 3 and 4
Steering failed, falling back to VLA: Tensors must have same number of dimensions: got 3 and 4
Steering failed, falling back to VLA: Tensors must have same number of dimensions: got 3 and 4
Steering failed, falling back to VLA: Tensors must have same number of dimensions: got 3 and 4
Steering failed, falling back to VLA: Tensors must have same number of dimensions: got 3 and 4
Steering failed, falling back to VLA: Tensors must have same number of dimensions: got 3 and 4
Steering failed, falling back to VLA: Tensors must have same number of dimensions: got 3 and 4
Steering failed, falling back to VLA: Tensors must have same number of dimensions: got 3 and 4
Steering failed, falling back to VLA: Tensors must have same number of dimensions: got 3 and 4
Steering failed, falling back to VLA: Tensors must have same number of dimensions: got 3 and 4
Steering failed, falling back to VLA: Tensors must have same number of dimensions: got 3 and 4
Steering failed, falling back to VLA: Tensors must have same number of dimensions: got 3 and 4
Steering failed, falling back to VLA: Tensors must have same number of dimensions: got 3 and 4
Steering failed, falling back to VLA: Tensors must have same number of dimensions: got 3 and 4
Steering failed, falling back to VLA: Tensors must have same number of dimensions: got 3 and 4
Steering failed, falling back to VLA: Tensors must have same number of dimensions: got 3 and 4
    [ce_ais] chain 2/10 task 1/1 step 200/360: running policy
Steering failed, falling back to VLA: Tensors must have same number of dimensions: got 3 and 4
    [ce_ais] chain 2/10 task 1/1 step 200/360: policy 0.01s, stepping env
Steering failed, falling back to VLA: Tensors must have same number of dimensions: got 3 and 4
Steering failed, falling back to VLA: Tensors must have same number of dimensions: got 3 and 4
Steering failed, falling back to VLA: Tensors must have same number of dimensions: got 3 and 4
Steering failed, falling back to VLA: Tensors must have same number of dimensions: got 3 and 4
Steering failed, falling back to VLA: Tensors must have same number of dimensions: got 3 and 4
Steering failed, falling back to VLA: Tensors must have same number of dimensions: got 3 and 4
Steering failed, falling back to VLA: Tensors must have same number of dimensions: got 3 and 4
Steering failed, falling back to VLA: Tensors must have same number of dimensions: got 3 and 4
Steering failed, falling back to VLA: Tensors must have same number of dimensions: got 3 and 4
Steering failed, falling back to VLA: Tensors must have same number of dimensions: got 3 and 4
Steering failed, falling back to VLA: Tensors must have same number of dimensions: got 3 and 4
Steering failed, falling back to VLA: Tensors must have same number of dimensions: got 3 and 4
Steering failed, falling back to VLA: Tensors must have same number of dimensions: got 3 and 4
Steering failed, falling back to VLA: Tensors must have same number of dimensions: got 3 and 4
Steering failed, falling back to VLA: Tensors must have same number of dimensions: got 3 and 4
Steering failed, falling back to VLA: Tensors must have same number of dimensions: got 3 and 4
Steering failed, falling back to VLA: Tensors must have same number of dimensions: got 3 and 4
Steering failed, falling back to VLA: Tensors must have same number of dimensions: got 3 and 4
Steering failed, falling back to VLA: Tensors must have same number of dimensions: got 3 and 4
Steering failed, falling back to VLA: Tensors must have same number of dimensions: got 3 and 4
Steering failed, falling back to VLA: Tensors must have same number of dimensions: got 3 and 4
Steering failed, falling back to VLA: Tensors must have same number of dimensions: got 3 and 4
Steering failed, falling back to VLA: Tensors must have same number of dimensions: got 3 and 4
Steering failed, falling back to VLA: Tensors must have same number of dimensions: got 3 and 4
    [ce_ais] chain 2/10 task 1/1 step 225/360: running policy
Steering failed, falling back to VLA: Tensors must have same number of dimensions: got 3 and 4
    [ce_ais] chain 2/10 task 1/1 step 225/360: policy 0.01s, stepping env
Steering failed, falling back to VLA: Tensors must have same number of dimensions: got 3 and 4
Steering failed, falling back to VLA: Tensors must have same number of dimensions: got 3 and 4
Steering failed, falling back to VLA: Tensors must have same number of dimensions: got 3 and 4
Steering failed, falling back to VLA: Tensors must have same number of dimensions: got 3 and 4
Steering failed, falling back to VLA: Tensors must have same number of dimensions: got 3 and 4
Steering failed, falling back to VLA: Tensors must have same number of dimensions: got 3 and 4
Steering failed, falling back to VLA: Tensors must have same number of dimensions: got 3 and 4
Steering failed, falling back to VLA: Tensors must have same number of dimensions: got 3 and 4
Steering failed, falling back to VLA: Tensors must have same number of dimensions: got 3 and 4
Steering failed, falling back to VLA: Tensors must have same number of dimensions: got 3 and 4
Steering failed, falling back to VLA: Tensors must have same number of dimensions: got 3 and 4
Steering failed, falling back to VLA: Tensors must have same number of dimensions: got 3 and 4
Steering failed, falling back to VLA: Tensors must have same number of dimensions: got 3 and 4
Steering failed, falling back to VLA: Tensors must have same number of dimensions: got 3 and 4
Steering failed, falling back to VLA: Tensors must have same number of dimensions: got 3 and 4
Steering failed, falling back to VLA: Tensors must have same number of dimensions: got 3 and 4
Steering failed, falling back to VLA: Tensors must have same number of dimensions: got 3 and 4
Steering failed, falling back to VLA: Tensors must have same number of dimensions: got 3 and 4
Steering failed, falling back to VLA: Tensors must have same number of dimensions: got 3 and 4
Steering failed, falling back to VLA: Tensors must have same number of dimensions: got 3 and 4
Steering failed, falling back to VLA: Tensors must have same number of dimensions: got 3 and 4
Steering failed, falling back to VLA: Tensors must have same number of dimensions: got 3 and 4
Steering failed, falling back to VLA: Tensors must have same number of dimensions: got 3 and 4
Steering failed, falling back to VLA: Tensors must have same number of dimensions: got 3 and 4
    [ce_ais] chain 2/10 task 1/1 step 250/360: running policy
Steering failed, falling back to VLA: Tensors must have same number of dimensions: got 3 and 4
    [ce_ais] chain 2/10 task 1/1 step 250/360: policy 0.01s, stepping env
Steering failed, falling back to VLA: Tensors must have same number of dimensions: got 3 and 4
Steering failed, falling back to VLA: Tensors must have same number of dimensions: got 3 and 4
Steering failed, falling back to VLA: Tensors must have same number of dimensions: got 3 and 4
Steering failed, falling back to VLA: Tensors must have same number of dimensions: got 3 and 4
Steering failed, falling back to VLA: Tensors must have same number of dimensions: got 3 and 4
Steering failed, falling back to VLA: Tensors must have same number of dimensions: got 3 and 4
Steering failed, falling back to VLA: Tensors must have same number of dimensions: got 3 and 4
Steering failed, falling back to VLA: Tensors must have same number of dimensions: got 3 and 4
Steering failed, falling back to VLA: Tensors must have same number of dimensions: got 3 and 4
Steering failed, falling back to VLA: Tensors must have same number of dimensions: got 3 and 4
Steering failed, falling back to VLA: Tensors must have same number of dimensions: got 3 and 4
Steering failed, falling back to VLA: Tensors must have same number of dimensions: got 3 and 4
Steering failed, falling back to VLA: Tensors must have same number of dimensions: got 3 and 4
Steering failed, falling back to VLA: Tensors must have same number of dimensions: got 3 and 4
Steering failed, falling back to VLA: Tensors must have same number of dimensions: got 3 and 4
Steering failed, falling back to VLA: Tensors must have same number of dimensions: got 3 and 4
Steering failed, falling back to VLA: Tensors must have same number of dimensions: got 3 and 4
Steering failed, falling back to VLA: Tensors must have same number of dimensions: got 3 and 4
Steering failed, falling back to VLA: Tensors must have same number of dimensions: got 3 and 4
Steering failed, falling back to VLA: Tensors must have same number of dimensions: got 3 and 4
Steering failed, falling back to VLA: Tensors must have same number of dimensions: got 3 and 4
Steering failed, falling back to VLA: Tensors must have same number of dimensions: got 3 and 4
Steering failed, falling back to VLA: Tensors must have same number of dimensions: got 3 and 4
Steering failed, falling back to VLA: Tensors must have same number of dimensions: got 3 and 4
    [ce_ais] chain 2/10 task 1/1 step 275/360: running policy
Steering failed, falling back to VLA: Tensors must have same number of dimensions: got 3 and 4
    [ce_ais] chain 2/10 task 1/1 step 275/360: policy 0.01s, stepping env
Steering failed, falling back to VLA: Tensors must have same number of dimensions: got 3 and 4
Steering failed, falling back to VLA: Tensors must have same number of dimensions: got 3 and 4
Steering failed, falling back to VLA: Tensors must have same number of dimensions: got 3 and 4
Steering failed, falling back to VLA: Tensors must have same number of dimensions: got 3 and 4
Steering failed, falling back to VLA: Tensors must have same number of dimensions: got 3 and 4
Steering failed, falling back to VLA: Tensors must have same number of dimensions: got 3 and 4
Steering failed, falling back to VLA: Tensors must have same number of dimensions: got 3 and 4
Steering failed, falling back to VLA: Tensors must have same number of dimensions: got 3 and 4
Steering failed, falling back to VLA: Tensors must have same number of dimensions: got 3 and 4
Steering failed, falling back to VLA: Tensors must have same number of dimensions: got 3 and 4
Steering failed, falling back to VLA: Tensors must have same number of dimensions: got 3 and 4
Steering failed, falling back to VLA: Tensors must have same number of dimensions: got 3 and 4
Steering failed, falling back to VLA: Tensors must have same number of dimensions: got 3 and 4
Steering failed, falling back to VLA: Tensors must have same number of dimensions: got 3 and 4
Steering failed, falling back to VLA: Tensors must have same number of dimensions: got 3 and 4
Steering failed, falling back to VLA: Tensors must have same number of dimensions: got 3 and 4
Steering failed, falling back to VLA: Tensors must have same number of dimensions: got 3 and 4
Steering failed, falling back to VLA: Tensors must have same number of dimensions: got 3 and 4
Steering failed, falling back to VLA: Tensors must have same number of dimensions: got 3 and 4
Steering failed, falling back to VLA: Tensors must have same number of dimensions: got 3 and 4
Steering failed, falling back to VLA: Tensors must have same number of dimensions: got 3 and 4
Steering failed, falling back to VLA: Tensors must have same number of dimensions: got 3 and 4
Steering failed, falling back to VLA: Tensors must have same number of dimensions: got 3 and 4
Steering failed, falling back to VLA: Tensors must have same number of dimensions: got 3 and 4
    [ce_ais] chain 2/10 task 1/1 step 300/360: running policy
Steering failed, falling back to VLA: Tensors must have same number of dimensions: got 3 and 4
    [ce_ais] chain 2/10 task 1/1 step 300/360: policy 0.01s, stepping env
Steering failed, falling back to VLA: Tensors must have same number of dimensions: got 3 and 4
Steering failed, falling back to VLA: Tensors must have same number of dimensions: got 3 and 4
Steering failed, falling back to VLA: Tensors must have same number of dimensions: got 3 and 4
Steering failed, falling back to VLA: Tensors must have same number of dimensions: got 3 and 4
Steering failed, falling back to VLA: Tensors must have same number of dimensions: got 3 and 4
Steering failed, falling back to VLA: Tensors must have same number of dimensions: got 3 and 4
Steering failed, falling back to VLA: Tensors must have same number of dimensions: got 3 and 4
Steering failed, falling back to VLA: Tensors must have same number of dimensions: got 3 and 4
Steering failed, falling back to VLA: Tensors must have same number of dimensions: got 3 and 4
Steering failed, falling back to VLA: Tensors must have same number of dimensions: got 3 and 4
Steering failed, falling back to VLA: Tensors must have same number of dimensions: got 3 and 4
Steering failed, falling back to VLA: Tensors must have same number of dimensions: got 3 and 4
Steering failed, falling back to VLA: Tensors must have same number of dimensions: got 3 and 4
Steering failed, falling back to VLA: Tensors must have same number of dimensions: got 3 and 4
Steering failed, falling back to VLA: Tensors must have same number of dimensions: got 3 and 4
Steering failed, falling back to VLA: Tensors must have same number of dimensions: got 3 and 4
Steering failed, falling back to VLA: Tensors must have same number of dimensions: got 3 and 4
Steering failed, falling back to VLA: Tensors must have same number of dimensions: got 3 and 4
Steering failed, falling back to VLA: Tensors must have same number of dimensions: got 3 and 4
Steering failed, falling back to VLA: Tensors must have same number of dimensions: got 3 and 4
Steering failed, falling back to VLA: Tensors must have same number of dimensions: got 3 and 4
Steering failed, falling back to VLA: Tensors must have same number of dimensions: got 3 and 4
Steering failed, falling back to VLA: Tensors must have same number of dimensions: got 3 and 4
Steering failed, falling back to VLA: Tensors must have same number of dimensions: got 3 and 4
    [ce_ais] chain 2/10 task 1/1 step 325/360: running policy
Steering failed, falling back to VLA: Tensors must have same number of dimensions: got 3 and 4
    [ce_ais] chain 2/10 task 1/1 step 325/360: policy 0.01s, stepping env
Steering failed, falling back to VLA: Tensors must have same number of dimensions: got 3 and 4
Steering failed, falling back to VLA: Tensors must have same number of dimensions: got 3 and 4
Steering failed, falling back to VLA: Tensors must have same number of dimensions: got 3 and 4
Steering failed, falling back to VLA: Tensors must have same number of dimensions: got 3 and 4
Steering failed, falling back to VLA: Tensors must have same number of dimensions: got 3 and 4
Steering failed, falling back to VLA: Tensors must have same number of dimensions: got 3 and 4
Steering failed, falling back to VLA: Tensors must have same number of dimensions: got 3 and 4
Steering failed, falling back to VLA: Tensors must have same number of dimensions: got 3 and 4
Steering failed, falling back to VLA: Tensors must have same number of dimensions: got 3 and 4
Steering failed, falling back to VLA: Tensors must have same number of dimensions: got 3 and 4
Steering failed, falling back to VLA: Tensors must have same number of dimensions: got 3 and 4
Steering failed, falling back to VLA: Tensors must have same number of dimensions: got 3 and 4
Steering failed, falling back to VLA: Tensors must have same number of dimensions: got 3 and 4
Steering failed, falling back to VLA: Tensors must have same number of dimensions: got 3 and 4
Steering failed, falling back to VLA: Tensors must have same number of dimensions: got 3 and 4
Steering failed, falling back to VLA: Tensors must have same number of dimensions: got 3 and 4
Steering failed, falling back to VLA: Tensors must have same number of dimensions: got 3 and 4
Steering failed, falling back to VLA: Tensors must have same number of dimensions: got 3 and 4
Steering failed, falling back to VLA: Tensors must have same number of dimensions: got 3 and 4
Steering failed, falling back to VLA: Tensors must have same number of dimensions: got 3 and 4
Steering failed, falling back to VLA: Tensors must have same number of dimensions: got 3 and 4
Steering failed, falling back to VLA: Tensors must have same number of dimensions: got 3 and 4
Steering failed, falling back to VLA: Tensors must have same number of dimensions: got 3 and 4
Steering failed, falling back to VLA: Tensors must have same number of dimensions: got 3 and 4
    [ce_ais] chain 2/10 task 1/1 step 350/360: running policy
Steering failed, falling back to VLA: Tensors must have same number of dimensions: got 3 and 4
    [ce_ais] chain 2/10 task 1/1 step 350/360: policy 0.01s, stepping env
Steering failed, falling back to VLA: Tensors must have same number of dimensions: got 3 and 4
Steering failed, falling back to VLA: Tensors must have same number of dimensions: got 3 and 4
Steering failed, falling back to VLA: Tensors must have same number of dimensions: got 3 and 4
Steering failed, falling back to VLA: Tensors must have same number of dimensions: got 3 and 4
Steering failed, falling back to VLA: Tensors must have same number of dimensions: got 3 and 4
Steering failed, falling back to VLA: Tensors must have same number of dimensions: got 3 and 4
Steering failed, falling back to VLA: Tensors must have same number of dimensions: got 3 and 4
Steering failed, falling back to VLA: Tensors must have same number of dimensions: got 3 and 4
Steering failed, falling back to VLA: Tensors must have same number of dimensions: got 3 and 4
Steering failed, falling back to VLA: Tensors must have same number of dimensions: got 3 and 4
    [ce_ais] chain 2/10 task 1/1 failed: 360 steps, 5.7s
    [ce_ais] chain 3/10 start: ['move_slider_left']
    [ce_ais] chain 3/10 instructions: ['push the sliding door to the left side']
    [ce_ais] chain 3/10 task 1/1 start: move_slider_left | instruction: push the sliding door to the left side
    [ce_ais] chain 3/10 task 1/1 step 1/360: running policy
Steering failed, falling back to VLA: Tensors must have same number of dimensions: got 3 and 4
    [ce_ais] chain 3/10 task 1/1 step 1/360: policy 0.01s, stepping env
Steering failed, falling back to VLA: Tensors must have same number of dimensions: got 3 and 4
Steering failed, falling back to VLA: Tensors must have same number of dimensions: got 3 and 4
Steering failed, falling back to VLA: Tensors must have same number of dimensions: got 3 and 4
Steering failed, falling back to VLA: Tensors must have same number of dimensions: got 3 and 4
Steering failed, falling back to VLA: Tensors must have same number of dimensions: got 3 and 4
Steering failed, falling back to VLA: Tensors must have same number of dimensions: got 3 and 4
Steering failed, falling back to VLA: Tensors must have same number of dimensions: got 3 and 4
Steering failed, falling back to VLA: Tensors must have same number of dimensions: got 3 and 4
Steering failed, falling back to VLA: Tensors must have same number of dimensions: got 3 and 4
Steering failed, falling back to VLA: Tensors must have same number of dimensions: got 3 and 4
Steering failed, falling back to VLA: Tensors must have same number of dimensions: got 3 and 4
Steering failed, falling back to VLA: Tensors must have same number of dimensions: got 3 and 4
Steering failed, falling back to VLA: Tensors must have same number of dimensions: got 3 and 4
Steering failed, falling back to VLA: Tensors must have same number of dimensions: got 3 and 4
Steering failed, falling back to VLA: Tensors must have same number of dimensions: got 3 and 4
Steering failed, falling back to VLA: Tensors must have same number of dimensions: got 3 and 4
Steering failed, falling back to VLA: Tensors must have same number of dimensions: got 3 and 4
Steering failed, falling back to VLA: Tensors must have same number of dimensions: got 3 and 4
Steering failed, falling back to VLA: Tensors must have same number of dimensions: got 3 and 4
Steering failed, falling back to VLA: Tensors must have same number of dimensions: got 3 and 4
Steering failed, falling back to VLA: Tensors must have same number of dimensions: got 3 and 4
Steering failed, falling back to VLA: Tensors must have same number of dimensions: got 3 and 4
Steering failed, falling back to VLA: Tensors must have same number of dimensions: got 3 and 4
    [ce_ais] chain 3/10 task 1/1 step 25/360: running policy
Steering failed, falling back to VLA: Tensors must have same number of dimensions: got 3 and 4
    [ce_ais] chain 3/10 task 1/1 step 25/360: policy 0.01s, stepping env
Steering failed, falling back to VLA: Tensors must have same number of dimensions: got 3 and 4
Steering failed, falling back to VLA: Tensors must have same number of dimensions: got 3 and 4
Steering failed, falling back to VLA: Tensors must have same number of dimensions: got 3 and 4
Steering failed, falling back to VLA: Tensors must have same number of dimensions: got 3 and 4
Steering failed, falling back to VLA: Tensors must have same number of dimensions: got 3 and 4
Steering failed, falling back to VLA: Tensors must have same number of dimensions: got 3 and 4
Steering failed, falling back to VLA: Tensors must have same number of dimensions: got 3 and 4
Steering failed, falling back to VLA: Tensors must have same number of dimensions: got 3 and 4
Steering failed, falling back to VLA: Tensors must have same number of dimensions: got 3 and 4
Steering failed, falling back to VLA: Tensors must have same number of dimensions: got 3 and 4
Steering failed, falling back to VLA: Tensors must have same number of dimensions: got 3 and 4
Steering failed, falling back to VLA: Tensors must have same number of dimensions: got 3 and 4
Steering failed, falling back to VLA: Tensors must have same number of dimensions: got 3 and 4
Steering failed, falling back to VLA: Tensors must have same number of dimensions: got 3 and 4
Steering failed, falling back to VLA: Tensors must have same number of dimensions: got 3 and 4
Steering failed, falling back to VLA: Tensors must have same number of dimensions: got 3 and 4
Steering failed, falling back to VLA: Tensors must have same number of dimensions: got 3 and 4
Steering failed, falling back to VLA: Tensors must have same number of dimensions: got 3 and 4
Steering failed, falling back to VLA: Tensors must have same number of dimensions: got 3 and 4
Steering failed, falling back to VLA: Tensors must have same number of dimensions: got 3 and 4
Steering failed, falling back to VLA: Tensors must have same number of dimensions: got 3 and 4
Steering failed, falling back to VLA: Tensors must have same number of dimensions: got 3 and 4
Steering failed, falling back to VLA: Tensors must have same number of dimensions: got 3 and 4
Steering failed, falling back to VLA: Tensors must have same number of dimensions: got 3 and 4
    [ce_ais] chain 3/10 task 1/1 step 50/360: running policy
Steering failed, falling back to VLA: Tensors must have same number of dimensions: got 3 and 4
    [ce_ais] chain 3/10 task 1/1 step 50/360: policy 0.01s, stepping env
Steering failed, falling back to VLA: Tensors must have same number of dimensions: got 3 and 4
Steering failed, falling back to VLA: Tensors must have same number of dimensions: got 3 and 4
Steering failed, falling back to VLA: Tensors must have same number of dimensions: got 3 and 4
Steering failed, falling back to VLA: Tensors must have same number of dimensions: got 3 and 4
Steering failed, falling back to VLA: Tensors must have same number of dimensions: got 3 and 4
Steering failed, falling back to VLA: Tensors must have same number of dimensions: got 3 and 4
Steering failed, falling back to VLA: Tensors must have same number of dimensions: got 3 and 4
Steering failed, falling back to VLA: Tensors must have same number of dimensions: got 3 and 4
Steering failed, falling back to VLA: Tensors must have same number of dimensions: got 3 and 4
Steering failed, falling back to VLA: Tensors must have same number of dimensions: got 3 and 4
Steering failed, falling back to VLA: Tensors must have same number of dimensions: got 3 and 4
Steering failed, falling back to VLA: Tensors must have same number of dimensions: got 3 and 4
Steering failed, falling back to VLA: Tensors must have same number of dimensions: got 3 and 4
Steering failed, falling back to VLA: Tensors must have same number of dimensions: got 3 and 4
Steering failed, falling back to VLA: Tensors must have same number of dimensions: got 3 and 4
Steering failed, falling back to VLA: Tensors must have same number of dimensions: got 3 and 4
Steering failed, falling back to VLA: Tensors must have same number of dimensions: got 3 and 4
Steering failed, falling back to VLA: Tensors must have same number of dimensions: got 3 and 4
Steering failed, falling back to VLA: Tensors must have same number of dimensions: got 3 and 4
Steering failed, falling back to VLA: Tensors must have same number of dimensions: got 3 and 4
Steering failed, falling back to VLA: Tensors must have same number of dimensions: got 3 and 4
Steering failed, falling back to VLA: Tensors must have same number of dimensions: got 3 and 4
Steering failed, falling back to VLA: Tensors must have same number of dimensions: got 3 and 4
Steering failed, falling back to VLA: Tensors must have same number of dimensions: got 3 and 4
    [ce_ais] chain 3/10 task 1/1 step 75/360: running policy
Steering failed, falling back to VLA: Tensors must have same number of dimensions: got 3 and 4
    [ce_ais] chain 3/10 task 1/1 step 75/360: policy 0.01s, stepping env
Steering failed, falling back to VLA: Tensors must have same number of dimensions: got 3 and 4
Steering failed, falling back to VLA: Tensors must have same number of dimensions: got 3 and 4
Steering failed, falling back to VLA: Tensors must have same number of dimensions: got 3 and 4
Steering failed, falling back to VLA: Tensors must have same number of dimensions: got 3 and 4
Steering failed, falling back to VLA: Tensors must have same number of dimensions: got 3 and 4
Steering failed, falling back to VLA: Tensors must have same number of dimensions: got 3 and 4
Steering failed, falling back to VLA: Tensors must have same number of dimensions: got 3 and 4
Steering failed, falling back to VLA: Tensors must have same number of dimensions: got 3 and 4
Steering failed, falling back to VLA: Tensors must have same number of dimensions: got 3 and 4
Steering failed, falling back to VLA: Tensors must have same number of dimensions: got 3 and 4
Steering failed, falling back to VLA: Tensors must have same number of dimensions: got 3 and 4
Steering failed, falling back to VLA: Tensors must have same number of dimensions: got 3 and 4
Steering failed, falling back to VLA: Tensors must have same number of dimensions: got 3 and 4
Steering failed, falling back to VLA: Tensors must have same number of dimensions: got 3 and 4
Steering failed, falling back to VLA: Tensors must have same number of dimensions: got 3 and 4
Steering failed, falling back to VLA: Tensors must have same number of dimensions: got 3 and 4
Steering failed, falling back to VLA: Tensors must have same number of dimensions: got 3 and 4
Steering failed, falling back to VLA: Tensors must have same number of dimensions: got 3 and 4
Steering failed, falling back to VLA: Tensors must have same number of dimensions: got 3 and 4
Steering failed, falling back to VLA: Tensors must have same number of dimensions: got 3 and 4
Steering failed, falling back to VLA: Tensors must have same number of dimensions: got 3 and 4
Steering failed, falling back to VLA: Tensors must have same number of dimensions: got 3 and 4
Steering failed, falling back to VLA: Tensors must have same number of dimensions: got 3 and 4
Steering failed, falling back to VLA: Tensors must have same number of dimensions: got 3 and 4
    [ce_ais] chain 3/10 task 1/1 step 100/360: running policy
Steering failed, falling back to VLA: Tensors must have same number of dimensions: got 3 and 4
    [ce_ais] chain 3/10 task 1/1 step 100/360: policy 0.01s, stepping env
Steering failed, falling back to VLA: Tensors must have same number of dimensions: got 3 and 4
Steering failed, falling back to VLA: Tensors must have same number of dimensions: got 3 and 4
Steering failed, falling back to VLA: Tensors must have same number of dimensions: got 3 and 4
Steering failed, falling back to VLA: Tensors must have same number of dimensions: got 3 and 4
Steering failed, falling back to VLA: Tensors must have same number of dimensions: got 3 and 4
Steering failed, falling back to VLA: Tensors must have same number of dimensions: got 3 and 4
Steering failed, falling back to VLA: Tensors must have same number of dimensions: got 3 and 4
Steering failed, falling back to VLA: Tensors must have same number of dimensions: got 3 and 4
Steering failed, falling back to VLA: Tensors must have same number of dimensions: got 3 and 4
Steering failed, falling back to VLA: Tensors must have same number of dimensions: got 3 and 4
Steering failed, falling back to VLA: Tensors must have same number of dimensions: got 3 and 4
Steering failed, falling back to VLA: Tensors must have same number of dimensions: got 3 and 4
Steering failed, falling back to VLA: Tensors must have same number of dimensions: got 3 and 4
Steering failed, falling back to VLA: Tensors must have same number of dimensions: got 3 and 4
Steering failed, falling back to VLA: Tensors must have same number of dimensions: got 3 and 4
Steering failed, falling back to VLA: Tensors must have same number of dimensions: got 3 and 4
Steering failed, falling back to VLA: Tensors must have same number of dimensions: got 3 and 4
Steering failed, falling back to VLA: Tensors must have same number of dimensions: got 3 and 4
Steering failed, falling back to VLA: Tensors must have same number of dimensions: got 3 and 4
Steering failed, falling back to VLA: Tensors must have same number of dimensions: got 3 and 4
Steering failed, falling back to VLA: Tensors must have same number of dimensions: got 3 and 4
Steering failed, falling back to VLA: Tensors must have same number of dimensions: got 3 and 4
Steering failed, falling back to VLA: Tensors must have same number of dimensions: got 3 and 4
Steering failed, falling back to VLA: Tensors must have same number of dimensions: got 3 and 4
    [ce_ais] chain 3/10 task 1/1 step 125/360: running policy
Steering failed, falling back to VLA: Tensors must have same number of dimensions: got 3 and 4
    [ce_ais] chain 3/10 task 1/1 step 125/360: policy 0.01s, stepping env
Steering failed, falling back to VLA: Tensors must have same number of dimensions: got 3 and 4
Steering failed, falling back to VLA: Tensors must have same number of dimensions: got 3 and 4
Steering failed, falling back to VLA: Tensors must have same number of dimensions: got 3 and 4
Steering failed, falling back to VLA: Tensors must have same number of dimensions: got 3 and 4
Steering failed, falling back to VLA: Tensors must have same number of dimensions: got 3 and 4
Steering failed, falling back to VLA: Tensors must have same number of dimensions: got 3 and 4
Steering failed, falling back to VLA: Tensors must have same number of dimensions: got 3 and 4
Steering failed, falling back to VLA: Tensors must have same number of dimensions: got 3 and 4
Steering failed, falling back to VLA: Tensors must have same number of dimensions: got 3 and 4
Steering failed, falling back to VLA: Tensors must have same number of dimensions: got 3 and 4
Steering failed, falling back to VLA: Tensors must have same number of dimensions: got 3 and 4
Steering failed, falling back to VLA: Tensors must have same number of dimensions: got 3 and 4
Steering failed, falling back to VLA: Tensors must have same number of dimensions: got 3 and 4
Steering failed, falling back to VLA: Tensors must have same number of dimensions: got 3 and 4
Steering failed, falling back to VLA: Tensors must have same number of dimensions: got 3 and 4
Steering failed, falling back to VLA: Tensors must have same number of dimensions: got 3 and 4
Steering failed, falling back to VLA: Tensors must have same number of dimensions: got 3 and 4
Steering failed, falling back to VLA: Tensors must have same number of dimensions: got 3 and 4
Steering failed, falling back to VLA: Tensors must have same number of dimensions: got 3 and 4
Steering failed, falling back to VLA: Tensors must have same number of dimensions: got 3 and 4
Steering failed, falling back to VLA: Tensors must have same number of dimensions: got 3 and 4
Steering failed, falling back to VLA: Tensors must have same number of dimensions: got 3 and 4
Steering failed, falling back to VLA: Tensors must have same number of dimensions: got 3 and 4
Steering failed, falling back to VLA: Tensors must have same number of dimensions: got 3 and 4
    [ce_ais] chain 3/10 task 1/1 step 150/360: running policy
Steering failed, falling back to VLA: Tensors must have same number of dimensions: got 3 and 4
    [ce_ais] chain 3/10 task 1/1 step 150/360: policy 0.01s, stepping env
Steering failed, falling back to VLA: Tensors must have same number of dimensions: got 3 and 4
Steering failed, falling back to VLA: Tensors must have same number of dimensions: got 3 and 4
Steering failed, falling back to VLA: Tensors must have same number of dimensions: got 3 and 4
Steering failed, falling back to VLA: Tensors must have same number of dimensions: got 3 and 4
Steering failed, falling back to VLA: Tensors must have same number of dimensions: got 3 and 4
Steering failed, falling back to VLA: Tensors must have same number of dimensions: got 3 and 4
Steering failed, falling back to VLA: Tensors must have same number of dimensions: got 3 and 4
Steering failed, falling back to VLA: Tensors must have same number of dimensions: got 3 and 4
Steering failed, falling back to VLA: Tensors must have same number of dimensions: got 3 and 4
Steering failed, falling back to VLA: Tensors must have same number of dimensions: got 3 and 4
Steering failed, falling back to VLA: Tensors must have same number of dimensions: got 3 and 4
Steering failed, falling back to VLA: Tensors must have same number of dimensions: got 3 and 4
Steering failed, falling back to VLA: Tensors must have same number of dimensions: got 3 and 4
Steering failed, falling back to VLA: Tensors must have same number of dimensions: got 3 and 4
Steering failed, falling back to VLA: Tensors must have same number of dimensions: got 3 and 4
Steering failed, falling back to VLA: Tensors must have same number of dimensions: got 3 and 4
Steering failed, falling back to VLA: Tensors must have same number of dimensions: got 3 and 4
Steering failed, falling back to VLA: Tensors must have same number of dimensions: got 3 and 4
Steering failed, falling back to VLA: Tensors must have same number of dimensions: got 3 and 4
Steering failed, falling back to VLA: Tensors must have same number of dimensions: got 3 and 4
Steering failed, falling back to VLA: Tensors must have same number of dimensions: got 3 and 4
Steering failed, falling back to VLA: Tensors must have same number of dimensions: got 3 and 4
Steering failed, falling back to VLA: Tensors must have same number of dimensions: got 3 and 4
Steering failed, falling back to VLA: Tensors must have same number of dimensions: got 3 and 4
    [ce_ais] chain 3/10 task 1/1 step 175/360: running policy
Steering failed, falling back to VLA: Tensors must have same number of dimensions: got 3 and 4
    [ce_ais] chain 3/10 task 1/1 step 175/360: policy 0.01s, stepping env
Steering failed, falling back to VLA: Tensors must have same number of dimensions: got 3 and 4
Steering failed, falling back to VLA: Tensors must have same number of dimensions: got 3 and 4
Steering failed, falling back to VLA: Tensors must have same number of dimensions: got 3 and 4
Steering failed, falling back to VLA: Tensors must have same number of dimensions: got 3 and 4
Steering failed, falling back to VLA: Tensors must have same number of dimensions: got 3 and 4
Steering failed, falling back to VLA: Tensors must have same number of dimensions: got 3 and 4
Steering failed, falling back to VLA: Tensors must have same number of dimensions: got 3 and 4
Steering failed, falling back to VLA: Tensors must have same number of dimensions: got 3 and 4
Steering failed, falling back to VLA: Tensors must have same number of dimensions: got 3 and 4
Steering failed, falling back to VLA: Tensors must have same number of dimensions: got 3 and 4
Steering failed, falling back to VLA: Tensors must have same number of dimensions: got 3 and 4
Steering failed, falling back to VLA: Tensors must have same number of dimensions: got 3 and 4
Steering failed, falling back to VLA: Tensors must have same number of dimensions: got 3 and 4
Steering failed, falling back to VLA: Tensors must have same number of dimensions: got 3 and 4
Steering failed, falling back to VLA: Tensors must have same number of dimensions: got 3 and 4
Steering failed, falling back to VLA: Tensors must have same number of dimensions: got 3 and 4
Steering failed, falling back to VLA: Tensors must have same number of dimensions: got 3 and 4
Steering failed, falling back to VLA: Tensors must have same number of dimensions: got 3 and 4
Steering failed, falling back to VLA: Tensors must have same number of dimensions: got 3 and 4
Steering failed, falling back to VLA: Tensors must have same number of dimensions: got 3 and 4
Steering failed, falling back to VLA: Tensors must have same number of dimensions: got 3 and 4
Steering failed, falling back to VLA: Tensors must have same number of dimensions: got 3 and 4
Steering failed, falling back to VLA: Tensors must have same number of dimensions: got 3 and 4
Steering failed, falling back to VLA: Tensors must have same number of dimensions: got 3 and 4
    [ce_ais] chain 3/10 task 1/1 step 200/360: running policy
Steering failed, falling back to VLA: Tensors must have same number of dimensions: got 3 and 4
    [ce_ais] chain 3/10 task 1/1 step 200/360: policy 0.01s, stepping env
Steering failed, falling back to VLA: Tensors must have same number of dimensions: got 3 and 4
Steering failed, falling back to VLA: Tensors must have same number of dimensions: got 3 and 4
Steering failed, falling back to VLA: Tensors must have same number of dimensions: got 3 and 4
Steering failed, falling back to VLA: Tensors must have same number of dimensions: got 3 and 4
Steering failed, falling back to VLA: Tensors must have same number of dimensions: got 3 and 4
Steering failed, falling back to VLA: Tensors must have same number of dimensions: got 3 and 4
Steering failed, falling back to VLA: Tensors must have same number of dimensions: got 3 and 4
Steering failed, falling back to VLA: Tensors must have same number of dimensions: got 3 and 4
Steering failed, falling back to VLA: Tensors must have same number of dimensions: got 3 and 4
Steering failed, falling back to VLA: Tensors must have same number of dimensions: got 3 and 4
Steering failed, falling back to VLA: Tensors must have same number of dimensions: got 3 and 4
Steering failed, falling back to VLA: Tensors must have same number of dimensions: got 3 and 4
Steering failed, falling back to VLA: Tensors must have same number of dimensions: got 3 and 4
Steering failed, falling back to VLA: Tensors must have same number of dimensions: got 3 and 4
Steering failed, falling back to VLA: Tensors must have same number of dimensions: got 3 and 4
Steering failed, falling back to VLA: Tensors must have same number of dimensions: got 3 and 4
Steering failed, falling back to VLA: Tensors must have same number of dimensions: got 3 and 4
Steering failed, falling back to VLA: Tensors must have same number of dimensions: got 3 and 4
Steering failed, falling back to VLA: Tensors must have same number of dimensions: got 3 and 4
Steering failed, falling back to VLA: Tensors must have same number of dimensions: got 3 and 4
Steering failed, falling back to VLA: Tensors must have same number of dimensions: got 3 and 4
Steering failed, falling back to VLA: Tensors must have same number of dimensions: got 3 and 4
Steering failed, falling back to VLA: Tensors must have same number of dimensions: got 3 and 4
Steering failed, falling back to VLA: Tensors must have same number of dimensions: got 3 and 4
    [ce_ais] chain 3/10 task 1/1 step 225/360: running policy
Steering failed, falling back to VLA: Tensors must have same number of dimensions: got 3 and 4
    [ce_ais] chain 3/10 task 1/1 step 225/360: policy 0.01s, stepping env
Steering failed, falling back to VLA: Tensors must have same number of dimensions: got 3 and 4
Steering failed, falling back to VLA: Tensors must have same number of dimensions: got 3 and 4
Steering failed, falling back to VLA: Tensors must have same number of dimensions: got 3 and 4
Steering failed, falling back to VLA: Tensors must have same number of dimensions: got 3 and 4
Steering failed, falling back to VLA: Tensors must have same number of dimensions: got 3 and 4
Steering failed, falling back to VLA: Tensors must have same number of dimensions: got 3 and 4
Steering failed, falling back to VLA: Tensors must have same number of dimensions: got 3 and 4
Steering failed, falling back to VLA: Tensors must have same number of dimensions: got 3 and 4
Steering failed, falling back to VLA: Tensors must have same number of dimensions: got 3 and 4
Steering failed, falling back to VLA: Tensors must have same number of dimensions: got 3 and 4
Steering failed, falling back to VLA: Tensors must have same number of dimensions: got 3 and 4
Steering failed, falling back to VLA: Tensors must have same number of dimensions: got 3 and 4
Steering failed, falling back to VLA: Tensors must have same number of dimensions: got 3 and 4
Steering failed, falling back to VLA: Tensors must have same number of dimensions: got 3 and 4
Steering failed, falling back to VLA: Tensors must have same number of dimensions: got 3 and 4
Steering failed, falling back to VLA: Tensors must have same number of dimensions: got 3 and 4
Steering failed, falling back to VLA: Tensors must have same number of dimensions: got 3 and 4
Steering failed, falling back to VLA: Tensors must have same number of dimensions: got 3 and 4
Steering failed, falling back to VLA: Tensors must have same number of dimensions: got 3 and 4
Steering failed, falling back to VLA: Tensors must have same number of dimensions: got 3 and 4
Steering failed, falling back to VLA: Tensors must have same number of dimensions: got 3 and 4
Steering failed, falling back to VLA: Tensors must have same number of dimensions: got 3 and 4
Steering failed, falling back to VLA: Tensors must have same number of dimensions: got 3 and 4
Steering failed, falling back to VLA: Tensors must have same number of dimensions: got 3 and 4
    [ce_ais] chain 3/10 task 1/1 step 250/360: running policy
Steering failed, falling back to VLA: Tensors must have same number of dimensions: got 3 and 4
    [ce_ais] chain 3/10 task 1/1 step 250/360: policy 0.01s, stepping env
Steering failed, falling back to VLA: Tensors must have same number of dimensions: got 3 and 4
Steering failed, falling back to VLA: Tensors must have same number of dimensions: got 3 and 4
Steering failed, falling back to VLA: Tensors must have same number of dimensions: got 3 and 4
Steering failed, falling back to VLA: Tensors must have same number of dimensions: got 3 and 4
Steering failed, falling back to VLA: Tensors must have same number of dimensions: got 3 and 4
Steering failed, falling back to VLA: Tensors must have same number of dimensions: got 3 and 4
Steering failed, falling back to VLA: Tensors must have same number of dimensions: got 3 and 4
Steering failed, falling back to VLA: Tensors must have same number of dimensions: got 3 and 4
Steering failed, falling back to VLA: Tensors must have same number of dimensions: got 3 and 4
Steering failed, falling back to VLA: Tensors must have same number of dimensions: got 3 and 4
Steering failed, falling back to VLA: Tensors must have same number of dimensions: got 3 and 4
Steering failed, falling back to VLA: Tensors must have same number of dimensions: got 3 and 4
Steering failed, falling back to VLA: Tensors must have same number of dimensions: got 3 and 4
Steering failed, falling back to VLA: Tensors must have same number of dimensions: got 3 and 4
Steering failed, falling back to VLA: Tensors must have same number of dimensions: got 3 and 4
Steering failed, falling back to VLA: Tensors must have same number of dimensions: got 3 and 4
Steering failed, falling back to VLA: Tensors must have same number of dimensions: got 3 and 4
Steering failed, falling back to VLA: Tensors must have same number of dimensions: got 3 and 4
Steering failed, falling back to VLA: Tensors must have same number of dimensions: got 3 and 4
Steering failed, falling back to VLA: Tensors must have same number of dimensions: got 3 and 4
Steering failed, falling back to VLA: Tensors must have same number of dimensions: got 3 and 4
Steering failed, falling back to VLA: Tensors must have same number of dimensions: got 3 and 4
Steering failed, falling back to VLA: Tensors must have same number of dimensions: got 3 and 4
Steering failed, falling back to VLA: Tensors must have same number of dimensions: got 3 and 4
    [ce_ais] chain 3/10 task 1/1 step 275/360: running policy
Steering failed, falling back to VLA: Tensors must have same number of dimensions: got 3 and 4
    [ce_ais] chain 3/10 task 1/1 step 275/360: policy 0.01s, stepping env
Steering failed, falling back to VLA: Tensors must have same number of dimensions: got 3 and 4
Steering failed, falling back to VLA: Tensors must have same number of dimensions: got 3 and 4
Steering failed, falling back to VLA: Tensors must have same number of dimensions: got 3 and 4
Steering failed, falling back to VLA: Tensors must have same number of dimensions: got 3 and 4
Steering failed, falling back to VLA: Tensors must have same number of dimensions: got 3 and 4
Steering failed, falling back to VLA: Tensors must have same number of dimensions: got 3 and 4
Steering failed, falling back to VLA: Tensors must have same number of dimensions: got 3 and 4
Steering failed, falling back to VLA: Tensors must have same number of dimensions: got 3 and 4
Steering failed, falling back to VLA: Tensors must have same number of dimensions: got 3 and 4
Steering failed, falling back to VLA: Tensors must have same number of dimensions: got 3 and 4
Steering failed, falling back to VLA: Tensors must have same number of dimensions: got 3 and 4
Steering failed, falling back to VLA: Tensors must have same number of dimensions: got 3 and 4
Steering failed, falling back to VLA: Tensors must have same number of dimensions: got 3 and 4
Steering failed, falling back to VLA: Tensors must have same number of dimensions: got 3 and 4
Steering failed, falling back to VLA: Tensors must have same number of dimensions: got 3 and 4
Steering failed, falling back to VLA: Tensors must have same number of dimensions: got 3 and 4
Steering failed, falling back to VLA: Tensors must have same number of dimensions: got 3 and 4
Steering failed, falling back to VLA: Tensors must have same number of dimensions: got 3 and 4
Steering failed, falling back to VLA: Tensors must have same number of dimensions: got 3 and 4
Steering failed, falling back to VLA: Tensors must have same number of dimensions: got 3 and 4
Steering failed, falling back to VLA: Tensors must have same number of dimensions: got 3 and 4
Steering failed, falling back to VLA: Tensors must have same number of dimensions: got 3 and 4
Steering failed, falling back to VLA: Tensors must have same number of dimensions: got 3 and 4
Steering failed, falling back to VLA: Tensors must have same number of dimensions: got 3 and 4
    [ce_ais] chain 3/10 task 1/1 step 300/360: running policy
Steering failed, falling back to VLA: Tensors must have same number of dimensions: got 3 and 4
    [ce_ais] chain 3/10 task 1/1 step 300/360: policy 0.01s, stepping env
Steering failed, falling back to VLA: Tensors must have same number of dimensions: got 3 and 4
Steering failed, falling back to VLA: Tensors must have same number of dimensions: got 3 and 4
Steering failed, falling back to VLA: Tensors must have same number of dimensions: got 3 and 4
Steering failed, falling back to VLA: Tensors must have same number of dimensions: got 3 and 4
Steering failed, falling back to VLA: Tensors must have same number of dimensions: got 3 and 4
Steering failed, falling back to VLA: Tensors must have same number of dimensions: got 3 and 4
Steering failed, falling back to VLA: Tensors must have same number of dimensions: got 3 and 4
Steering failed, falling back to VLA: Tensors must have same number of dimensions: got 3 and 4
Steering failed, falling back to VLA: Tensors must have same number of dimensions: got 3 and 4
Steering failed, falling back to VLA: Tensors must have same number of dimensions: got 3 and 4
Steering failed, falling back to VLA: Tensors must have same number of dimensions: got 3 and 4
Steering failed, falling back to VLA: Tensors must have same number of dimensions: got 3 and 4
Steering failed, falling back to VLA: Tensors must have same number of dimensions: got 3 and 4
Steering failed, falling back to VLA: Tensors must have same number of dimensions: got 3 and 4
Steering failed, falling back to VLA: Tensors must have same number of dimensions: got 3 and 4
Steering failed, falling back to VLA: Tensors must have same number of dimensions: got 3 and 4
Steering failed, falling back to VLA: Tensors must have same number of dimensions: got 3 and 4
Steering failed, falling back to VLA: Tensors must have same number of dimensions: got 3 and 4
Steering failed, falling back to VLA: Tensors must have same number of dimensions: got 3 and 4
Steering failed, falling back to VLA: Tensors must have same number of dimensions: got 3 and 4
Steering failed, falling back to VLA: Tensors must have same number of dimensions: got 3 and 4
Steering failed, falling back to VLA: Tensors must have same number of dimensions: got 3 and 4
Steering failed, falling back to VLA: Tensors must have same number of dimensions: got 3 and 4
Steering failed, falling back to VLA: Tensors must have same number of dimensions: got 3 and 4
    [ce_ais] chain 3/10 task 1/1 step 325/360: running policy
Steering failed, falling back to VLA: Tensors must have same number of dimensions: got 3 and 4
    [ce_ais] chain 3/10 task 1/1 step 325/360: policy 0.01s, stepping env
Steering failed, falling back to VLA: Tensors must have same number of dimensions: got 3 and 4
Steering failed, falling back to VLA: Tensors must have same number of dimensions: got 3 and 4
Steering failed, falling back to VLA: Tensors must have same number of dimensions: got 3 and 4
Steering failed, falling back to VLA: Tensors must have same number of dimensions: got 3 and 4
Steering failed, falling back to VLA: Tensors must have same number of dimensions: got 3 and 4
Steering failed, falling back to VLA: Tensors must have same number of dimensions: got 3 and 4
Steering failed, falling back to VLA: Tensors must have same number of dimensions: got 3 and 4
Steering failed, falling back to VLA: Tensors must have same number of dimensions: got 3 and 4
Steering failed, falling back to VLA: Tensors must have same number of dimensions: got 3 and 4
Steering failed, falling back to VLA: Tensors must have same number of dimensions: got 3 and 4
Steering failed, falling back to VLA: Tensors must have same number of dimensions: got 3 and 4
Steering failed, falling back to VLA: Tensors must have same number of dimensions: got 3 and 4
Steering failed, falling back to VLA: Tensors must have same number of dimensions: got 3 and 4
Steering failed, falling back to VLA: Tensors must have same number of dimensions: got 3 and 4
Steering failed, falling back to VLA: Tensors must have same number of dimensions: got 3 and 4
Steering failed, falling back to VLA: Tensors must have same number of dimensions: got 3 and 4
Steering failed, falling back to VLA: Tensors must have same number of dimensions: got 3 and 4
Steering failed, falling back to VLA: Tensors must have same number of dimensions: got 3 and 4
Steering failed, falling back to VLA: Tensors must have same number of dimensions: got 3 and 4
Steering failed, falling back to VLA: Tensors must have same number of dimensions: got 3 and 4
Steering failed, falling back to VLA: Tensors must have same number of dimensions: got 3 and 4
Steering failed, falling back to VLA: Tensors must have same number of dimensions: got 3 and 4
Steering failed, falling back to VLA: Tensors must have same number of dimensions: got 3 and 4
Steering failed, falling back to VLA: Tensors must have same number of dimensions: got 3 and 4
    [ce_ais] chain 3/10 task 1/1 step 350/360: running policy
Steering failed, falling back to VLA: Tensors must have same number of dimensions: got 3 and 4
    [ce_ais] chain 3/10 task 1/1 step 350/360: policy 0.01s, stepping env
Steering failed, falling back to VLA: Tensors must have same number of dimensions: got 3 and 4
Steering failed, falling back to VLA: Tensors must have same number of dimensions: got 3 and 4
Steering failed, falling back to VLA: Tensors must have same number of dimensions: got 3 and 4
Steering failed, falling back to VLA: Tensors must have same number of dimensions: got 3 and 4
Steering failed, falling back to VLA: Tensors must have same number of dimensions: got 3 and 4
Steering failed, falling back to VLA: Tensors must have same number of dimensions: got 3 and 4
Steering failed, falling back to VLA: Tensors must have same number of dimensions: got 3 and 4
Steering failed, falling back to VLA: Tensors must have same number of dimensions: got 3 and 4
Steering failed, falling back to VLA: Tensors must have same number of dimensions: got 3 and 4
Steering failed, falling back to VLA: Tensors must have same number of dimensions: got 3 and 4
    [ce_ais] chain 3/10 task 1/1 failed: 360 steps, 5.5s
    [ce_ais] chain 4/10 start: ['open_drawer']
    [ce_ais] chain 4/10 instructions: ['pull the handle to open the drawer']
    [ce_ais] chain 4/10 task 1/1 start: open_drawer | instruction: pull the handle to open the drawer
    [ce_ais] chain 4/10 task 1/1 step 1/360: running policy
Steering failed, falling back to VLA: Tensors must have same number of dimensions: got 3 and 4
    [ce_ais] chain 4/10 task 1/1 step 1/360: policy 0.01s, stepping env
Steering failed, falling back to VLA: Tensors must have same number of dimensions: got 3 and 4
Steering failed, falling back to VLA: Tensors must have same number of dimensions: got 3 and 4
Steering failed, falling back to VLA: Tensors must have same number of dimensions: got 3 and 4
Steering failed, falling back to VLA: Tensors must have same number of dimensions: got 3 and 4
Steering failed, falling back to VLA: Tensors must have same number of dimensions: got 3 and 4
Steering failed, falling back to VLA: Tensors must have same number of dimensions: got 3 and 4
Steering failed, falling back to VLA: Tensors must have same number of dimensions: got 3 and 4
Steering failed, falling back to VLA: Tensors must have same number of dimensions: got 3 and 4
Steering failed, falling back to VLA: Tensors must have same number of dimensions: got 3 and 4
Steering failed, falling back to VLA: Tensors must have same number of dimensions: got 3 and 4
Steering failed, falling back to VLA: Tensors must have same number of dimensions: got 3 and 4
Steering failed, falling back to VLA: Tensors must have same number of dimensions: got 3 and 4
Steering failed, falling back to VLA: Tensors must have same number of dimensions: got 3 and 4
Steering failed, falling back to VLA: Tensors must have same number of dimensions: got 3 and 4
Steering failed, falling back to VLA: Tensors must have same number of dimensions: got 3 and 4
Steering failed, falling back to VLA: Tensors must have same number of dimensions: got 3 and 4
Steering failed, falling back to VLA: Tensors must have same number of dimensions: got 3 and 4
Steering failed, falling back to VLA: Tensors must have same number of dimensions: got 3 and 4
Steering failed, falling back to VLA: Tensors must have same number of dimensions: got 3 and 4
Steering failed, falling back to VLA: Tensors must have same number of dimensions: got 3 and 4
Steering failed, falling back to VLA: Tensors must have same number of dimensions: got 3 and 4
Steering failed, falling back to VLA: Tensors must have same number of dimensions: got 3 and 4
Steering failed, falling back to VLA: Tensors must have same number of dimensions: got 3 and 4
    [ce_ais] chain 4/10 task 1/1 step 25/360: running policy
Steering failed, falling back to VLA: Tensors must have same number of dimensions: got 3 and 4
    [ce_ais] chain 4/10 task 1/1 step 25/360: policy 0.01s, stepping env
Steering failed, falling back to VLA: Tensors must have same number of dimensions: got 3 and 4
Steering failed, falling back to VLA: Tensors must have same number of dimensions: got 3 and 4
Steering failed, falling back to VLA: Tensors must have same number of dimensions: got 3 and 4
Steering failed, falling back to VLA: Tensors must have same number of dimensions: got 3 and 4
Steering failed, falling back to VLA: Tensors must have same number of dimensions: got 3 and 4
Steering failed, falling back to VLA: Tensors must have same number of dimensions: got 3 and 4
Steering failed, falling back to VLA: Tensors must have same number of dimensions: got 3 and 4
Steering failed, falling back to VLA: Tensors must have same number of dimensions: got 3 and 4
Steering failed, falling back to VLA: Tensors must have same number of dimensions: got 3 and 4
Steering failed, falling back to VLA: Tensors must have same number of dimensions: got 3 and 4
Steering failed, falling back to VLA: Tensors must have same number of dimensions: got 3 and 4
Steering failed, falling back to VLA: Tensors must have same number of dimensions: got 3 and 4
Steering failed, falling back to VLA: Tensors must have same number of dimensions: got 3 and 4
Steering failed, falling back to VLA: Tensors must have same number of dimensions: got 3 and 4
Steering failed, falling back to VLA: Tensors must have same number of dimensions: got 3 and 4
Steering failed, falling back to VLA: Tensors must have same number of dimensions: got 3 and 4
Steering failed, falling back to VLA: Tensors must have same number of dimensions: got 3 and 4
Steering failed, falling back to VLA: Tensors must have same number of dimensions: got 3 and 4
Steering failed, falling back to VLA: Tensors must have same number of dimensions: got 3 and 4
Steering failed, falling back to VLA: Tensors must have same number of dimensions: got 3 and 4
Steering failed, falling back to VLA: Tensors must have same number of dimensions: got 3 and 4
Steering failed, falling back to VLA: Tensors must have same number of dimensions: got 3 and 4
Steering failed, falling back to VLA: Tensors must have same number of dimensions: got 3 and 4
Steering failed, falling back to VLA: Tensors must have same number of dimensions: got 3 and 4
    [ce_ais] chain 4/10 task 1/1 step 50/360: running policy
Steering failed, falling back to VLA: Tensors must have same number of dimensions: got 3 and 4
    [ce_ais] chain 4/10 task 1/1 step 50/360: policy 0.01s, stepping env
Steering failed, falling back to VLA: Tensors must have same number of dimensions: got 3 and 4
Steering failed, falling back to VLA: Tensors must have same number of dimensions: got 3 and 4
Steering failed, falling back to VLA: Tensors must have same number of dimensions: got 3 and 4
Steering failed, falling back to VLA: Tensors must have same number of dimensions: got 3 and 4
Steering failed, falling back to VLA: Tensors must have same number of dimensions: got 3 and 4
Steering failed, falling back to VLA: Tensors must have same number of dimensions: got 3 and 4
Steering failed, falling back to VLA: Tensors must have same number of dimensions: got 3 and 4
Steering failed, falling back to VLA: Tensors must have same number of dimensions: got 3 and 4
Steering failed, falling back to VLA: Tensors must have same number of dimensions: got 3 and 4
Steering failed, falling back to VLA: Tensors must have same number of dimensions: got 3 and 4
Steering failed, falling back to VLA: Tensors must have same number of dimensions: got 3 and 4
Steering failed, falling back to VLA: Tensors must have same number of dimensions: got 3 and 4
Steering failed, falling back to VLA: Tensors must have same number of dimensions: got 3 and 4
Steering failed, falling back to VLA: Tensors must have same number of dimensions: got 3 and 4
Steering failed, falling back to VLA: Tensors must have same number of dimensions: got 3 and 4
Steering failed, falling back to VLA: Tensors must have same number of dimensions: got 3 and 4
Steering failed, falling back to VLA: Tensors must have same number of dimensions: got 3 and 4
Steering failed, falling back to VLA: Tensors must have same number of dimensions: got 3 and 4
Steering failed, falling back to VLA: Tensors must have same number of dimensions: got 3 and 4
Steering failed, falling back to VLA: Tensors must have same number of dimensions: got 3 and 4
Steering failed, falling back to VLA: Tensors must have same number of dimensions: got 3 and 4
Steering failed, falling back to VLA: Tensors must have same number of dimensions: got 3 and 4
Steering failed, falling back to VLA: Tensors must have same number of dimensions: got 3 and 4
Steering failed, falling back to VLA: Tensors must have same number of dimensions: got 3 and 4
    [ce_ais] chain 4/10 task 1/1 step 75/360: running policy
Steering failed, falling back to VLA: Tensors must have same number of dimensions: got 3 and 4
    [ce_ais] chain 4/10 task 1/1 step 75/360: policy 0.01s, stepping env
Steering failed, falling back to VLA: Tensors must have same number of dimensions: got 3 and 4
Steering failed, falling back to VLA: Tensors must have same number of dimensions: got 3 and 4
Steering failed, falling back to VLA: Tensors must have same number of dimensions: got 3 and 4
Steering failed, falling back to VLA: Tensors must have same number of dimensions: got 3 and 4
Steering failed, falling back to VLA: Tensors must have same number of dimensions: got 3 and 4
Steering failed, falling back to VLA: Tensors must have same number of dimensions: got 3 and 4
Steering failed, falling back to VLA: Tensors must have same number of dimensions: got 3 and 4
Steering failed, falling back to VLA: Tensors must have same number of dimensions: got 3 and 4
Steering failed, falling back to VLA: Tensors must have same number of dimensions: got 3 and 4
Steering failed, falling back to VLA: Tensors must have same number of dimensions: got 3 and 4
Steering failed, falling back to VLA: Tensors must have same number of dimensions: got 3 and 4
Steering failed, falling back to VLA: Tensors must have same number of dimensions: got 3 and 4
Steering failed, falling back to VLA: Tensors must have same number of dimensions: got 3 and 4
Steering failed, falling back to VLA: Tensors must have same number of dimensions: got 3 and 4
Steering failed, falling back to VLA: Tensors must have same number of dimensions: got 3 and 4
Steering failed, falling back to VLA: Tensors must have same number of dimensions: got 3 and 4
Steering failed, falling back to VLA: Tensors must have same number of dimensions: got 3 and 4
Steering failed, falling back to VLA: Tensors must have same number of dimensions: got 3 and 4
Steering failed, falling back to VLA: Tensors must have same number of dimensions: got 3 and 4
Steering failed, falling back to VLA: Tensors must have same number of dimensions: got 3 and 4
Steering failed, falling back to VLA: Tensors must have same number of dimensions: got 3 and 4
Steering failed, falling back to VLA: Tensors must have same number of dimensions: got 3 and 4
Steering failed, falling back to VLA: Tensors must have same number of dimensions: got 3 and 4
Steering failed, falling back to VLA: Tensors must have same number of dimensions: got 3 and 4
    [ce_ais] chain 4/10 task 1/1 step 100/360: running policy
Steering failed, falling back to VLA: Tensors must have same number of dimensions: got 3 and 4
    [ce_ais] chain 4/10 task 1/1 step 100/360: policy 0.01s, stepping env
Steering failed, falling back to VLA: Tensors must have same number of dimensions: got 3 and 4
Steering failed, falling back to VLA: Tensors must have same number of dimensions: got 3 and 4
Steering failed, falling back to VLA: Tensors must have same number of dimensions: got 3 and 4
Steering failed, falling back to VLA: Tensors must have same number of dimensions: got 3 and 4
Steering failed, falling back to VLA: Tensors must have same number of dimensions: got 3 and 4
Steering failed, falling back to VLA: Tensors must have same number of dimensions: got 3 and 4
Steering failed, falling back to VLA: Tensors must have same number of dimensions: got 3 and 4
Steering failed, falling back to VLA: Tensors must have same number of dimensions: got 3 and 4
Steering failed, falling back to VLA: Tensors must have same number of dimensions: got 3 and 4
Steering failed, falling back to VLA: Tensors must have same number of dimensions: got 3 and 4
Steering failed, falling back to VLA: Tensors must have same number of dimensions: got 3 and 4
Steering failed, falling back to VLA: Tensors must have same number of dimensions: got 3 and 4
Steering failed, falling back to VLA: Tensors must have same number of dimensions: got 3 and 4
Steering failed, falling back to VLA: Tensors must have same number of dimensions: got 3 and 4
Steering failed, falling back to VLA: Tensors must have same number of dimensions: got 3 and 4
Steering failed, falling back to VLA: Tensors must have same number of dimensions: got 3 and 4
Steering failed, falling back to VLA: Tensors must have same number of dimensions: got 3 and 4
Steering failed, falling back to VLA: Tensors must have same number of dimensions: got 3 and 4
Steering failed, falling back to VLA: Tensors must have same number of dimensions: got 3 and 4
Steering failed, falling back to VLA: Tensors must have same number of dimensions: got 3 and 4
Steering failed, falling back to VLA: Tensors must have same number of dimensions: got 3 and 4
Steering failed, falling back to VLA: Tensors must have same number of dimensions: got 3 and 4
Steering failed, falling back to VLA: Tensors must have same number of dimensions: got 3 and 4
Steering failed, falling back to VLA: Tensors must have same number of dimensions: got 3 and 4
    [ce_ais] chain 4/10 task 1/1 step 125/360: running policy
Steering failed, falling back to VLA: Tensors must have same number of dimensions: got 3 and 4
    [ce_ais] chain 4/10 task 1/1 step 125/360: policy 0.01s, stepping env
Steering failed, falling back to VLA: Tensors must have same number of dimensions: got 3 and 4
Steering failed, falling back to VLA: Tensors must have same number of dimensions: got 3 and 4
Steering failed, falling back to VLA: Tensors must have same number of dimensions: got 3 and 4
Steering failed, falling back to VLA: Tensors must have same number of dimensions: got 3 and 4
Steering failed, falling back to VLA: Tensors must have same number of dimensions: got 3 and 4
Steering failed, falling back to VLA: Tensors must have same number of dimensions: got 3 and 4
Steering failed, falling back to VLA: Tensors must have same number of dimensions: got 3 and 4
Steering failed, falling back to VLA: Tensors must have same number of dimensions: got 3 and 4
Steering failed, falling back to VLA: Tensors must have same number of dimensions: got 3 and 4
Steering failed, falling back to VLA: Tensors must have same number of dimensions: got 3 and 4
Steering failed, falling back to VLA: Tensors must have same number of dimensions: got 3 and 4
Steering failed, falling back to VLA: Tensors must have same number of dimensions: got 3 and 4
Steering failed, falling back to VLA: Tensors must have same number of dimensions: got 3 and 4
Steering failed, falling back to VLA: Tensors must have same number of dimensions: got 3 and 4
Steering failed, falling back to VLA: Tensors must have same number of dimensions: got 3 and 4
Steering failed, falling back to VLA: Tensors must have same number of dimensions: got 3 and 4
Steering failed, falling back to VLA: Tensors must have same number of dimensions: got 3 and 4
Steering failed, falling back to VLA: Tensors must have same number of dimensions: got 3 and 4
Steering failed, falling back to VLA: Tensors must have same number of dimensions: got 3 and 4
Steering failed, falling back to VLA: Tensors must have same number of dimensions: got 3 and 4
Steering failed, falling back to VLA: Tensors must have same number of dimensions: got 3 and 4
Steering failed, falling back to VLA: Tensors must have same number of dimensions: got 3 and 4
Steering failed, falling back to VLA: Tensors must have same number of dimensions: got 3 and 4
Steering failed, falling back to VLA: Tensors must have same number of dimensions: got 3 and 4
    [ce_ais] chain 4/10 task 1/1 step 150/360: running policy
Steering failed, falling back to VLA: Tensors must have same number of dimensions: got 3 and 4
    [ce_ais] chain 4/10 task 1/1 step 150/360: policy 0.01s, stepping env
Steering failed, falling back to VLA: Tensors must have same number of dimensions: got 3 and 4
Steering failed, falling back to VLA: Tensors must have same number of dimensions: got 3 and 4
Steering failed, falling back to VLA: Tensors must have same number of dimensions: got 3 and 4
Steering failed, falling back to VLA: Tensors must have same number of dimensions: got 3 and 4
Steering failed, falling back to VLA: Tensors must have same number of dimensions: got 3 and 4
Steering failed, falling back to VLA: Tensors must have same number of dimensions: got 3 and 4
Steering failed, falling back to VLA: Tensors must have same number of dimensions: got 3 and 4
Steering failed, falling back to VLA: Tensors must have same number of dimensions: got 3 and 4
Steering failed, falling back to VLA: Tensors must have same number of dimensions: got 3 and 4
Steering failed, falling back to VLA: Tensors must have same number of dimensions: got 3 and 4
Steering failed, falling back to VLA: Tensors must have same number of dimensions: got 3 and 4
Steering failed, falling back to VLA: Tensors must have same number of dimensions: got 3 and 4
Steering failed, falling back to VLA: Tensors must have same number of dimensions: got 3 and 4
Steering failed, falling back to VLA: Tensors must have same number of dimensions: got 3 and 4
Steering failed, falling back to VLA: Tensors must have same number of dimensions: got 3 and 4
Steering failed, falling back to VLA: Tensors must have same number of dimensions: got 3 and 4
Steering failed, falling back to VLA: Tensors must have same number of dimensions: got 3 and 4
Steering failed, falling back to VLA: Tensors must have same number of dimensions: got 3 and 4
Steering failed, falling back to VLA: Tensors must have same number of dimensions: got 3 and 4
Steering failed, falling back to VLA: Tensors must have same number of dimensions: got 3 and 4
Steering failed, falling back to VLA: Tensors must have same number of dimensions: got 3 and 4
Steering failed, falling back to VLA: Tensors must have same number of dimensions: got 3 and 4
Steering failed, falling back to VLA: Tensors must have same number of dimensions: got 3 and 4
Steering failed, falling back to VLA: Tensors must have same number of dimensions: got 3 and 4
    [ce_ais] chain 4/10 task 1/1 step 175/360: running policy
Steering failed, falling back to VLA: Tensors must have same number of dimensions: got 3 and 4
    [ce_ais] chain 4/10 task 1/1 step 175/360: policy 0.01s, stepping env
Steering failed, falling back to VLA: Tensors must have same number of dimensions: got 3 and 4
Steering failed, falling back to VLA: Tensors must have same number of dimensions: got 3 and 4
Steering failed, falling back to VLA: Tensors must have same number of dimensions: got 3 and 4
Steering failed, falling back to VLA: Tensors must have same number of dimensions: got 3 and 4
Steering failed, falling back to VLA: Tensors must have same number of dimensions: got 3 and 4
Steering failed, falling back to VLA: Tensors must have same number of dimensions: got 3 and 4
Steering failed, falling back to VLA: Tensors must have same number of dimensions: got 3 and 4
Steering failed, falling back to VLA: Tensors must have same number of dimensions: got 3 and 4
Steering failed, falling back to VLA: Tensors must have same number of dimensions: got 3 and 4
Steering failed, falling back to VLA: Tensors must have same number of dimensions: got 3 and 4
Steering failed, falling back to VLA: Tensors must have same number of dimensions: got 3 and 4
Steering failed, falling back to VLA: Tensors must have same number of dimensions: got 3 and 4
Steering failed, falling back to VLA: Tensors must have same number of dimensions: got 3 and 4
Steering failed, falling back to VLA: Tensors must have same number of dimensions: got 3 and 4
Steering failed, falling back to VLA: Tensors must have same number of dimensions: got 3 and 4
Steering failed, falling back to VLA: Tensors must have same number of dimensions: got 3 and 4
Steering failed, falling back to VLA: Tensors must have same number of dimensions: got 3 and 4
Steering failed, falling back to VLA: Tensors must have same number of dimensions: got 3 and 4
Steering failed, falling back to VLA: Tensors must have same number of dimensions: got 3 and 4
Steering failed, falling back to VLA: Tensors must have same number of dimensions: got 3 and 4
Steering failed, falling back to VLA: Tensors must have same number of dimensions: got 3 and 4
Steering failed, falling back to VLA: Tensors must have same number of dimensions: got 3 and 4
Steering failed, falling back to VLA: Tensors must have same number of dimensions: got 3 and 4
Steering failed, falling back to VLA: Tensors must have same number of dimensions: got 3 and 4
    [ce_ais] chain 4/10 task 1/1 step 200/360: running policy
Steering failed, falling back to VLA: Tensors must have same number of dimensions: got 3 and 4
    [ce_ais] chain 4/10 task 1/1 step 200/360: policy 0.01s, stepping env
Steering failed, falling back to VLA: Tensors must have same number of dimensions: got 3 and 4
Steering failed, falling back to VLA: Tensors must have same number of dimensions: got 3 and 4
Steering failed, falling back to VLA: Tensors must have same number of dimensions: got 3 and 4
Steering failed, falling back to VLA: Tensors must have same number of dimensions: got 3 and 4
Steering failed, falling back to VLA: Tensors must have same number of dimensions: got 3 and 4
Steering failed, falling back to VLA: Tensors must have same number of dimensions: got 3 and 4
Steering failed, falling back to VLA: Tensors must have same number of dimensions: got 3 and 4
Steering failed, falling back to VLA: Tensors must have same number of dimensions: got 3 and 4
Steering failed, falling back to VLA: Tensors must have same number of dimensions: got 3 and 4
Steering failed, falling back to VLA: Tensors must have same number of dimensions: got 3 and 4
Steering failed, falling back to VLA: Tensors must have same number of dimensions: got 3 and 4
Steering failed, falling back to VLA: Tensors must have same number of dimensions: got 3 and 4
Steering failed, falling back to VLA: Tensors must have same number of dimensions: got 3 and 4
Steering failed, falling back to VLA: Tensors must have same number of dimensions: got 3 and 4
Steering failed, falling back to VLA: Tensors must have same number of dimensions: got 3 and 4
Steering failed, falling back to VLA: Tensors must have same number of dimensions: got 3 and 4
Steering failed, falling back to VLA: Tensors must have same number of dimensions: got 3 and 4
Steering failed, falling back to VLA: Tensors must have same number of dimensions: got 3 and 4
Steering failed, falling back to VLA: Tensors must have same number of dimensions: got 3 and 4
Steering failed, falling back to VLA: Tensors must have same number of dimensions: got 3 and 4
Steering failed, falling back to VLA: Tensors must have same number of dimensions: got 3 and 4
Steering failed, falling back to VLA: Tensors must have same number of dimensions: got 3 and 4
Steering failed, falling back to VLA: Tensors must have same number of dimensions: got 3 and 4
Steering failed, falling back to VLA: Tensors must have same number of dimensions: got 3 and 4
    [ce_ais] chain 4/10 task 1/1 step 225/360: running policy
Steering failed, falling back to VLA: Tensors must have same number of dimensions: got 3 and 4
    [ce_ais] chain 4/10 task 1/1 step 225/360: policy 0.01s, stepping env
Steering failed, falling back to VLA: Tensors must have same number of dimensions: got 3 and 4
Steering failed, falling back to VLA: Tensors must have same number of dimensions: got 3 and 4
Steering failed, falling back to VLA: Tensors must have same number of dimensions: got 3 and 4
Steering failed, falling back to VLA: Tensors must have same number of dimensions: got 3 and 4
Steering failed, falling back to VLA: Tensors must have same number of dimensions: got 3 and 4
Steering failed, falling back to VLA: Tensors must have same number of dimensions: got 3 and 4
Steering failed, falling back to VLA: Tensors must have same number of dimensions: got 3 and 4
Steering failed, falling back to VLA: Tensors must have same number of dimensions: got 3 and 4
Steering failed, falling back to VLA: Tensors must have same number of dimensions: got 3 and 4
Steering failed, falling back to VLA: Tensors must have same number of dimensions: got 3 and 4
Steering failed, falling back to VLA: Tensors must have same number of dimensions: got 3 and 4
Steering failed, falling back to VLA: Tensors must have same number of dimensions: got 3 and 4
Steering failed, falling back to VLA: Tensors must have same number of dimensions: got 3 and 4
Steering failed, falling back to VLA: Tensors must have same number of dimensions: got 3 and 4
Steering failed, falling back to VLA: Tensors must have same number of dimensions: got 3 and 4
Steering failed, falling back to VLA: Tensors must have same number of dimensions: got 3 and 4
Steering failed, falling back to VLA: Tensors must have same number of dimensions: got 3 and 4
Steering failed, falling back to VLA: Tensors must have same number of dimensions: got 3 and 4
Steering failed, falling back to VLA: Tensors must have same number of dimensions: got 3 and 4
Steering failed, falling back to VLA: Tensors must have same number of dimensions: got 3 and 4
Steering failed, falling back to VLA: Tensors must have same number of dimensions: got 3 and 4
Steering failed, falling back to VLA: Tensors must have same number of dimensions: got 3 and 4
Steering failed, falling back to VLA: Tensors must have same number of dimensions: got 3 and 4
Steering failed, falling back to VLA: Tensors must have same number of dimensions: got 3 and 4
    [ce_ais] chain 4/10 task 1/1 step 250/360: running policy
Steering failed, falling back to VLA: Tensors must have same number of dimensions: got 3 and 4
    [ce_ais] chain 4/10 task 1/1 step 250/360: policy 0.01s, stepping env
Steering failed, falling back to VLA: Tensors must have same number of dimensions: got 3 and 4
Steering failed, falling back to VLA: Tensors must have same number of dimensions: got 3 and 4
Steering failed, falling back to VLA: Tensors must have same number of dimensions: got 3 and 4
Steering failed, falling back to VLA: Tensors must have same number of dimensions: got 3 and 4
Steering failed, falling back to VLA: Tensors must have same number of dimensions: got 3 and 4
Steering failed, falling back to VLA: Tensors must have same number of dimensions: got 3 and 4
Steering failed, falling back to VLA: Tensors must have same number of dimensions: got 3 and 4
Steering failed, falling back to VLA: Tensors must have same number of dimensions: got 3 and 4
Steering failed, falling back to VLA: Tensors must have same number of dimensions: got 3 and 4
Steering failed, falling back to VLA: Tensors must have same number of dimensions: got 3 and 4
Steering failed, falling back to VLA: Tensors must have same number of dimensions: got 3 and 4
Steering failed, falling back to VLA: Tensors must have same number of dimensions: got 3 and 4
Steering failed, falling back to VLA: Tensors must have same number of dimensions: got 3 and 4
Steering failed, falling back to VLA: Tensors must have same number of dimensions: got 3 and 4
Steering failed, falling back to VLA: Tensors must have same number of dimensions: got 3 and 4
Steering failed, falling back to VLA: Tensors must have same number of dimensions: got 3 and 4
Steering failed, falling back to VLA: Tensors must have same number of dimensions: got 3 and 4
Steering failed, falling back to VLA: Tensors must have same number of dimensions: got 3 and 4
Steering failed, falling back to VLA: Tensors must have same number of dimensions: got 3 and 4
Steering failed, falling back to VLA: Tensors must have same number of dimensions: got 3 and 4
Steering failed, falling back to VLA: Tensors must have same number of dimensions: got 3 and 4
Steering failed, falling back to VLA: Tensors must have same number of dimensions: got 3 and 4
Steering failed, falling back to VLA: Tensors must have same number of dimensions: got 3 and 4
Steering failed, falling back to VLA: Tensors must have same number of dimensions: got 3 and 4
    [ce_ais] chain 4/10 task 1/1 step 275/360: running policy
Steering failed, falling back to VLA: Tensors must have same number of dimensions: got 3 and 4
    [ce_ais] chain 4/10 task 1/1 step 275/360: policy 0.01s, stepping env
Steering failed, falling back to VLA: Tensors must have same number of dimensions: got 3 and 4
Steering failed, falling back to VLA: Tensors must have same number of dimensions: got 3 and 4
Steering failed, falling back to VLA: Tensors must have same number of dimensions: got 3 and 4
Steering failed, falling back to VLA: Tensors must have same number of dimensions: got 3 and 4
Steering failed, falling back to VLA: Tensors must have same number of dimensions: got 3 and 4
Steering failed, falling back to VLA: Tensors must have same number of dimensions: got 3 and 4
Steering failed, falling back to VLA: Tensors must have same number of dimensions: got 3 and 4
Steering failed, falling back to VLA: Tensors must have same number of dimensions: got 3 and 4
Steering failed, falling back to VLA: Tensors must have same number of dimensions: got 3 and 4
Steering failed, falling back to VLA: Tensors must have same number of dimensions: got 3 and 4
Steering failed, falling back to VLA: Tensors must have same number of dimensions: got 3 and 4
Steering failed, falling back to VLA: Tensors must have same number of dimensions: got 3 and 4
Steering failed, falling back to VLA: Tensors must have same number of dimensions: got 3 and 4
Steering failed, falling back to VLA: Tensors must have same number of dimensions: got 3 and 4
Steering failed, falling back to VLA: Tensors must have same number of dimensions: got 3 and 4
Steering failed, falling back to VLA: Tensors must have same number of dimensions: got 3 and 4
Steering failed, falling back to VLA: Tensors must have same number of dimensions: got 3 and 4
Steering failed, falling back to VLA: Tensors must have same number of dimensions: got 3 and 4
Steering failed, falling back to VLA: Tensors must have same number of dimensions: got 3 and 4
Steering failed, falling back to VLA: Tensors must have same number of dimensions: got 3 and 4
Steering failed, falling back to VLA: Tensors must have same number of dimensions: got 3 and 4
Steering failed, falling back to VLA: Tensors must have same number of dimensions: got 3 and 4
Steering failed, falling back to VLA: Tensors must have same number of dimensions: got 3 and 4
Steering failed, falling back to VLA: Tensors must have same number of dimensions: got 3 and 4
    [ce_ais] chain 4/10 task 1/1 step 300/360: running policy
Steering failed, falling back to VLA: Tensors must have same number of dimensions: got 3 and 4
    [ce_ais] chain 4/10 task 1/1 step 300/360: policy 0.01s, stepping env
Steering failed, falling back to VLA: Tensors must have same number of dimensions: got 3 and 4
Steering failed, falling back to VLA: Tensors must have same number of dimensions: got 3 and 4
Steering failed, falling back to VLA: Tensors must have same number of dimensions: got 3 and 4
Steering failed, falling back to VLA: Tensors must have same number of dimensions: got 3 and 4
Steering failed, falling back to VLA: Tensors must have same number of dimensions: got 3 and 4
Steering failed, falling back to VLA: Tensors must have same number of dimensions: got 3 and 4
Steering failed, falling back to VLA: Tensors must have same number of dimensions: got 3 and 4
Steering failed, falling back to VLA: Tensors must have same number of dimensions: got 3 and 4
Steering failed, falling back to VLA: Tensors must have same number of dimensions: got 3 and 4
Steering failed, falling back to VLA: Tensors must have same number of dimensions: got 3 and 4
Steering failed, falling back to VLA: Tensors must have same number of dimensions: got 3 and 4
Steering failed, falling back to VLA: Tensors must have same number of dimensions: got 3 and 4
Steering failed, falling back to VLA: Tensors must have same number of dimensions: got 3 and 4
Steering failed, falling back to VLA: Tensors must have same number of dimensions: got 3 and 4
Steering failed, falling back to VLA: Tensors must have same number of dimensions: got 3 and 4
Steering failed, falling back to VLA: Tensors must have same number of dimensions: got 3 and 4
Steering failed, falling back to VLA: Tensors must have same number of dimensions: got 3 and 4
Steering failed, falling back to VLA: Tensors must have same number of dimensions: got 3 and 4
Steering failed, falling back to VLA: Tensors must have same number of dimensions: got 3 and 4
Steering failed, falling back to VLA: Tensors must have same number of dimensions: got 3 and 4
Steering failed, falling back to VLA: Tensors must have same number of dimensions: got 3 and 4
Steering failed, falling back to VLA: Tensors must have same number of dimensions: got 3 and 4
Steering failed, falling back to VLA: Tensors must have same number of dimensions: got 3 and 4
Steering failed, falling back to VLA: Tensors must have same number of dimensions: got 3 and 4
    [ce_ais] chain 4/10 task 1/1 step 325/360: running policy
Steering failed, falling back to VLA: Tensors must have same number of dimensions: got 3 and 4
    [ce_ais] chain 4/10 task 1/1 step 325/360: policy 0.01s, stepping env
Steering failed, falling back to VLA: Tensors must have same number of dimensions: got 3 and 4
Steering failed, falling back to VLA: Tensors must have same number of dimensions: got 3 and 4
Steering failed, falling back to VLA: Tensors must have same number of dimensions: got 3 and 4
Steering failed, falling back to VLA: Tensors must have same number of dimensions: got 3 and 4
Steering failed, falling back to VLA: Tensors must have same number of dimensions: got 3 and 4
Steering failed, falling back to VLA: Tensors must have same number of dimensions: got 3 and 4
Steering failed, falling back to VLA: Tensors must have same number of dimensions: got 3 and 4
Steering failed, falling back to VLA: Tensors must have same number of dimensions: got 3 and 4
Steering failed, falling back to VLA: Tensors must have same number of dimensions: got 3 and 4
Steering failed, falling back to VLA: Tensors must have same number of dimensions: got 3 and 4
Steering failed, falling back to VLA: Tensors must have same number of dimensions: got 3 and 4
Steering failed, falling back to VLA: Tensors must have same number of dimensions: got 3 and 4
Steering failed, falling back to VLA: Tensors must have same number of dimensions: got 3 and 4
Steering failed, falling back to VLA: Tensors must have same number of dimensions: got 3 and 4
Steering failed, falling back to VLA: Tensors must have same number of dimensions: got 3 and 4
Steering failed, falling back to VLA: Tensors must have same number of dimensions: got 3 and 4
Steering failed, falling back to VLA: Tensors must have same number of dimensions: got 3 and 4
Steering failed, falling back to VLA: Tensors must have same number of dimensions: got 3 and 4
Steering failed, falling back to VLA: Tensors must have same number of dimensions: got 3 and 4
Steering failed, falling back to VLA: Tensors must have same number of dimensions: got 3 and 4
Steering failed, falling back to VLA: Tensors must have same number of dimensions: got 3 and 4
Steering failed, falling back to VLA: Tensors must have same number of dimensions: got 3 and 4
Steering failed, falling back to VLA: Tensors must have same number of dimensions: got 3 and 4
Steering failed, falling back to VLA: Tensors must have same number of dimensions: got 3 and 4
    [ce_ais] chain 4/10 task 1/1 step 350/360: running policy
Steering failed, falling back to VLA: Tensors must have same number of dimensions: got 3 and 4
    [ce_ais] chain 4/10 task 1/1 step 350/360: policy 0.01s, stepping env
Steering failed, falling back to VLA: Tensors must have same number of dimensions: got 3 and 4
Steering failed, falling back to VLA: Tensors must have same number of dimensions: got 3 and 4
Steering failed, falling back to VLA: Tensors must have same number of dimensions: got 3 and 4
Steering failed, falling back to VLA: Tensors must have same number of dimensions: got 3 and 4
Steering failed, falling back to VLA: Tensors must have same number of dimensions: got 3 and 4
Steering failed, falling back to VLA: Tensors must have same number of dimensions: got 3 and 4
Steering failed, falling back to VLA: Tensors must have same number of dimensions: got 3 and 4
Steering failed, falling back to VLA: Tensors must have same number of dimensions: got 3 and 4
Steering failed, falling back to VLA: Tensors must have same number of dimensions: got 3 and 4
Steering failed, falling back to VLA: Tensors must have same number of dimensions: got 3 and 4
    [ce_ais] chain 4/10 task 1/1 failed: 360 steps, 5.3s
    [ce_ais] chain 5/10 start: ['lift_red_block_table']
    [ce_ais] chain 5/10 instructions: ['grasp and lift the red block']
    [ce_ais] chain 5/10 task 1/1 start: lift_red_block_table | instruction: grasp and lift the red block
    [ce_ais] chain 5/10 task 1/1 step 1/360: running policy
Steering failed, falling back to VLA: Tensors must have same number of dimensions: got 3 and 4
    [ce_ais] chain 5/10 task 1/1 step 1/360: policy 0.01s, stepping env
Steering failed, falling back to VLA: Tensors must have same number of dimensions: got 3 and 4
Steering failed, falling back to VLA: Tensors must have same number of dimensions: got 3 and 4
Steering failed, falling back to VLA: Tensors must have same number of dimensions: got 3 and 4
Steering failed, falling back to VLA: Tensors must have same number of dimensions: got 3 and 4
Steering failed, falling back to VLA: Tensors must have same number of dimensions: got 3 and 4
Steering failed, falling back to VLA: Tensors must have same number of dimensions: got 3 and 4
Steering failed, falling back to VLA: Tensors must have same number of dimensions: got 3 and 4
Steering failed, falling back to VLA: Tensors must have same number of dimensions: got 3 and 4
Steering failed, falling back to VLA: Tensors must have same number of dimensions: got 3 and 4
Steering failed, falling back to VLA: Tensors must have same number of dimensions: got 3 and 4
Steering failed, falling back to VLA: Tensors must have same number of dimensions: got 3 and 4
Steering failed, falling back to VLA: Tensors must have same number of dimensions: got 3 and 4
Steering failed, falling back to VLA: Tensors must have same number of dimensions: got 3 and 4
Steering failed, falling back to VLA: Tensors must have same number of dimensions: got 3 and 4
Steering failed, falling back to VLA: Tensors must have same number of dimensions: got 3 and 4
Steering failed, falling back to VLA: Tensors must have same number of dimensions: got 3 and 4
Steering failed, falling back to VLA: Tensors must have same number of dimensions: got 3 and 4
Steering failed, falling back to VLA: Tensors must have same number of dimensions: got 3 and 4
Steering failed, falling back to VLA: Tensors must have same number of dimensions: got 3 and 4
Steering failed, falling back to VLA: Tensors must have same number of dimensions: got 3 and 4
Steering failed, falling back to VLA: Tensors must have same number of dimensions: got 3 and 4
Steering failed, falling back to VLA: Tensors must have same number of dimensions: got 3 and 4
Steering failed, falling back to VLA: Tensors must have same number of dimensions: got 3 and 4
    [ce_ais] chain 5/10 task 1/1 step 25/360: running policy
Steering failed, falling back to VLA: Tensors must have same number of dimensions: got 3 and 4
    [ce_ais] chain 5/10 task 1/1 step 25/360: policy 0.01s, stepping env
Steering failed, falling back to VLA: Tensors must have same number of dimensions: got 3 and 4
Steering failed, falling back to VLA: Tensors must have same number of dimensions: got 3 and 4
Steering failed, falling back to VLA: Tensors must have same number of dimensions: got 3 and 4
Steering failed, falling back to VLA: Tensors must have same number of dimensions: got 3 and 4
Steering failed, falling back to VLA: Tensors must have same number of dimensions: got 3 and 4
Steering failed, falling back to VLA: Tensors must have same number of dimensions: got 3 and 4
Steering failed, falling back to VLA: Tensors must have same number of dimensions: got 3 and 4
Steering failed, falling back to VLA: Tensors must have same number of dimensions: got 3 and 4
Steering failed, falling back to VLA: Tensors must have same number of dimensions: got 3 and 4
Steering failed, falling back to VLA: Tensors must have same number of dimensions: got 3 and 4
Steering failed, falling back to VLA: Tensors must have same number of dimensions: got 3 and 4
Steering failed, falling back to VLA: Tensors must have same number of dimensions: got 3 and 4
Steering failed, falling back to VLA: Tensors must have same number of dimensions: got 3 and 4
Steering failed, falling back to VLA: Tensors must have same number of dimensions: got 3 and 4
Steering failed, falling back to VLA: Tensors must have same number of dimensions: got 3 and 4
Steering failed, falling back to VLA: Tensors must have same number of dimensions: got 3 and 4
Steering failed, falling back to VLA: Tensors must have same number of dimensions: got 3 and 4
Steering failed, falling back to VLA: Tensors must have same number of dimensions: got 3 and 4
Steering failed, falling back to VLA: Tensors must have same number of dimensions: got 3 and 4
Steering failed, falling back to VLA: Tensors must have same number of dimensions: got 3 and 4
Steering failed, falling back to VLA: Tensors must have same number of dimensions: got 3 and 4
Steering failed, falling back to VLA: Tensors must have same number of dimensions: got 3 and 4
Steering failed, falling back to VLA: Tensors must have same number of dimensions: got 3 and 4
Steering failed, falling back to VLA: Tensors must have same number of dimensions: got 3 and 4
    [ce_ais] chain 5/10 task 1/1 step 50/360: running policy
Steering failed, falling back to VLA: Tensors must have same number of dimensions: got 3 and 4
    [ce_ais] chain 5/10 task 1/1 step 50/360: policy 0.01s, stepping env
Steering failed, falling back to VLA: Tensors must have same number of dimensions: got 3 and 4
Steering failed, falling back to VLA: Tensors must have same number of dimensions: got 3 and 4
Steering failed, falling back to VLA: Tensors must have same number of dimensions: got 3 and 4
Steering failed, falling back to VLA: Tensors must have same number of dimensions: got 3 and 4
Steering failed, falling back to VLA: Tensors must have same number of dimensions: got 3 and 4
Steering failed, falling back to VLA: Tensors must have same number of dimensions: got 3 and 4
Steering failed, falling back to VLA: Tensors must have same number of dimensions: got 3 and 4
Steering failed, falling back to VLA: Tensors must have same number of dimensions: got 3 and 4
Steering failed, falling back to VLA: Tensors must have same number of dimensions: got 3 and 4
Steering failed, falling back to VLA: Tensors must have same number of dimensions: got 3 and 4
Steering failed, falling back to VLA: Tensors must have same number of dimensions: got 3 and 4
Steering failed, falling back to VLA: Tensors must have same number of dimensions: got 3 and 4
Steering failed, falling back to VLA: Tensors must have same number of dimensions: got 3 and 4
Steering failed, falling back to VLA: Tensors must have same number of dimensions: got 3 and 4
Steering failed, falling back to VLA: Tensors must have same number of dimensions: got 3 and 4
Steering failed, falling back to VLA: Tensors must have same number of dimensions: got 3 and 4
Steering failed, falling back to VLA: Tensors must have same number of dimensions: got 3 and 4
Steering failed, falling back to VLA: Tensors must have same number of dimensions: got 3 and 4
Steering failed, falling back to VLA: Tensors must have same number of dimensions: got 3 and 4
Steering failed, falling back to VLA: Tensors must have same number of dimensions: got 3 and 4
Steering failed, falling back to VLA: Tensors must have same number of dimensions: got 3 and 4
Steering failed, falling back to VLA: Tensors must have same number of dimensions: got 3 and 4
Steering failed, falling back to VLA: Tensors must have same number of dimensions: got 3 and 4
Steering failed, falling back to VLA: Tensors must have same number of dimensions: got 3 and 4
    [ce_ais] chain 5/10 task 1/1 step 75/360: running policy
Steering failed, falling back to VLA: Tensors must have same number of dimensions: got 3 and 4
    [ce_ais] chain 5/10 task 1/1 step 75/360: policy 0.01s, stepping env
Steering failed, falling back to VLA: Tensors must have same number of dimensions: got 3 and 4
Steering failed, falling back to VLA: Tensors must have same number of dimensions: got 3 and 4
Steering failed, falling back to VLA: Tensors must have same number of dimensions: got 3 and 4
Steering failed, falling back to VLA: Tensors must have same number of dimensions: got 3 and 4
Steering failed, falling back to VLA: Tensors must have same number of dimensions: got 3 and 4
Steering failed, falling back to VLA: Tensors must have same number of dimensions: got 3 and 4
Steering failed, falling back to VLA: Tensors must have same number of dimensions: got 3 and 4
Steering failed, falling back to VLA: Tensors must have same number of dimensions: got 3 and 4
Steering failed, falling back to VLA: Tensors must have same number of dimensions: got 3 and 4
Steering failed, falling back to VLA: Tensors must have same number of dimensions: got 3 and 4
Steering failed, falling back to VLA: Tensors must have same number of dimensions: got 3 and 4
Steering failed, falling back to VLA: Tensors must have same number of dimensions: got 3 and 4
Steering failed, falling back to VLA: Tensors must have same number of dimensions: got 3 and 4
Steering failed, falling back to VLA: Tensors must have same number of dimensions: got 3 and 4
Steering failed, falling back to VLA: Tensors must have same number of dimensions: got 3 and 4
Steering failed, falling back to VLA: Tensors must have same number of dimensions: got 3 and 4
Steering failed, falling back to VLA: Tensors must have same number of dimensions: got 3 and 4
Steering failed, falling back to VLA: Tensors must have same number of dimensions: got 3 and 4
Steering failed, falling back to VLA: Tensors must have same number of dimensions: got 3 and 4
Steering failed, falling back to VLA: Tensors must have same number of dimensions: got 3 and 4
Steering failed, falling back to VLA: Tensors must have same number of dimensions: got 3 and 4
Steering failed, falling back to VLA: Tensors must have same number of dimensions: got 3 and 4
Steering failed, falling back to VLA: Tensors must have same number of dimensions: got 3 and 4
Steering failed, falling back to VLA: Tensors must have same number of dimensions: got 3 and 4
    [ce_ais] chain 5/10 task 1/1 step 100/360: running policy
Steering failed, falling back to VLA: Tensors must have same number of dimensions: got 3 and 4
    [ce_ais] chain 5/10 task 1/1 step 100/360: policy 0.01s, stepping env
Steering failed, falling back to VLA: Tensors must have same number of dimensions: got 3 and 4
Steering failed, falling back to VLA: Tensors must have same number of dimensions: got 3 and 4
Steering failed, falling back to VLA: Tensors must have same number of dimensions: got 3 and 4
Steering failed, falling back to VLA: Tensors must have same number of dimensions: got 3 and 4
Steering failed, falling back to VLA: Tensors must have same number of dimensions: got 3 and 4
Steering failed, falling back to VLA: Tensors must have same number of dimensions: got 3 and 4
Steering failed, falling back to VLA: Tensors must have same number of dimensions: got 3 and 4
Steering failed, falling back to VLA: Tensors must have same number of dimensions: got 3 and 4
Steering failed, falling back to VLA: Tensors must have same number of dimensions: got 3 and 4
Steering failed, falling back to VLA: Tensors must have same number of dimensions: got 3 and 4
Steering failed, falling back to VLA: Tensors must have same number of dimensions: got 3 and 4
Steering failed, falling back to VLA: Tensors must have same number of dimensions: got 3 and 4
Steering failed, falling back to VLA: Tensors must have same number of dimensions: got 3 and 4
Steering failed, falling back to VLA: Tensors must have same number of dimensions: got 3 and 4
Steering failed, falling back to VLA: Tensors must have same number of dimensions: got 3 and 4
Steering failed, falling back to VLA: Tensors must have same number of dimensions: got 3 and 4
Steering failed, falling back to VLA: Tensors must have same number of dimensions: got 3 and 4
Steering failed, falling back to VLA: Tensors must have same number of dimensions: got 3 and 4
Steering failed, falling back to VLA: Tensors must have same number of dimensions: got 3 and 4
Steering failed, falling back to VLA: Tensors must have same number of dimensions: got 3 and 4
Steering failed, falling back to VLA: Tensors must have same number of dimensions: got 3 and 4
Steering failed, falling back to VLA: Tensors must have same number of dimensions: got 3 and 4
Steering failed, falling back to VLA: Tensors must have same number of dimensions: got 3 and 4
Steering failed, falling back to VLA: Tensors must have same number of dimensions: got 3 and 4
    [ce_ais] chain 5/10 task 1/1 step 125/360: running policy
Steering failed, falling back to VLA: Tensors must have same number of dimensions: got 3 and 4
    [ce_ais] chain 5/10 task 1/1 step 125/360: policy 0.01s, stepping env
Steering failed, falling back to VLA: Tensors must have same number of dimensions: got 3 and 4
Steering failed, falling back to VLA: Tensors must have same number of dimensions: got 3 and 4
Steering failed, falling back to VLA: Tensors must have same number of dimensions: got 3 and 4
Steering failed, falling back to VLA: Tensors must have same number of dimensions: got 3 and 4
Steering failed, falling back to VLA: Tensors must have same number of dimensions: got 3 and 4
Steering failed, falling back to VLA: Tensors must have same number of dimensions: got 3 and 4
Steering failed, falling back to VLA: Tensors must have same number of dimensions: got 3 and 4
Steering failed, falling back to VLA: Tensors must have same number of dimensions: got 3 and 4
Steering failed, falling back to VLA: Tensors must have same number of dimensions: got 3 and 4
Steering failed, falling back to VLA: Tensors must have same number of dimensions: got 3 and 4
Steering failed, falling back to VLA: Tensors must have same number of dimensions: got 3 and 4
Steering failed, falling back to VLA: Tensors must have same number of dimensions: got 3 and 4
Steering failed, falling back to VLA: Tensors must have same number of dimensions: got 3 and 4
Steering failed, falling back to VLA: Tensors must have same number of dimensions: got 3 and 4
Steering failed, falling back to VLA: Tensors must have same number of dimensions: got 3 and 4
Steering failed, falling back to VLA: Tensors must have same number of dimensions: got 3 and 4
Steering failed, falling back to VLA: Tensors must have same number of dimensions: got 3 and 4
Steering failed, falling back to VLA: Tensors must have same number of dimensions: got 3 and 4
Steering failed, falling back to VLA: Tensors must have same number of dimensions: got 3 and 4
Steering failed, falling back to VLA: Tensors must have same number of dimensions: got 3 and 4
Steering failed, falling back to VLA: Tensors must have same number of dimensions: got 3 and 4
Steering failed, falling back to VLA: Tensors must have same number of dimensions: got 3 and 4
Steering failed, falling back to VLA: Tensors must have same number of dimensions: got 3 and 4
Steering failed, falling back to VLA: Tensors must have same number of dimensions: got 3 and 4
    [ce_ais] chain 5/10 task 1/1 step 150/360: running policy
Steering failed, falling back to VLA: Tensors must have same number of dimensions: got 3 and 4
    [ce_ais] chain 5/10 task 1/1 step 150/360: policy 0.01s, stepping env
Steering failed, falling back to VLA: Tensors must have same number of dimensions: got 3 and 4
Steering failed, falling back to VLA: Tensors must have same number of dimensions: got 3 and 4
Steering failed, falling back to VLA: Tensors must have same number of dimensions: got 3 and 4
Steering failed, falling back to VLA: Tensors must have same number of dimensions: got 3 and 4
Steering failed, falling back to VLA: Tensors must have same number of dimensions: got 3 and 4
Steering failed, falling back to VLA: Tensors must have same number of dimensions: got 3 and 4
Steering failed, falling back to VLA: Tensors must have same number of dimensions: got 3 and 4
Steering failed, falling back to VLA: Tensors must have same number of dimensions: got 3 and 4
Steering failed, falling back to VLA: Tensors must have same number of dimensions: got 3 and 4
Steering failed, falling back to VLA: Tensors must have same number of dimensions: got 3 and 4
Steering failed, falling back to VLA: Tensors must have same number of dimensions: got 3 and 4
Steering failed, falling back to VLA: Tensors must have same number of dimensions: got 3 and 4
Steering failed, falling back to VLA: Tensors must have same number of dimensions: got 3 and 4
Steering failed, falling back to VLA: Tensors must have same number of dimensions: got 3 and 4
Steering failed, falling back to VLA: Tensors must have same number of dimensions: got 3 and 4
Steering failed, falling back to VLA: Tensors must have same number of dimensions: got 3 and 4
Steering failed, falling back to VLA: Tensors must have same number of dimensions: got 3 and 4
Steering failed, falling back to VLA: Tensors must have same number of dimensions: got 3 and 4
Steering failed, falling back to VLA: Tensors must have same number of dimensions: got 3 and 4
Steering failed, falling back to VLA: Tensors must have same number of dimensions: got 3 and 4
Steering failed, falling back to VLA: Tensors must have same number of dimensions: got 3 and 4
Steering failed, falling back to VLA: Tensors must have same number of dimensions: got 3 and 4
Steering failed, falling back to VLA: Tensors must have same number of dimensions: got 3 and 4
Steering failed, falling back to VLA: Tensors must have same number of dimensions: got 3 and 4
    [ce_ais] chain 5/10 task 1/1 step 175/360: running policy
Steering failed, falling back to VLA: Tensors must have same number of dimensions: got 3 and 4
    [ce_ais] chain 5/10 task 1/1 step 175/360: policy 0.01s, stepping env
Steering failed, falling back to VLA: Tensors must have same number of dimensions: got 3 and 4
Steering failed, falling back to VLA: Tensors must have same number of dimensions: got 3 and 4
Steering failed, falling back to VLA: Tensors must have same number of dimensions: got 3 and 4
Steering failed, falling back to VLA: Tensors must have same number of dimensions: got 3 and 4
Steering failed, falling back to VLA: Tensors must have same number of dimensions: got 3 and 4
Steering failed, falling back to VLA: Tensors must have same number of dimensions: got 3 and 4
Steering failed, falling back to VLA: Tensors must have same number of dimensions: got 3 and 4
Steering failed, falling back to VLA: Tensors must have same number of dimensions: got 3 and 4
Steering failed, falling back to VLA: Tensors must have same number of dimensions: got 3 and 4
Steering failed, falling back to VLA: Tensors must have same number of dimensions: got 3 and 4
Steering failed, falling back to VLA: Tensors must have same number of dimensions: got 3 and 4
Steering failed, falling back to VLA: Tensors must have same number of dimensions: got 3 and 4
Steering failed, falling back to VLA: Tensors must have same number of dimensions: got 3 and 4
Steering failed, falling back to VLA: Tensors must have same number of dimensions: got 3 and 4
Steering failed, falling back to VLA: Tensors must have same number of dimensions: got 3 and 4
Steering failed, falling back to VLA: Tensors must have same number of dimensions: got 3 and 4
Steering failed, falling back to VLA: Tensors must have same number of dimensions: got 3 and 4
Steering failed, falling back to VLA: Tensors must have same number of dimensions: got 3 and 4
Steering failed, falling back to VLA: Tensors must have same number of dimensions: got 3 and 4
Steering failed, falling back to VLA: Tensors must have same number of dimensions: got 3 and 4
Steering failed, falling back to VLA: Tensors must have same number of dimensions: got 3 and 4
Steering failed, falling back to VLA: Tensors must have same number of dimensions: got 3 and 4
Steering failed, falling back to VLA: Tensors must have same number of dimensions: got 3 and 4
Steering failed, falling back to VLA: Tensors must have same number of dimensions: got 3 and 4
    [ce_ais] chain 5/10 task 1/1 step 200/360: running policy
Steering failed, falling back to VLA: Tensors must have same number of dimensions: got 3 and 4
    [ce_ais] chain 5/10 task 1/1 step 200/360: policy 0.01s, stepping env
Steering failed, falling back to VLA: Tensors must have same number of dimensions: got 3 and 4
Steering failed, falling back to VLA: Tensors must have same number of dimensions: got 3 and 4
Steering failed, falling back to VLA: Tensors must have same number of dimensions: got 3 and 4
Steering failed, falling back to VLA: Tensors must have same number of dimensions: got 3 and 4
Steering failed, falling back to VLA: Tensors must have same number of dimensions: got 3 and 4
Steering failed, falling back to VLA: Tensors must have same number of dimensions: got 3 and 4
Steering failed, falling back to VLA: Tensors must have same number of dimensions: got 3 and 4
Steering failed, falling back to VLA: Tensors must have same number of dimensions: got 3 and 4
Steering failed, falling back to VLA: Tensors must have same number of dimensions: got 3 and 4
Steering failed, falling back to VLA: Tensors must have same number of dimensions: got 3 and 4
Steering failed, falling back to VLA: Tensors must have same number of dimensions: got 3 and 4
Steering failed, falling back to VLA: Tensors must have same number of dimensions: got 3 and 4
Steering failed, falling back to VLA: Tensors must have same number of dimensions: got 3 and 4
Steering failed, falling back to VLA: Tensors must have same number of dimensions: got 3 and 4
Steering failed, falling back to VLA: Tensors must have same number of dimensions: got 3 and 4
Steering failed, falling back to VLA: Tensors must have same number of dimensions: got 3 and 4
Steering failed, falling back to VLA: Tensors must have same number of dimensions: got 3 and 4
Steering failed, falling back to VLA: Tensors must have same number of dimensions: got 3 and 4
Steering failed, falling back to VLA: Tensors must have same number of dimensions: got 3 and 4
Steering failed, falling back to VLA: Tensors must have same number of dimensions: got 3 and 4
Steering failed, falling back to VLA: Tensors must have same number of dimensions: got 3 and 4
Steering failed, falling back to VLA: Tensors must have same number of dimensions: got 3 and 4
Steering failed, falling back to VLA: Tensors must have same number of dimensions: got 3 and 4
Steering failed, falling back to VLA: Tensors must have same number of dimensions: got 3 and 4
    [ce_ais] chain 5/10 task 1/1 step 225/360: running policy
Steering failed, falling back to VLA: Tensors must have same number of dimensions: got 3 and 4
    [ce_ais] chain 5/10 task 1/1 step 225/360: policy 0.01s, stepping env
Steering failed, falling back to VLA: Tensors must have same number of dimensions: got 3 and 4
Steering failed, falling back to VLA: Tensors must have same number of dimensions: got 3 and 4
Steering failed, falling back to VLA: Tensors must have same number of dimensions: got 3 and 4
Steering failed, falling back to VLA: Tensors must have same number of dimensions: got 3 and 4
Steering failed, falling back to VLA: Tensors must have same number of dimensions: got 3 and 4
Steering failed, falling back to VLA: Tensors must have same number of dimensions: got 3 and 4
Steering failed, falling back to VLA: Tensors must have same number of dimensions: got 3 and 4
Steering failed, falling back to VLA: Tensors must have same number of dimensions: got 3 and 4
Steering failed, falling back to VLA: Tensors must have same number of dimensions: got 3 and 4
Steering failed, falling back to VLA: Tensors must have same number of dimensions: got 3 and 4
Steering failed, falling back to VLA: Tensors must have same number of dimensions: got 3 and 4
Steering failed, falling back to VLA: Tensors must have same number of dimensions: got 3 and 4
Steering failed, falling back to VLA: Tensors must have same number of dimensions: got 3 and 4
Steering failed, falling back to VLA: Tensors must have same number of dimensions: got 3 and 4
Steering failed, falling back to VLA: Tensors must have same number of dimensions: got 3 and 4
Steering failed, falling back to VLA: Tensors must have same number of dimensions: got 3 and 4
Steering failed, falling back to VLA: Tensors must have same number of dimensions: got 3 and 4
Steering failed, falling back to VLA: Tensors must have same number of dimensions: got 3 and 4
Steering failed, falling back to VLA: Tensors must have same number of dimensions: got 3 and 4
Steering failed, falling back to VLA: Tensors must have same number of dimensions: got 3 and 4
Steering failed, falling back to VLA: Tensors must have same number of dimensions: got 3 and 4
Steering failed, falling back to VLA: Tensors must have same number of dimensions: got 3 and 4
Steering failed, falling back to VLA: Tensors must have same number of dimensions: got 3 and 4
Steering failed, falling back to VLA: Tensors must have same number of dimensions: got 3 and 4
    [ce_ais] chain 5/10 task 1/1 step 250/360: running policy
Steering failed, falling back to VLA: Tensors must have same number of dimensions: got 3 and 4
    [ce_ais] chain 5/10 task 1/1 step 250/360: policy 0.01s, stepping env
Steering failed, falling back to VLA: Tensors must have same number of dimensions: got 3 and 4
Steering failed, falling back to VLA: Tensors must have same number of dimensions: got 3 and 4
Steering failed, falling back to VLA: Tensors must have same number of dimensions: got 3 and 4
Steering failed, falling back to VLA: Tensors must have same number of dimensions: got 3 and 4
Steering failed, falling back to VLA: Tensors must have same number of dimensions: got 3 and 4
Steering failed, falling back to VLA: Tensors must have same number of dimensions: got 3 and 4
Steering failed, falling back to VLA: Tensors must have same number of dimensions: got 3 and 4
Steering failed, falling back to VLA: Tensors must have same number of dimensions: got 3 and 4
Steering failed, falling back to VLA: Tensors must have same number of dimensions: got 3 and 4
Steering failed, falling back to VLA: Tensors must have same number of dimensions: got 3 and 4
Steering failed, falling back to VLA: Tensors must have same number of dimensions: got 3 and 4
Steering failed, falling back to VLA: Tensors must have same number of dimensions: got 3 and 4
Steering failed, falling back to VLA: Tensors must have same number of dimensions: got 3 and 4
Steering failed, falling back to VLA: Tensors must have same number of dimensions: got 3 and 4
Steering failed, falling back to VLA: Tensors must have same number of dimensions: got 3 and 4
Steering failed, falling back to VLA: Tensors must have same number of dimensions: got 3 and 4
Steering failed, falling back to VLA: Tensors must have same number of dimensions: got 3 and 4
Steering failed, falling back to VLA: Tensors must have same number of dimensions: got 3 and 4
Steering failed, falling back to VLA: Tensors must have same number of dimensions: got 3 and 4
Steering failed, falling back to VLA: Tensors must have same number of dimensions: got 3 and 4
Steering failed, falling back to VLA: Tensors must have same number of dimensions: got 3 and 4
Steering failed, falling back to VLA: Tensors must have same number of dimensions: got 3 and 4
Steering failed, falling back to VLA: Tensors must have same number of dimensions: got 3 and 4
Steering failed, falling back to VLA: Tensors must have same number of dimensions: got 3 and 4
    [ce_ais] chain 5/10 task 1/1 step 275/360: running policy
Steering failed, falling back to VLA: Tensors must have same number of dimensions: got 3 and 4
    [ce_ais] chain 5/10 task 1/1 step 275/360: policy 0.01s, stepping env
Steering failed, falling back to VLA: Tensors must have same number of dimensions: got 3 and 4
Steering failed, falling back to VLA: Tensors must have same number of dimensions: got 3 and 4
Steering failed, falling back to VLA: Tensors must have same number of dimensions: got 3 and 4
Steering failed, falling back to VLA: Tensors must have same number of dimensions: got 3 and 4
Steering failed, falling back to VLA: Tensors must have same number of dimensions: got 3 and 4
Steering failed, falling back to VLA: Tensors must have same number of dimensions: got 3 and 4
Steering failed, falling back to VLA: Tensors must have same number of dimensions: got 3 and 4
Steering failed, falling back to VLA: Tensors must have same number of dimensions: got 3 and 4
Steering failed, falling back to VLA: Tensors must have same number of dimensions: got 3 and 4
Steering failed, falling back to VLA: Tensors must have same number of dimensions: got 3 and 4
Steering failed, falling back to VLA: Tensors must have same number of dimensions: got 3 and 4
Steering failed, falling back to VLA: Tensors must have same number of dimensions: got 3 and 4
Steering failed, falling back to VLA: Tensors must have same number of dimensions: got 3 and 4
Steering failed, falling back to VLA: Tensors must have same number of dimensions: got 3 and 4
Steering failed, falling back to VLA: Tensors must have same number of dimensions: got 3 and 4
Steering failed, falling back to VLA: Tensors must have same number of dimensions: got 3 and 4
Steering failed, falling back to VLA: Tensors must have same number of dimensions: got 3 and 4
Steering failed, falling back to VLA: Tensors must have same number of dimensions: got 3 and 4
Steering failed, falling back to VLA: Tensors must have same number of dimensions: got 3 and 4
Steering failed, falling back to VLA: Tensors must have same number of dimensions: got 3 and 4
Steering failed, falling back to VLA: Tensors must have same number of dimensions: got 3 and 4
Steering failed, falling back to VLA: Tensors must have same number of dimensions: got 3 and 4
Steering failed, falling back to VLA: Tensors must have same number of dimensions: got 3 and 4
Steering failed, falling back to VLA: Tensors must have same number of dimensions: got 3 and 4
    [ce_ais] chain 5/10 task 1/1 step 300/360: running policy
Steering failed, falling back to VLA: Tensors must have same number of dimensions: got 3 and 4
    [ce_ais] chain 5/10 task 1/1 step 300/360: policy 0.01s, stepping env
Steering failed, falling back to VLA: Tensors must have same number of dimensions: got 3 and 4
Steering failed, falling back to VLA: Tensors must have same number of dimensions: got 3 and 4
Steering failed, falling back to VLA: Tensors must have same number of dimensions: got 3 and 4
Steering failed, falling back to VLA: Tensors must have same number of dimensions: got 3 and 4
Steering failed, falling back to VLA: Tensors must have same number of dimensions: got 3 and 4
Steering failed, falling back to VLA: Tensors must have same number of dimensions: got 3 and 4
Steering failed, falling back to VLA: Tensors must have same number of dimensions: got 3 and 4
Steering failed, falling back to VLA: Tensors must have same number of dimensions: got 3 and 4
Steering failed, falling back to VLA: Tensors must have same number of dimensions: got 3 and 4
Steering failed, falling back to VLA: Tensors must have same number of dimensions: got 3 and 4
Steering failed, falling back to VLA: Tensors must have same number of dimensions: got 3 and 4
Steering failed, falling back to VLA: Tensors must have same number of dimensions: got 3 and 4
Steering failed, falling back to VLA: Tensors must have same number of dimensions: got 3 and 4
Steering failed, falling back to VLA: Tensors must have same number of dimensions: got 3 and 4
Steering failed, falling back to VLA: Tensors must have same number of dimensions: got 3 and 4
Steering failed, falling back to VLA: Tensors must have same number of dimensions: got 3 and 4
Steering failed, falling back to VLA: Tensors must have same number of dimensions: got 3 and 4
Steering failed, falling back to VLA: Tensors must have same number of dimensions: got 3 and 4
Steering failed, falling back to VLA: Tensors must have same number of dimensions: got 3 and 4
Steering failed, falling back to VLA: Tensors must have same number of dimensions: got 3 and 4
Steering failed, falling back to VLA: Tensors must have same number of dimensions: got 3 and 4
Steering failed, falling back to VLA: Tensors must have same number of dimensions: got 3 and 4
Steering failed, falling back to VLA: Tensors must have same number of dimensions: got 3 and 4
Steering failed, falling back to VLA: Tensors must have same number of dimensions: got 3 and 4
    [ce_ais] chain 5/10 task 1/1 step 325/360: running policy
Steering failed, falling back to VLA: Tensors must have same number of dimensions: got 3 and 4
    [ce_ais] chain 5/10 task 1/1 step 325/360: policy 0.01s, stepping env
Steering failed, falling back to VLA: Tensors must have same number of dimensions: got 3 and 4
Steering failed, falling back to VLA: Tensors must have same number of dimensions: got 3 and 4
Steering failed, falling back to VLA: Tensors must have same number of dimensions: got 3 and 4
Steering failed, falling back to VLA: Tensors must have same number of dimensions: got 3 and 4
Steering failed, falling back to VLA: Tensors must have same number of dimensions: got 3 and 4
Steering failed, falling back to VLA: Tensors must have same number of dimensions: got 3 and 4
Steering failed, falling back to VLA: Tensors must have same number of dimensions: got 3 and 4
Steering failed, falling back to VLA: Tensors must have same number of dimensions: got 3 and 4
Steering failed, falling back to VLA: Tensors must have same number of dimensions: got 3 and 4
Steering failed, falling back to VLA: Tensors must have same number of dimensions: got 3 and 4
Steering failed, falling back to VLA: Tensors must have same number of dimensions: got 3 and 4
Steering failed, falling back to VLA: Tensors must have same number of dimensions: got 3 and 4
Steering failed, falling back to VLA: Tensors must have same number of dimensions: got 3 and 4
Steering failed, falling back to VLA: Tensors must have same number of dimensions: got 3 and 4
Steering failed, falling back to VLA: Tensors must have same number of dimensions: got 3 and 4
Steering failed, falling back to VLA: Tensors must have same number of dimensions: got 3 and 4
Steering failed, falling back to VLA: Tensors must have same number of dimensions: got 3 and 4
Steering failed, falling back to VLA: Tensors must have same number of dimensions: got 3 and 4
Steering failed, falling back to VLA: Tensors must have same number of dimensions: got 3 and 4
Steering failed, falling back to VLA: Tensors must have same number of dimensions: got 3 and 4
Steering failed, falling back to VLA: Tensors must have same number of dimensions: got 3 and 4
Steering failed, falling back to VLA: Tensors must have same number of dimensions: got 3 and 4
Steering failed, falling back to VLA: Tensors must have same number of dimensions: got 3 and 4
Steering failed, falling back to VLA: Tensors must have same number of dimensions: got 3 and 4
    [ce_ais] chain 5/10 task 1/1 step 350/360: running policy
Steering failed, falling back to VLA: Tensors must have same number of dimensions: got 3 and 4
    [ce_ais] chain 5/10 task 1/1 step 350/360: policy 0.01s, stepping env
Steering failed, falling back to VLA: Tensors must have same number of dimensions: got 3 and 4
Steering failed, falling back to VLA: Tensors must have same number of dimensions: got 3 and 4
Steering failed, falling back to VLA: Tensors must have same number of dimensions: got 3 and 4
Steering failed, falling back to VLA: Tensors must have same number of dimensions: got 3 and 4
Steering failed, falling back to VLA: Tensors must have same number of dimensions: got 3 and 4
Steering failed, falling back to VLA: Tensors must have same number of dimensions: got 3 and 4
Steering failed, falling back to VLA: Tensors must have same number of dimensions: got 3 and 4
Steering failed, falling back to VLA: Tensors must have same number of dimensions: got 3 and 4
Steering failed, falling back to VLA: Tensors must have same number of dimensions: got 3 and 4
Steering failed, falling back to VLA: Tensors must have same number of dimensions: got 3 and 4
    [ce_ais] chain 5/10 task 1/1 failed: 360 steps, 5.3s
    [ce_ais] chain 6/10 start: ['move_slider_right']
    [ce_ais] chain 6/10 instructions: ['push the sliding door to the right side']
    [ce_ais] chain 6/10 task 1/1 start: move_slider_right | instruction: push the sliding door to the right side
    [ce_ais] chain 6/10 task 1/1 step 1/360: running policy
Steering failed, falling back to VLA: Tensors must have same number of dimensions: got 3 and 4
    [ce_ais] chain 6/10 task 1/1 step 1/360: policy 0.01s, stepping env
Steering failed, falling back to VLA: Tensors must have same number of dimensions: got 3 and 4
Steering failed, falling back to VLA: Tensors must have same number of dimensions: got 3 and 4
Steering failed, falling back to VLA: Tensors must have same number of dimensions: got 3 and 4
Steering failed, falling back to VLA: Tensors must have same number of dimensions: got 3 and 4
Steering failed, falling back to VLA: Tensors must have same number of dimensions: got 3 and 4
Steering failed, falling back to VLA: Tensors must have same number of dimensions: got 3 and 4
Steering failed, falling back to VLA: Tensors must have same number of dimensions: got 3 and 4
Steering failed, falling back to VLA: Tensors must have same number of dimensions: got 3 and 4
Steering failed, falling back to VLA: Tensors must have same number of dimensions: got 3 and 4
Steering failed, falling back to VLA: Tensors must have same number of dimensions: got 3 and 4
Steering failed, falling back to VLA: Tensors must have same number of dimensions: got 3 and 4
Steering failed, falling back to VLA: Tensors must have same number of dimensions: got 3 and 4
Steering failed, falling back to VLA: Tensors must have same number of dimensions: got 3 and 4
Steering failed, falling back to VLA: Tensors must have same number of dimensions: got 3 and 4
Steering failed, falling back to VLA: Tensors must have same number of dimensions: got 3 and 4
Steering failed, falling back to VLA: Tensors must have same number of dimensions: got 3 and 4
Steering failed, falling back to VLA: Tensors must have same number of dimensions: got 3 and 4
Steering failed, falling back to VLA: Tensors must have same number of dimensions: got 3 and 4
Steering failed, falling back to VLA: Tensors must have same number of dimensions: got 3 and 4
Steering failed, falling back to VLA: Tensors must have same number of dimensions: got 3 and 4
Steering failed, falling back to VLA: Tensors must have same number of dimensions: got 3 and 4
Steering failed, falling back to VLA: Tensors must have same number of dimensions: got 3 and 4
Steering failed, falling back to VLA: Tensors must have same number of dimensions: got 3 and 4
    [ce_ais] chain 6/10 task 1/1 step 25/360: running policy
Steering failed, falling back to VLA: Tensors must have same number of dimensions: got 3 and 4
    [ce_ais] chain 6/10 task 1/1 step 25/360: policy 0.01s, stepping env
Steering failed, falling back to VLA: Tensors must have same number of dimensions: got 3 and 4
Steering failed, falling back to VLA: Tensors must have same number of dimensions: got 3 and 4
Steering failed, falling back to VLA: Tensors must have same number of dimensions: got 3 and 4
Steering failed, falling back to VLA: Tensors must have same number of dimensions: got 3 and 4
Steering failed, falling back to VLA: Tensors must have same number of dimensions: got 3 and 4
Steering failed, falling back to VLA: Tensors must have same number of dimensions: got 3 and 4
Steering failed, falling back to VLA: Tensors must have same number of dimensions: got 3 and 4
Steering failed, falling back to VLA: Tensors must have same number of dimensions: got 3 and 4
Steering failed, falling back to VLA: Tensors must have same number of dimensions: got 3 and 4
Steering failed, falling back to VLA: Tensors must have same number of dimensions: got 3 and 4
Steering failed, falling back to VLA: Tensors must have same number of dimensions: got 3 and 4
Steering failed, falling back to VLA: Tensors must have same number of dimensions: got 3 and 4
Steering failed, falling back to VLA: Tensors must have same number of dimensions: got 3 and 4
Steering failed, falling back to VLA: Tensors must have same number of dimensions: got 3 and 4
Steering failed, falling back to VLA: Tensors must have same number of dimensions: got 3 and 4
Steering failed, falling back to VLA: Tensors must have same number of dimensions: got 3 and 4
Steering failed, falling back to VLA: Tensors must have same number of dimensions: got 3 and 4
Steering failed, falling back to VLA: Tensors must have same number of dimensions: got 3 and 4
Steering failed, falling back to VLA: Tensors must have same number of dimensions: got 3 and 4
Steering failed, falling back to VLA: Tensors must have same number of dimensions: got 3 and 4
Steering failed, falling back to VLA: Tensors must have same number of dimensions: got 3 and 4
Steering failed, falling back to VLA: Tensors must have same number of dimensions: got 3 and 4
Steering failed, falling back to VLA: Tensors must have same number of dimensions: got 3 and 4
Steering failed, falling back to VLA: Tensors must have same number of dimensions: got 3 and 4
    [ce_ais] chain 6/10 task 1/1 step 50/360: running policy
Steering failed, falling back to VLA: Tensors must have same number of dimensions: got 3 and 4
    [ce_ais] chain 6/10 task 1/1 step 50/360: policy 0.01s, stepping env
Steering failed, falling back to VLA: Tensors must have same number of dimensions: got 3 and 4
Steering failed, falling back to VLA: Tensors must have same number of dimensions: got 3 and 4
Steering failed, falling back to VLA: Tensors must have same number of dimensions: got 3 and 4
Steering failed, falling back to VLA: Tensors must have same number of dimensions: got 3 and 4
Steering failed, falling back to VLA: Tensors must have same number of dimensions: got 3 and 4
Steering failed, falling back to VLA: Tensors must have same number of dimensions: got 3 and 4
Steering failed, falling back to VLA: Tensors must have same number of dimensions: got 3 and 4
Steering failed, falling back to VLA: Tensors must have same number of dimensions: got 3 and 4
Steering failed, falling back to VLA: Tensors must have same number of dimensions: got 3 and 4
Steering failed, falling back to VLA: Tensors must have same number of dimensions: got 3 and 4
Steering failed, falling back to VLA: Tensors must have same number of dimensions: got 3 and 4
Steering failed, falling back to VLA: Tensors must have same number of dimensions: got 3 and 4
Steering failed, falling back to VLA: Tensors must have same number of dimensions: got 3 and 4
Steering failed, falling back to VLA: Tensors must have same number of dimensions: got 3 and 4
Steering failed, falling back to VLA: Tensors must have same number of dimensions: got 3 and 4
Steering failed, falling back to VLA: Tensors must have same number of dimensions: got 3 and 4
Steering failed, falling back to VLA: Tensors must have same number of dimensions: got 3 and 4
Steering failed, falling back to VLA: Tensors must have same number of dimensions: got 3 and 4
Steering failed, falling back to VLA: Tensors must have same number of dimensions: got 3 and 4
Steering failed, falling back to VLA: Tensors must have same number of dimensions: got 3 and 4
Steering failed, falling back to VLA: Tensors must have same number of dimensions: got 3 and 4
Steering failed, falling back to VLA: Tensors must have same number of dimensions: got 3 and 4
Steering failed, falling back to VLA: Tensors must have same number of dimensions: got 3 and 4
Steering failed, falling back to VLA: Tensors must have same number of dimensions: got 3 and 4
    [ce_ais] chain 6/10 task 1/1 step 75/360: running policy
Steering failed, falling back to VLA: Tensors must have same number of dimensions: got 3 and 4
    [ce_ais] chain 6/10 task 1/1 step 75/360: policy 0.01s, stepping env
Steering failed, falling back to VLA: Tensors must have same number of dimensions: got 3 and 4
Steering failed, falling back to VLA: Tensors must have same number of dimensions: got 3 and 4
Steering failed, falling back to VLA: Tensors must have same number of dimensions: got 3 and 4
Steering failed, falling back to VLA: Tensors must have same number of dimensions: got 3 and 4
Steering failed, falling back to VLA: Tensors must have same number of dimensions: got 3 and 4
Steering failed, falling back to VLA: Tensors must have same number of dimensions: got 3 and 4
Steering failed, falling back to VLA: Tensors must have same number of dimensions: got 3 and 4
Steering failed, falling back to VLA: Tensors must have same number of dimensions: got 3 and 4
Steering failed, falling back to VLA: Tensors must have same number of dimensions: got 3 and 4
Steering failed, falling back to VLA: Tensors must have same number of dimensions: got 3 and 4
Steering failed, falling back to VLA: Tensors must have same number of dimensions: got 3 and 4
Steering failed, falling back to VLA: Tensors must have same number of dimensions: got 3 and 4
Steering failed, falling back to VLA: Tensors must have same number of dimensions: got 3 and 4
Steering failed, falling back to VLA: Tensors must have same number of dimensions: got 3 and 4
Steering failed, falling back to VLA: Tensors must have same number of dimensions: got 3 and 4
Steering failed, falling back to VLA: Tensors must have same number of dimensions: got 3 and 4
Steering failed, falling back to VLA: Tensors must have same number of dimensions: got 3 and 4
Steering failed, falling back to VLA: Tensors must have same number of dimensions: got 3 and 4
Steering failed, falling back to VLA: Tensors must have same number of dimensions: got 3 and 4
Steering failed, falling back to VLA: Tensors must have same number of dimensions: got 3 and 4
Steering failed, falling back to VLA: Tensors must have same number of dimensions: got 3 and 4
Steering failed, falling back to VLA: Tensors must have same number of dimensions: got 3 and 4
Steering failed, falling back to VLA: Tensors must have same number of dimensions: got 3 and 4
Steering failed, falling back to VLA: Tensors must have same number of dimensions: got 3 and 4
    [ce_ais] chain 6/10 task 1/1 step 100/360: running policy
Steering failed, falling back to VLA: Tensors must have same number of dimensions: got 3 and 4
    [ce_ais] chain 6/10 task 1/1 step 100/360: policy 0.01s, stepping env
Steering failed, falling back to VLA: Tensors must have same number of dimensions: got 3 and 4
Steering failed, falling back to VLA: Tensors must have same number of dimensions: got 3 and 4
Steering failed, falling back to VLA: Tensors must have same number of dimensions: got 3 and 4
Steering failed, falling back to VLA: Tensors must have same number of dimensions: got 3 and 4
Steering failed, falling back to VLA: Tensors must have same number of dimensions: got 3 and 4
Steering failed, falling back to VLA: Tensors must have same number of dimensions: got 3 and 4
Steering failed, falling back to VLA: Tensors must have same number of dimensions: got 3 and 4
Steering failed, falling back to VLA: Tensors must have same number of dimensions: got 3 and 4
Steering failed, falling back to VLA: Tensors must have same number of dimensions: got 3 and 4
Steering failed, falling back to VLA: Tensors must have same number of dimensions: got 3 and 4
Steering failed, falling back to VLA: Tensors must have same number of dimensions: got 3 and 4
Steering failed, falling back to VLA: Tensors must have same number of dimensions: got 3 and 4
Steering failed, falling back to VLA: Tensors must have same number of dimensions: got 3 and 4
Steering failed, falling back to VLA: Tensors must have same number of dimensions: got 3 and 4
Steering failed, falling back to VLA: Tensors must have same number of dimensions: got 3 and 4
Steering failed, falling back to VLA: Tensors must have same number of dimensions: got 3 and 4
Steering failed, falling back to VLA: Tensors must have same number of dimensions: got 3 and 4
Steering failed, falling back to VLA: Tensors must have same number of dimensions: got 3 and 4
Steering failed, falling back to VLA: Tensors must have same number of dimensions: got 3 and 4
Steering failed, falling back to VLA: Tensors must have same number of dimensions: got 3 and 4
Steering failed, falling back to VLA: Tensors must have same number of dimensions: got 3 and 4
Steering failed, falling back to VLA: Tensors must have same number of dimensions: got 3 and 4
Steering failed, falling back to VLA: Tensors must have same number of dimensions: got 3 and 4
Steering failed, falling back to VLA: Tensors must have same number of dimensions: got 3 and 4
    [ce_ais] chain 6/10 task 1/1 step 125/360: running policy
Steering failed, falling back to VLA: Tensors must have same number of dimensions: got 3 and 4
    [ce_ais] chain 6/10 task 1/1 step 125/360: policy 0.01s, stepping env
Steering failed, falling back to VLA: Tensors must have same number of dimensions: got 3 and 4
Steering failed, falling back to VLA: Tensors must have same number of dimensions: got 3 and 4
Steering failed, falling back to VLA: Tensors must have same number of dimensions: got 3 and 4
Steering failed, falling back to VLA: Tensors must have same number of dimensions: got 3 and 4
Steering failed, falling back to VLA: Tensors must have same number of dimensions: got 3 and 4
Steering failed, falling back to VLA: Tensors must have same number of dimensions: got 3 and 4
Steering failed, falling back to VLA: Tensors must have same number of dimensions: got 3 and 4
Steering failed, falling back to VLA: Tensors must have same number of dimensions: got 3 and 4
Steering failed, falling back to VLA: Tensors must have same number of dimensions: got 3 and 4
Steering failed, falling back to VLA: Tensors must have same number of dimensions: got 3 and 4
Steering failed, falling back to VLA: Tensors must have same number of dimensions: got 3 and 4
Steering failed, falling back to VLA: Tensors must have same number of dimensions: got 3 and 4
Steering failed, falling back to VLA: Tensors must have same number of dimensions: got 3 and 4
Steering failed, falling back to VLA: Tensors must have same number of dimensions: got 3 and 4
Steering failed, falling back to VLA: Tensors must have same number of dimensions: got 3 and 4
Steering failed, falling back to VLA: Tensors must have same number of dimensions: got 3 and 4
Steering failed, falling back to VLA: Tensors must have same number of dimensions: got 3 and 4
Steering failed, falling back to VLA: Tensors must have same number of dimensions: got 3 and 4
Steering failed, falling back to VLA: Tensors must have same number of dimensions: got 3 and 4
Steering failed, falling back to VLA: Tensors must have same number of dimensions: got 3 and 4
Steering failed, falling back to VLA: Tensors must have same number of dimensions: got 3 and 4
Steering failed, falling back to VLA: Tensors must have same number of dimensions: got 3 and 4
Steering failed, falling back to VLA: Tensors must have same number of dimensions: got 3 and 4
Steering failed, falling back to VLA: Tensors must have same number of dimensions: got 3 and 4
    [ce_ais] chain 6/10 task 1/1 step 150/360: running policy
Steering failed, falling back to VLA: Tensors must have same number of dimensions: got 3 and 4
    [ce_ais] chain 6/10 task 1/1 step 150/360: policy 0.01s, stepping env
Steering failed, falling back to VLA: Tensors must have same number of dimensions: got 3 and 4
Steering failed, falling back to VLA: Tensors must have same number of dimensions: got 3 and 4
Steering failed, falling back to VLA: Tensors must have same number of dimensions: got 3 and 4
Steering failed, falling back to VLA: Tensors must have same number of dimensions: got 3 and 4
Steering failed, falling back to VLA: Tensors must have same number of dimensions: got 3 and 4
Steering failed, falling back to VLA: Tensors must have same number of dimensions: got 3 and 4
Steering failed, falling back to VLA: Tensors must have same number of dimensions: got 3 and 4
Steering failed, falling back to VLA: Tensors must have same number of dimensions: got 3 and 4
Steering failed, falling back to VLA: Tensors must have same number of dimensions: got 3 and 4
Steering failed, falling back to VLA: Tensors must have same number of dimensions: got 3 and 4
Steering failed, falling back to VLA: Tensors must have same number of dimensions: got 3 and 4
Steering failed, falling back to VLA: Tensors must have same number of dimensions: got 3 and 4
Steering failed, falling back to VLA: Tensors must have same number of dimensions: got 3 and 4
Steering failed, falling back to VLA: Tensors must have same number of dimensions: got 3 and 4
Steering failed, falling back to VLA: Tensors must have same number of dimensions: got 3 and 4
Steering failed, falling back to VLA: Tensors must have same number of dimensions: got 3 and 4
Steering failed, falling back to VLA: Tensors must have same number of dimensions: got 3 and 4
Steering failed, falling back to VLA: Tensors must have same number of dimensions: got 3 and 4
Steering failed, falling back to VLA: Tensors must have same number of dimensions: got 3 and 4
Steering failed, falling back to VLA: Tensors must have same number of dimensions: got 3 and 4
Steering failed, falling back to VLA: Tensors must have same number of dimensions: got 3 and 4
Steering failed, falling back to VLA: Tensors must have same number of dimensions: got 3 and 4
Steering failed, falling back to VLA: Tensors must have same number of dimensions: got 3 and 4
Steering failed, falling back to VLA: Tensors must have same number of dimensions: got 3 and 4
    [ce_ais] chain 6/10 task 1/1 step 175/360: running policy
Steering failed, falling back to VLA: Tensors must have same number of dimensions: got 3 and 4
    [ce_ais] chain 6/10 task 1/1 step 175/360: policy 0.01s, stepping env
Steering failed, falling back to VLA: Tensors must have same number of dimensions: got 3 and 4
Steering failed, falling back to VLA: Tensors must have same number of dimensions: got 3 and 4
Steering failed, falling back to VLA: Tensors must have same number of dimensions: got 3 and 4
Steering failed, falling back to VLA: Tensors must have same number of dimensions: got 3 and 4
Steering failed, falling back to VLA: Tensors must have same number of dimensions: got 3 and 4
Steering failed, falling back to VLA: Tensors must have same number of dimensions: got 3 and 4
Steering failed, falling back to VLA: Tensors must have same number of dimensions: got 3 and 4
Steering failed, falling back to VLA: Tensors must have same number of dimensions: got 3 and 4
Steering failed, falling back to VLA: Tensors must have same number of dimensions: got 3 and 4
Steering failed, falling back to VLA: Tensors must have same number of dimensions: got 3 and 4
Steering failed, falling back to VLA: Tensors must have same number of dimensions: got 3 and 4
Steering failed, falling back to VLA: Tensors must have same number of dimensions: got 3 and 4
Steering failed, falling back to VLA: Tensors must have same number of dimensions: got 3 and 4
Steering failed, falling back to VLA: Tensors must have same number of dimensions: got 3 and 4
Steering failed, falling back to VLA: Tensors must have same number of dimensions: got 3 and 4
Steering failed, falling back to VLA: Tensors must have same number of dimensions: got 3 and 4
Steering failed, falling back to VLA: Tensors must have same number of dimensions: got 3 and 4
Steering failed, falling back to VLA: Tensors must have same number of dimensions: got 3 and 4
Steering failed, falling back to VLA: Tensors must have same number of dimensions: got 3 and 4
Steering failed, falling back to VLA: Tensors must have same number of dimensions: got 3 and 4
Steering failed, falling back to VLA: Tensors must have same number of dimensions: got 3 and 4
Steering failed, falling back to VLA: Tensors must have same number of dimensions: got 3 and 4
Steering failed, falling back to VLA: Tensors must have same number of dimensions: got 3 and 4
Steering failed, falling back to VLA: Tensors must have same number of dimensions: got 3 and 4
    [ce_ais] chain 6/10 task 1/1 step 200/360: running policy
Steering failed, falling back to VLA: Tensors must have same number of dimensions: got 3 and 4
    [ce_ais] chain 6/10 task 1/1 step 200/360: policy 0.01s, stepping env
Steering failed, falling back to VLA: Tensors must have same number of dimensions: got 3 and 4
Steering failed, falling back to VLA: Tensors must have same number of dimensions: got 3 and 4
Steering failed, falling back to VLA: Tensors must have same number of dimensions: got 3 and 4
Steering failed, falling back to VLA: Tensors must have same number of dimensions: got 3 and 4
Steering failed, falling back to VLA: Tensors must have same number of dimensions: got 3 and 4
Steering failed, falling back to VLA: Tensors must have same number of dimensions: got 3 and 4
Steering failed, falling back to VLA: Tensors must have same number of dimensions: got 3 and 4
Steering failed, falling back to VLA: Tensors must have same number of dimensions: got 3 and 4
Steering failed, falling back to VLA: Tensors must have same number of dimensions: got 3 and 4
Steering failed, falling back to VLA: Tensors must have same number of dimensions: got 3 and 4
Steering failed, falling back to VLA: Tensors must have same number of dimensions: got 3 and 4
Steering failed, falling back to VLA: Tensors must have same number of dimensions: got 3 and 4
Steering failed, falling back to VLA: Tensors must have same number of dimensions: got 3 and 4
Steering failed, falling back to VLA: Tensors must have same number of dimensions: got 3 and 4
Steering failed, falling back to VLA: Tensors must have same number of dimensions: got 3 and 4
Steering failed, falling back to VLA: Tensors must have same number of dimensions: got 3 and 4
Steering failed, falling back to VLA: Tensors must have same number of dimensions: got 3 and 4
Steering failed, falling back to VLA: Tensors must have same number of dimensions: got 3 and 4
Steering failed, falling back to VLA: Tensors must have same number of dimensions: got 3 and 4
Steering failed, falling back to VLA: Tensors must have same number of dimensions: got 3 and 4
Steering failed, falling back to VLA: Tensors must have same number of dimensions: got 3 and 4
Steering failed, falling back to VLA: Tensors must have same number of dimensions: got 3 and 4
Steering failed, falling back to VLA: Tensors must have same number of dimensions: got 3 and 4
Steering failed, falling back to VLA: Tensors must have same number of dimensions: got 3 and 4
    [ce_ais] chain 6/10 task 1/1 step 225/360: running policy
Steering failed, falling back to VLA: Tensors must have same number of dimensions: got 3 and 4
    [ce_ais] chain 6/10 task 1/1 step 225/360: policy 0.01s, stepping env
Steering failed, falling back to VLA: Tensors must have same number of dimensions: got 3 and 4
Steering failed, falling back to VLA: Tensors must have same number of dimensions: got 3 and 4
Steering failed, falling back to VLA: Tensors must have same number of dimensions: got 3 and 4
Steering failed, falling back to VLA: Tensors must have same number of dimensions: got 3 and 4
Steering failed, falling back to VLA: Tensors must have same number of dimensions: got 3 and 4
Steering failed, falling back to VLA: Tensors must have same number of dimensions: got 3 and 4
Steering failed, falling back to VLA: Tensors must have same number of dimensions: got 3 and 4
Steering failed, falling back to VLA: Tensors must have same number of dimensions: got 3 and 4
Steering failed, falling back to VLA: Tensors must have same number of dimensions: got 3 and 4
Steering failed, falling back to VLA: Tensors must have same number of dimensions: got 3 and 4
Steering failed, falling back to VLA: Tensors must have same number of dimensions: got 3 and 4
Steering failed, falling back to VLA: Tensors must have same number of dimensions: got 3 and 4
Steering failed, falling back to VLA: Tensors must have same number of dimensions: got 3 and 4
Steering failed, falling back to VLA: Tensors must have same number of dimensions: got 3 and 4
Steering failed, falling back to VLA: Tensors must have same number of dimensions: got 3 and 4
Steering failed, falling back to VLA: Tensors must have same number of dimensions: got 3 and 4
Steering failed, falling back to VLA: Tensors must have same number of dimensions: got 3 and 4
Steering failed, falling back to VLA: Tensors must have same number of dimensions: got 3 and 4
Steering failed, falling back to VLA: Tensors must have same number of dimensions: got 3 and 4
Steering failed, falling back to VLA: Tensors must have same number of dimensions: got 3 and 4
Steering failed, falling back to VLA: Tensors must have same number of dimensions: got 3 and 4
Steering failed, falling back to VLA: Tensors must have same number of dimensions: got 3 and 4
Steering failed, falling back to VLA: Tensors must have same number of dimensions: got 3 and 4
Steering failed, falling back to VLA: Tensors must have same number of dimensions: got 3 and 4
    [ce_ais] chain 6/10 task 1/1 step 250/360: running policy
Steering failed, falling back to VLA: Tensors must have same number of dimensions: got 3 and 4
    [ce_ais] chain 6/10 task 1/1 step 250/360: policy 0.01s, stepping env
Steering failed, falling back to VLA: Tensors must have same number of dimensions: got 3 and 4
Steering failed, falling back to VLA: Tensors must have same number of dimensions: got 3 and 4
Steering failed, falling back to VLA: Tensors must have same number of dimensions: got 3 and 4
Steering failed, falling back to VLA: Tensors must have same number of dimensions: got 3 and 4
Steering failed, falling back to VLA: Tensors must have same number of dimensions: got 3 and 4
Steering failed, falling back to VLA: Tensors must have same number of dimensions: got 3 and 4
Steering failed, falling back to VLA: Tensors must have same number of dimensions: got 3 and 4
Steering failed, falling back to VLA: Tensors must have same number of dimensions: got 3 and 4
Steering failed, falling back to VLA: Tensors must have same number of dimensions: got 3 and 4
Steering failed, falling back to VLA: Tensors must have same number of dimensions: got 3 and 4
Steering failed, falling back to VLA: Tensors must have same number of dimensions: got 3 and 4
Steering failed, falling back to VLA: Tensors must have same number of dimensions: got 3 and 4
Steering failed, falling back to VLA: Tensors must have same number of dimensions: got 3 and 4
Steering failed, falling back to VLA: Tensors must have same number of dimensions: got 3 and 4
Steering failed, falling back to VLA: Tensors must have same number of dimensions: got 3 and 4
Steering failed, falling back to VLA: Tensors must have same number of dimensions: got 3 and 4
Steering failed, falling back to VLA: Tensors must have same number of dimensions: got 3 and 4
Steering failed, falling back to VLA: Tensors must have same number of dimensions: got 3 and 4
Steering failed, falling back to VLA: Tensors must have same number of dimensions: got 3 and 4
Steering failed, falling back to VLA: Tensors must have same number of dimensions: got 3 and 4
Steering failed, falling back to VLA: Tensors must have same number of dimensions: got 3 and 4
Steering failed, falling back to VLA: Tensors must have same number of dimensions: got 3 and 4
Steering failed, falling back to VLA: Tensors must have same number of dimensions: got 3 and 4
Steering failed, falling back to VLA: Tensors must have same number of dimensions: got 3 and 4
    [ce_ais] chain 6/10 task 1/1 step 275/360: running policy
Steering failed, falling back to VLA: Tensors must have same number of dimensions: got 3 and 4
    [ce_ais] chain 6/10 task 1/1 step 275/360: policy 0.01s, stepping env
Steering failed, falling back to VLA: Tensors must have same number of dimensions: got 3 and 4
Steering failed, falling back to VLA: Tensors must have same number of dimensions: got 3 and 4
Steering failed, falling back to VLA: Tensors must have same number of dimensions: got 3 and 4
Steering failed, falling back to VLA: Tensors must have same number of dimensions: got 3 and 4
Steering failed, falling back to VLA: Tensors must have same number of dimensions: got 3 and 4
Steering failed, falling back to VLA: Tensors must have same number of dimensions: got 3 and 4
Steering failed, falling back to VLA: Tensors must have same number of dimensions: got 3 and 4
Steering failed, falling back to VLA: Tensors must have same number of dimensions: got 3 and 4
Steering failed, falling back to VLA: Tensors must have same number of dimensions: got 3 and 4
Steering failed, falling back to VLA: Tensors must have same number of dimensions: got 3 and 4
Steering failed, falling back to VLA: Tensors must have same number of dimensions: got 3 and 4
Steering failed, falling back to VLA: Tensors must have same number of dimensions: got 3 and 4
Steering failed, falling back to VLA: Tensors must have same number of dimensions: got 3 and 4
Steering failed, falling back to VLA: Tensors must have same number of dimensions: got 3 and 4
Steering failed, falling back to VLA: Tensors must have same number of dimensions: got 3 and 4
Steering failed, falling back to VLA: Tensors must have same number of dimensions: got 3 and 4
Steering failed, falling back to VLA: Tensors must have same number of dimensions: got 3 and 4
Steering failed, falling back to VLA: Tensors must have same number of dimensions: got 3 and 4
Steering failed, falling back to VLA: Tensors must have same number of dimensions: got 3 and 4
Steering failed, falling back to VLA: Tensors must have same number of dimensions: got 3 and 4
Steering failed, falling back to VLA: Tensors must have same number of dimensions: got 3 and 4
Steering failed, falling back to VLA: Tensors must have same number of dimensions: got 3 and 4
Steering failed, falling back to VLA: Tensors must have same number of dimensions: got 3 and 4
Steering failed, falling back to VLA: Tensors must have same number of dimensions: got 3 and 4
    [ce_ais] chain 6/10 task 1/1 step 300/360: running policy
Steering failed, falling back to VLA: Tensors must have same number of dimensions: got 3 and 4
    [ce_ais] chain 6/10 task 1/1 step 300/360: policy 0.01s, stepping env
Steering failed, falling back to VLA: Tensors must have same number of dimensions: got 3 and 4
Steering failed, falling back to VLA: Tensors must have same number of dimensions: got 3 and 4
Steering failed, falling back to VLA: Tensors must have same number of dimensions: got 3 and 4
Steering failed, falling back to VLA: Tensors must have same number of dimensions: got 3 and 4
Steering failed, falling back to VLA: Tensors must have same number of dimensions: got 3 and 4
Steering failed, falling back to VLA: Tensors must have same number of dimensions: got 3 and 4
Steering failed, falling back to VLA: Tensors must have same number of dimensions: got 3 and 4
Steering failed, falling back to VLA: Tensors must have same number of dimensions: got 3 and 4
Steering failed, falling back to VLA: Tensors must have same number of dimensions: got 3 and 4
Steering failed, falling back to VLA: Tensors must have same number of dimensions: got 3 and 4
Steering failed, falling back to VLA: Tensors must have same number of dimensions: got 3 and 4
Steering failed, falling back to VLA: Tensors must have same number of dimensions: got 3 and 4
Steering failed, falling back to VLA: Tensors must have same number of dimensions: got 3 and 4
Steering failed, falling back to VLA: Tensors must have same number of dimensions: got 3 and 4
Steering failed, falling back to VLA: Tensors must have same number of dimensions: got 3 and 4
Steering failed, falling back to VLA: Tensors must have same number of dimensions: got 3 and 4
Steering failed, falling back to VLA: Tensors must have same number of dimensions: got 3 and 4
Steering failed, falling back to VLA: Tensors must have same number of dimensions: got 3 and 4
Steering failed, falling back to VLA: Tensors must have same number of dimensions: got 3 and 4
Steering failed, falling back to VLA: Tensors must have same number of dimensions: got 3 and 4
Steering failed, falling back to VLA: Tensors must have same number of dimensions: got 3 and 4
Steering failed, falling back to VLA: Tensors must have same number of dimensions: got 3 and 4
Steering failed, falling back to VLA: Tensors must have same number of dimensions: got 3 and 4
Steering failed, falling back to VLA: Tensors must have same number of dimensions: got 3 and 4
    [ce_ais] chain 6/10 task 1/1 step 325/360: running policy
Steering failed, falling back to VLA: Tensors must have same number of dimensions: got 3 and 4
    [ce_ais] chain 6/10 task 1/1 step 325/360: policy 0.01s, stepping env
Steering failed, falling back to VLA: Tensors must have same number of dimensions: got 3 and 4
Steering failed, falling back to VLA: Tensors must have same number of dimensions: got 3 and 4
Steering failed, falling back to VLA: Tensors must have same number of dimensions: got 3 and 4
Steering failed, falling back to VLA: Tensors must have same number of dimensions: got 3 and 4
Steering failed, falling back to VLA: Tensors must have same number of dimensions: got 3 and 4
Steering failed, falling back to VLA: Tensors must have same number of dimensions: got 3 and 4
Steering failed, falling back to VLA: Tensors must have same number of dimensions: got 3 and 4
Steering failed, falling back to VLA: Tensors must have same number of dimensions: got 3 and 4
Steering failed, falling back to VLA: Tensors must have same number of dimensions: got 3 and 4
Steering failed, falling back to VLA: Tensors must have same number of dimensions: got 3 and 4
Steering failed, falling back to VLA: Tensors must have same number of dimensions: got 3 and 4
Steering failed, falling back to VLA: Tensors must have same number of dimensions: got 3 and 4
Steering failed, falling back to VLA: Tensors must have same number of dimensions: got 3 and 4
Steering failed, falling back to VLA: Tensors must have same number of dimensions: got 3 and 4
Steering failed, falling back to VLA: Tensors must have same number of dimensions: got 3 and 4
Steering failed, falling back to VLA: Tensors must have same number of dimensions: got 3 and 4
Steering failed, falling back to VLA: Tensors must have same number of dimensions: got 3 and 4
Steering failed, falling back to VLA: Tensors must have same number of dimensions: got 3 and 4
Steering failed, falling back to VLA: Tensors must have same number of dimensions: got 3 and 4
Steering failed, falling back to VLA: Tensors must have same number of dimensions: got 3 and 4
Steering failed, falling back to VLA: Tensors must have same number of dimensions: got 3 and 4
Steering failed, falling back to VLA: Tensors must have same number of dimensions: got 3 and 4
Steering failed, falling back to VLA: Tensors must have same number of dimensions: got 3 and 4
Steering failed, falling back to VLA: Tensors must have same number of dimensions: got 3 and 4
    [ce_ais] chain 6/10 task 1/1 step 350/360: running policy
Steering failed, falling back to VLA: Tensors must have same number of dimensions: got 3 and 4
    [ce_ais] chain 6/10 task 1/1 step 350/360: policy 0.01s, stepping env
Steering failed, falling back to VLA: Tensors must have same number of dimensions: got 3 and 4
Steering failed, falling back to VLA: Tensors must have same number of dimensions: got 3 and 4
Steering failed, falling back to VLA: Tensors must have same number of dimensions: got 3 and 4
Steering failed, falling back to VLA: Tensors must have same number of dimensions: got 3 and 4
Steering failed, falling back to VLA: Tensors must have same number of dimensions: got 3 and 4
Steering failed, falling back to VLA: Tensors must have same number of dimensions: got 3 and 4
Steering failed, falling back to VLA: Tensors must have same number of dimensions: got 3 and 4
Steering failed, falling back to VLA: Tensors must have same number of dimensions: got 3 and 4
Steering failed, falling back to VLA: Tensors must have same number of dimensions: got 3 and 4
Steering failed, falling back to VLA: Tensors must have same number of dimensions: got 3 and 4
    [ce_ais] chain 6/10 task 1/1 failed: 360 steps, 5.3s
    [ce_ais] chain 7/10 start: ['lift_pink_block_slider']
    [ce_ais] chain 7/10 instructions: ['lift the pink block from the sliding cabinet']
    [ce_ais] chain 7/10 task 1/1 start: lift_pink_block_slider | instruction: lift the pink block from the sliding cabinet
    [ce_ais] chain 7/10 task 1/1 step 1/360: running policy
Steering failed, falling back to VLA: Tensors must have same number of dimensions: got 3 and 4
    [ce_ais] chain 7/10 task 1/1 step 1/360: policy 0.01s, stepping env
Steering failed, falling back to VLA: Tensors must have same number of dimensions: got 3 and 4
Steering failed, falling back to VLA: Tensors must have same number of dimensions: got 3 and 4
Steering failed, falling back to VLA: Tensors must have same number of dimensions: got 3 and 4
Steering failed, falling back to VLA: Tensors must have same number of dimensions: got 3 and 4
Steering failed, falling back to VLA: Tensors must have same number of dimensions: got 3 and 4
Steering failed, falling back to VLA: Tensors must have same number of dimensions: got 3 and 4
Steering failed, falling back to VLA: Tensors must have same number of dimensions: got 3 and 4
Steering failed, falling back to VLA: Tensors must have same number of dimensions: got 3 and 4
Steering failed, falling back to VLA: Tensors must have same number of dimensions: got 3 and 4
Steering failed, falling back to VLA: Tensors must have same number of dimensions: got 3 and 4
Steering failed, falling back to VLA: Tensors must have same number of dimensions: got 3 and 4
Steering failed, falling back to VLA: Tensors must have same number of dimensions: got 3 and 4
Steering failed, falling back to VLA: Tensors must have same number of dimensions: got 3 and 4
Steering failed, falling back to VLA: Tensors must have same number of dimensions: got 3 and 4
Steering failed, falling back to VLA: Tensors must have same number of dimensions: got 3 and 4
Steering failed, falling back to VLA: Tensors must have same number of dimensions: got 3 and 4
Steering failed, falling back to VLA: Tensors must have same number of dimensions: got 3 and 4
Steering failed, falling back to VLA: Tensors must have same number of dimensions: got 3 and 4
Steering failed, falling back to VLA: Tensors must have same number of dimensions: got 3 and 4
Steering failed, falling back to VLA: Tensors must have same number of dimensions: got 3 and 4
Steering failed, falling back to VLA: Tensors must have same number of dimensions: got 3 and 4
Steering failed, falling back to VLA: Tensors must have same number of dimensions: got 3 and 4
Steering failed, falling back to VLA: Tensors must have same number of dimensions: got 3 and 4
    [ce_ais] chain 7/10 task 1/1 step 25/360: running policy
Steering failed, falling back to VLA: Tensors must have same number of dimensions: got 3 and 4
    [ce_ais] chain 7/10 task 1/1 step 25/360: policy 0.01s, stepping env
Steering failed, falling back to VLA: Tensors must have same number of dimensions: got 3 and 4
Steering failed, falling back to VLA: Tensors must have same number of dimensions: got 3 and 4
Steering failed, falling back to VLA: Tensors must have same number of dimensions: got 3 and 4
Steering failed, falling back to VLA: Tensors must have same number of dimensions: got 3 and 4
Steering failed, falling back to VLA: Tensors must have same number of dimensions: got 3 and 4
Steering failed, falling back to VLA: Tensors must have same number of dimensions: got 3 and 4
Steering failed, falling back to VLA: Tensors must have same number of dimensions: got 3 and 4
Steering failed, falling back to VLA: Tensors must have same number of dimensions: got 3 and 4
Steering failed, falling back to VLA: Tensors must have same number of dimensions: got 3 and 4
Steering failed, falling back to VLA: Tensors must have same number of dimensions: got 3 and 4
Steering failed, falling back to VLA: Tensors must have same number of dimensions: got 3 and 4
Steering failed, falling back to VLA: Tensors must have same number of dimensions: got 3 and 4
Steering failed, falling back to VLA: Tensors must have same number of dimensions: got 3 and 4
Steering failed, falling back to VLA: Tensors must have same number of dimensions: got 3 and 4
Steering failed, falling back to VLA: Tensors must have same number of dimensions: got 3 and 4
Steering failed, falling back to VLA: Tensors must have same number of dimensions: got 3 and 4
Steering failed, falling back to VLA: Tensors must have same number of dimensions: got 3 and 4
Steering failed, falling back to VLA: Tensors must have same number of dimensions: got 3 and 4
Steering failed, falling back to VLA: Tensors must have same number of dimensions: got 3 and 4
Steering failed, falling back to VLA: Tensors must have same number of dimensions: got 3 and 4
Steering failed, falling back to VLA: Tensors must have same number of dimensions: got 3 and 4
Steering failed, falling back to VLA: Tensors must have same number of dimensions: got 3 and 4
Steering failed, falling back to VLA: Tensors must have same number of dimensions: got 3 and 4
Steering failed, falling back to VLA: Tensors must have same number of dimensions: got 3 and 4
    [ce_ais] chain 7/10 task 1/1 step 50/360: running policy
Steering failed, falling back to VLA: Tensors must have same number of dimensions: got 3 and 4
    [ce_ais] chain 7/10 task 1/1 step 50/360: policy 0.01s, stepping env
Steering failed, falling back to VLA: Tensors must have same number of dimensions: got 3 and 4
Steering failed, falling back to VLA: Tensors must have same number of dimensions: got 3 and 4
Steering failed, falling back to VLA: Tensors must have same number of dimensions: got 3 and 4
Steering failed, falling back to VLA: Tensors must have same number of dimensions: got 3 and 4
Steering failed, falling back to VLA: Tensors must have same number of dimensions: got 3 and 4
Steering failed, falling back to VLA: Tensors must have same number of dimensions: got 3 and 4
Steering failed, falling back to VLA: Tensors must have same number of dimensions: got 3 and 4
Steering failed, falling back to VLA: Tensors must have same number of dimensions: got 3 and 4
Steering failed, falling back to VLA: Tensors must have same number of dimensions: got 3 and 4
Steering failed, falling back to VLA: Tensors must have same number of dimensions: got 3 and 4
Steering failed, falling back to VLA: Tensors must have same number of dimensions: got 3 and 4
Steering failed, falling back to VLA: Tensors must have same number of dimensions: got 3 and 4
Steering failed, falling back to VLA: Tensors must have same number of dimensions: got 3 and 4
Steering failed, falling back to VLA: Tensors must have same number of dimensions: got 3 and 4
Steering failed, falling back to VLA: Tensors must have same number of dimensions: got 3 and 4
Steering failed, falling back to VLA: Tensors must have same number of dimensions: got 3 and 4
Steering failed, falling back to VLA: Tensors must have same number of dimensions: got 3 and 4
Steering failed, falling back to VLA: Tensors must have same number of dimensions: got 3 and 4
Steering failed, falling back to VLA: Tensors must have same number of dimensions: got 3 and 4
Steering failed, falling back to VLA: Tensors must have same number of dimensions: got 3 and 4
Steering failed, falling back to VLA: Tensors must have same number of dimensions: got 3 and 4
Steering failed, falling back to VLA: Tensors must have same number of dimensions: got 3 and 4
Steering failed, falling back to VLA: Tensors must have same number of dimensions: got 3 and 4
Steering failed, falling back to VLA: Tensors must have same number of dimensions: got 3 and 4
    [ce_ais] chain 7/10 task 1/1 step 75/360: running policy
Steering failed, falling back to VLA: Tensors must have same number of dimensions: got 3 and 4
    [ce_ais] chain 7/10 task 1/1 step 75/360: policy 0.01s, stepping env
Steering failed, falling back to VLA: Tensors must have same number of dimensions: got 3 and 4
Steering failed, falling back to VLA: Tensors must have same number of dimensions: got 3 and 4
Steering failed, falling back to VLA: Tensors must have same number of dimensions: got 3 and 4
Steering failed, falling back to VLA: Tensors must have same number of dimensions: got 3 and 4
Steering failed, falling back to VLA: Tensors must have same number of dimensions: got 3 and 4
Steering failed, falling back to VLA: Tensors must have same number of dimensions: got 3 and 4
Steering failed, falling back to VLA: Tensors must have same number of dimensions: got 3 and 4
Steering failed, falling back to VLA: Tensors must have same number of dimensions: got 3 and 4
Steering failed, falling back to VLA: Tensors must have same number of dimensions: got 3 and 4
Steering failed, falling back to VLA: Tensors must have same number of dimensions: got 3 and 4
Steering failed, falling back to VLA: Tensors must have same number of dimensions: got 3 and 4
Steering failed, falling back to VLA: Tensors must have same number of dimensions: got 3 and 4
Steering failed, falling back to VLA: Tensors must have same number of dimensions: got 3 and 4
Steering failed, falling back to VLA: Tensors must have same number of dimensions: got 3 and 4
Steering failed, falling back to VLA: Tensors must have same number of dimensions: got 3 and 4
Steering failed, falling back to VLA: Tensors must have same number of dimensions: got 3 and 4
Steering failed, falling back to VLA: Tensors must have same number of dimensions: got 3 and 4
Steering failed, falling back to VLA: Tensors must have same number of dimensions: got 3 and 4
Steering failed, falling back to VLA: Tensors must have same number of dimensions: got 3 and 4
Steering failed, falling back to VLA: Tensors must have same number of dimensions: got 3 and 4
Steering failed, falling back to VLA: Tensors must have same number of dimensions: got 3 and 4
Steering failed, falling back to VLA: Tensors must have same number of dimensions: got 3 and 4
Steering failed, falling back to VLA: Tensors must have same number of dimensions: got 3 and 4
Steering failed, falling back to VLA: Tensors must have same number of dimensions: got 3 and 4
    [ce_ais] chain 7/10 task 1/1 step 100/360: running policy
Steering failed, falling back to VLA: Tensors must have same number of dimensions: got 3 and 4
    [ce_ais] chain 7/10 task 1/1 step 100/360: policy 0.01s, stepping env
Steering failed, falling back to VLA: Tensors must have same number of dimensions: got 3 and 4
Steering failed, falling back to VLA: Tensors must have same number of dimensions: got 3 and 4
Steering failed, falling back to VLA: Tensors must have same number of dimensions: got 3 and 4
Steering failed, falling back to VLA: Tensors must have same number of dimensions: got 3 and 4
Steering failed, falling back to VLA: Tensors must have same number of dimensions: got 3 and 4
Steering failed, falling back to VLA: Tensors must have same number of dimensions: got 3 and 4
Steering failed, falling back to VLA: Tensors must have same number of dimensions: got 3 and 4
Steering failed, falling back to VLA: Tensors must have same number of dimensions: got 3 and 4
Steering failed, falling back to VLA: Tensors must have same number of dimensions: got 3 and 4
Steering failed, falling back to VLA: Tensors must have same number of dimensions: got 3 and 4
Steering failed, falling back to VLA: Tensors must have same number of dimensions: got 3 and 4
Steering failed, falling back to VLA: Tensors must have same number of dimensions: got 3 and 4
Steering failed, falling back to VLA: Tensors must have same number of dimensions: got 3 and 4
Steering failed, falling back to VLA: Tensors must have same number of dimensions: got 3 and 4
Steering failed, falling back to VLA: Tensors must have same number of dimensions: got 3 and 4
Steering failed, falling back to VLA: Tensors must have same number of dimensions: got 3 and 4
Steering failed, falling back to VLA: Tensors must have same number of dimensions: got 3 and 4
Steering failed, falling back to VLA: Tensors must have same number of dimensions: got 3 and 4
Steering failed, falling back to VLA: Tensors must have same number of dimensions: got 3 and 4
Steering failed, falling back to VLA: Tensors must have same number of dimensions: got 3 and 4
Steering failed, falling back to VLA: Tensors must have same number of dimensions: got 3 and 4
Steering failed, falling back to VLA: Tensors must have same number of dimensions: got 3 and 4
Steering failed, falling back to VLA: Tensors must have same number of dimensions: got 3 and 4
Steering failed, falling back to VLA: Tensors must have same number of dimensions: got 3 and 4
    [ce_ais] chain 7/10 task 1/1 step 125/360: running policy
Steering failed, falling back to VLA: Tensors must have same number of dimensions: got 3 and 4
    [ce_ais] chain 7/10 task 1/1 step 125/360: policy 0.01s, stepping env
Steering failed, falling back to VLA: Tensors must have same number of dimensions: got 3 and 4
Steering failed, falling back to VLA: Tensors must have same number of dimensions: got 3 and 4
Steering failed, falling back to VLA: Tensors must have same number of dimensions: got 3 and 4
Steering failed, falling back to VLA: Tensors must have same number of dimensions: got 3 and 4
Steering failed, falling back to VLA: Tensors must have same number of dimensions: got 3 and 4
Steering failed, falling back to VLA: Tensors must have same number of dimensions: got 3 and 4
Steering failed, falling back to VLA: Tensors must have same number of dimensions: got 3 and 4
Steering failed, falling back to VLA: Tensors must have same number of dimensions: got 3 and 4
Steering failed, falling back to VLA: Tensors must have same number of dimensions: got 3 and 4
Steering failed, falling back to VLA: Tensors must have same number of dimensions: got 3 and 4
Steering failed, falling back to VLA: Tensors must have same number of dimensions: got 3 and 4
Steering failed, falling back to VLA: Tensors must have same number of dimensions: got 3 and 4
Steering failed, falling back to VLA: Tensors must have same number of dimensions: got 3 and 4
Steering failed, falling back to VLA: Tensors must have same number of dimensions: got 3 and 4
Steering failed, falling back to VLA: Tensors must have same number of dimensions: got 3 and 4
Steering failed, falling back to VLA: Tensors must have same number of dimensions: got 3 and 4
Steering failed, falling back to VLA: Tensors must have same number of dimensions: got 3 and 4
Steering failed, falling back to VLA: Tensors must have same number of dimensions: got 3 and 4
Steering failed, falling back to VLA: Tensors must have same number of dimensions: got 3 and 4
Steering failed, falling back to VLA: Tensors must have same number of dimensions: got 3 and 4
Steering failed, falling back to VLA: Tensors must have same number of dimensions: got 3 and 4
Steering failed, falling back to VLA: Tensors must have same number of dimensions: got 3 and 4
Steering failed, falling back to VLA: Tensors must have same number of dimensions: got 3 and 4
Steering failed, falling back to VLA: Tensors must have same number of dimensions: got 3 and 4
    [ce_ais] chain 7/10 task 1/1 step 150/360: running policy
Steering failed, falling back to VLA: Tensors must have same number of dimensions: got 3 and 4
    [ce_ais] chain 7/10 task 1/1 step 150/360: policy 0.01s, stepping env
Steering failed, falling back to VLA: Tensors must have same number of dimensions: got 3 and 4
Steering failed, falling back to VLA: Tensors must have same number of dimensions: got 3 and 4
Steering failed, falling back to VLA: Tensors must have same number of dimensions: got 3 and 4
Steering failed, falling back to VLA: Tensors must have same number of dimensions: got 3 and 4
Steering failed, falling back to VLA: Tensors must have same number of dimensions: got 3 and 4
Steering failed, falling back to VLA: Tensors must have same number of dimensions: got 3 and 4
Steering failed, falling back to VLA: Tensors must have same number of dimensions: got 3 and 4
Steering failed, falling back to VLA: Tensors must have same number of dimensions: got 3 and 4
Steering failed, falling back to VLA: Tensors must have same number of dimensions: got 3 and 4
Steering failed, falling back to VLA: Tensors must have same number of dimensions: got 3 and 4
Steering failed, falling back to VLA: Tensors must have same number of dimensions: got 3 and 4
Steering failed, falling back to VLA: Tensors must have same number of dimensions: got 3 and 4
Steering failed, falling back to VLA: Tensors must have same number of dimensions: got 3 and 4
Steering failed, falling back to VLA: Tensors must have same number of dimensions: got 3 and 4
Steering failed, falling back to VLA: Tensors must have same number of dimensions: got 3 and 4
Steering failed, falling back to VLA: Tensors must have same number of dimensions: got 3 and 4
Steering failed, falling back to VLA: Tensors must have same number of dimensions: got 3 and 4
Steering failed, falling back to VLA: Tensors must have same number of dimensions: got 3 and 4
Steering failed, falling back to VLA: Tensors must have same number of dimensions: got 3 and 4
Steering failed, falling back to VLA: Tensors must have same number of dimensions: got 3 and 4
Steering failed, falling back to VLA: Tensors must have same number of dimensions: got 3 and 4
Steering failed, falling back to VLA: Tensors must have same number of dimensions: got 3 and 4
Steering failed, falling back to VLA: Tensors must have same number of dimensions: got 3 and 4
Steering failed, falling back to VLA: Tensors must have same number of dimensions: got 3 and 4
    [ce_ais] chain 7/10 task 1/1 step 175/360: running policy
Steering failed, falling back to VLA: Tensors must have same number of dimensions: got 3 and 4
    [ce_ais] chain 7/10 task 1/1 step 175/360: policy 0.01s, stepping env
Steering failed, falling back to VLA: Tensors must have same number of dimensions: got 3 and 4
Steering failed, falling back to VLA: Tensors must have same number of dimensions: got 3 and 4
Steering failed, falling back to VLA: Tensors must have same number of dimensions: got 3 and 4
Steering failed, falling back to VLA: Tensors must have same number of dimensions: got 3 and 4
Steering failed, falling back to VLA: Tensors must have same number of dimensions: got 3 and 4
Steering failed, falling back to VLA: Tensors must have same number of dimensions: got 3 and 4
Steering failed, falling back to VLA: Tensors must have same number of dimensions: got 3 and 4
Steering failed, falling back to VLA: Tensors must have same number of dimensions: got 3 and 4
Steering failed, falling back to VLA: Tensors must have same number of dimensions: got 3 and 4
Steering failed, falling back to VLA: Tensors must have same number of dimensions: got 3 and 4
Steering failed, falling back to VLA: Tensors must have same number of dimensions: got 3 and 4
Steering failed, falling back to VLA: Tensors must have same number of dimensions: got 3 and 4
Steering failed, falling back to VLA: Tensors must have same number of dimensions: got 3 and 4
Steering failed, falling back to VLA: Tensors must have same number of dimensions: got 3 and 4
Steering failed, falling back to VLA: Tensors must have same number of dimensions: got 3 and 4
Steering failed, falling back to VLA: Tensors must have same number of dimensions: got 3 and 4
Steering failed, falling back to VLA: Tensors must have same number of dimensions: got 3 and 4
Steering failed, falling back to VLA: Tensors must have same number of dimensions: got 3 and 4
Steering failed, falling back to VLA: Tensors must have same number of dimensions: got 3 and 4
Steering failed, falling back to VLA: Tensors must have same number of dimensions: got 3 and 4
Steering failed, falling back to VLA: Tensors must have same number of dimensions: got 3 and 4
Steering failed, falling back to VLA: Tensors must have same number of dimensions: got 3 and 4
Steering failed, falling back to VLA: Tensors must have same number of dimensions: got 3 and 4
Steering failed, falling back to VLA: Tensors must have same number of dimensions: got 3 and 4
    [ce_ais] chain 7/10 task 1/1 step 200/360: running policy
Steering failed, falling back to VLA: Tensors must have same number of dimensions: got 3 and 4
    [ce_ais] chain 7/10 task 1/1 step 200/360: policy 0.01s, stepping env
Steering failed, falling back to VLA: Tensors must have same number of dimensions: got 3 and 4
Steering failed, falling back to VLA: Tensors must have same number of dimensions: got 3 and 4
Steering failed, falling back to VLA: Tensors must have same number of dimensions: got 3 and 4
Steering failed, falling back to VLA: Tensors must have same number of dimensions: got 3 and 4
Steering failed, falling back to VLA: Tensors must have same number of dimensions: got 3 and 4
Steering failed, falling back to VLA: Tensors must have same number of dimensions: got 3 and 4
Steering failed, falling back to VLA: Tensors must have same number of dimensions: got 3 and 4
Steering failed, falling back to VLA: Tensors must have same number of dimensions: got 3 and 4
Steering failed, falling back to VLA: Tensors must have same number of dimensions: got 3 and 4
Steering failed, falling back to VLA: Tensors must have same number of dimensions: got 3 and 4
Steering failed, falling back to VLA: Tensors must have same number of dimensions: got 3 and 4
Steering failed, falling back to VLA: Tensors must have same number of dimensions: got 3 and 4
Steering failed, falling back to VLA: Tensors must have same number of dimensions: got 3 and 4
Steering failed, falling back to VLA: Tensors must have same number of dimensions: got 3 and 4
Steering failed, falling back to VLA: Tensors must have same number of dimensions: got 3 and 4
Steering failed, falling back to VLA: Tensors must have same number of dimensions: got 3 and 4
Steering failed, falling back to VLA: Tensors must have same number of dimensions: got 3 and 4
Steering failed, falling back to VLA: Tensors must have same number of dimensions: got 3 and 4
Steering failed, falling back to VLA: Tensors must have same number of dimensions: got 3 and 4
Steering failed, falling back to VLA: Tensors must have same number of dimensions: got 3 and 4
Steering failed, falling back to VLA: Tensors must have same number of dimensions: got 3 and 4
Steering failed, falling back to VLA: Tensors must have same number of dimensions: got 3 and 4
Steering failed, falling back to VLA: Tensors must have same number of dimensions: got 3 and 4
Steering failed, falling back to VLA: Tensors must have same number of dimensions: got 3 and 4
    [ce_ais] chain 7/10 task 1/1 step 225/360: running policy
Steering failed, falling back to VLA: Tensors must have same number of dimensions: got 3 and 4
    [ce_ais] chain 7/10 task 1/1 step 225/360: policy 0.01s, stepping env
Steering failed, falling back to VLA: Tensors must have same number of dimensions: got 3 and 4
Steering failed, falling back to VLA: Tensors must have same number of dimensions: got 3 and 4
Steering failed, falling back to VLA: Tensors must have same number of dimensions: got 3 and 4
Steering failed, falling back to VLA: Tensors must have same number of dimensions: got 3 and 4
Steering failed, falling back to VLA: Tensors must have same number of dimensions: got 3 and 4
Steering failed, falling back to VLA: Tensors must have same number of dimensions: got 3 and 4
Steering failed, falling back to VLA: Tensors must have same number of dimensions: got 3 and 4
Steering failed, falling back to VLA: Tensors must have same number of dimensions: got 3 and 4
Steering failed, falling back to VLA: Tensors must have same number of dimensions: got 3 and 4
Steering failed, falling back to VLA: Tensors must have same number of dimensions: got 3 and 4
Steering failed, falling back to VLA: Tensors must have same number of dimensions: got 3 and 4
Steering failed, falling back to VLA: Tensors must have same number of dimensions: got 3 and 4
Steering failed, falling back to VLA: Tensors must have same number of dimensions: got 3 and 4
Steering failed, falling back to VLA: Tensors must have same number of dimensions: got 3 and 4
Steering failed, falling back to VLA: Tensors must have same number of dimensions: got 3 and 4
Steering failed, falling back to VLA: Tensors must have same number of dimensions: got 3 and 4
Steering failed, falling back to VLA: Tensors must have same number of dimensions: got 3 and 4
Steering failed, falling back to VLA: Tensors must have same number of dimensions: got 3 and 4
Steering failed, falling back to VLA: Tensors must have same number of dimensions: got 3 and 4
Steering failed, falling back to VLA: Tensors must have same number of dimensions: got 3 and 4
Steering failed, falling back to VLA: Tensors must have same number of dimensions: got 3 and 4
Steering failed, falling back to VLA: Tensors must have same number of dimensions: got 3 and 4
Steering failed, falling back to VLA: Tensors must have same number of dimensions: got 3 and 4
Steering failed, falling back to VLA: Tensors must have same number of dimensions: got 3 and 4
    [ce_ais] chain 7/10 task 1/1 step 250/360: running policy
Steering failed, falling back to VLA: Tensors must have same number of dimensions: got 3 and 4
    [ce_ais] chain 7/10 task 1/1 step 250/360: policy 0.01s, stepping env
Steering failed, falling back to VLA: Tensors must have same number of dimensions: got 3 and 4
Steering failed, falling back to VLA: Tensors must have same number of dimensions: got 3 and 4
Steering failed, falling back to VLA: Tensors must have same number of dimensions: got 3 and 4
Steering failed, falling back to VLA: Tensors must have same number of dimensions: got 3 and 4
Steering failed, falling back to VLA: Tensors must have same number of dimensions: got 3 and 4
Steering failed, falling back to VLA: Tensors must have same number of dimensions: got 3 and 4
Steering failed, falling back to VLA: Tensors must have same number of dimensions: got 3 and 4
Steering failed, falling back to VLA: Tensors must have same number of dimensions: got 3 and 4
Steering failed, falling back to VLA: Tensors must have same number of dimensions: got 3 and 4
Steering failed, falling back to VLA: Tensors must have same number of dimensions: got 3 and 4
Steering failed, falling back to VLA: Tensors must have same number of dimensions: got 3 and 4
Steering failed, falling back to VLA: Tensors must have same number of dimensions: got 3 and 4
Steering failed, falling back to VLA: Tensors must have same number of dimensions: got 3 and 4
Steering failed, falling back to VLA: Tensors must have same number of dimensions: got 3 and 4
Steering failed, falling back to VLA: Tensors must have same number of dimensions: got 3 and 4
Steering failed, falling back to VLA: Tensors must have same number of dimensions: got 3 and 4
Steering failed, falling back to VLA: Tensors must have same number of dimensions: got 3 and 4
Steering failed, falling back to VLA: Tensors must have same number of dimensions: got 3 and 4
Steering failed, falling back to VLA: Tensors must have same number of dimensions: got 3 and 4
Steering failed, falling back to VLA: Tensors must have same number of dimensions: got 3 and 4
Steering failed, falling back to VLA: Tensors must have same number of dimensions: got 3 and 4
Steering failed, falling back to VLA: Tensors must have same number of dimensions: got 3 and 4
Steering failed, falling back to VLA: Tensors must have same number of dimensions: got 3 and 4
Steering failed, falling back to VLA: Tensors must have same number of dimensions: got 3 and 4
    [ce_ais] chain 7/10 task 1/1 step 275/360: running policy
Steering failed, falling back to VLA: Tensors must have same number of dimensions: got 3 and 4
    [ce_ais] chain 7/10 task 1/1 step 275/360: policy 0.01s, stepping env
Steering failed, falling back to VLA: Tensors must have same number of dimensions: got 3 and 4
Steering failed, falling back to VLA: Tensors must have same number of dimensions: got 3 and 4
Steering failed, falling back to VLA: Tensors must have same number of dimensions: got 3 and 4
Steering failed, falling back to VLA: Tensors must have same number of dimensions: got 3 and 4
Steering failed, falling back to VLA: Tensors must have same number of dimensions: got 3 and 4
Steering failed, falling back to VLA: Tensors must have same number of dimensions: got 3 and 4
Steering failed, falling back to VLA: Tensors must have same number of dimensions: got 3 and 4
Steering failed, falling back to VLA: Tensors must have same number of dimensions: got 3 and 4
Steering failed, falling back to VLA: Tensors must have same number of dimensions: got 3 and 4
Steering failed, falling back to VLA: Tensors must have same number of dimensions: got 3 and 4
Steering failed, falling back to VLA: Tensors must have same number of dimensions: got 3 and 4
Steering failed, falling back to VLA: Tensors must have same number of dimensions: got 3 and 4
Steering failed, falling back to VLA: Tensors must have same number of dimensions: got 3 and 4
Steering failed, falling back to VLA: Tensors must have same number of dimensions: got 3 and 4
Steering failed, falling back to VLA: Tensors must have same number of dimensions: got 3 and 4
Steering failed, falling back to VLA: Tensors must have same number of dimensions: got 3 and 4
Steering failed, falling back to VLA: Tensors must have same number of dimensions: got 3 and 4
Steering failed, falling back to VLA: Tensors must have same number of dimensions: got 3 and 4
Steering failed, falling back to VLA: Tensors must have same number of dimensions: got 3 and 4
Steering failed, falling back to VLA: Tensors must have same number of dimensions: got 3 and 4
Steering failed, falling back to VLA: Tensors must have same number of dimensions: got 3 and 4
Steering failed, falling back to VLA: Tensors must have same number of dimensions: got 3 and 4
Steering failed, falling back to VLA: Tensors must have same number of dimensions: got 3 and 4
Steering failed, falling back to VLA: Tensors must have same number of dimensions: got 3 and 4
    [ce_ais] chain 7/10 task 1/1 step 300/360: running policy
Steering failed, falling back to VLA: Tensors must have same number of dimensions: got 3 and 4
    [ce_ais] chain 7/10 task 1/1 step 300/360: policy 0.01s, stepping env
Steering failed, falling back to VLA: Tensors must have same number of dimensions: got 3 and 4
Steering failed, falling back to VLA: Tensors must have same number of dimensions: got 3 and 4
Steering failed, falling back to VLA: Tensors must have same number of dimensions: got 3 and 4
Steering failed, falling back to VLA: Tensors must have same number of dimensions: got 3 and 4
Steering failed, falling back to VLA: Tensors must have same number of dimensions: got 3 and 4
Steering failed, falling back to VLA: Tensors must have same number of dimensions: got 3 and 4
Steering failed, falling back to VLA: Tensors must have same number of dimensions: got 3 and 4
Steering failed, falling back to VLA: Tensors must have same number of dimensions: got 3 and 4
Steering failed, falling back to VLA: Tensors must have same number of dimensions: got 3 and 4
Steering failed, falling back to VLA: Tensors must have same number of dimensions: got 3 and 4
Steering failed, falling back to VLA: Tensors must have same number of dimensions: got 3 and 4
Steering failed, falling back to VLA: Tensors must have same number of dimensions: got 3 and 4
Steering failed, falling back to VLA: Tensors must have same number of dimensions: got 3 and 4
Steering failed, falling back to VLA: Tensors must have same number of dimensions: got 3 and 4
Steering failed, falling back to VLA: Tensors must have same number of dimensions: got 3 and 4
Steering failed, falling back to VLA: Tensors must have same number of dimensions: got 3 and 4
Steering failed, falling back to VLA: Tensors must have same number of dimensions: got 3 and 4
Steering failed, falling back to VLA: Tensors must have same number of dimensions: got 3 and 4
Steering failed, falling back to VLA: Tensors must have same number of dimensions: got 3 and 4
Steering failed, falling back to VLA: Tensors must have same number of dimensions: got 3 and 4
Steering failed, falling back to VLA: Tensors must have same number of dimensions: got 3 and 4
Steering failed, falling back to VLA: Tensors must have same number of dimensions: got 3 and 4
Steering failed, falling back to VLA: Tensors must have same number of dimensions: got 3 and 4
Steering failed, falling back to VLA: Tensors must have same number of dimensions: got 3 and 4
    [ce_ais] chain 7/10 task 1/1 step 325/360: running policy
Steering failed, falling back to VLA: Tensors must have same number of dimensions: got 3 and 4
    [ce_ais] chain 7/10 task 1/1 step 325/360: policy 0.01s, stepping env
Steering failed, falling back to VLA: Tensors must have same number of dimensions: got 3 and 4
Steering failed, falling back to VLA: Tensors must have same number of dimensions: got 3 and 4
Steering failed, falling back to VLA: Tensors must have same number of dimensions: got 3 and 4
Steering failed, falling back to VLA: Tensors must have same number of dimensions: got 3 and 4
Steering failed, falling back to VLA: Tensors must have same number of dimensions: got 3 and 4
Steering failed, falling back to VLA: Tensors must have same number of dimensions: got 3 and 4
Steering failed, falling back to VLA: Tensors must have same number of dimensions: got 3 and 4
Steering failed, falling back to VLA: Tensors must have same number of dimensions: got 3 and 4
Steering failed, falling back to VLA: Tensors must have same number of dimensions: got 3 and 4
Steering failed, falling back to VLA: Tensors must have same number of dimensions: got 3 and 4
Steering failed, falling back to VLA: Tensors must have same number of dimensions: got 3 and 4
Steering failed, falling back to VLA: Tensors must have same number of dimensions: got 3 and 4
Steering failed, falling back to VLA: Tensors must have same number of dimensions: got 3 and 4
Steering failed, falling back to VLA: Tensors must have same number of dimensions: got 3 and 4
Steering failed, falling back to VLA: Tensors must have same number of dimensions: got 3 and 4
Steering failed, falling back to VLA: Tensors must have same number of dimensions: got 3 and 4
Steering failed, falling back to VLA: Tensors must have same number of dimensions: got 3 and 4
Steering failed, falling back to VLA: Tensors must have same number of dimensions: got 3 and 4
Steering failed, falling back to VLA: Tensors must have same number of dimensions: got 3 and 4
Steering failed, falling back to VLA: Tensors must have same number of dimensions: got 3 and 4
Steering failed, falling back to VLA: Tensors must have same number of dimensions: got 3 and 4
Steering failed, falling back to VLA: Tensors must have same number of dimensions: got 3 and 4
Steering failed, falling back to VLA: Tensors must have same number of dimensions: got 3 and 4
Steering failed, falling back to VLA: Tensors must have same number of dimensions: got 3 and 4
    [ce_ais] chain 7/10 task 1/1 step 350/360: running policy
Steering failed, falling back to VLA: Tensors must have same number of dimensions: got 3 and 4
    [ce_ais] chain 7/10 task 1/1 step 350/360: policy 0.01s, stepping env
Steering failed, falling back to VLA: Tensors must have same number of dimensions: got 3 and 4
Steering failed, falling back to VLA: Tensors must have same number of dimensions: got 3 and 4
Steering failed, falling back to VLA: Tensors must have same number of dimensions: got 3 and 4
Steering failed, falling back to VLA: Tensors must have same number of dimensions: got 3 and 4
Steering failed, falling back to VLA: Tensors must have same number of dimensions: got 3 and 4
Steering failed, falling back to VLA: Tensors must have same number of dimensions: got 3 and 4
Steering failed, falling back to VLA: Tensors must have same number of dimensions: got 3 and 4
Steering failed, falling back to VLA: Tensors must have same number of dimensions: got 3 and 4
Steering failed, falling back to VLA: Tensors must have same number of dimensions: got 3 and 4
Steering failed, falling back to VLA: Tensors must have same number of dimensions: got 3 and 4
    [ce_ais] chain 7/10 task 1/1 failed: 360 steps, 5.2s
    [ce_ais] chain 8/10 start: ['push_blue_block_right']
    [ce_ais] chain 8/10 instructions: ['go push the blue block right']
    [ce_ais] chain 8/10 task 1/1 start: push_blue_block_right | instruction: go push the blue block right
    [ce_ais] chain 8/10 task 1/1 step 1/360: running policy
Steering failed, falling back to VLA: Tensors must have same number of dimensions: got 3 and 4
    [ce_ais] chain 8/10 task 1/1 step 1/360: policy 0.01s, stepping env
Steering failed, falling back to VLA: Tensors must have same number of dimensions: got 3 and 4
Steering failed, falling back to VLA: Tensors must have same number of dimensions: got 3 and 4
Steering failed, falling back to VLA: Tensors must have same number of dimensions: got 3 and 4
Steering failed, falling back to VLA: Tensors must have same number of dimensions: got 3 and 4
Steering failed, falling back to VLA: Tensors must have same number of dimensions: got 3 and 4
Steering failed, falling back to VLA: Tensors must have same number of dimensions: got 3 and 4
Steering failed, falling back to VLA: Tensors must have same number of dimensions: got 3 and 4
Steering failed, falling back to VLA: Tensors must have same number of dimensions: got 3 and 4
Steering failed, falling back to VLA: Tensors must have same number of dimensions: got 3 and 4
Steering failed, falling back to VLA: Tensors must have same number of dimensions: got 3 and 4
Steering failed, falling back to VLA: Tensors must have same number of dimensions: got 3 and 4
Steering failed, falling back to VLA: Tensors must have same number of dimensions: got 3 and 4
Steering failed, falling back to VLA: Tensors must have same number of dimensions: got 3 and 4
Steering failed, falling back to VLA: Tensors must have same number of dimensions: got 3 and 4
Steering failed, falling back to VLA: Tensors must have same number of dimensions: got 3 and 4
Steering failed, falling back to VLA: Tensors must have same number of dimensions: got 3 and 4
Steering failed, falling back to VLA: Tensors must have same number of dimensions: got 3 and 4
Steering failed, falling back to VLA: Tensors must have same number of dimensions: got 3 and 4
Steering failed, falling back to VLA: Tensors must have same number of dimensions: got 3 and 4
Steering failed, falling back to VLA: Tensors must have same number of dimensions: got 3 and 4
Steering failed, falling back to VLA: Tensors must have same number of dimensions: got 3 and 4
Steering failed, falling back to VLA: Tensors must have same number of dimensions: got 3 and 4
Steering failed, falling back to VLA: Tensors must have same number of dimensions: got 3 and 4
    [ce_ais] chain 8/10 task 1/1 step 25/360: running policy
Steering failed, falling back to VLA: Tensors must have same number of dimensions: got 3 and 4
    [ce_ais] chain 8/10 task 1/1 step 25/360: policy 0.01s, stepping env
Steering failed, falling back to VLA: Tensors must have same number of dimensions: got 3 and 4
Steering failed, falling back to VLA: Tensors must have same number of dimensions: got 3 and 4
Steering failed, falling back to VLA: Tensors must have same number of dimensions: got 3 and 4
Steering failed, falling back to VLA: Tensors must have same number of dimensions: got 3 and 4
Steering failed, falling back to VLA: Tensors must have same number of dimensions: got 3 and 4
Steering failed, falling back to VLA: Tensors must have same number of dimensions: got 3 and 4
Steering failed, falling back to VLA: Tensors must have same number of dimensions: got 3 and 4
Steering failed, falling back to VLA: Tensors must have same number of dimensions: got 3 and 4
Steering failed, falling back to VLA: Tensors must have same number of dimensions: got 3 and 4
Steering failed, falling back to VLA: Tensors must have same number of dimensions: got 3 and 4
Steering failed, falling back to VLA: Tensors must have same number of dimensions: got 3 and 4
Steering failed, falling back to VLA: Tensors must have same number of dimensions: got 3 and 4
Steering failed, falling back to VLA: Tensors must have same number of dimensions: got 3 and 4
Steering failed, falling back to VLA: Tensors must have same number of dimensions: got 3 and 4
Steering failed, falling back to VLA: Tensors must have same number of dimensions: got 3 and 4
Steering failed, falling back to VLA: Tensors must have same number of dimensions: got 3 and 4
Steering failed, falling back to VLA: Tensors must have same number of dimensions: got 3 and 4
Steering failed, falling back to VLA: Tensors must have same number of dimensions: got 3 and 4
Steering failed, falling back to VLA: Tensors must have same number of dimensions: got 3 and 4
Steering failed, falling back to VLA: Tensors must have same number of dimensions: got 3 and 4
Steering failed, falling back to VLA: Tensors must have same number of dimensions: got 3 and 4
Steering failed, falling back to VLA: Tensors must have same number of dimensions: got 3 and 4
Steering failed, falling back to VLA: Tensors must have same number of dimensions: got 3 and 4
Steering failed, falling back to VLA: Tensors must have same number of dimensions: got 3 and 4
    [ce_ais] chain 8/10 task 1/1 step 50/360: running policy
Steering failed, falling back to VLA: Tensors must have same number of dimensions: got 3 and 4
    [ce_ais] chain 8/10 task 1/1 step 50/360: policy 0.01s, stepping env
Steering failed, falling back to VLA: Tensors must have same number of dimensions: got 3 and 4
Steering failed, falling back to VLA: Tensors must have same number of dimensions: got 3 and 4
Steering failed, falling back to VLA: Tensors must have same number of dimensions: got 3 and 4
Steering failed, falling back to VLA: Tensors must have same number of dimensions: got 3 and 4
Steering failed, falling back to VLA: Tensors must have same number of dimensions: got 3 and 4
Steering failed, falling back to VLA: Tensors must have same number of dimensions: got 3 and 4
Steering failed, falling back to VLA: Tensors must have same number of dimensions: got 3 and 4
Steering failed, falling back to VLA: Tensors must have same number of dimensions: got 3 and 4
Steering failed, falling back to VLA: Tensors must have same number of dimensions: got 3 and 4
Steering failed, falling back to VLA: Tensors must have same number of dimensions: got 3 and 4
Steering failed, falling back to VLA: Tensors must have same number of dimensions: got 3 and 4
Steering failed, falling back to VLA: Tensors must have same number of dimensions: got 3 and 4
Steering failed, falling back to VLA: Tensors must have same number of dimensions: got 3 and 4
Steering failed, falling back to VLA: Tensors must have same number of dimensions: got 3 and 4
Steering failed, falling back to VLA: Tensors must have same number of dimensions: got 3 and 4
Steering failed, falling back to VLA: Tensors must have same number of dimensions: got 3 and 4
Steering failed, falling back to VLA: Tensors must have same number of dimensions: got 3 and 4
Steering failed, falling back to VLA: Tensors must have same number of dimensions: got 3 and 4
Steering failed, falling back to VLA: Tensors must have same number of dimensions: got 3 and 4
Steering failed, falling back to VLA: Tensors must have same number of dimensions: got 3 and 4
Steering failed, falling back to VLA: Tensors must have same number of dimensions: got 3 and 4
Steering failed, falling back to VLA: Tensors must have same number of dimensions: got 3 and 4
Steering failed, falling back to VLA: Tensors must have same number of dimensions: got 3 and 4
Steering failed, falling back to VLA: Tensors must have same number of dimensions: got 3 and 4
    [ce_ais] chain 8/10 task 1/1 step 75/360: running policy
Steering failed, falling back to VLA: Tensors must have same number of dimensions: got 3 and 4
    [ce_ais] chain 8/10 task 1/1 step 75/360: policy 0.01s, stepping env
Steering failed, falling back to VLA: Tensors must have same number of dimensions: got 3 and 4
Steering failed, falling back to VLA: Tensors must have same number of dimensions: got 3 and 4
Steering failed, falling back to VLA: Tensors must have same number of dimensions: got 3 and 4
Steering failed, falling back to VLA: Tensors must have same number of dimensions: got 3 and 4
Steering failed, falling back to VLA: Tensors must have same number of dimensions: got 3 and 4
Steering failed, falling back to VLA: Tensors must have same number of dimensions: got 3 and 4
Steering failed, falling back to VLA: Tensors must have same number of dimensions: got 3 and 4
Steering failed, falling back to VLA: Tensors must have same number of dimensions: got 3 and 4
Steering failed, falling back to VLA: Tensors must have same number of dimensions: got 3 and 4
Steering failed, falling back to VLA: Tensors must have same number of dimensions: got 3 and 4
Steering failed, falling back to VLA: Tensors must have same number of dimensions: got 3 and 4
Steering failed, falling back to VLA: Tensors must have same number of dimensions: got 3 and 4
Steering failed, falling back to VLA: Tensors must have same number of dimensions: got 3 and 4
Steering failed, falling back to VLA: Tensors must have same number of dimensions: got 3 and 4
Steering failed, falling back to VLA: Tensors must have same number of dimensions: got 3 and 4
Steering failed, falling back to VLA: Tensors must have same number of dimensions: got 3 and 4
Steering failed, falling back to VLA: Tensors must have same number of dimensions: got 3 and 4
Steering failed, falling back to VLA: Tensors must have same number of dimensions: got 3 and 4
Steering failed, falling back to VLA: Tensors must have same number of dimensions: got 3 and 4
Steering failed, falling back to VLA: Tensors must have same number of dimensions: got 3 and 4
Steering failed, falling back to VLA: Tensors must have same number of dimensions: got 3 and 4
Steering failed, falling back to VLA: Tensors must have same number of dimensions: got 3 and 4
Steering failed, falling back to VLA: Tensors must have same number of dimensions: got 3 and 4
Steering failed, falling back to VLA: Tensors must have same number of dimensions: got 3 and 4
    [ce_ais] chain 8/10 task 1/1 step 100/360: running policy
Steering failed, falling back to VLA: Tensors must have same number of dimensions: got 3 and 4
    [ce_ais] chain 8/10 task 1/1 step 100/360: policy 0.01s, stepping env
Steering failed, falling back to VLA: Tensors must have same number of dimensions: got 3 and 4
Steering failed, falling back to VLA: Tensors must have same number of dimensions: got 3 and 4
Steering failed, falling back to VLA: Tensors must have same number of dimensions: got 3 and 4
Steering failed, falling back to VLA: Tensors must have same number of dimensions: got 3 and 4
Steering failed, falling back to VLA: Tensors must have same number of dimensions: got 3 and 4
Steering failed, falling back to VLA: Tensors must have same number of dimensions: got 3 and 4
Steering failed, falling back to VLA: Tensors must have same number of dimensions: got 3 and 4
Steering failed, falling back to VLA: Tensors must have same number of dimensions: got 3 and 4
Steering failed, falling back to VLA: Tensors must have same number of dimensions: got 3 and 4
Steering failed, falling back to VLA: Tensors must have same number of dimensions: got 3 and 4
Steering failed, falling back to VLA: Tensors must have same number of dimensions: got 3 and 4
Steering failed, falling back to VLA: Tensors must have same number of dimensions: got 3 and 4
Steering failed, falling back to VLA: Tensors must have same number of dimensions: got 3 and 4
Steering failed, falling back to VLA: Tensors must have same number of dimensions: got 3 and 4
Steering failed, falling back to VLA: Tensors must have same number of dimensions: got 3 and 4
Steering failed, falling back to VLA: Tensors must have same number of dimensions: got 3 and 4
Steering failed, falling back to VLA: Tensors must have same number of dimensions: got 3 and 4
Steering failed, falling back to VLA: Tensors must have same number of dimensions: got 3 and 4
Steering failed, falling back to VLA: Tensors must have same number of dimensions: got 3 and 4
Steering failed, falling back to VLA: Tensors must have same number of dimensions: got 3 and 4
Steering failed, falling back to VLA: Tensors must have same number of dimensions: got 3 and 4
Steering failed, falling back to VLA: Tensors must have same number of dimensions: got 3 and 4
Steering failed, falling back to VLA: Tensors must have same number of dimensions: got 3 and 4
Steering failed, falling back to VLA: Tensors must have same number of dimensions: got 3 and 4
    [ce_ais] chain 8/10 task 1/1 step 125/360: running policy
Steering failed, falling back to VLA: Tensors must have same number of dimensions: got 3 and 4
    [ce_ais] chain 8/10 task 1/1 step 125/360: policy 0.01s, stepping env
Steering failed, falling back to VLA: Tensors must have same number of dimensions: got 3 and 4
Steering failed, falling back to VLA: Tensors must have same number of dimensions: got 3 and 4
Steering failed, falling back to VLA: Tensors must have same number of dimensions: got 3 and 4
Steering failed, falling back to VLA: Tensors must have same number of dimensions: got 3 and 4
Steering failed, falling back to VLA: Tensors must have same number of dimensions: got 3 and 4
Steering failed, falling back to VLA: Tensors must have same number of dimensions: got 3 and 4
Steering failed, falling back to VLA: Tensors must have same number of dimensions: got 3 and 4
Steering failed, falling back to VLA: Tensors must have same number of dimensions: got 3 and 4
Steering failed, falling back to VLA: Tensors must have same number of dimensions: got 3 and 4
Steering failed, falling back to VLA: Tensors must have same number of dimensions: got 3 and 4
Steering failed, falling back to VLA: Tensors must have same number of dimensions: got 3 and 4
Steering failed, falling back to VLA: Tensors must have same number of dimensions: got 3 and 4
Steering failed, falling back to VLA: Tensors must have same number of dimensions: got 3 and 4
Steering failed, falling back to VLA: Tensors must have same number of dimensions: got 3 and 4
Steering failed, falling back to VLA: Tensors must have same number of dimensions: got 3 and 4
Steering failed, falling back to VLA: Tensors must have same number of dimensions: got 3 and 4
Steering failed, falling back to VLA: Tensors must have same number of dimensions: got 3 and 4
Steering failed, falling back to VLA: Tensors must have same number of dimensions: got 3 and 4
Steering failed, falling back to VLA: Tensors must have same number of dimensions: got 3 and 4
Steering failed, falling back to VLA: Tensors must have same number of dimensions: got 3 and 4
Steering failed, falling back to VLA: Tensors must have same number of dimensions: got 3 and 4
Steering failed, falling back to VLA: Tensors must have same number of dimensions: got 3 and 4
Steering failed, falling back to VLA: Tensors must have same number of dimensions: got 3 and 4
Steering failed, falling back to VLA: Tensors must have same number of dimensions: got 3 and 4
    [ce_ais] chain 8/10 task 1/1 step 150/360: running policy
Steering failed, falling back to VLA: Tensors must have same number of dimensions: got 3 and 4
    [ce_ais] chain 8/10 task 1/1 step 150/360: policy 0.01s, stepping env
Steering failed, falling back to VLA: Tensors must have same number of dimensions: got 3 and 4
Steering failed, falling back to VLA: Tensors must have same number of dimensions: got 3 and 4
Steering failed, falling back to VLA: Tensors must have same number of dimensions: got 3 and 4
Steering failed, falling back to VLA: Tensors must have same number of dimensions: got 3 and 4
Steering failed, falling back to VLA: Tensors must have same number of dimensions: got 3 and 4
Steering failed, falling back to VLA: Tensors must have same number of dimensions: got 3 and 4
Steering failed, falling back to VLA: Tensors must have same number of dimensions: got 3 and 4
Steering failed, falling back to VLA: Tensors must have same number of dimensions: got 3 and 4
Steering failed, falling back to VLA: Tensors must have same number of dimensions: got 3 and 4
Steering failed, falling back to VLA: Tensors must have same number of dimensions: got 3 and 4
Steering failed, falling back to VLA: Tensors must have same number of dimensions: got 3 and 4
Steering failed, falling back to VLA: Tensors must have same number of dimensions: got 3 and 4
Steering failed, falling back to VLA: Tensors must have same number of dimensions: got 3 and 4
Steering failed, falling back to VLA: Tensors must have same number of dimensions: got 3 and 4
Steering failed, falling back to VLA: Tensors must have same number of dimensions: got 3 and 4
Steering failed, falling back to VLA: Tensors must have same number of dimensions: got 3 and 4
Steering failed, falling back to VLA: Tensors must have same number of dimensions: got 3 and 4
Steering failed, falling back to VLA: Tensors must have same number of dimensions: got 3 and 4
Steering failed, falling back to VLA: Tensors must have same number of dimensions: got 3 and 4
Steering failed, falling back to VLA: Tensors must have same number of dimensions: got 3 and 4
Steering failed, falling back to VLA: Tensors must have same number of dimensions: got 3 and 4
Steering failed, falling back to VLA: Tensors must have same number of dimensions: got 3 and 4
Steering failed, falling back to VLA: Tensors must have same number of dimensions: got 3 and 4
Steering failed, falling back to VLA: Tensors must have same number of dimensions: got 3 and 4
    [ce_ais] chain 8/10 task 1/1 step 175/360: running policy
Steering failed, falling back to VLA: Tensors must have same number of dimensions: got 3 and 4
    [ce_ais] chain 8/10 task 1/1 step 175/360: policy 0.01s, stepping env
Steering failed, falling back to VLA: Tensors must have same number of dimensions: got 3 and 4
Steering failed, falling back to VLA: Tensors must have same number of dimensions: got 3 and 4
Steering failed, falling back to VLA: Tensors must have same number of dimensions: got 3 and 4
Steering failed, falling back to VLA: Tensors must have same number of dimensions: got 3 and 4
Steering failed, falling back to VLA: Tensors must have same number of dimensions: got 3 and 4
Steering failed, falling back to VLA: Tensors must have same number of dimensions: got 3 and 4
Steering failed, falling back to VLA: Tensors must have same number of dimensions: got 3 and 4
Steering failed, falling back to VLA: Tensors must have same number of dimensions: got 3 and 4
Steering failed, falling back to VLA: Tensors must have same number of dimensions: got 3 and 4
Steering failed, falling back to VLA: Tensors must have same number of dimensions: got 3 and 4
Steering failed, falling back to VLA: Tensors must have same number of dimensions: got 3 and 4
Steering failed, falling back to VLA: Tensors must have same number of dimensions: got 3 and 4
Steering failed, falling back to VLA: Tensors must have same number of dimensions: got 3 and 4
Steering failed, falling back to VLA: Tensors must have same number of dimensions: got 3 and 4
Steering failed, falling back to VLA: Tensors must have same number of dimensions: got 3 and 4
Steering failed, falling back to VLA: Tensors must have same number of dimensions: got 3 and 4
Steering failed, falling back to VLA: Tensors must have same number of dimensions: got 3 and 4
Steering failed, falling back to VLA: Tensors must have same number of dimensions: got 3 and 4
Steering failed, falling back to VLA: Tensors must have same number of dimensions: got 3 and 4
Steering failed, falling back to VLA: Tensors must have same number of dimensions: got 3 and 4
Steering failed, falling back to VLA: Tensors must have same number of dimensions: got 3 and 4
Steering failed, falling back to VLA: Tensors must have same number of dimensions: got 3 and 4
Steering failed, falling back to VLA: Tensors must have same number of dimensions: got 3 and 4
Steering failed, falling back to VLA: Tensors must have same number of dimensions: got 3 and 4
    [ce_ais] chain 8/10 task 1/1 step 200/360: running policy
Steering failed, falling back to VLA: Tensors must have same number of dimensions: got 3 and 4
    [ce_ais] chain 8/10 task 1/1 step 200/360: policy 0.01s, stepping env
Steering failed, falling back to VLA: Tensors must have same number of dimensions: got 3 and 4
Steering failed, falling back to VLA: Tensors must have same number of dimensions: got 3 and 4
Steering failed, falling back to VLA: Tensors must have same number of dimensions: got 3 and 4
Steering failed, falling back to VLA: Tensors must have same number of dimensions: got 3 and 4
Steering failed, falling back to VLA: Tensors must have same number of dimensions: got 3 and 4
Steering failed, falling back to VLA: Tensors must have same number of dimensions: got 3 and 4
Steering failed, falling back to VLA: Tensors must have same number of dimensions: got 3 and 4
Steering failed, falling back to VLA: Tensors must have same number of dimensions: got 3 and 4
Steering failed, falling back to VLA: Tensors must have same number of dimensions: got 3 and 4
Steering failed, falling back to VLA: Tensors must have same number of dimensions: got 3 and 4
Steering failed, falling back to VLA: Tensors must have same number of dimensions: got 3 and 4
Steering failed, falling back to VLA: Tensors must have same number of dimensions: got 3 and 4
Steering failed, falling back to VLA: Tensors must have same number of dimensions: got 3 and 4
Steering failed, falling back to VLA: Tensors must have same number of dimensions: got 3 and 4
Steering failed, falling back to VLA: Tensors must have same number of dimensions: got 3 and 4
Steering failed, falling back to VLA: Tensors must have same number of dimensions: got 3 and 4
Steering failed, falling back to VLA: Tensors must have same number of dimensions: got 3 and 4
Steering failed, falling back to VLA: Tensors must have same number of dimensions: got 3 and 4
Steering failed, falling back to VLA: Tensors must have same number of dimensions: got 3 and 4
Steering failed, falling back to VLA: Tensors must have same number of dimensions: got 3 and 4
Steering failed, falling back to VLA: Tensors must have same number of dimensions: got 3 and 4
Steering failed, falling back to VLA: Tensors must have same number of dimensions: got 3 and 4
Steering failed, falling back to VLA: Tensors must have same number of dimensions: got 3 and 4
Steering failed, falling back to VLA: Tensors must have same number of dimensions: got 3 and 4
    [ce_ais] chain 8/10 task 1/1 step 225/360: running policy
Steering failed, falling back to VLA: Tensors must have same number of dimensions: got 3 and 4
    [ce_ais] chain 8/10 task 1/1 step 225/360: policy 0.01s, stepping env
Steering failed, falling back to VLA: Tensors must have same number of dimensions: got 3 and 4
Steering failed, falling back to VLA: Tensors must have same number of dimensions: got 3 and 4
Steering failed, falling back to VLA: Tensors must have same number of dimensions: got 3 and 4
Steering failed, falling back to VLA: Tensors must have same number of dimensions: got 3 and 4
Steering failed, falling back to VLA: Tensors must have same number of dimensions: got 3 and 4
Steering failed, falling back to VLA: Tensors must have same number of dimensions: got 3 and 4
Steering failed, falling back to VLA: Tensors must have same number of dimensions: got 3 and 4
Steering failed, falling back to VLA: Tensors must have same number of dimensions: got 3 and 4
Steering failed, falling back to VLA: Tensors must have same number of dimensions: got 3 and 4
Steering failed, falling back to VLA: Tensors must have same number of dimensions: got 3 and 4
Steering failed, falling back to VLA: Tensors must have same number of dimensions: got 3 and 4
Steering failed, falling back to VLA: Tensors must have same number of dimensions: got 3 and 4
Steering failed, falling back to VLA: Tensors must have same number of dimensions: got 3 and 4
Steering failed, falling back to VLA: Tensors must have same number of dimensions: got 3 and 4
Steering failed, falling back to VLA: Tensors must have same number of dimensions: got 3 and 4
Steering failed, falling back to VLA: Tensors must have same number of dimensions: got 3 and 4
Steering failed, falling back to VLA: Tensors must have same number of dimensions: got 3 and 4
Steering failed, falling back to VLA: Tensors must have same number of dimensions: got 3 and 4
Steering failed, falling back to VLA: Tensors must have same number of dimensions: got 3 and 4
Steering failed, falling back to VLA: Tensors must have same number of dimensions: got 3 and 4
Steering failed, falling back to VLA: Tensors must have same number of dimensions: got 3 and 4
Steering failed, falling back to VLA: Tensors must have same number of dimensions: got 3 and 4
Steering failed, falling back to VLA: Tensors must have same number of dimensions: got 3 and 4
Steering failed, falling back to VLA: Tensors must have same number of dimensions: got 3 and 4
    [ce_ais] chain 8/10 task 1/1 step 250/360: running policy
Steering failed, falling back to VLA: Tensors must have same number of dimensions: got 3 and 4
    [ce_ais] chain 8/10 task 1/1 step 250/360: policy 0.01s, stepping env
Steering failed, falling back to VLA: Tensors must have same number of dimensions: got 3 and 4
Steering failed, falling back to VLA: Tensors must have same number of dimensions: got 3 and 4
Steering failed, falling back to VLA: Tensors must have same number of dimensions: got 3 and 4
Steering failed, falling back to VLA: Tensors must have same number of dimensions: got 3 and 4
Steering failed, falling back to VLA: Tensors must have same number of dimensions: got 3 and 4
Steering failed, falling back to VLA: Tensors must have same number of dimensions: got 3 and 4
Steering failed, falling back to VLA: Tensors must have same number of dimensions: got 3 and 4
Steering failed, falling back to VLA: Tensors must have same number of dimensions: got 3 and 4
Steering failed, falling back to VLA: Tensors must have same number of dimensions: got 3 and 4
Steering failed, falling back to VLA: Tensors must have same number of dimensions: got 3 and 4
Steering failed, falling back to VLA: Tensors must have same number of dimensions: got 3 and 4
Steering failed, falling back to VLA: Tensors must have same number of dimensions: got 3 and 4
Steering failed, falling back to VLA: Tensors must have same number of dimensions: got 3 and 4
Steering failed, falling back to VLA: Tensors must have same number of dimensions: got 3 and 4
Steering failed, falling back to VLA: Tensors must have same number of dimensions: got 3 and 4
Steering failed, falling back to VLA: Tensors must have same number of dimensions: got 3 and 4
Steering failed, falling back to VLA: Tensors must have same number of dimensions: got 3 and 4
Steering failed, falling back to VLA: Tensors must have same number of dimensions: got 3 and 4
Steering failed, falling back to VLA: Tensors must have same number of dimensions: got 3 and 4
Steering failed, falling back to VLA: Tensors must have same number of dimensions: got 3 and 4
Steering failed, falling back to VLA: Tensors must have same number of dimensions: got 3 and 4
Steering failed, falling back to VLA: Tensors must have same number of dimensions: got 3 and 4
Steering failed, falling back to VLA: Tensors must have same number of dimensions: got 3 and 4
Steering failed, falling back to VLA: Tensors must have same number of dimensions: got 3 and 4
    [ce_ais] chain 8/10 task 1/1 step 275/360: running policy
Steering failed, falling back to VLA: Tensors must have same number of dimensions: got 3 and 4
    [ce_ais] chain 8/10 task 1/1 step 275/360: policy 0.01s, stepping env
Steering failed, falling back to VLA: Tensors must have same number of dimensions: got 3 and 4
Steering failed, falling back to VLA: Tensors must have same number of dimensions: got 3 and 4
Steering failed, falling back to VLA: Tensors must have same number of dimensions: got 3 and 4
Steering failed, falling back to VLA: Tensors must have same number of dimensions: got 3 and 4
Steering failed, falling back to VLA: Tensors must have same number of dimensions: got 3 and 4
Steering failed, falling back to VLA: Tensors must have same number of dimensions: got 3 and 4
Steering failed, falling back to VLA: Tensors must have same number of dimensions: got 3 and 4
Steering failed, falling back to VLA: Tensors must have same number of dimensions: got 3 and 4
Steering failed, falling back to VLA: Tensors must have same number of dimensions: got 3 and 4
Steering failed, falling back to VLA: Tensors must have same number of dimensions: got 3 and 4
Steering failed, falling back to VLA: Tensors must have same number of dimensions: got 3 and 4
Steering failed, falling back to VLA: Tensors must have same number of dimensions: got 3 and 4
Steering failed, falling back to VLA: Tensors must have same number of dimensions: got 3 and 4
Steering failed, falling back to VLA: Tensors must have same number of dimensions: got 3 and 4
Steering failed, falling back to VLA: Tensors must have same number of dimensions: got 3 and 4
Steering failed, falling back to VLA: Tensors must have same number of dimensions: got 3 and 4
Steering failed, falling back to VLA: Tensors must have same number of dimensions: got 3 and 4
Steering failed, falling back to VLA: Tensors must have same number of dimensions: got 3 and 4
Steering failed, falling back to VLA: Tensors must have same number of dimensions: got 3 and 4
Steering failed, falling back to VLA: Tensors must have same number of dimensions: got 3 and 4
Steering failed, falling back to VLA: Tensors must have same number of dimensions: got 3 and 4
Steering failed, falling back to VLA: Tensors must have same number of dimensions: got 3 and 4
Steering failed, falling back to VLA: Tensors must have same number of dimensions: got 3 and 4
Steering failed, falling back to VLA: Tensors must have same number of dimensions: got 3 and 4
    [ce_ais] chain 8/10 task 1/1 step 300/360: running policy
Steering failed, falling back to VLA: Tensors must have same number of dimensions: got 3 and 4
    [ce_ais] chain 8/10 task 1/1 step 300/360: policy 0.01s, stepping env
Steering failed, falling back to VLA: Tensors must have same number of dimensions: got 3 and 4
Steering failed, falling back to VLA: Tensors must have same number of dimensions: got 3 and 4
Steering failed, falling back to VLA: Tensors must have same number of dimensions: got 3 and 4
Steering failed, falling back to VLA: Tensors must have same number of dimensions: got 3 and 4
Steering failed, falling back to VLA: Tensors must have same number of dimensions: got 3 and 4
Steering failed, falling back to VLA: Tensors must have same number of dimensions: got 3 and 4
Steering failed, falling back to VLA: Tensors must have same number of dimensions: got 3 and 4
Steering failed, falling back to VLA: Tensors must have same number of dimensions: got 3 and 4
Steering failed, falling back to VLA: Tensors must have same number of dimensions: got 3 and 4
Steering failed, falling back to VLA: Tensors must have same number of dimensions: got 3 and 4
Steering failed, falling back to VLA: Tensors must have same number of dimensions: got 3 and 4
Steering failed, falling back to VLA: Tensors must have same number of dimensions: got 3 and 4
Steering failed, falling back to VLA: Tensors must have same number of dimensions: got 3 and 4
Steering failed, falling back to VLA: Tensors must have same number of dimensions: got 3 and 4
Steering failed, falling back to VLA: Tensors must have same number of dimensions: got 3 and 4
Steering failed, falling back to VLA: Tensors must have same number of dimensions: got 3 and 4
Steering failed, falling back to VLA: Tensors must have same number of dimensions: got 3 and 4
Steering failed, falling back to VLA: Tensors must have same number of dimensions: got 3 and 4
Steering failed, falling back to VLA: Tensors must have same number of dimensions: got 3 and 4
Steering failed, falling back to VLA: Tensors must have same number of dimensions: got 3 and 4
Steering failed, falling back to VLA: Tensors must have same number of dimensions: got 3 and 4
Steering failed, falling back to VLA: Tensors must have same number of dimensions: got 3 and 4
Steering failed, falling back to VLA: Tensors must have same number of dimensions: got 3 and 4
Steering failed, falling back to VLA: Tensors must have same number of dimensions: got 3 and 4
    [ce_ais] chain 8/10 task 1/1 step 325/360: running policy
Steering failed, falling back to VLA: Tensors must have same number of dimensions: got 3 and 4
    [ce_ais] chain 8/10 task 1/1 step 325/360: policy 0.01s, stepping env
Steering failed, falling back to VLA: Tensors must have same number of dimensions: got 3 and 4
Steering failed, falling back to VLA: Tensors must have same number of dimensions: got 3 and 4
Steering failed, falling back to VLA: Tensors must have same number of dimensions: got 3 and 4
Steering failed, falling back to VLA: Tensors must have same number of dimensions: got 3 and 4
Steering failed, falling back to VLA: Tensors must have same number of dimensions: got 3 and 4
Steering failed, falling back to VLA: Tensors must have same number of dimensions: got 3 and 4
Steering failed, falling back to VLA: Tensors must have same number of dimensions: got 3 and 4
Steering failed, falling back to VLA: Tensors must have same number of dimensions: got 3 and 4
Steering failed, falling back to VLA: Tensors must have same number of dimensions: got 3 and 4
Steering failed, falling back to VLA: Tensors must have same number of dimensions: got 3 and 4
Steering failed, falling back to VLA: Tensors must have same number of dimensions: got 3 and 4
Steering failed, falling back to VLA: Tensors must have same number of dimensions: got 3 and 4
Steering failed, falling back to VLA: Tensors must have same number of dimensions: got 3 and 4
Steering failed, falling back to VLA: Tensors must have same number of dimensions: got 3 and 4
Steering failed, falling back to VLA: Tensors must have same number of dimensions: got 3 and 4
Steering failed, falling back to VLA: Tensors must have same number of dimensions: got 3 and 4
Steering failed, falling back to VLA: Tensors must have same number of dimensions: got 3 and 4
Steering failed, falling back to VLA: Tensors must have same number of dimensions: got 3 and 4
Steering failed, falling back to VLA: Tensors must have same number of dimensions: got 3 and 4
Steering failed, falling back to VLA: Tensors must have same number of dimensions: got 3 and 4
Steering failed, falling back to VLA: Tensors must have same number of dimensions: got 3 and 4
Steering failed, falling back to VLA: Tensors must have same number of dimensions: got 3 and 4
Steering failed, falling back to VLA: Tensors must have same number of dimensions: got 3 and 4
Steering failed, falling back to VLA: Tensors must have same number of dimensions: got 3 and 4
    [ce_ais] chain 8/10 task 1/1 step 350/360: running policy
Steering failed, falling back to VLA: Tensors must have same number of dimensions: got 3 and 4
    [ce_ais] chain 8/10 task 1/1 step 350/360: policy 0.01s, stepping env
Steering failed, falling back to VLA: Tensors must have same number of dimensions: got 3 and 4
Steering failed, falling back to VLA: Tensors must have same number of dimensions: got 3 and 4
Steering failed, falling back to VLA: Tensors must have same number of dimensions: got 3 and 4
Steering failed, falling back to VLA: Tensors must have same number of dimensions: got 3 and 4
Steering failed, falling back to VLA: Tensors must have same number of dimensions: got 3 and 4
Steering failed, falling back to VLA: Tensors must have same number of dimensions: got 3 and 4
Steering failed, falling back to VLA: Tensors must have same number of dimensions: got 3 and 4
Steering failed, falling back to VLA: Tensors must have same number of dimensions: got 3 and 4
Steering failed, falling back to VLA: Tensors must have same number of dimensions: got 3 and 4
Steering failed, falling back to VLA: Tensors must have same number of dimensions: got 3 and 4
    [ce_ais] chain 8/10 task 1/1 failed: 360 steps, 5.3s
    [ce_ais] chain 9/10 start: ['move_slider_left']
    [ce_ais] chain 9/10 instructions: ['push the sliding door to the left side']
    [ce_ais] chain 9/10 task 1/1 start: move_slider_left | instruction: push the sliding door to the left side
    [ce_ais] chain 9/10 task 1/1 step 1/360: running policy
Steering failed, falling back to VLA: Tensors must have same number of dimensions: got 3 and 4
    [ce_ais] chain 9/10 task 1/1 step 1/360: policy 0.01s, stepping env
Steering failed, falling back to VLA: Tensors must have same number of dimensions: got 3 and 4
Steering failed, falling back to VLA: Tensors must have same number of dimensions: got 3 and 4
Steering failed, falling back to VLA: Tensors must have same number of dimensions: got 3 and 4
Steering failed, falling back to VLA: Tensors must have same number of dimensions: got 3 and 4
Steering failed, falling back to VLA: Tensors must have same number of dimensions: got 3 and 4
Steering failed, falling back to VLA: Tensors must have same number of dimensions: got 3 and 4
Steering failed, falling back to VLA: Tensors must have same number of dimensions: got 3 and 4
Steering failed, falling back to VLA: Tensors must have same number of dimensions: got 3 and 4
Steering failed, falling back to VLA: Tensors must have same number of dimensions: got 3 and 4
Steering failed, falling back to VLA: Tensors must have same number of dimensions: got 3 and 4
Steering failed, falling back to VLA: Tensors must have same number of dimensions: got 3 and 4
Steering failed, falling back to VLA: Tensors must have same number of dimensions: got 3 and 4
Steering failed, falling back to VLA: Tensors must have same number of dimensions: got 3 and 4
Steering failed, falling back to VLA: Tensors must have same number of dimensions: got 3 and 4
Steering failed, falling back to VLA: Tensors must have same number of dimensions: got 3 and 4
Steering failed, falling back to VLA: Tensors must have same number of dimensions: got 3 and 4
Steering failed, falling back to VLA: Tensors must have same number of dimensions: got 3 and 4
Steering failed, falling back to VLA: Tensors must have same number of dimensions: got 3 and 4
Steering failed, falling back to VLA: Tensors must have same number of dimensions: got 3 and 4
Steering failed, falling back to VLA: Tensors must have same number of dimensions: got 3 and 4
Steering failed, falling back to VLA: Tensors must have same number of dimensions: got 3 and 4
Steering failed, falling back to VLA: Tensors must have same number of dimensions: got 3 and 4
Steering failed, falling back to VLA: Tensors must have same number of dimensions: got 3 and 4
    [ce_ais] chain 9/10 task 1/1 step 25/360: running policy
Steering failed, falling back to VLA: Tensors must have same number of dimensions: got 3 and 4
    [ce_ais] chain 9/10 task 1/1 step 25/360: policy 0.01s, stepping env
Steering failed, falling back to VLA: Tensors must have same number of dimensions: got 3 and 4
Steering failed, falling back to VLA: Tensors must have same number of dimensions: got 3 and 4
Steering failed, falling back to VLA: Tensors must have same number of dimensions: got 3 and 4
Steering failed, falling back to VLA: Tensors must have same number of dimensions: got 3 and 4
Steering failed, falling back to VLA: Tensors must have same number of dimensions: got 3 and 4
Steering failed, falling back to VLA: Tensors must have same number of dimensions: got 3 and 4
Steering failed, falling back to VLA: Tensors must have same number of dimensions: got 3 and 4
Steering failed, falling back to VLA: Tensors must have same number of dimensions: got 3 and 4
Steering failed, falling back to VLA: Tensors must have same number of dimensions: got 3 and 4
Steering failed, falling back to VLA: Tensors must have same number of dimensions: got 3 and 4
Steering failed, falling back to VLA: Tensors must have same number of dimensions: got 3 and 4
Steering failed, falling back to VLA: Tensors must have same number of dimensions: got 3 and 4
Steering failed, falling back to VLA: Tensors must have same number of dimensions: got 3 and 4
Steering failed, falling back to VLA: Tensors must have same number of dimensions: got 3 and 4
Steering failed, falling back to VLA: Tensors must have same number of dimensions: got 3 and 4
Steering failed, falling back to VLA: Tensors must have same number of dimensions: got 3 and 4
Steering failed, falling back to VLA: Tensors must have same number of dimensions: got 3 and 4
Steering failed, falling back to VLA: Tensors must have same number of dimensions: got 3 and 4
Steering failed, falling back to VLA: Tensors must have same number of dimensions: got 3 and 4
Steering failed, falling back to VLA: Tensors must have same number of dimensions: got 3 and 4
Steering failed, falling back to VLA: Tensors must have same number of dimensions: got 3 and 4
Steering failed, falling back to VLA: Tensors must have same number of dimensions: got 3 and 4
Steering failed, falling back to VLA: Tensors must have same number of dimensions: got 3 and 4
Steering failed, falling back to VLA: Tensors must have same number of dimensions: got 3 and 4
    [ce_ais] chain 9/10 task 1/1 step 50/360: running policy
Steering failed, falling back to VLA: Tensors must have same number of dimensions: got 3 and 4
    [ce_ais] chain 9/10 task 1/1 step 50/360: policy 0.01s, stepping env
Steering failed, falling back to VLA: Tensors must have same number of dimensions: got 3 and 4
Steering failed, falling back to VLA: Tensors must have same number of dimensions: got 3 and 4
Steering failed, falling back to VLA: Tensors must have same number of dimensions: got 3 and 4
Steering failed, falling back to VLA: Tensors must have same number of dimensions: got 3 and 4
Steering failed, falling back to VLA: Tensors must have same number of dimensions: got 3 and 4
Steering failed, falling back to VLA: Tensors must have same number of dimensions: got 3 and 4
Steering failed, falling back to VLA: Tensors must have same number of dimensions: got 3 and 4
Steering failed, falling back to VLA: Tensors must have same number of dimensions: got 3 and 4
Steering failed, falling back to VLA: Tensors must have same number of dimensions: got 3 and 4
Steering failed, falling back to VLA: Tensors must have same number of dimensions: got 3 and 4
Steering failed, falling back to VLA: Tensors must have same number of dimensions: got 3 and 4
Steering failed, falling back to VLA: Tensors must have same number of dimensions: got 3 and 4
Steering failed, falling back to VLA: Tensors must have same number of dimensions: got 3 and 4
Steering failed, falling back to VLA: Tensors must have same number of dimensions: got 3 and 4
Steering failed, falling back to VLA: Tensors must have same number of dimensions: got 3 and 4
Steering failed, falling back to VLA: Tensors must have same number of dimensions: got 3 and 4
Steering failed, falling back to VLA: Tensors must have same number of dimensions: got 3 and 4
Steering failed, falling back to VLA: Tensors must have same number of dimensions: got 3 and 4
Steering failed, falling back to VLA: Tensors must have same number of dimensions: got 3 and 4
Steering failed, falling back to VLA: Tensors must have same number of dimensions: got 3 and 4
Steering failed, falling back to VLA: Tensors must have same number of dimensions: got 3 and 4
Steering failed, falling back to VLA: Tensors must have same number of dimensions: got 3 and 4
Steering failed, falling back to VLA: Tensors must have same number of dimensions: got 3 and 4
Steering failed, falling back to VLA: Tensors must have same number of dimensions: got 3 and 4
    [ce_ais] chain 9/10 task 1/1 step 75/360: running policy
Steering failed, falling back to VLA: Tensors must have same number of dimensions: got 3 and 4
    [ce_ais] chain 9/10 task 1/1 step 75/360: policy 0.01s, stepping env
Steering failed, falling back to VLA: Tensors must have same number of dimensions: got 3 and 4
Steering failed, falling back to VLA: Tensors must have same number of dimensions: got 3 and 4
Steering failed, falling back to VLA: Tensors must have same number of dimensions: got 3 and 4
Steering failed, falling back to VLA: Tensors must have same number of dimensions: got 3 and 4
Steering failed, falling back to VLA: Tensors must have same number of dimensions: got 3 and 4
Steering failed, falling back to VLA: Tensors must have same number of dimensions: got 3 and 4
Steering failed, falling back to VLA: Tensors must have same number of dimensions: got 3 and 4
Steering failed, falling back to VLA: Tensors must have same number of dimensions: got 3 and 4
Steering failed, falling back to VLA: Tensors must have same number of dimensions: got 3 and 4
Steering failed, falling back to VLA: Tensors must have same number of dimensions: got 3 and 4
Steering failed, falling back to VLA: Tensors must have same number of dimensions: got 3 and 4
Steering failed, falling back to VLA: Tensors must have same number of dimensions: got 3 and 4
Steering failed, falling back to VLA: Tensors must have same number of dimensions: got 3 and 4
Steering failed, falling back to VLA: Tensors must have same number of dimensions: got 3 and 4
Steering failed, falling back to VLA: Tensors must have same number of dimensions: got 3 and 4
Steering failed, falling back to VLA: Tensors must have same number of dimensions: got 3 and 4
Steering failed, falling back to VLA: Tensors must have same number of dimensions: got 3 and 4
Steering failed, falling back to VLA: Tensors must have same number of dimensions: got 3 and 4
Steering failed, falling back to VLA: Tensors must have same number of dimensions: got 3 and 4
Steering failed, falling back to VLA: Tensors must have same number of dimensions: got 3 and 4
Steering failed, falling back to VLA: Tensors must have same number of dimensions: got 3 and 4
Steering failed, falling back to VLA: Tensors must have same number of dimensions: got 3 and 4
Steering failed, falling back to VLA: Tensors must have same number of dimensions: got 3 and 4
Steering failed, falling back to VLA: Tensors must have same number of dimensions: got 3 and 4
    [ce_ais] chain 9/10 task 1/1 step 100/360: running policy
Steering failed, falling back to VLA: Tensors must have same number of dimensions: got 3 and 4
    [ce_ais] chain 9/10 task 1/1 step 100/360: policy 0.01s, stepping env
Steering failed, falling back to VLA: Tensors must have same number of dimensions: got 3 and 4
Steering failed, falling back to VLA: Tensors must have same number of dimensions: got 3 and 4
Steering failed, falling back to VLA: Tensors must have same number of dimensions: got 3 and 4
Steering failed, falling back to VLA: Tensors must have same number of dimensions: got 3 and 4
Steering failed, falling back to VLA: Tensors must have same number of dimensions: got 3 and 4
Steering failed, falling back to VLA: Tensors must have same number of dimensions: got 3 and 4
Steering failed, falling back to VLA: Tensors must have same number of dimensions: got 3 and 4
Steering failed, falling back to VLA: Tensors must have same number of dimensions: got 3 and 4
Steering failed, falling back to VLA: Tensors must have same number of dimensions: got 3 and 4
Steering failed, falling back to VLA: Tensors must have same number of dimensions: got 3 and 4
Steering failed, falling back to VLA: Tensors must have same number of dimensions: got 3 and 4
Steering failed, falling back to VLA: Tensors must have same number of dimensions: got 3 and 4
Steering failed, falling back to VLA: Tensors must have same number of dimensions: got 3 and 4
Steering failed, falling back to VLA: Tensors must have same number of dimensions: got 3 and 4
Steering failed, falling back to VLA: Tensors must have same number of dimensions: got 3 and 4
Steering failed, falling back to VLA: Tensors must have same number of dimensions: got 3 and 4
Steering failed, falling back to VLA: Tensors must have same number of dimensions: got 3 and 4
Steering failed, falling back to VLA: Tensors must have same number of dimensions: got 3 and 4
Steering failed, falling back to VLA: Tensors must have same number of dimensions: got 3 and 4
Steering failed, falling back to VLA: Tensors must have same number of dimensions: got 3 and 4
Steering failed, falling back to VLA: Tensors must have same number of dimensions: got 3 and 4
Steering failed, falling back to VLA: Tensors must have same number of dimensions: got 3 and 4
Steering failed, falling back to VLA: Tensors must have same number of dimensions: got 3 and 4
Steering failed, falling back to VLA: Tensors must have same number of dimensions: got 3 and 4
    [ce_ais] chain 9/10 task 1/1 step 125/360: running policy
Steering failed, falling back to VLA: Tensors must have same number of dimensions: got 3 and 4
    [ce_ais] chain 9/10 task 1/1 step 125/360: policy 0.01s, stepping env
Steering failed, falling back to VLA: Tensors must have same number of dimensions: got 3 and 4
Steering failed, falling back to VLA: Tensors must have same number of dimensions: got 3 and 4
Steering failed, falling back to VLA: Tensors must have same number of dimensions: got 3 and 4
Steering failed, falling back to VLA: Tensors must have same number of dimensions: got 3 and 4
Steering failed, falling back to VLA: Tensors must have same number of dimensions: got 3 and 4
Steering failed, falling back to VLA: Tensors must have same number of dimensions: got 3 and 4
Steering failed, falling back to VLA: Tensors must have same number of dimensions: got 3 and 4
Steering failed, falling back to VLA: Tensors must have same number of dimensions: got 3 and 4
Steering failed, falling back to VLA: Tensors must have same number of dimensions: got 3 and 4
Steering failed, falling back to VLA: Tensors must have same number of dimensions: got 3 and 4
Steering failed, falling back to VLA: Tensors must have same number of dimensions: got 3 and 4
Steering failed, falling back to VLA: Tensors must have same number of dimensions: got 3 and 4
Steering failed, falling back to VLA: Tensors must have same number of dimensions: got 3 and 4
Steering failed, falling back to VLA: Tensors must have same number of dimensions: got 3 and 4
Steering failed, falling back to VLA: Tensors must have same number of dimensions: got 3 and 4
Steering failed, falling back to VLA: Tensors must have same number of dimensions: got 3 and 4
Steering failed, falling back to VLA: Tensors must have same number of dimensions: got 3 and 4
Steering failed, falling back to VLA: Tensors must have same number of dimensions: got 3 and 4
Steering failed, falling back to VLA: Tensors must have same number of dimensions: got 3 and 4
Steering failed, falling back to VLA: Tensors must have same number of dimensions: got 3 and 4
Steering failed, falling back to VLA: Tensors must have same number of dimensions: got 3 and 4
Steering failed, falling back to VLA: Tensors must have same number of dimensions: got 3 and 4
Steering failed, falling back to VLA: Tensors must have same number of dimensions: got 3 and 4
Steering failed, falling back to VLA: Tensors must have same number of dimensions: got 3 and 4
    [ce_ais] chain 9/10 task 1/1 step 150/360: running policy
Steering failed, falling back to VLA: Tensors must have same number of dimensions: got 3 and 4
    [ce_ais] chain 9/10 task 1/1 step 150/360: policy 0.01s, stepping env
Steering failed, falling back to VLA: Tensors must have same number of dimensions: got 3 and 4
Steering failed, falling back to VLA: Tensors must have same number of dimensions: got 3 and 4
Steering failed, falling back to VLA: Tensors must have same number of dimensions: got 3 and 4
Steering failed, falling back to VLA: Tensors must have same number of dimensions: got 3 and 4
Steering failed, falling back to VLA: Tensors must have same number of dimensions: got 3 and 4
Steering failed, falling back to VLA: Tensors must have same number of dimensions: got 3 and 4
Steering failed, falling back to VLA: Tensors must have same number of dimensions: got 3 and 4
Steering failed, falling back to VLA: Tensors must have same number of dimensions: got 3 and 4
Steering failed, falling back to VLA: Tensors must have same number of dimensions: got 3 and 4
Steering failed, falling back to VLA: Tensors must have same number of dimensions: got 3 and 4
Steering failed, falling back to VLA: Tensors must have same number of dimensions: got 3 and 4
Steering failed, falling back to VLA: Tensors must have same number of dimensions: got 3 and 4
Steering failed, falling back to VLA: Tensors must have same number of dimensions: got 3 and 4
Steering failed, falling back to VLA: Tensors must have same number of dimensions: got 3 and 4
Steering failed, falling back to VLA: Tensors must have same number of dimensions: got 3 and 4
Steering failed, falling back to VLA: Tensors must have same number of dimensions: got 3 and 4
Steering failed, falling back to VLA: Tensors must have same number of dimensions: got 3 and 4
Steering failed, falling back to VLA: Tensors must have same number of dimensions: got 3 and 4
Steering failed, falling back to VLA: Tensors must have same number of dimensions: got 3 and 4
Steering failed, falling back to VLA: Tensors must have same number of dimensions: got 3 and 4
Steering failed, falling back to VLA: Tensors must have same number of dimensions: got 3 and 4
Steering failed, falling back to VLA: Tensors must have same number of dimensions: got 3 and 4
Steering failed, falling back to VLA: Tensors must have same number of dimensions: got 3 and 4
Steering failed, falling back to VLA: Tensors must have same number of dimensions: got 3 and 4
    [ce_ais] chain 9/10 task 1/1 step 175/360: running policy
Steering failed, falling back to VLA: Tensors must have same number of dimensions: got 3 and 4
    [ce_ais] chain 9/10 task 1/1 step 175/360: policy 0.01s, stepping env
Steering failed, falling back to VLA: Tensors must have same number of dimensions: got 3 and 4
Steering failed, falling back to VLA: Tensors must have same number of dimensions: got 3 and 4
Steering failed, falling back to VLA: Tensors must have same number of dimensions: got 3 and 4
Steering failed, falling back to VLA: Tensors must have same number of dimensions: got 3 and 4
Steering failed, falling back to VLA: Tensors must have same number of dimensions: got 3 and 4
Steering failed, falling back to VLA: Tensors must have same number of dimensions: got 3 and 4
Steering failed, falling back to VLA: Tensors must have same number of dimensions: got 3 and 4
Steering failed, falling back to VLA: Tensors must have same number of dimensions: got 3 and 4
Steering failed, falling back to VLA: Tensors must have same number of dimensions: got 3 and 4
Steering failed, falling back to VLA: Tensors must have same number of dimensions: got 3 and 4
Steering failed, falling back to VLA: Tensors must have same number of dimensions: got 3 and 4
Steering failed, falling back to VLA: Tensors must have same number of dimensions: got 3 and 4
Steering failed, falling back to VLA: Tensors must have same number of dimensions: got 3 and 4
Steering failed, falling back to VLA: Tensors must have same number of dimensions: got 3 and 4
Steering failed, falling back to VLA: Tensors must have same number of dimensions: got 3 and 4
Steering failed, falling back to VLA: Tensors must have same number of dimensions: got 3 and 4
Steering failed, falling back to VLA: Tensors must have same number of dimensions: got 3 and 4
Steering failed, falling back to VLA: Tensors must have same number of dimensions: got 3 and 4
Steering failed, falling back to VLA: Tensors must have same number of dimensions: got 3 and 4
Steering failed, falling back to VLA: Tensors must have same number of dimensions: got 3 and 4
Steering failed, falling back to VLA: Tensors must have same number of dimensions: got 3 and 4
Steering failed, falling back to VLA: Tensors must have same number of dimensions: got 3 and 4
Steering failed, falling back to VLA: Tensors must have same number of dimensions: got 3 and 4
Steering failed, falling back to VLA: Tensors must have same number of dimensions: got 3 and 4
    [ce_ais] chain 9/10 task 1/1 step 200/360: running policy
Steering failed, falling back to VLA: Tensors must have same number of dimensions: got 3 and 4
    [ce_ais] chain 9/10 task 1/1 step 200/360: policy 0.01s, stepping env
Steering failed, falling back to VLA: Tensors must have same number of dimensions: got 3 and 4
Steering failed, falling back to VLA: Tensors must have same number of dimensions: got 3 and 4
Steering failed, falling back to VLA: Tensors must have same number of dimensions: got 3 and 4
Steering failed, falling back to VLA: Tensors must have same number of dimensions: got 3 and 4
Steering failed, falling back to VLA: Tensors must have same number of dimensions: got 3 and 4
Steering failed, falling back to VLA: Tensors must have same number of dimensions: got 3 and 4
Steering failed, falling back to VLA: Tensors must have same number of dimensions: got 3 and 4
Steering failed, falling back to VLA: Tensors must have same number of dimensions: got 3 and 4
Steering failed, falling back to VLA: Tensors must have same number of dimensions: got 3 and 4
Steering failed, falling back to VLA: Tensors must have same number of dimensions: got 3 and 4
Steering failed, falling back to VLA: Tensors must have same number of dimensions: got 3 and 4
Steering failed, falling back to VLA: Tensors must have same number of dimensions: got 3 and 4
Steering failed, falling back to VLA: Tensors must have same number of dimensions: got 3 and 4
Steering failed, falling back to VLA: Tensors must have same number of dimensions: got 3 and 4
Steering failed, falling back to VLA: Tensors must have same number of dimensions: got 3 and 4
Steering failed, falling back to VLA: Tensors must have same number of dimensions: got 3 and 4
Steering failed, falling back to VLA: Tensors must have same number of dimensions: got 3 and 4
Steering failed, falling back to VLA: Tensors must have same number of dimensions: got 3 and 4
Steering failed, falling back to VLA: Tensors must have same number of dimensions: got 3 and 4
Steering failed, falling back to VLA: Tensors must have same number of dimensions: got 3 and 4
Steering failed, falling back to VLA: Tensors must have same number of dimensions: got 3 and 4
Steering failed, falling back to VLA: Tensors must have same number of dimensions: got 3 and 4
Steering failed, falling back to VLA: Tensors must have same number of dimensions: got 3 and 4
Steering failed, falling back to VLA: Tensors must have same number of dimensions: got 3 and 4
    [ce_ais] chain 9/10 task 1/1 step 225/360: running policy
Steering failed, falling back to VLA: Tensors must have same number of dimensions: got 3 and 4
    [ce_ais] chain 9/10 task 1/1 step 225/360: policy 0.01s, stepping env
Steering failed, falling back to VLA: Tensors must have same number of dimensions: got 3 and 4
Steering failed, falling back to VLA: Tensors must have same number of dimensions: got 3 and 4
Steering failed, falling back to VLA: Tensors must have same number of dimensions: got 3 and 4
Steering failed, falling back to VLA: Tensors must have same number of dimensions: got 3 and 4
Steering failed, falling back to VLA: Tensors must have same number of dimensions: got 3 and 4
Steering failed, falling back to VLA: Tensors must have same number of dimensions: got 3 and 4
Steering failed, falling back to VLA: Tensors must have same number of dimensions: got 3 and 4
Steering failed, falling back to VLA: Tensors must have same number of dimensions: got 3 and 4
Steering failed, falling back to VLA: Tensors must have same number of dimensions: got 3 and 4
Steering failed, falling back to VLA: Tensors must have same number of dimensions: got 3 and 4
Steering failed, falling back to VLA: Tensors must have same number of dimensions: got 3 and 4
Steering failed, falling back to VLA: Tensors must have same number of dimensions: got 3 and 4
Steering failed, falling back to VLA: Tensors must have same number of dimensions: got 3 and 4
Steering failed, falling back to VLA: Tensors must have same number of dimensions: got 3 and 4
Steering failed, falling back to VLA: Tensors must have same number of dimensions: got 3 and 4
Steering failed, falling back to VLA: Tensors must have same number of dimensions: got 3 and 4
Steering failed, falling back to VLA: Tensors must have same number of dimensions: got 3 and 4
Steering failed, falling back to VLA: Tensors must have same number of dimensions: got 3 and 4
Steering failed, falling back to VLA: Tensors must have same number of dimensions: got 3 and 4
Steering failed, falling back to VLA: Tensors must have same number of dimensions: got 3 and 4
Steering failed, falling back to VLA: Tensors must have same number of dimensions: got 3 and 4
Steering failed, falling back to VLA: Tensors must have same number of dimensions: got 3 and 4
Steering failed, falling back to VLA: Tensors must have same number of dimensions: got 3 and 4
Steering failed, falling back to VLA: Tensors must have same number of dimensions: got 3 and 4
    [ce_ais] chain 9/10 task 1/1 step 250/360: running policy
Steering failed, falling back to VLA: Tensors must have same number of dimensions: got 3 and 4
    [ce_ais] chain 9/10 task 1/1 step 250/360: policy 0.01s, stepping env
Steering failed, falling back to VLA: Tensors must have same number of dimensions: got 3 and 4
Steering failed, falling back to VLA: Tensors must have same number of dimensions: got 3 and 4
Steering failed, falling back to VLA: Tensors must have same number of dimensions: got 3 and 4
Steering failed, falling back to VLA: Tensors must have same number of dimensions: got 3 and 4
Steering failed, falling back to VLA: Tensors must have same number of dimensions: got 3 and 4
Steering failed, falling back to VLA: Tensors must have same number of dimensions: got 3 and 4
Steering failed, falling back to VLA: Tensors must have same number of dimensions: got 3 and 4
Steering failed, falling back to VLA: Tensors must have same number of dimensions: got 3 and 4
Steering failed, falling back to VLA: Tensors must have same number of dimensions: got 3 and 4
Steering failed, falling back to VLA: Tensors must have same number of dimensions: got 3 and 4
Steering failed, falling back to VLA: Tensors must have same number of dimensions: got 3 and 4
Steering failed, falling back to VLA: Tensors must have same number of dimensions: got 3 and 4
Steering failed, falling back to VLA: Tensors must have same number of dimensions: got 3 and 4
Steering failed, falling back to VLA: Tensors must have same number of dimensions: got 3 and 4
Steering failed, falling back to VLA: Tensors must have same number of dimensions: got 3 and 4
Steering failed, falling back to VLA: Tensors must have same number of dimensions: got 3 and 4
Steering failed, falling back to VLA: Tensors must have same number of dimensions: got 3 and 4
Steering failed, falling back to VLA: Tensors must have same number of dimensions: got 3 and 4
Steering failed, falling back to VLA: Tensors must have same number of dimensions: got 3 and 4
Steering failed, falling back to VLA: Tensors must have same number of dimensions: got 3 and 4
Steering failed, falling back to VLA: Tensors must have same number of dimensions: got 3 and 4
Steering failed, falling back to VLA: Tensors must have same number of dimensions: got 3 and 4
Steering failed, falling back to VLA: Tensors must have same number of dimensions: got 3 and 4
Steering failed, falling back to VLA: Tensors must have same number of dimensions: got 3 and 4
    [ce_ais] chain 9/10 task 1/1 step 275/360: running policy
Steering failed, falling back to VLA: Tensors must have same number of dimensions: got 3 and 4
    [ce_ais] chain 9/10 task 1/1 step 275/360: policy 0.01s, stepping env
Steering failed, falling back to VLA: Tensors must have same number of dimensions: got 3 and 4
Steering failed, falling back to VLA: Tensors must have same number of dimensions: got 3 and 4
Steering failed, falling back to VLA: Tensors must have same number of dimensions: got 3 and 4
Steering failed, falling back to VLA: Tensors must have same number of dimensions: got 3 and 4
Steering failed, falling back to VLA: Tensors must have same number of dimensions: got 3 and 4
Steering failed, falling back to VLA: Tensors must have same number of dimensions: got 3 and 4
Steering failed, falling back to VLA: Tensors must have same number of dimensions: got 3 and 4
Steering failed, falling back to VLA: Tensors must have same number of dimensions: got 3 and 4
Steering failed, falling back to VLA: Tensors must have same number of dimensions: got 3 and 4
Steering failed, falling back to VLA: Tensors must have same number of dimensions: got 3 and 4
Steering failed, falling back to VLA: Tensors must have same number of dimensions: got 3 and 4
Steering failed, falling back to VLA: Tensors must have same number of dimensions: got 3 and 4
Steering failed, falling back to VLA: Tensors must have same number of dimensions: got 3 and 4
Steering failed, falling back to VLA: Tensors must have same number of dimensions: got 3 and 4
Steering failed, falling back to VLA: Tensors must have same number of dimensions: got 3 and 4
Steering failed, falling back to VLA: Tensors must have same number of dimensions: got 3 and 4
Steering failed, falling back to VLA: Tensors must have same number of dimensions: got 3 and 4
Steering failed, falling back to VLA: Tensors must have same number of dimensions: got 3 and 4
Steering failed, falling back to VLA: Tensors must have same number of dimensions: got 3 and 4
Steering failed, falling back to VLA: Tensors must have same number of dimensions: got 3 and 4
Steering failed, falling back to VLA: Tensors must have same number of dimensions: got 3 and 4
Steering failed, falling back to VLA: Tensors must have same number of dimensions: got 3 and 4
Steering failed, falling back to VLA: Tensors must have same number of dimensions: got 3 and 4
Steering failed, falling back to VLA: Tensors must have same number of dimensions: got 3 and 4
    [ce_ais] chain 9/10 task 1/1 step 300/360: running policy
Steering failed, falling back to VLA: Tensors must have same number of dimensions: got 3 and 4
    [ce_ais] chain 9/10 task 1/1 step 300/360: policy 0.01s, stepping env
Steering failed, falling back to VLA: Tensors must have same number of dimensions: got 3 and 4
Steering failed, falling back to VLA: Tensors must have same number of dimensions: got 3 and 4
Steering failed, falling back to VLA: Tensors must have same number of dimensions: got 3 and 4
Steering failed, falling back to VLA: Tensors must have same number of dimensions: got 3 and 4
Steering failed, falling back to VLA: Tensors must have same number of dimensions: got 3 and 4
Steering failed, falling back to VLA: Tensors must have same number of dimensions: got 3 and 4
Steering failed, falling back to VLA: Tensors must have same number of dimensions: got 3 and 4
Steering failed, falling back to VLA: Tensors must have same number of dimensions: got 3 and 4
Steering failed, falling back to VLA: Tensors must have same number of dimensions: got 3 and 4
Steering failed, falling back to VLA: Tensors must have same number of dimensions: got 3 and 4
Steering failed, falling back to VLA: Tensors must have same number of dimensions: got 3 and 4
Steering failed, falling back to VLA: Tensors must have same number of dimensions: got 3 and 4
Steering failed, falling back to VLA: Tensors must have same number of dimensions: got 3 and 4
Steering failed, falling back to VLA: Tensors must have same number of dimensions: got 3 and 4
Steering failed, falling back to VLA: Tensors must have same number of dimensions: got 3 and 4
Steering failed, falling back to VLA: Tensors must have same number of dimensions: got 3 and 4
Steering failed, falling back to VLA: Tensors must have same number of dimensions: got 3 and 4
Steering failed, falling back to VLA: Tensors must have same number of dimensions: got 3 and 4
Steering failed, falling back to VLA: Tensors must have same number of dimensions: got 3 and 4
Steering failed, falling back to VLA: Tensors must have same number of dimensions: got 3 and 4
Steering failed, falling back to VLA: Tensors must have same number of dimensions: got 3 and 4
Steering failed, falling back to VLA: Tensors must have same number of dimensions: got 3 and 4
Steering failed, falling back to VLA: Tensors must have same number of dimensions: got 3 and 4
Steering failed, falling back to VLA: Tensors must have same number of dimensions: got 3 and 4
    [ce_ais] chain 9/10 task 1/1 step 325/360: running policy
Steering failed, falling back to VLA: Tensors must have same number of dimensions: got 3 and 4
    [ce_ais] chain 9/10 task 1/1 step 325/360: policy 0.01s, stepping env
Steering failed, falling back to VLA: Tensors must have same number of dimensions: got 3 and 4
Steering failed, falling back to VLA: Tensors must have same number of dimensions: got 3 and 4
Steering failed, falling back to VLA: Tensors must have same number of dimensions: got 3 and 4
Steering failed, falling back to VLA: Tensors must have same number of dimensions: got 3 and 4
Steering failed, falling back to VLA: Tensors must have same number of dimensions: got 3 and 4
Steering failed, falling back to VLA: Tensors must have same number of dimensions: got 3 and 4
Steering failed, falling back to VLA: Tensors must have same number of dimensions: got 3 and 4
Steering failed, falling back to VLA: Tensors must have same number of dimensions: got 3 and 4
Steering failed, falling back to VLA: Tensors must have same number of dimensions: got 3 and 4
Steering failed, falling back to VLA: Tensors must have same number of dimensions: got 3 and 4
Steering failed, falling back to VLA: Tensors must have same number of dimensions: got 3 and 4
Steering failed, falling back to VLA: Tensors must have same number of dimensions: got 3 and 4
Steering failed, falling back to VLA: Tensors must have same number of dimensions: got 3 and 4
Steering failed, falling back to VLA: Tensors must have same number of dimensions: got 3 and 4
Steering failed, falling back to VLA: Tensors must have same number of dimensions: got 3 and 4
Steering failed, falling back to VLA: Tensors must have same number of dimensions: got 3 and 4
Steering failed, falling back to VLA: Tensors must have same number of dimensions: got 3 and 4
Steering failed, falling back to VLA: Tensors must have same number of dimensions: got 3 and 4
Steering failed, falling back to VLA: Tensors must have same number of dimensions: got 3 and 4
Steering failed, falling back to VLA: Tensors must have same number of dimensions: got 3 and 4
Steering failed, falling back to VLA: Tensors must have same number of dimensions: got 3 and 4
Steering failed, falling back to VLA: Tensors must have same number of dimensions: got 3 and 4
Steering failed, falling back to VLA: Tensors must have same number of dimensions: got 3 and 4
Steering failed, falling back to VLA: Tensors must have same number of dimensions: got 3 and 4
    [ce_ais] chain 9/10 task 1/1 step 350/360: running policy
Steering failed, falling back to VLA: Tensors must have same number of dimensions: got 3 and 4
    [ce_ais] chain 9/10 task 1/1 step 350/360: policy 0.01s, stepping env
Steering failed, falling back to VLA: Tensors must have same number of dimensions: got 3 and 4
Steering failed, falling back to VLA: Tensors must have same number of dimensions: got 3 and 4
Steering failed, falling back to VLA: Tensors must have same number of dimensions: got 3 and 4
Steering failed, falling back to VLA: Tensors must have same number of dimensions: got 3 and 4
Steering failed, falling back to VLA: Tensors must have same number of dimensions: got 3 and 4
Steering failed, falling back to VLA: Tensors must have same number of dimensions: got 3 and 4
Steering failed, falling back to VLA: Tensors must have same number of dimensions: got 3 and 4
Steering failed, falling back to VLA: Tensors must have same number of dimensions: got 3 and 4
Steering failed, falling back to VLA: Tensors must have same number of dimensions: got 3 and 4
Steering failed, falling back to VLA: Tensors must have same number of dimensions: got 3 and 4
    [ce_ais] chain 9/10 task 1/1 failed: 360 steps, 5.3s
    [ce_ais] chain 10/10 start: ['push_blue_block_left']
    [ce_ais] chain 10/10 instructions: ['go push the blue block left']
    [ce_ais] chain 10/10 task 1/1 start: push_blue_block_left | instruction: go push the blue block left
    [ce_ais] chain 10/10 task 1/1 step 1/360: running policy
Steering failed, falling back to VLA: Tensors must have same number of dimensions: got 3 and 4
    [ce_ais] chain 10/10 task 1/1 step 1/360: policy 0.01s, stepping env
Steering failed, falling back to VLA: Tensors must have same number of dimensions: got 3 and 4
Steering failed, falling back to VLA: Tensors must have same number of dimensions: got 3 and 4
Steering failed, falling back to VLA: Tensors must have same number of dimensions: got 3 and 4
Steering failed, falling back to VLA: Tensors must have same number of dimensions: got 3 and 4
Steering failed, falling back to VLA: Tensors must have same number of dimensions: got 3 and 4
Steering failed, falling back to VLA: Tensors must have same number of dimensions: got 3 and 4
Steering failed, falling back to VLA: Tensors must have same number of dimensions: got 3 and 4
Steering failed, falling back to VLA: Tensors must have same number of dimensions: got 3 and 4
Steering failed, falling back to VLA: Tensors must have same number of dimensions: got 3 and 4
Steering failed, falling back to VLA: Tensors must have same number of dimensions: got 3 and 4
Steering failed, falling back to VLA: Tensors must have same number of dimensions: got 3 and 4
Steering failed, falling back to VLA: Tensors must have same number of dimensions: got 3 and 4
Steering failed, falling back to VLA: Tensors must have same number of dimensions: got 3 and 4
Steering failed, falling back to VLA: Tensors must have same number of dimensions: got 3 and 4
Steering failed, falling back to VLA: Tensors must have same number of dimensions: got 3 and 4
Steering failed, falling back to VLA: Tensors must have same number of dimensions: got 3 and 4
Steering failed, falling back to VLA: Tensors must have same number of dimensions: got 3 and 4
Steering failed, falling back to VLA: Tensors must have same number of dimensions: got 3 and 4
Steering failed, falling back to VLA: Tensors must have same number of dimensions: got 3 and 4
Steering failed, falling back to VLA: Tensors must have same number of dimensions: got 3 and 4
Steering failed, falling back to VLA: Tensors must have same number of dimensions: got 3 and 4
Steering failed, falling back to VLA: Tensors must have same number of dimensions: got 3 and 4
Steering failed, falling back to VLA: Tensors must have same number of dimensions: got 3 and 4
    [ce_ais] chain 10/10 task 1/1 step 25/360: running policy
Steering failed, falling back to VLA: Tensors must have same number of dimensions: got 3 and 4
    [ce_ais] chain 10/10 task 1/1 step 25/360: policy 0.01s, stepping env
Steering failed, falling back to VLA: Tensors must have same number of dimensions: got 3 and 4
Steering failed, falling back to VLA: Tensors must have same number of dimensions: got 3 and 4
Steering failed, falling back to VLA: Tensors must have same number of dimensions: got 3 and 4
Steering failed, falling back to VLA: Tensors must have same number of dimensions: got 3 and 4
Steering failed, falling back to VLA: Tensors must have same number of dimensions: got 3 and 4
Steering failed, falling back to VLA: Tensors must have same number of dimensions: got 3 and 4
Steering failed, falling back to VLA: Tensors must have same number of dimensions: got 3 and 4
Steering failed, falling back to VLA: Tensors must have same number of dimensions: got 3 and 4
Steering failed, falling back to VLA: Tensors must have same number of dimensions: got 3 and 4
Steering failed, falling back to VLA: Tensors must have same number of dimensions: got 3 and 4
Steering failed, falling back to VLA: Tensors must have same number of dimensions: got 3 and 4
Steering failed, falling back to VLA: Tensors must have same number of dimensions: got 3 and 4
Steering failed, falling back to VLA: Tensors must have same number of dimensions: got 3 and 4
Steering failed, falling back to VLA: Tensors must have same number of dimensions: got 3 and 4
Steering failed, falling back to VLA: Tensors must have same number of dimensions: got 3 and 4
Steering failed, falling back to VLA: Tensors must have same number of dimensions: got 3 and 4
Steering failed, falling back to VLA: Tensors must have same number of dimensions: got 3 and 4
Steering failed, falling back to VLA: Tensors must have same number of dimensions: got 3 and 4
Steering failed, falling back to VLA: Tensors must have same number of dimensions: got 3 and 4
Steering failed, falling back to VLA: Tensors must have same number of dimensions: got 3 and 4
Steering failed, falling back to VLA: Tensors must have same number of dimensions: got 3 and 4
Steering failed, falling back to VLA: Tensors must have same number of dimensions: got 3 and 4
Steering failed, falling back to VLA: Tensors must have same number of dimensions: got 3 and 4
Steering failed, falling back to VLA: Tensors must have same number of dimensions: got 3 and 4
    [ce_ais] chain 10/10 task 1/1 step 50/360: running policy
Steering failed, falling back to VLA: Tensors must have same number of dimensions: got 3 and 4
    [ce_ais] chain 10/10 task 1/1 step 50/360: policy 0.01s, stepping env
Steering failed, falling back to VLA: Tensors must have same number of dimensions: got 3 and 4
Steering failed, falling back to VLA: Tensors must have same number of dimensions: got 3 and 4
Steering failed, falling back to VLA: Tensors must have same number of dimensions: got 3 and 4
Steering failed, falling back to VLA: Tensors must have same number of dimensions: got 3 and 4
Steering failed, falling back to VLA: Tensors must have same number of dimensions: got 3 and 4
Steering failed, falling back to VLA: Tensors must have same number of dimensions: got 3 and 4
Steering failed, falling back to VLA: Tensors must have same number of dimensions: got 3 and 4
Steering failed, falling back to VLA: Tensors must have same number of dimensions: got 3 and 4
Steering failed, falling back to VLA: Tensors must have same number of dimensions: got 3 and 4
Steering failed, falling back to VLA: Tensors must have same number of dimensions: got 3 and 4
Steering failed, falling back to VLA: Tensors must have same number of dimensions: got 3 and 4
Steering failed, falling back to VLA: Tensors must have same number of dimensions: got 3 and 4
Steering failed, falling back to VLA: Tensors must have same number of dimensions: got 3 and 4
Steering failed, falling back to VLA: Tensors must have same number of dimensions: got 3 and 4
Steering failed, falling back to VLA: Tensors must have same number of dimensions: got 3 and 4
Steering failed, falling back to VLA: Tensors must have same number of dimensions: got 3 and 4
Steering failed, falling back to VLA: Tensors must have same number of dimensions: got 3 and 4
Steering failed, falling back to VLA: Tensors must have same number of dimensions: got 3 and 4
Steering failed, falling back to VLA: Tensors must have same number of dimensions: got 3 and 4
Steering failed, falling back to VLA: Tensors must have same number of dimensions: got 3 and 4
Steering failed, falling back to VLA: Tensors must have same number of dimensions: got 3 and 4
Steering failed, falling back to VLA: Tensors must have same number of dimensions: got 3 and 4
Steering failed, falling back to VLA: Tensors must have same number of dimensions: got 3 and 4
Steering failed, falling back to VLA: Tensors must have same number of dimensions: got 3 and 4
    [ce_ais] chain 10/10 task 1/1 step 75/360: running policy
Steering failed, falling back to VLA: Tensors must have same number of dimensions: got 3 and 4
    [ce_ais] chain 10/10 task 1/1 step 75/360: policy 0.01s, stepping env
Steering failed, falling back to VLA: Tensors must have same number of dimensions: got 3 and 4
Steering failed, falling back to VLA: Tensors must have same number of dimensions: got 3 and 4
Steering failed, falling back to VLA: Tensors must have same number of dimensions: got 3 and 4
Steering failed, falling back to VLA: Tensors must have same number of dimensions: got 3 and 4
Steering failed, falling back to VLA: Tensors must have same number of dimensions: got 3 and 4
Steering failed, falling back to VLA: Tensors must have same number of dimensions: got 3 and 4
Steering failed, falling back to VLA: Tensors must have same number of dimensions: got 3 and 4
Steering failed, falling back to VLA: Tensors must have same number of dimensions: got 3 and 4
Steering failed, falling back to VLA: Tensors must have same number of dimensions: got 3 and 4
Steering failed, falling back to VLA: Tensors must have same number of dimensions: got 3 and 4
Steering failed, falling back to VLA: Tensors must have same number of dimensions: got 3 and 4
Steering failed, falling back to VLA: Tensors must have same number of dimensions: got 3 and 4
Steering failed, falling back to VLA: Tensors must have same number of dimensions: got 3 and 4
Steering failed, falling back to VLA: Tensors must have same number of dimensions: got 3 and 4
Steering failed, falling back to VLA: Tensors must have same number of dimensions: got 3 and 4
Steering failed, falling back to VLA: Tensors must have same number of dimensions: got 3 and 4
Steering failed, falling back to VLA: Tensors must have same number of dimensions: got 3 and 4
Steering failed, falling back to VLA: Tensors must have same number of dimensions: got 3 and 4
Steering failed, falling back to VLA: Tensors must have same number of dimensions: got 3 and 4
Steering failed, falling back to VLA: Tensors must have same number of dimensions: got 3 and 4
Steering failed, falling back to VLA: Tensors must have same number of dimensions: got 3 and 4
Steering failed, falling back to VLA: Tensors must have same number of dimensions: got 3 and 4
Steering failed, falling back to VLA: Tensors must have same number of dimensions: got 3 and 4
Steering failed, falling back to VLA: Tensors must have same number of dimensions: got 3 and 4
    [ce_ais] chain 10/10 task 1/1 step 100/360: running policy
Steering failed, falling back to VLA: Tensors must have same number of dimensions: got 3 and 4
    [ce_ais] chain 10/10 task 1/1 step 100/360: policy 0.01s, stepping env
Steering failed, falling back to VLA: Tensors must have same number of dimensions: got 3 and 4
Steering failed, falling back to VLA: Tensors must have same number of dimensions: got 3 and 4
Steering failed, falling back to VLA: Tensors must have same number of dimensions: got 3 and 4
Steering failed, falling back to VLA: Tensors must have same number of dimensions: got 3 and 4
Steering failed, falling back to VLA: Tensors must have same number of dimensions: got 3 and 4
Steering failed, falling back to VLA: Tensors must have same number of dimensions: got 3 and 4
Steering failed, falling back to VLA: Tensors must have same number of dimensions: got 3 and 4
Steering failed, falling back to VLA: Tensors must have same number of dimensions: got 3 and 4
Steering failed, falling back to VLA: Tensors must have same number of dimensions: got 3 and 4
Steering failed, falling back to VLA: Tensors must have same number of dimensions: got 3 and 4
Steering failed, falling back to VLA: Tensors must have same number of dimensions: got 3 and 4
Steering failed, falling back to VLA: Tensors must have same number of dimensions: got 3 and 4
Steering failed, falling back to VLA: Tensors must have same number of dimensions: got 3 and 4
Steering failed, falling back to VLA: Tensors must have same number of dimensions: got 3 and 4
Steering failed, falling back to VLA: Tensors must have same number of dimensions: got 3 and 4
Steering failed, falling back to VLA: Tensors must have same number of dimensions: got 3 and 4
Steering failed, falling back to VLA: Tensors must have same number of dimensions: got 3 and 4
Steering failed, falling back to VLA: Tensors must have same number of dimensions: got 3 and 4
Steering failed, falling back to VLA: Tensors must have same number of dimensions: got 3 and 4
Steering failed, falling back to VLA: Tensors must have same number of dimensions: got 3 and 4
Steering failed, falling back to VLA: Tensors must have same number of dimensions: got 3 and 4
Steering failed, falling back to VLA: Tensors must have same number of dimensions: got 3 and 4
Steering failed, falling back to VLA: Tensors must have same number of dimensions: got 3 and 4
Steering failed, falling back to VLA: Tensors must have same number of dimensions: got 3 and 4
    [ce_ais] chain 10/10 task 1/1 step 125/360: running policy
Steering failed, falling back to VLA: Tensors must have same number of dimensions: got 3 and 4
    [ce_ais] chain 10/10 task 1/1 step 125/360: policy 0.01s, stepping env
Steering failed, falling back to VLA: Tensors must have same number of dimensions: got 3 and 4
Steering failed, falling back to VLA: Tensors must have same number of dimensions: got 3 and 4
Steering failed, falling back to VLA: Tensors must have same number of dimensions: got 3 and 4
Steering failed, falling back to VLA: Tensors must have same number of dimensions: got 3 and 4
Steering failed, falling back to VLA: Tensors must have same number of dimensions: got 3 and 4
Steering failed, falling back to VLA: Tensors must have same number of dimensions: got 3 and 4
Steering failed, falling back to VLA: Tensors must have same number of dimensions: got 3 and 4
Steering failed, falling back to VLA: Tensors must have same number of dimensions: got 3 and 4
Steering failed, falling back to VLA: Tensors must have same number of dimensions: got 3 and 4
Steering failed, falling back to VLA: Tensors must have same number of dimensions: got 3 and 4
Steering failed, falling back to VLA: Tensors must have same number of dimensions: got 3 and 4
Steering failed, falling back to VLA: Tensors must have same number of dimensions: got 3 and 4
Steering failed, falling back to VLA: Tensors must have same number of dimensions: got 3 and 4
Steering failed, falling back to VLA: Tensors must have same number of dimensions: got 3 and 4
Steering failed, falling back to VLA: Tensors must have same number of dimensions: got 3 and 4
Steering failed, falling back to VLA: Tensors must have same number of dimensions: got 3 and 4
Steering failed, falling back to VLA: Tensors must have same number of dimensions: got 3 and 4
Steering failed, falling back to VLA: Tensors must have same number of dimensions: got 3 and 4
Steering failed, falling back to VLA: Tensors must have same number of dimensions: got 3 and 4
Steering failed, falling back to VLA: Tensors must have same number of dimensions: got 3 and 4
Steering failed, falling back to VLA: Tensors must have same number of dimensions: got 3 and 4
Steering failed, falling back to VLA: Tensors must have same number of dimensions: got 3 and 4
Steering failed, falling back to VLA: Tensors must have same number of dimensions: got 3 and 4
Steering failed, falling back to VLA: Tensors must have same number of dimensions: got 3 and 4
    [ce_ais] chain 10/10 task 1/1 step 150/360: running policy
Steering failed, falling back to VLA: Tensors must have same number of dimensions: got 3 and 4
    [ce_ais] chain 10/10 task 1/1 step 150/360: policy 0.01s, stepping env
Steering failed, falling back to VLA: Tensors must have same number of dimensions: got 3 and 4
Steering failed, falling back to VLA: Tensors must have same number of dimensions: got 3 and 4
Steering failed, falling back to VLA: Tensors must have same number of dimensions: got 3 and 4
Steering failed, falling back to VLA: Tensors must have same number of dimensions: got 3 and 4
Steering failed, falling back to VLA: Tensors must have same number of dimensions: got 3 and 4
Steering failed, falling back to VLA: Tensors must have same number of dimensions: got 3 and 4
Steering failed, falling back to VLA: Tensors must have same number of dimensions: got 3 and 4
Steering failed, falling back to VLA: Tensors must have same number of dimensions: got 3 and 4
Steering failed, falling back to VLA: Tensors must have same number of dimensions: got 3 and 4
Steering failed, falling back to VLA: Tensors must have same number of dimensions: got 3 and 4
Steering failed, falling back to VLA: Tensors must have same number of dimensions: got 3 and 4
Steering failed, falling back to VLA: Tensors must have same number of dimensions: got 3 and 4
Steering failed, falling back to VLA: Tensors must have same number of dimensions: got 3 and 4
Steering failed, falling back to VLA: Tensors must have same number of dimensions: got 3 and 4
Steering failed, falling back to VLA: Tensors must have same number of dimensions: got 3 and 4
Steering failed, falling back to VLA: Tensors must have same number of dimensions: got 3 and 4
Steering failed, falling back to VLA: Tensors must have same number of dimensions: got 3 and 4
Steering failed, falling back to VLA: Tensors must have same number of dimensions: got 3 and 4
Steering failed, falling back to VLA: Tensors must have same number of dimensions: got 3 and 4
Steering failed, falling back to VLA: Tensors must have same number of dimensions: got 3 and 4
Steering failed, falling back to VLA: Tensors must have same number of dimensions: got 3 and 4
Steering failed, falling back to VLA: Tensors must have same number of dimensions: got 3 and 4
Steering failed, falling back to VLA: Tensors must have same number of dimensions: got 3 and 4
Steering failed, falling back to VLA: Tensors must have same number of dimensions: got 3 and 4
    [ce_ais] chain 10/10 task 1/1 step 175/360: running policy
Steering failed, falling back to VLA: Tensors must have same number of dimensions: got 3 and 4
    [ce_ais] chain 10/10 task 1/1 step 175/360: policy 0.01s, stepping env
Steering failed, falling back to VLA: Tensors must have same number of dimensions: got 3 and 4
Steering failed, falling back to VLA: Tensors must have same number of dimensions: got 3 and 4
Steering failed, falling back to VLA: Tensors must have same number of dimensions: got 3 and 4
Steering failed, falling back to VLA: Tensors must have same number of dimensions: got 3 and 4
Steering failed, falling back to VLA: Tensors must have same number of dimensions: got 3 and 4
Steering failed, falling back to VLA: Tensors must have same number of dimensions: got 3 and 4
Steering failed, falling back to VLA: Tensors must have same number of dimensions: got 3 and 4
Steering failed, falling back to VLA: Tensors must have same number of dimensions: got 3 and 4
Steering failed, falling back to VLA: Tensors must have same number of dimensions: got 3 and 4
Steering failed, falling back to VLA: Tensors must have same number of dimensions: got 3 and 4
Steering failed, falling back to VLA: Tensors must have same number of dimensions: got 3 and 4
Steering failed, falling back to VLA: Tensors must have same number of dimensions: got 3 and 4
Steering failed, falling back to VLA: Tensors must have same number of dimensions: got 3 and 4
Steering failed, falling back to VLA: Tensors must have same number of dimensions: got 3 and 4
Steering failed, falling back to VLA: Tensors must have same number of dimensions: got 3 and 4
Steering failed, falling back to VLA: Tensors must have same number of dimensions: got 3 and 4
Steering failed, falling back to VLA: Tensors must have same number of dimensions: got 3 and 4
Steering failed, falling back to VLA: Tensors must have same number of dimensions: got 3 and 4
Steering failed, falling back to VLA: Tensors must have same number of dimensions: got 3 and 4
Steering failed, falling back to VLA: Tensors must have same number of dimensions: got 3 and 4
Steering failed, falling back to VLA: Tensors must have same number of dimensions: got 3 and 4
Steering failed, falling back to VLA: Tensors must have same number of dimensions: got 3 and 4
Steering failed, falling back to VLA: Tensors must have same number of dimensions: got 3 and 4
Steering failed, falling back to VLA: Tensors must have same number of dimensions: got 3 and 4
    [ce_ais] chain 10/10 task 1/1 step 200/360: running policy
Steering failed, falling back to VLA: Tensors must have same number of dimensions: got 3 and 4
    [ce_ais] chain 10/10 task 1/1 step 200/360: policy 0.01s, stepping env
Steering failed, falling back to VLA: Tensors must have same number of dimensions: got 3 and 4
Steering failed, falling back to VLA: Tensors must have same number of dimensions: got 3 and 4
Steering failed, falling back to VLA: Tensors must have same number of dimensions: got 3 and 4
Steering failed, falling back to VLA: Tensors must have same number of dimensions: got 3 and 4
Steering failed, falling back to VLA: Tensors must have same number of dimensions: got 3 and 4
Steering failed, falling back to VLA: Tensors must have same number of dimensions: got 3 and 4
Steering failed, falling back to VLA: Tensors must have same number of dimensions: got 3 and 4
Steering failed, falling back to VLA: Tensors must have same number of dimensions: got 3 and 4
Steering failed, falling back to VLA: Tensors must have same number of dimensions: got 3 and 4
Steering failed, falling back to VLA: Tensors must have same number of dimensions: got 3 and 4
Steering failed, falling back to VLA: Tensors must have same number of dimensions: got 3 and 4
Steering failed, falling back to VLA: Tensors must have same number of dimensions: got 3 and 4
Steering failed, falling back to VLA: Tensors must have same number of dimensions: got 3 and 4
Steering failed, falling back to VLA: Tensors must have same number of dimensions: got 3 and 4
Steering failed, falling back to VLA: Tensors must have same number of dimensions: got 3 and 4
Steering failed, falling back to VLA: Tensors must have same number of dimensions: got 3 and 4
Steering failed, falling back to VLA: Tensors must have same number of dimensions: got 3 and 4
Steering failed, falling back to VLA: Tensors must have same number of dimensions: got 3 and 4
Steering failed, falling back to VLA: Tensors must have same number of dimensions: got 3 and 4
Steering failed, falling back to VLA: Tensors must have same number of dimensions: got 3 and 4
Steering failed, falling back to VLA: Tensors must have same number of dimensions: got 3 and 4
Steering failed, falling back to VLA: Tensors must have same number of dimensions: got 3 and 4
Steering failed, falling back to VLA: Tensors must have same number of dimensions: got 3 and 4
Steering failed, falling back to VLA: Tensors must have same number of dimensions: got 3 and 4
    [ce_ais] chain 10/10 task 1/1 step 225/360: running policy
Steering failed, falling back to VLA: Tensors must have same number of dimensions: got 3 and 4
    [ce_ais] chain 10/10 task 1/1 step 225/360: policy 0.01s, stepping env
Steering failed, falling back to VLA: Tensors must have same number of dimensions: got 3 and 4
Steering failed, falling back to VLA: Tensors must have same number of dimensions: got 3 and 4
Steering failed, falling back to VLA: Tensors must have same number of dimensions: got 3 and 4
Steering failed, falling back to VLA: Tensors must have same number of dimensions: got 3 and 4
Steering failed, falling back to VLA: Tensors must have same number of dimensions: got 3 and 4
Steering failed, falling back to VLA: Tensors must have same number of dimensions: got 3 and 4
Steering failed, falling back to VLA: Tensors must have same number of dimensions: got 3 and 4
Steering failed, falling back to VLA: Tensors must have same number of dimensions: got 3 and 4
Steering failed, falling back to VLA: Tensors must have same number of dimensions: got 3 and 4
Steering failed, falling back to VLA: Tensors must have same number of dimensions: got 3 and 4
Steering failed, falling back to VLA: Tensors must have same number of dimensions: got 3 and 4
Steering failed, falling back to VLA: Tensors must have same number of dimensions: got 3 and 4
Steering failed, falling back to VLA: Tensors must have same number of dimensions: got 3 and 4
Steering failed, falling back to VLA: Tensors must have same number of dimensions: got 3 and 4
Steering failed, falling back to VLA: Tensors must have same number of dimensions: got 3 and 4
Steering failed, falling back to VLA: Tensors must have same number of dimensions: got 3 and 4
Steering failed, falling back to VLA: Tensors must have same number of dimensions: got 3 and 4
Steering failed, falling back to VLA: Tensors must have same number of dimensions: got 3 and 4
Steering failed, falling back to VLA: Tensors must have same number of dimensions: got 3 and 4
Steering failed, falling back to VLA: Tensors must have same number of dimensions: got 3 and 4
Steering failed, falling back to VLA: Tensors must have same number of dimensions: got 3 and 4
Steering failed, falling back to VLA: Tensors must have same number of dimensions: got 3 and 4
Steering failed, falling back to VLA: Tensors must have same number of dimensions: got 3 and 4
Steering failed, falling back to VLA: Tensors must have same number of dimensions: got 3 and 4
    [ce_ais] chain 10/10 task 1/1 step 250/360: running policy
Steering failed, falling back to VLA: Tensors must have same number of dimensions: got 3 and 4
    [ce_ais] chain 10/10 task 1/1 step 250/360: policy 0.01s, stepping env
Steering failed, falling back to VLA: Tensors must have same number of dimensions: got 3 and 4
Steering failed, falling back to VLA: Tensors must have same number of dimensions: got 3 and 4
Steering failed, falling back to VLA: Tensors must have same number of dimensions: got 3 and 4
Steering failed, falling back to VLA: Tensors must have same number of dimensions: got 3 and 4
Steering failed, falling back to VLA: Tensors must have same number of dimensions: got 3 and 4
Steering failed, falling back to VLA: Tensors must have same number of dimensions: got 3 and 4
Steering failed, falling back to VLA: Tensors must have same number of dimensions: got 3 and 4
Steering failed, falling back to VLA: Tensors must have same number of dimensions: got 3 and 4
Steering failed, falling back to VLA: Tensors must have same number of dimensions: got 3 and 4
Steering failed, falling back to VLA: Tensors must have same number of dimensions: got 3 and 4
Steering failed, falling back to VLA: Tensors must have same number of dimensions: got 3 and 4
Steering failed, falling back to VLA: Tensors must have same number of dimensions: got 3 and 4
Steering failed, falling back to VLA: Tensors must have same number of dimensions: got 3 and 4
Steering failed, falling back to VLA: Tensors must have same number of dimensions: got 3 and 4
Steering failed, falling back to VLA: Tensors must have same number of dimensions: got 3 and 4
Steering failed, falling back to VLA: Tensors must have same number of dimensions: got 3 and 4
Steering failed, falling back to VLA: Tensors must have same number of dimensions: got 3 and 4
Steering failed, falling back to VLA: Tensors must have same number of dimensions: got 3 and 4
Steering failed, falling back to VLA: Tensors must have same number of dimensions: got 3 and 4
Steering failed, falling back to VLA: Tensors must have same number of dimensions: got 3 and 4
Steering failed, falling back to VLA: Tensors must have same number of dimensions: got 3 and 4
Steering failed, falling back to VLA: Tensors must have same number of dimensions: got 3 and 4
Steering failed, falling back to VLA: Tensors must have same number of dimensions: got 3 and 4
Steering failed, falling back to VLA: Tensors must have same number of dimensions: got 3 and 4
    [ce_ais] chain 10/10 task 1/1 step 275/360: running policy
Steering failed, falling back to VLA: Tensors must have same number of dimensions: got 3 and 4
    [ce_ais] chain 10/10 task 1/1 step 275/360: policy 0.01s, stepping env
Steering failed, falling back to VLA: Tensors must have same number of dimensions: got 3 and 4
Steering failed, falling back to VLA: Tensors must have same number of dimensions: got 3 and 4
Steering failed, falling back to VLA: Tensors must have same number of dimensions: got 3 and 4
Steering failed, falling back to VLA: Tensors must have same number of dimensions: got 3 and 4
Steering failed, falling back to VLA: Tensors must have same number of dimensions: got 3 and 4
Steering failed, falling back to VLA: Tensors must have same number of dimensions: got 3 and 4
Steering failed, falling back to VLA: Tensors must have same number of dimensions: got 3 and 4
Steering failed, falling back to VLA: Tensors must have same number of dimensions: got 3 and 4
Steering failed, falling back to VLA: Tensors must have same number of dimensions: got 3 and 4
Steering failed, falling back to VLA: Tensors must have same number of dimensions: got 3 and 4
Steering failed, falling back to VLA: Tensors must have same number of dimensions: got 3 and 4
Steering failed, falling back to VLA: Tensors must have same number of dimensions: got 3 and 4
Steering failed, falling back to VLA: Tensors must have same number of dimensions: got 3 and 4
Steering failed, falling back to VLA: Tensors must have same number of dimensions: got 3 and 4
Steering failed, falling back to VLA: Tensors must have same number of dimensions: got 3 and 4
Steering failed, falling back to VLA: Tensors must have same number of dimensions: got 3 and 4
Steering failed, falling back to VLA: Tensors must have same number of dimensions: got 3 and 4
Steering failed, falling back to VLA: Tensors must have same number of dimensions: got 3 and 4
Steering failed, falling back to VLA: Tensors must have same number of dimensions: got 3 and 4
Steering failed, falling back to VLA: Tensors must have same number of dimensions: got 3 and 4
Steering failed, falling back to VLA: Tensors must have same number of dimensions: got 3 and 4
Steering failed, falling back to VLA: Tensors must have same number of dimensions: got 3 and 4
Steering failed, falling back to VLA: Tensors must have same number of dimensions: got 3 and 4
Steering failed, falling back to VLA: Tensors must have same number of dimensions: got 3 and 4
    [ce_ais] chain 10/10 task 1/1 step 300/360: running policy
Steering failed, falling back to VLA: Tensors must have same number of dimensions: got 3 and 4
    [ce_ais] chain 10/10 task 1/1 step 300/360: policy 0.01s, stepping env
Steering failed, falling back to VLA: Tensors must have same number of dimensions: got 3 and 4
Steering failed, falling back to VLA: Tensors must have same number of dimensions: got 3 and 4
Steering failed, falling back to VLA: Tensors must have same number of dimensions: got 3 and 4
Steering failed, falling back to VLA: Tensors must have same number of dimensions: got 3 and 4
Steering failed, falling back to VLA: Tensors must have same number of dimensions: got 3 and 4
Steering failed, falling back to VLA: Tensors must have same number of dimensions: got 3 and 4
Steering failed, falling back to VLA: Tensors must have same number of dimensions: got 3 and 4
Steering failed, falling back to VLA: Tensors must have same number of dimensions: got 3 and 4
Steering failed, falling back to VLA: Tensors must have same number of dimensions: got 3 and 4
Steering failed, falling back to VLA: Tensors must have same number of dimensions: got 3 and 4
Steering failed, falling back to VLA: Tensors must have same number of dimensions: got 3 and 4
Steering failed, falling back to VLA: Tensors must have same number of dimensions: got 3 and 4
Steering failed, falling back to VLA: Tensors must have same number of dimensions: got 3 and 4
Steering failed, falling back to VLA: Tensors must have same number of dimensions: got 3 and 4
Steering failed, falling back to VLA: Tensors must have same number of dimensions: got 3 and 4
Steering failed, falling back to VLA: Tensors must have same number of dimensions: got 3 and 4
Steering failed, falling back to VLA: Tensors must have same number of dimensions: got 3 and 4
Steering failed, falling back to VLA: Tensors must have same number of dimensions: got 3 and 4
Steering failed, falling back to VLA: Tensors must have same number of dimensions: got 3 and 4
Steering failed, falling back to VLA: Tensors must have same number of dimensions: got 3 and 4
Steering failed, falling back to VLA: Tensors must have same number of dimensions: got 3 and 4
Steering failed, falling back to VLA: Tensors must have same number of dimensions: got 3 and 4
Steering failed, falling back to VLA: Tensors must have same number of dimensions: got 3 and 4
Steering failed, falling back to VLA: Tensors must have same number of dimensions: got 3 and 4
    [ce_ais] chain 10/10 task 1/1 step 325/360: running policy
Steering failed, falling back to VLA: Tensors must have same number of dimensions: got 3 and 4
    [ce_ais] chain 10/10 task 1/1 step 325/360: policy 0.01s, stepping env
Steering failed, falling back to VLA: Tensors must have same number of dimensions: got 3 and 4
Steering failed, falling back to VLA: Tensors must have same number of dimensions: got 3 and 4
Steering failed, falling back to VLA: Tensors must have same number of dimensions: got 3 and 4
Steering failed, falling back to VLA: Tensors must have same number of dimensions: got 3 and 4
Steering failed, falling back to VLA: Tensors must have same number of dimensions: got 3 and 4
Steering failed, falling back to VLA: Tensors must have same number of dimensions: got 3 and 4
Steering failed, falling back to VLA: Tensors must have same number of dimensions: got 3 and 4
Steering failed, falling back to VLA: Tensors must have same number of dimensions: got 3 and 4
Steering failed, falling back to VLA: Tensors must have same number of dimensions: got 3 and 4
Steering failed, falling back to VLA: Tensors must have same number of dimensions: got 3 and 4
Steering failed, falling back to VLA: Tensors must have same number of dimensions: got 3 and 4
Steering failed, falling back to VLA: Tensors must have same number of dimensions: got 3 and 4
Steering failed, falling back to VLA: Tensors must have same number of dimensions: got 3 and 4
Steering failed, falling back to VLA: Tensors must have same number of dimensions: got 3 and 4
Steering failed, falling back to VLA: Tensors must have same number of dimensions: got 3 and 4
Steering failed, falling back to VLA: Tensors must have same number of dimensions: got 3 and 4
Steering failed, falling back to VLA: Tensors must have same number of dimensions: got 3 and 4
Steering failed, falling back to VLA: Tensors must have same number of dimensions: got 3 and 4
Steering failed, falling back to VLA: Tensors must have same number of dimensions: got 3 and 4
Steering failed, falling back to VLA: Tensors must have same number of dimensions: got 3 and 4
Steering failed, falling back to VLA: Tensors must have same number of dimensions: got 3 and 4
Steering failed, falling back to VLA: Tensors must have same number of dimensions: got 3 and 4
Steering failed, falling back to VLA: Tensors must have same number of dimensions: got 3 and 4
Steering failed, falling back to VLA: Tensors must have same number of dimensions: got 3 and 4
    [ce_ais] chain 10/10 task 1/1 step 350/360: running policy
Steering failed, falling back to VLA: Tensors must have same number of dimensions: got 3 and 4
    [ce_ais] chain 10/10 task 1/1 step 350/360: policy 0.01s, stepping env
Steering failed, falling back to VLA: Tensors must have same number of dimensions: got 3 and 4
Steering failed, falling back to VLA: Tensors must have same number of dimensions: got 3 and 4
Steering failed, falling back to VLA: Tensors must have same number of dimensions: got 3 and 4
Steering failed, falling back to VLA: Tensors must have same number of dimensions: got 3 and 4
Steering failed, falling back to VLA: Tensors must have same number of dimensions: got 3 and 4
Steering failed, falling back to VLA: Tensors must have same number of dimensions: got 3 and 4
Steering failed, falling back to VLA: Tensors must have same number of dimensions: got 3 and 4
Steering failed, falling back to VLA: Tensors must have same number of dimensions: got 3 and 4
Steering failed, falling back to VLA: Tensors must have same number of dimensions: got 3 and 4
Steering failed, falling back to VLA: Tensors must have same number of dimensions: got 3 and 4
    [ce_ais] chain 10/10 task 1/1 failed: 360 steps, 5.2s
    [ce_ais] 10/10 chains, L1 success: 0.0%
  [ce_ais] L1=0.0%, L3=0.0%, L5=0.0%, latency=14.9ms

Results saved: /data0/yejinxuan/ce-ais/results/main_experiment.json

======================================================================
Method                     L1       L2       L3       L4       L5  Lat(ms)
----------------------------------------------------------------------
frozen_calvin_policy    0.0%    0.0%    0.0%    0.0%    0.0%    10.2
ce_ais                  0.0%    0.0%    0.0%    0.0%    0.0%    14.9
======================================================================
disconnecting id 0 from server
disconnecting id -1 from server
argv[0]=--width=200
argv[1]=--height=200
Loaded EGL 1.5 after reload.
GL_VENDOR=NVIDIA Corporation
GL_RENDERER=NVIDIA A100-SXM4-80GB/PCIe/SSE2
GL_VERSION=3.3.0 NVIDIA 595.58.03
GL_SHADING_LANGUAGE_VERSION=3.30 NVIDIA via Cg compiler
Version = 3.3.0 NVIDIA 595.58.03
Vendor = NVIDIA Corporation
Renderer = NVIDIA A100-SXM4-80GB/PCIe/SSE2
ven = NVIDIA Corporation
ven = NVIDIA Corporation
Destroy EGL OpenGL window.
