======================================================================
CE-AIS Paper Main Experiments
Methods: ['frozen_flower']
Chains: 250 x 1
Device: cuda:7 (requested=cuda:7, visible=None)
EGL: enabled (EGL_VISIBLE_DEVICES=7)
======================================================================

[1] Initializing CALVIN environment...
/data0/yejinxuan/ce-ais/.venv/lib/python3.12/site-packages/hydra/_internal/defaults_list.py:251: UserWarning: In 'config_data_collection': Defaults list is missing `_self_`. See https://hydra.cc/docs/1.2/upgrades/1.0_to_1.1/default_composition_order for more information
  warnings.warn(msg, UserWarning)
/data0/yejinxuan/ce-ais/.venv/lib/python3.12/site-packages/hydra/core/default_element.py:124: UserWarning: In 'vr_input/vr_controller/vive': Usage of deprecated keyword in package header '# @package _group_'.
See https://hydra.cc/docs/1.2/upgrades/1.0_to_1.1/changes_to_package_header for more information
  deprecation_warning(
Gym has been unmaintained since 2022 and does not support NumPy 2.0 amongst other critical functionality.
Please upgrade to Gymnasium, the maintained drop-in replacement of Gym, or contact the authors of your software and request that they upgrade.
Users of this version of Gym should be able to simply replace 'import gym' with 'import gymnasium as gym' in the vast majority of cases.
See the migration guide at https://gymnasium.farama.org/introduction/migration_guide/ for additional information.
pybullet build time: Oct 21 2025 10:07:17
/data0/yejinxuan/workspace/calvin/calvin_env/calvin_env/envs/play_table_env.py:289: UserWarning: 
The version_base parameter is not specified.
Please specify a compatability version level, or None.
Will assume defaults for version 1.1
  @hydra.main(config_path="../../conf", config_name="config_data_collection")
argv[0]=--width=200
argv[1]=--height=200
EGL device choice: 7 of 17 (from EGL_VISIBLE_DEVICES)
Loaded EGL 1.5 after reload.
GL_VENDOR=NVIDIA Corporation
GL_RENDERER=NVIDIA A100-SXM4-80GB/PCIe/SSE2
GL_VERSION=3.3.0 NVIDIA 595.71.05
GL_SHADING_LANGUAGE_VERSION=3.30 NVIDIA via Cg compiler
Version = 3.3.0 NVIDIA 595.71.05
Vendor = NVIDIA Corporation
Renderer = NVIDIA A100-SXM4-80GB/PCIe/SSE2
  Available tasks: 34
/data0/yejinxuan/ce-ais/.venv/lib/python3.12/site-packages/lightning_lite/__init__.py:29: UserWarning: pkg_resources is deprecated as an API. See https://setuptools.pypa.io/en/latest/pkg_resources.html. The pkg_resources package is slated for removal as early as 2025-11-30. Refrain from using this package or pin to Setuptools<81.
  __import__("pkg_resources").declare_namespace(__name__)
  Sequence source: flower_official

[Eval] Running: frozen_flower
Loading Florence-2 from /data0/yejinxuan/hf_cache/hub/Florence-2-large
Loading pretrained weights from /data0/yejinxuan/ce-ais/data/flower_calvin_abc/model.safetensors...
Loaded safetensors file
Pretrained weights loaded with the following issues:
  ⚠️ Missing keys (not found in checkpoint, using default init): 2
    ['vlm.language_model.final_logits_bias', 'vlm.language_model.model.shared.weight'] ...
  ⚠️ Unexpected keys (ignored): 2
    ['vlm.language_final_logits_bias', 'vlm.language_shared.weight'] ...
    [frozen_flower] chain 1/250 start: ['open_drawer']
    [frozen_flower] chain 1/250 instructions: ['pull the handle to open the drawer']
ven = NVIDIA Corporation
ven = NVIDIA Corporation
    [frozen_flower] chain 1/250 task 1/1 start: open_drawer | instruction: pull the handle to open the drawer
    [frozen_flower] chain 1/250 task 1/1 step 1/360: running policy
    [frozen_flower] chain 1/250 task 1/1 step 1/360: policy 0.59s, stepping env
    [frozen_flower] chain 1/250 task 1/1 step 25/360: running policy
    [frozen_flower] chain 1/250 task 1/1 step 25/360: policy 0.02s, stepping env
    [frozen_flower] chain 1/250 task 1/1 step 50/360: running policy
    [frozen_flower] chain 1/250 task 1/1 step 50/360: policy 0.01s, stepping env
    [frozen_flower] chain 1/250 task 1/1 success at step 52
    [frozen_flower] chain 1/250 task 1/1 success: 52 steps, 13.3s
    [frozen_flower] chain 2/250 start: ['turn_off_led']
    [frozen_flower] chain 2/250 instructions: ['press the button to turn off the led light']
    [frozen_flower] chain 2/250 task 1/1 start: turn_off_led | instruction: press the button to turn off the led light
    [frozen_flower] chain 2/250 task 1/1 step 1/360: running policy
    [frozen_flower] chain 2/250 task 1/1 step 1/360: policy 0.52s, stepping env
    [frozen_flower] chain 2/250 task 1/1 step 25/360: running policy
    [frozen_flower] chain 2/250 task 1/1 step 25/360: policy 0.19s, stepping env
    [frozen_flower] chain 2/250 task 1/1 success at step 33
    [frozen_flower] chain 2/250 task 1/1 success: 33 steps, 8.7s
    [frozen_flower] chain 3/250 start: ['move_slider_right']
    [frozen_flower] chain 3/250 instructions: ['push the sliding door to the right side']
    [frozen_flower] chain 3/250 task 1/1 start: move_slider_right | instruction: push the sliding door to the right side
    [frozen_flower] chain 3/250 task 1/1 step 1/360: running policy
    [frozen_flower] chain 3/250 task 1/1 step 1/360: policy 0.57s, stepping env
    [frozen_flower] chain 3/250 task 1/1 step 25/360: running policy
    [frozen_flower] chain 3/250 task 1/1 step 25/360: policy 0.38s, stepping env
    [frozen_flower] chain 3/250 task 1/1 step 50/360: running policy
    [frozen_flower] chain 3/250 task 1/1 step 50/360: policy 0.33s, stepping env
    [frozen_flower] chain 3/250 task 1/1 success at step 60
    [frozen_flower] chain 3/250 task 1/1 success: 60 steps, 16.4s
    [frozen_flower] chain 4/250 start: ['open_drawer']
    [frozen_flower] chain 4/250 instructions: ['pull the handle to open the drawer']
    [frozen_flower] chain 4/250 task 1/1 start: open_drawer | instruction: pull the handle to open the drawer
    [frozen_flower] chain 4/250 task 1/1 step 1/360: running policy
    [frozen_flower] chain 4/250 task 1/1 step 1/360: policy 0.53s, stepping env
    [frozen_flower] chain 4/250 task 1/1 step 25/360: running policy
    [frozen_flower] chain 4/250 task 1/1 step 25/360: policy 0.12s, stepping env
    [frozen_flower] chain 4/250 task 1/1 step 50/360: running policy
    [frozen_flower] chain 4/250 task 1/1 step 50/360: policy 0.32s, stepping env
    [frozen_flower] chain 4/250 task 1/1 success at step 59
    [frozen_flower] chain 4/250 task 1/1 success: 59 steps, 15.5s
    [frozen_flower] chain 5/250 start: ['turn_on_lightbulb']
    [frozen_flower] chain 5/250 instructions: ['use the switch to turn on the light bulb']
    [frozen_flower] chain 5/250 task 1/1 start: turn_on_lightbulb | instruction: use the switch to turn on the light bulb
    [frozen_flower] chain 5/250 task 1/1 step 1/360: running policy
    [frozen_flower] chain 5/250 task 1/1 step 1/360: policy 0.55s, stepping env
    [frozen_flower] chain 5/250 task 1/1 step 25/360: running policy
    [frozen_flower] chain 5/250 task 1/1 step 25/360: policy 0.34s, stepping env
    [frozen_flower] chain 5/250 task 1/1 step 50/360: running policy
    [frozen_flower] chain 5/250 task 1/1 step 50/360: policy 0.02s, stepping env
    [frozen_flower] chain 5/250 task 1/1 success at step 56
    [frozen_flower] chain 5/250 task 1/1 success: 56 steps, 16.7s
    [frozen_flower] chain 6/250 start: ['turn_on_led']
    [frozen_flower] chain 6/250 instructions: ['press the button to turn on the led light']
    [frozen_flower] chain 6/250 task 1/1 start: turn_on_led | instruction: press the button to turn on the led light
    [frozen_flower] chain 6/250 task 1/1 step 1/360: running policy
    [frozen_flower] chain 6/250 task 1/1 step 1/360: policy 0.44s, stepping env
    [frozen_flower] chain 6/250 task 1/1 step 25/360: running policy
    [frozen_flower] chain 6/250 task 1/1 step 25/360: policy 0.39s, stepping env
    [frozen_flower] chain 6/250 task 1/1 success at step 34
    [frozen_flower] chain 6/250 task 1/1 success: 34 steps, 8.6s
    [frozen_flower] chain 7/250 start: ['move_slider_left']
    [frozen_flower] chain 7/250 instructions: ['push the sliding door to the left side']
    [frozen_flower] chain 7/250 task 1/1 start: move_slider_left | instruction: push the sliding door to the left side
    [frozen_flower] chain 7/250 task 1/1 step 1/360: running policy
    [frozen_flower] chain 7/250 task 1/1 step 1/360: policy 0.50s, stepping env
    [frozen_flower] chain 7/250 task 1/1 step 25/360: running policy
    [frozen_flower] chain 7/250 task 1/1 step 25/360: policy 0.35s, stepping env
    [frozen_flower] chain 7/250 task 1/1 step 50/360: running policy
    [frozen_flower] chain 7/250 task 1/1 step 50/360: policy 0.35s, stepping env
    [frozen_flower] chain 7/250 task 1/1 success at step 51
    [frozen_flower] chain 7/250 task 1/1 success: 51 steps, 14.8s
    [frozen_flower] chain 8/250 start: ['turn_off_led']
    [frozen_flower] chain 8/250 instructions: ['press the button to turn off the led light']
    [frozen_flower] chain 8/250 task 1/1 start: turn_off_led | instruction: press the button to turn off the led light
    [frozen_flower] chain 8/250 task 1/1 step 1/360: running policy
    [frozen_flower] chain 8/250 task 1/1 step 1/360: policy 0.81s, stepping env
    [frozen_flower] chain 8/250 task 1/1 step 25/360: running policy
    [frozen_flower] chain 8/250 task 1/1 step 25/360: policy 0.35s, stepping env
    [frozen_flower] chain 8/250 task 1/1 success at step 37
    [frozen_flower] chain 8/250 task 1/1 success: 37 steps, 12.4s
    [frozen_flower] chain 9/250 start: ['move_slider_left']
    [frozen_flower] chain 9/250 instructions: ['push the sliding door to the left side']
    [frozen_flower] chain 9/250 task 1/1 start: move_slider_left | instruction: push the sliding door to the left side
    [frozen_flower] chain 9/250 task 1/1 step 1/360: running policy
    [frozen_flower] chain 9/250 task 1/1 step 1/360: policy 0.46s, stepping env
    [frozen_flower] chain 9/250 task 1/1 step 25/360: running policy
    [frozen_flower] chain 9/250 task 1/1 step 25/360: policy 0.20s, stepping env
    [frozen_flower] chain 9/250 task 1/1 step 50/360: running policy
    [frozen_flower] chain 9/250 task 1/1 step 50/360: policy 0.25s, stepping env
    [frozen_flower] chain 9/250 task 1/1 success at step 57
    [frozen_flower] chain 9/250 task 1/1 success: 57 steps, 13.7s
    [frozen_flower] chain 10/250 start: ['rotate_pink_block_right']
    [frozen_flower] chain 10/250 instructions: ['take the pink block and rotate it to the right']
    [frozen_flower] chain 10/250 task 1/1 start: rotate_pink_block_right | instruction: take the pink block and rotate it to the right
    [frozen_flower] chain 10/250 task 1/1 step 1/360: running policy
    [frozen_flower] chain 10/250 task 1/1 step 1/360: policy 0.45s, stepping env
    [frozen_flower] chain 10/250 task 1/1 step 25/360: running policy
    [frozen_flower] chain 10/250 task 1/1 step 25/360: policy 0.01s, stepping env
    [frozen_flower] chain 10/250 task 1/1 step 50/360: running policy
    [frozen_flower] chain 10/250 task 1/1 step 50/360: policy 0.01s, stepping env
    [frozen_flower] chain 10/250 task 1/1 step 75/360: running policy
    [frozen_flower] chain 10/250 task 1/1 step 75/360: policy 0.03s, stepping env
    [frozen_flower] chain 10/250 task 1/1 step 100/360: running policy
    [frozen_flower] chain 10/250 task 1/1 step 100/360: policy 0.14s, stepping env
    [frozen_flower] chain 10/250 task 1/1 step 125/360: running policy
    [frozen_flower] chain 10/250 task 1/1 step 125/360: policy 0.02s, stepping env
    [frozen_flower] chain 10/250 task 1/1 success at step 142
    [frozen_flower] chain 10/250 task 1/1 success: 142 steps, 38.0s
    [frozen_flower] 10/250 chains, L1 success: 100.0%
    [frozen_flower] chain 11/250 start: ['push_red_block_right']
    [frozen_flower] chain 11/250 instructions: ['go push the red block right']
    [frozen_flower] chain 11/250 task 1/1 start: push_red_block_right | instruction: go push the red block right
    [frozen_flower] chain 11/250 task 1/1 step 1/360: running policy
    [frozen_flower] chain 11/250 task 1/1 step 1/360: policy 0.31s, stepping env
    [frozen_flower] chain 11/250 task 1/1 step 25/360: running policy
    [frozen_flower] chain 11/250 task 1/1 step 25/360: policy 0.33s, stepping env
    [frozen_flower] chain 11/250 task 1/1 step 50/360: running policy
    [frozen_flower] chain 11/250 task 1/1 step 50/360: policy 0.20s, stepping env
    [frozen_flower] chain 11/250 task 1/1 success at step 50
    [frozen_flower] chain 11/250 task 1/1 success: 50 steps, 13.1s
    [frozen_flower] chain 12/250 start: ['move_slider_right']
    [frozen_flower] chain 12/250 instructions: ['push the sliding door to the right side']
    [frozen_flower] chain 12/250 task 1/1 start: move_slider_right | instruction: push the sliding door to the right side
    [frozen_flower] chain 12/250 task 1/1 step 1/360: running policy
    [frozen_flower] chain 12/250 task 1/1 step 1/360: policy 0.29s, stepping env
    [frozen_flower] chain 12/250 task 1/1 step 25/360: running policy
    [frozen_flower] chain 12/250 task 1/1 step 25/360: policy 0.35s, stepping env
    [frozen_flower] chain 12/250 task 1/1 step 50/360: running policy
    [frozen_flower] chain 12/250 task 1/1 step 50/360: policy 0.34s, stepping env
    [frozen_flower] chain 12/250 task 1/1 success at step 55
    [frozen_flower] chain 12/250 task 1/1 success: 55 steps, 15.1s
    [frozen_flower] chain 13/250 start: ['rotate_red_block_right']
    [frozen_flower] chain 13/250 instructions: ['take the red block and rotate it to the right']
    [frozen_flower] chain 13/250 task 1/1 start: rotate_red_block_right | instruction: take the red block and rotate it to the right
    [frozen_flower] chain 13/250 task 1/1 step 1/360: running policy
    [frozen_flower] chain 13/250 task 1/1 step 1/360: policy 0.52s, stepping env
    [frozen_flower] chain 13/250 task 1/1 step 25/360: running policy
    [frozen_flower] chain 13/250 task 1/1 step 25/360: policy 0.37s, stepping env
    [frozen_flower] chain 13/250 task 1/1 step 50/360: running policy
    [frozen_flower] chain 13/250 task 1/1 step 50/360: policy 0.38s, stepping env
    [frozen_flower] chain 13/250 task 1/1 step 75/360: running policy
    [frozen_flower] chain 13/250 task 1/1 step 75/360: policy 0.01s, stepping env
    [frozen_flower] chain 13/250 task 1/1 step 100/360: running policy
    [frozen_flower] chain 13/250 task 1/1 step 100/360: policy 0.01s, stepping env
    [frozen_flower] chain 13/250 task 1/1 step 125/360: running policy
    [frozen_flower] chain 13/250 task 1/1 step 125/360: policy 0.23s, stepping env
    [frozen_flower] chain 13/250 task 1/1 step 150/360: running policy
    [frozen_flower] chain 13/250 task 1/1 step 150/360: policy 0.33s, stepping env
    [frozen_flower] chain 13/250 task 1/1 step 175/360: running policy
    [frozen_flower] chain 13/250 task 1/1 step 175/360: policy 0.03s, stepping env
    [frozen_flower] chain 13/250 task 1/1 step 200/360: running policy
    [frozen_flower] chain 13/250 task 1/1 step 200/360: policy 0.14s, stepping env
    [frozen_flower] chain 13/250 task 1/1 step 225/360: running policy
    [frozen_flower] chain 13/250 task 1/1 step 225/360: policy 0.01s, stepping env
    [frozen_flower] chain 13/250 task 1/1 step 250/360: running policy
    [frozen_flower] chain 13/250 task 1/1 step 250/360: policy 0.03s, stepping env
    [frozen_flower] chain 13/250 task 1/1 step 275/360: running policy
    [frozen_flower] chain 13/250 task 1/1 step 275/360: policy 0.11s, stepping env
    [frozen_flower] chain 13/250 task 1/1 step 300/360: running policy
    [frozen_flower] chain 13/250 task 1/1 step 300/360: policy 0.28s, stepping env
    [frozen_flower] chain 13/250 task 1/1 step 325/360: running policy
    [frozen_flower] chain 13/250 task 1/1 step 325/360: policy 0.34s, stepping env
    [frozen_flower] chain 13/250 task 1/1 step 350/360: running policy
    [frozen_flower] chain 13/250 task 1/1 step 350/360: policy 0.02s, stepping env
    [frozen_flower] chain 13/250 task 1/1 failed: 360 steps, 100.7s
    [frozen_flower] chain 14/250 start: ['turn_off_led']
    [frozen_flower] chain 14/250 instructions: ['press the button to turn off the led light']
    [frozen_flower] chain 14/250 task 1/1 start: turn_off_led | instruction: press the button to turn off the led light
    [frozen_flower] chain 14/250 task 1/1 step 1/360: running policy
    [frozen_flower] chain 14/250 task 1/1 step 1/360: policy 0.24s, stepping env
    [frozen_flower] chain 14/250 task 1/1 step 25/360: running policy
    [frozen_flower] chain 14/250 task 1/1 step 25/360: policy 0.20s, stepping env
    [frozen_flower] chain 14/250 task 1/1 success at step 44
    [frozen_flower] chain 14/250 task 1/1 success: 44 steps, 13.6s
    [frozen_flower] chain 15/250 start: ['move_slider_right']
    [frozen_flower] chain 15/250 instructions: ['push the sliding door to the right side']
    [frozen_flower] chain 15/250 task 1/1 start: move_slider_right | instruction: push the sliding door to the right side
    [frozen_flower] chain 15/250 task 1/1 step 1/360: running policy
    [frozen_flower] chain 15/250 task 1/1 step 1/360: policy 0.55s, stepping env
    [frozen_flower] chain 15/250 task 1/1 step 25/360: running policy
    [frozen_flower] chain 15/250 task 1/1 step 25/360: policy 0.02s, stepping env
    [frozen_flower] chain 15/250 task 1/1 step 50/360: running policy
    [frozen_flower] chain 15/250 task 1/1 step 50/360: policy 0.39s, stepping env
    [frozen_flower] chain 15/250 task 1/1 success at step 59
    [frozen_flower] chain 15/250 task 1/1 success: 59 steps, 15.1s
    [frozen_flower] chain 16/250 start: ['turn_off_led']
    [frozen_flower] chain 16/250 instructions: ['press the button to turn off the led light']
    [frozen_flower] chain 16/250 task 1/1 start: turn_off_led | instruction: press the button to turn off the led light
    [frozen_flower] chain 16/250 task 1/1 step 1/360: running policy
    [frozen_flower] chain 16/250 task 1/1 step 1/360: policy 0.54s, stepping env
    [frozen_flower] chain 16/250 task 1/1 step 25/360: running policy
    [frozen_flower] chain 16/250 task 1/1 step 25/360: policy 0.05s, stepping env
    [frozen_flower] chain 16/250 task 1/1 success at step 30
    [frozen_flower] chain 16/250 task 1/1 success: 30 steps, 7.6s
    [frozen_flower] chain 17/250 start: ['turn_on_led']
    [frozen_flower] chain 17/250 instructions: ['press the button to turn on the led light']
    [frozen_flower] chain 17/250 task 1/1 start: turn_on_led | instruction: press the button to turn on the led light
    [frozen_flower] chain 17/250 task 1/1 step 1/360: running policy
    [frozen_flower] chain 17/250 task 1/1 step 1/360: policy 0.55s, stepping env
    [frozen_flower] chain 17/250 task 1/1 step 25/360: running policy
    [frozen_flower] chain 17/250 task 1/1 step 25/360: policy 0.36s, stepping env
    [frozen_flower] chain 17/250 task 1/1 success at step 35
    [frozen_flower] chain 17/250 task 1/1 success: 35 steps, 11.4s
    [frozen_flower] chain 18/250 start: ['rotate_pink_block_left']
    [frozen_flower] chain 18/250 instructions: ['take the pink block and rotate it to the left']
    [frozen_flower] chain 18/250 task 1/1 start: rotate_pink_block_left | instruction: take the pink block and rotate it to the left
    [frozen_flower] chain 18/250 task 1/1 step 1/360: running policy
    [frozen_flower] chain 18/250 task 1/1 step 1/360: policy 0.54s, stepping env
    [frozen_flower] chain 18/250 task 1/1 step 25/360: running policy
    [frozen_flower] chain 18/250 task 1/1 step 25/360: policy 0.36s, stepping env
    [frozen_flower] chain 18/250 task 1/1 step 50/360: running policy
    [frozen_flower] chain 18/250 task 1/1 step 50/360: policy 0.36s, stepping env
    [frozen_flower] chain 18/250 task 1/1 step 75/360: running policy
    [frozen_flower] chain 18/250 task 1/1 step 75/360: policy 0.34s, stepping env
    [frozen_flower] chain 18/250 task 1/1 success at step 76
    [frozen_flower] chain 18/250 task 1/1 success: 76 steps, 25.4s
    [frozen_flower] chain 19/250 start: ['move_slider_left']
    [frozen_flower] chain 19/250 instructions: ['push the sliding door to the left side']
    [frozen_flower] chain 19/250 task 1/1 start: move_slider_left | instruction: push the sliding door to the left side
    [frozen_flower] chain 19/250 task 1/1 step 1/360: running policy
    [frozen_flower] chain 19/250 task 1/1 step 1/360: policy 0.27s, stepping env
    [frozen_flower] chain 19/250 task 1/1 step 25/360: running policy
    [frozen_flower] chain 19/250 task 1/1 step 25/360: policy 0.38s, stepping env
    [frozen_flower] chain 19/250 task 1/1 step 50/360: running policy
    [frozen_flower] chain 19/250 task 1/1 step 50/360: policy 0.37s, stepping env
    [frozen_flower] chain 19/250 task 1/1 success at step 54
    [frozen_flower] chain 19/250 task 1/1 success: 54 steps, 13.8s
    [frozen_flower] chain 20/250 start: ['rotate_pink_block_left']
    [frozen_flower] chain 20/250 instructions: ['take the pink block and rotate it to the left']
    [frozen_flower] chain 20/250 task 1/1 start: rotate_pink_block_left | instruction: take the pink block and rotate it to the left
    [frozen_flower] chain 20/250 task 1/1 step 1/360: running policy
    [frozen_flower] chain 20/250 task 1/1 step 1/360: policy 0.22s, stepping env
    [frozen_flower] chain 20/250 task 1/1 step 25/360: running policy
    [frozen_flower] chain 20/250 task 1/1 step 25/360: policy 0.36s, stepping env
    [frozen_flower] chain 20/250 task 1/1 step 50/360: running policy
    [frozen_flower] chain 20/250 task 1/1 step 50/360: policy 0.02s, stepping env
    [frozen_flower] chain 20/250 task 1/1 step 75/360: running policy
    [frozen_flower] chain 20/250 task 1/1 step 75/360: policy 0.22s, stepping env
    [frozen_flower] chain 20/250 task 1/1 success at step 86
    [frozen_flower] chain 20/250 task 1/1 success: 86 steps, 22.3s
    [frozen_flower] 20/250 chains, L1 success: 95.0%
    [frozen_flower] chain 21/250 start: ['lift_blue_block_table']
    [frozen_flower] chain 21/250 instructions: ['grasp and lift the blue block']
    [frozen_flower] chain 21/250 task 1/1 start: lift_blue_block_table | instruction: grasp and lift the blue block
    [frozen_flower] chain 21/250 task 1/1 step 1/360: running policy
    [frozen_flower] chain 21/250 task 1/1 step 1/360: policy 0.36s, stepping env
    [frozen_flower] chain 21/250 task 1/1 step 25/360: running policy
    [frozen_flower] chain 21/250 task 1/1 step 25/360: policy 0.27s, stepping env
    [frozen_flower] chain 21/250 task 1/1 success at step 46
    [frozen_flower] chain 21/250 task 1/1 success: 46 steps, 12.6s
    [frozen_flower] chain 22/250 start: ['lift_blue_block_table']
    [frozen_flower] chain 22/250 instructions: ['grasp and lift the blue block']
    [frozen_flower] chain 22/250 task 1/1 start: lift_blue_block_table | instruction: grasp and lift the blue block
    [frozen_flower] chain 22/250 task 1/1 step 1/360: running policy
    [frozen_flower] chain 22/250 task 1/1 step 1/360: policy 0.18s, stepping env
    [frozen_flower] chain 22/250 task 1/1 step 25/360: running policy
    [frozen_flower] chain 22/250 task 1/1 step 25/360: policy 0.40s, stepping env
    [frozen_flower] chain 22/250 task 1/1 step 50/360: running policy
    [frozen_flower] chain 22/250 task 1/1 step 50/360: policy 0.04s, stepping env
    [frozen_flower] chain 22/250 task 1/1 step 75/360: running policy
    [frozen_flower] chain 22/250 task 1/1 step 75/360: policy 0.36s, stepping env
    [frozen_flower] chain 22/250 task 1/1 success at step 81
    [frozen_flower] chain 22/250 task 1/1 success: 81 steps, 23.4s
    [frozen_flower] chain 23/250 start: ['push_blue_block_right']
    [frozen_flower] chain 23/250 instructions: ['go push the blue block right']
    [frozen_flower] chain 23/250 task 1/1 start: push_blue_block_right | instruction: go push the blue block right
    [frozen_flower] chain 23/250 task 1/1 step 1/360: running policy
    [frozen_flower] chain 23/250 task 1/1 step 1/360: policy 0.56s, stepping env
    [frozen_flower] chain 23/250 task 1/1 step 25/360: running policy
    [frozen_flower] chain 23/250 task 1/1 step 25/360: policy 0.33s, stepping env
    [frozen_flower] chain 23/250 task 1/1 step 50/360: running policy
    [frozen_flower] chain 23/250 task 1/1 step 50/360: policy 0.30s, stepping env
    [frozen_flower] chain 23/250 task 1/1 step 75/360: running policy
    [frozen_flower] chain 23/250 task 1/1 step 75/360: policy 0.36s, stepping env
    [frozen_flower] chain 23/250 task 1/1 step 100/360: running policy
    [frozen_flower] chain 23/250 task 1/1 step 100/360: policy 0.39s, stepping env
    [frozen_flower] chain 23/250 task 1/1 step 125/360: running policy
    [frozen_flower] chain 23/250 task 1/1 step 125/360: policy 0.03s, stepping env
    [frozen_flower] chain 23/250 task 1/1 step 150/360: running policy
    [frozen_flower] chain 23/250 task 1/1 step 150/360: policy 0.02s, stepping env
    [frozen_flower] chain 23/250 task 1/1 success at step 162
    [frozen_flower] chain 23/250 task 1/1 success: 162 steps, 48.6s
    [frozen_flower] chain 24/250 start: ['lift_pink_block_slider']
    [frozen_flower] chain 24/250 instructions: ['lift the pink block from the sliding cabinet']
    [frozen_flower] chain 24/250 task 1/1 start: lift_pink_block_slider | instruction: lift the pink block from the sliding cabinet
    [frozen_flower] chain 24/250 task 1/1 step 1/360: running policy
    [frozen_flower] chain 24/250 task 1/1 step 1/360: policy 0.53s, stepping env
    [frozen_flower] chain 24/250 task 1/1 step 25/360: running policy
    [frozen_flower] chain 24/250 task 1/1 step 25/360: policy 0.36s, stepping env
    [frozen_flower] chain 24/250 task 1/1 step 50/360: running policy
    [frozen_flower] chain 24/250 task 1/1 step 50/360: policy 0.02s, stepping env
    [frozen_flower] chain 24/250 task 1/1 success at step 71
    [frozen_flower] chain 24/250 task 1/1 success: 71 steps, 18.7s
    [frozen_flower] chain 25/250 start: ['turn_on_lightbulb']
    [frozen_flower] chain 25/250 instructions: ['use the switch to turn on the light bulb']
    [frozen_flower] chain 25/250 task 1/1 start: turn_on_lightbulb | instruction: use the switch to turn on the light bulb
    [frozen_flower] chain 25/250 task 1/1 step 1/360: running policy
    [frozen_flower] chain 25/250 task 1/1 step 1/360: policy 0.56s, stepping env
    [frozen_flower] chain 25/250 task 1/1 step 25/360: running policy
    [frozen_flower] chain 25/250 task 1/1 step 25/360: policy 0.39s, stepping env
    [frozen_flower] chain 25/250 task 1/1 step 50/360: running policy
    [frozen_flower] chain 25/250 task 1/1 step 50/360: policy 0.02s, stepping env
    [frozen_flower] chain 25/250 task 1/1 success at step 51
    [frozen_flower] chain 25/250 task 1/1 success: 51 steps, 16.9s
    [frozen_flower] chain 26/250 start: ['open_drawer']
    [frozen_flower] chain 26/250 instructions: ['pull the handle to open the drawer']
    [frozen_flower] chain 26/250 task 1/1 start: open_drawer | instruction: pull the handle to open the drawer
    [frozen_flower] chain 26/250 task 1/1 step 1/360: running policy
    [frozen_flower] chain 26/250 task 1/1 step 1/360: policy 0.22s, stepping env
    [frozen_flower] chain 26/250 task 1/1 step 25/360: running policy
    [frozen_flower] chain 26/250 task 1/1 step 25/360: policy 0.36s, stepping env
    [frozen_flower] chain 26/250 task 1/1 step 50/360: running policy
    [frozen_flower] chain 26/250 task 1/1 step 50/360: policy 0.30s, stepping env
    [frozen_flower] chain 26/250 task 1/1 success at step 60
    [frozen_flower] chain 26/250 task 1/1 success: 60 steps, 20.2s
    [frozen_flower] chain 27/250 start: ['turn_on_led']
    [frozen_flower] chain 27/250 instructions: ['press the button to turn on the led light']
    [frozen_flower] chain 27/250 task 1/1 start: turn_on_led | instruction: press the button to turn on the led light
    [frozen_flower] chain 27/250 task 1/1 step 1/360: running policy
    [frozen_flower] chain 27/250 task 1/1 step 1/360: policy 0.66s, stepping env
    [frozen_flower] chain 27/250 task 1/1 step 25/360: running policy
    [frozen_flower] chain 27/250 task 1/1 step 25/360: policy 0.30s, stepping env
    [frozen_flower] chain 27/250 task 1/1 success at step 37
    [frozen_flower] chain 27/250 task 1/1 success: 37 steps, 9.6s
    [frozen_flower] chain 28/250 start: ['open_drawer']
    [frozen_flower] chain 28/250 instructions: ['pull the handle to open the drawer']
    [frozen_flower] chain 28/250 task 1/1 start: open_drawer | instruction: pull the handle to open the drawer
    [frozen_flower] chain 28/250 task 1/1 step 1/360: running policy
    [frozen_flower] chain 28/250 task 1/1 step 1/360: policy 0.57s, stepping env
    [frozen_flower] chain 28/250 task 1/1 step 25/360: running policy
    [frozen_flower] chain 28/250 task 1/1 step 25/360: policy 0.34s, stepping env
    [frozen_flower] chain 28/250 task 1/1 step 50/360: running policy
    [frozen_flower] chain 28/250 task 1/1 step 50/360: policy 0.35s, stepping env
    [frozen_flower] chain 28/250 task 1/1 success at step 53
    [frozen_flower] chain 28/250 task 1/1 success: 53 steps, 15.5s
    [frozen_flower] chain 29/250 start: ['move_slider_left']
    [frozen_flower] chain 29/250 instructions: ['push the sliding door to the left side']
    [frozen_flower] chain 29/250 task 1/1 start: move_slider_left | instruction: push the sliding door to the left side
    [frozen_flower] chain 29/250 task 1/1 step 1/360: running policy
    [frozen_flower] chain 29/250 task 1/1 step 1/360: policy 0.28s, stepping env
    [frozen_flower] chain 29/250 task 1/1 step 25/360: running policy
    [frozen_flower] chain 29/250 task 1/1 step 25/360: policy 0.20s, stepping env
    [frozen_flower] chain 29/250 task 1/1 step 50/360: running policy
    [frozen_flower] chain 29/250 task 1/1 step 50/360: policy 0.35s, stepping env
    [frozen_flower] chain 29/250 task 1/1 success at step 52
    [frozen_flower] chain 29/250 task 1/1 success: 52 steps, 18.6s
    [frozen_flower] chain 30/250 start: ['move_slider_right']
    [frozen_flower] chain 30/250 instructions: ['push the sliding door to the right side']
    [frozen_flower] chain 30/250 task 1/1 start: move_slider_right | instruction: push the sliding door to the right side
    [frozen_flower] chain 30/250 task 1/1 step 1/360: running policy
    [frozen_flower] chain 30/250 task 1/1 step 1/360: policy 0.53s, stepping env
    [frozen_flower] chain 30/250 task 1/1 step 25/360: running policy
    [frozen_flower] chain 30/250 task 1/1 step 25/360: policy 0.34s, stepping env
    [frozen_flower] chain 30/250 task 1/1 step 50/360: running policy
    [frozen_flower] chain 30/250 task 1/1 step 50/360: policy 0.01s, stepping env
    [frozen_flower] chain 30/250 task 1/1 success at step 65
    [frozen_flower] chain 30/250 task 1/1 success: 65 steps, 19.3s
    [frozen_flower] 30/250 chains, L1 success: 96.7%
    [frozen_flower] chain 31/250 start: ['lift_blue_block_table']
    [frozen_flower] chain 31/250 instructions: ['grasp and lift the blue block']
    [frozen_flower] chain 31/250 task 1/1 start: lift_blue_block_table | instruction: grasp and lift the blue block
    [frozen_flower] chain 31/250 task 1/1 step 1/360: running policy
    [frozen_flower] chain 31/250 task 1/1 step 1/360: policy 0.74s, stepping env
    [frozen_flower] chain 31/250 task 1/1 step 25/360: running policy
    [frozen_flower] chain 31/250 task 1/1 step 25/360: policy 0.03s, stepping env
    [frozen_flower] chain 31/250 task 1/1 step 50/360: running policy
    [frozen_flower] chain 31/250 task 1/1 step 50/360: policy 0.39s, stepping env
    [frozen_flower] chain 31/250 task 1/1 success at step 52
    [frozen_flower] chain 31/250 task 1/1 success: 52 steps, 14.0s
    [frozen_flower] chain 32/250 start: ['close_drawer']
    [frozen_flower] chain 32/250 instructions: ['push the handle to close the drawer']
    [frozen_flower] chain 32/250 task 1/1 start: close_drawer | instruction: push the handle to close the drawer
    [frozen_flower] chain 32/250 task 1/1 step 1/360: running policy
    [frozen_flower] chain 32/250 task 1/1 step 1/360: policy 0.30s, stepping env
    [frozen_flower] chain 32/250 task 1/1 step 25/360: running policy
    [frozen_flower] chain 32/250 task 1/1 step 25/360: policy 0.36s, stepping env
    [frozen_flower] chain 32/250 task 1/1 step 50/360: running policy
    [frozen_flower] chain 32/250 task 1/1 step 50/360: policy 0.02s, stepping env
    [frozen_flower] chain 32/250 task 1/1 success at step 57
    [frozen_flower] chain 32/250 task 1/1 success: 57 steps, 15.9s
    [frozen_flower] chain 33/250 start: ['rotate_pink_block_right']
    [frozen_flower] chain 33/250 instructions: ['take the pink block and rotate it to the right']
    [frozen_flower] chain 33/250 task 1/1 start: rotate_pink_block_right | instruction: take the pink block and rotate it to the right
    [frozen_flower] chain 33/250 task 1/1 step 1/360: running policy
    [frozen_flower] chain 33/250 task 1/1 step 1/360: policy 0.48s, stepping env
    [frozen_flower] chain 33/250 task 1/1 step 25/360: running policy
    [frozen_flower] chain 33/250 task 1/1 step 25/360: policy 0.36s, stepping env
    [frozen_flower] chain 33/250 task 1/1 step 50/360: running policy
    [frozen_flower] chain 33/250 task 1/1 step 50/360: policy 0.37s, stepping env
    [frozen_flower] chain 33/250 task 1/1 step 75/360: running policy
    [frozen_flower] chain 33/250 task 1/1 step 75/360: policy 0.36s, stepping env
    [frozen_flower] chain 33/250 task 1/1 success at step 79
    [frozen_flower] chain 33/250 task 1/1 success: 79 steps, 24.0s
    [frozen_flower] chain 34/250 start: ['turn_off_lightbulb']
    [frozen_flower] chain 34/250 instructions: ['use the switch to turn off the light bulb']
    [frozen_flower] chain 34/250 task 1/1 start: turn_off_lightbulb | instruction: use the switch to turn off the light bulb
    [frozen_flower] chain 34/250 task 1/1 step 1/360: running policy
    [frozen_flower] chain 34/250 task 1/1 step 1/360: policy 0.55s, stepping env
    [frozen_flower] chain 34/250 task 1/1 step 25/360: running policy
    [frozen_flower] chain 34/250 task 1/1 step 25/360: policy 0.27s, stepping env
    [frozen_flower] chain 34/250 task 1/1 step 50/360: running policy
    [frozen_flower] chain 34/250 task 1/1 step 50/360: policy 0.37s, stepping env
    [frozen_flower] chain 34/250 task 1/1 success at step 58
    [frozen_flower] chain 34/250 task 1/1 success: 58 steps, 17.8s
    [frozen_flower] chain 35/250 start: ['push_red_block_left']
    [frozen_flower] chain 35/250 instructions: ['go push the red block left']
    [frozen_flower] chain 35/250 task 1/1 start: push_red_block_left | instruction: go push the red block left
    [frozen_flower] chain 35/250 task 1/1 step 1/360: running policy
    [frozen_flower] chain 35/250 task 1/1 step 1/360: policy 0.47s, stepping env
    [frozen_flower] chain 35/250 task 1/1 step 25/360: running policy
    [frozen_flower] chain 35/250 task 1/1 step 25/360: policy 0.38s, stepping env
    [frozen_flower] chain 35/250 task 1/1 step 50/360: running policy
    [frozen_flower] chain 35/250 task 1/1 step 50/360: policy 0.30s, stepping env
    [frozen_flower] chain 35/250 task 1/1 step 75/360: running policy
    [frozen_flower] chain 35/250 task 1/1 step 75/360: policy 0.31s, stepping env
    [frozen_flower] chain 35/250 task 1/1 step 100/360: running policy
    [frozen_flower] chain 35/250 task 1/1 step 100/360: policy 0.03s, stepping env
    [frozen_flower] chain 35/250 task 1/1 step 125/360: running policy
    [frozen_flower] chain 35/250 task 1/1 step 125/360: policy 0.34s, stepping env
    [frozen_flower] chain 35/250 task 1/1 step 150/360: running policy
    [frozen_flower] chain 35/250 task 1/1 step 150/360: policy 0.03s, stepping env
    [frozen_flower] chain 35/250 task 1/1 step 175/360: running policy
    [frozen_flower] chain 35/250 task 1/1 step 175/360: policy 0.39s, stepping env
    [frozen_flower] chain 35/250 task 1/1 step 200/360: running policy
    [frozen_flower] chain 35/250 task 1/1 step 200/360: policy 0.43s, stepping env
    [frozen_flower] chain 35/250 task 1/1 step 225/360: running policy
    [frozen_flower] chain 35/250 task 1/1 step 225/360: policy 0.20s, stepping env
    [frozen_flower] chain 35/250 task 1/1 step 250/360: running policy
    [frozen_flower] chain 35/250 task 1/1 step 250/360: policy 0.37s, stepping env
    [frozen_flower] chain 35/250 task 1/1 step 275/360: running policy
    [frozen_flower] chain 35/250 task 1/1 step 275/360: policy 0.48s, stepping env
    [frozen_flower] chain 35/250 task 1/1 step 300/360: running policy
    [frozen_flower] chain 35/250 task 1/1 step 300/360: policy 0.26s, stepping env
    [frozen_flower] chain 35/250 task 1/1 step 325/360: running policy
    [frozen_flower] chain 35/250 task 1/1 step 325/360: policy 0.01s, stepping env
    [frozen_flower] chain 35/250 task 1/1 step 350/360: running policy
    [frozen_flower] chain 35/250 task 1/1 step 350/360: policy 0.07s, stepping env
    [frozen_flower] chain 35/250 task 1/1 failed: 360 steps, 107.4s
    [frozen_flower] chain 36/250 start: ['lift_pink_block_slider']
    [frozen_flower] chain 36/250 instructions: ['lift the pink block from the sliding cabinet']
    [frozen_flower] chain 36/250 task 1/1 start: lift_pink_block_slider | instruction: lift the pink block from the sliding cabinet
    [frozen_flower] chain 36/250 task 1/1 step 1/360: running policy
    [frozen_flower] chain 36/250 task 1/1 step 1/360: policy 0.27s, stepping env
    [frozen_flower] chain 36/250 task 1/1 step 25/360: running policy
    [frozen_flower] chain 36/250 task 1/1 step 25/360: policy 0.36s, stepping env
    [frozen_flower] chain 36/250 task 1/1 step 50/360: running policy
    [frozen_flower] chain 36/250 task 1/1 step 50/360: policy 0.39s, stepping env
    [frozen_flower] chain 36/250 task 1/1 success at step 62
    [frozen_flower] chain 36/250 task 1/1 success: 62 steps, 23.0s
    [frozen_flower] chain 37/250 start: ['turn_on_led']
    [frozen_flower] chain 37/250 instructions: ['press the button to turn on the led light']
    [frozen_flower] chain 37/250 task 1/1 start: turn_on_led | instruction: press the button to turn on the led light
    [frozen_flower] chain 37/250 task 1/1 step 1/360: running policy
    [frozen_flower] chain 37/250 task 1/1 step 1/360: policy 0.55s, stepping env
    [frozen_flower] chain 37/250 task 1/1 step 25/360: running policy
    [frozen_flower] chain 37/250 task 1/1 step 25/360: policy 0.49s, stepping env
    [frozen_flower] chain 37/250 task 1/1 success at step 40
    [frozen_flower] chain 37/250 task 1/1 success: 40 steps, 14.9s
    [frozen_flower] chain 38/250 start: ['lift_red_block_slider']
    [frozen_flower] chain 38/250 instructions: ['lift the red block from the sliding cabinet']
    [frozen_flower] chain 38/250 task 1/1 start: lift_red_block_slider | instruction: lift the red block from the sliding cabinet
    [frozen_flower] chain 38/250 task 1/1 step 1/360: running policy
    [frozen_flower] chain 38/250 task 1/1 step 1/360: policy 0.53s, stepping env
    [frozen_flower] chain 38/250 task 1/1 step 25/360: running policy
    [frozen_flower] chain 38/250 task 1/1 step 25/360: policy 0.36s, stepping env
    [frozen_flower] chain 38/250 task 1/1 step 50/360: running policy
    [frozen_flower] chain 38/250 task 1/1 step 50/360: policy 0.36s, stepping env
    [frozen_flower] chain 38/250 task 1/1 success at step 66
    [frozen_flower] chain 38/250 task 1/1 success: 66 steps, 18.7s
    [frozen_flower] chain 39/250 start: ['lift_blue_block_slider']
    [frozen_flower] chain 39/250 instructions: ['lift the blue block from the sliding cabinet']
    [frozen_flower] chain 39/250 task 1/1 start: lift_blue_block_slider | instruction: lift the blue block from the sliding cabinet
    [frozen_flower] chain 39/250 task 1/1 step 1/360: running policy
    [frozen_flower] chain 39/250 task 1/1 step 1/360: policy 0.47s, stepping env
    [frozen_flower] chain 39/250 task 1/1 step 25/360: running policy
    [frozen_flower] chain 39/250 task 1/1 step 25/360: policy 0.06s, stepping env
    [frozen_flower] chain 39/250 task 1/1 step 50/360: running policy
    [frozen_flower] chain 39/250 task 1/1 step 50/360: policy 0.38s, stepping env
    [frozen_flower] chain 39/250 task 1/1 success at step 71
    [frozen_flower] chain 39/250 task 1/1 success: 71 steps, 19.8s
    [frozen_flower] chain 40/250 start: ['rotate_blue_block_left']
    [frozen_flower] chain 40/250 instructions: ['take the blue block and rotate it to the left']
    [frozen_flower] chain 40/250 task 1/1 start: rotate_blue_block_left | instruction: take the blue block and rotate it to the left
    [frozen_flower] chain 40/250 task 1/1 step 1/360: running policy
    [frozen_flower] chain 40/250 task 1/1 step 1/360: policy 0.56s, stepping env
    [frozen_flower] chain 40/250 task 1/1 step 25/360: running policy
    [frozen_flower] chain 40/250 task 1/1 step 25/360: policy 0.34s, stepping env
    [frozen_flower] chain 40/250 task 1/1 step 50/360: running policy
    [frozen_flower] chain 40/250 task 1/1 step 50/360: policy 0.31s, stepping env
    [frozen_flower] chain 40/250 task 1/1 step 75/360: running policy
    [frozen_flower] chain 40/250 task 1/1 step 75/360: policy 0.35s, stepping env
    [frozen_flower] chain 40/250 task 1/1 success at step 78
    [frozen_flower] chain 40/250 task 1/1 success: 78 steps, 22.0s
    [frozen_flower] 40/250 chains, L1 success: 95.0%
    [frozen_flower] chain 41/250 start: ['rotate_blue_block_left']
    [frozen_flower] chain 41/250 instructions: ['take the blue block and rotate it to the left']
    [frozen_flower] chain 41/250 task 1/1 start: rotate_blue_block_left | instruction: take the blue block and rotate it to the left
    [frozen_flower] chain 41/250 task 1/1 step 1/360: running policy
    [frozen_flower] chain 41/250 task 1/1 step 1/360: policy 0.49s, stepping env
    [frozen_flower] chain 41/250 task 1/1 step 25/360: running policy
    [frozen_flower] chain 41/250 task 1/1 step 25/360: policy 0.35s, stepping env
    [frozen_flower] chain 41/250 task 1/1 step 50/360: running policy
    [frozen_flower] chain 41/250 task 1/1 step 50/360: policy 0.04s, stepping env
    [frozen_flower] chain 41/250 task 1/1 step 75/360: running policy
    [frozen_flower] chain 41/250 task 1/1 step 75/360: policy 0.44s, stepping env
    [frozen_flower] chain 41/250 task 1/1 success at step 86
    [frozen_flower] chain 41/250 task 1/1 success: 86 steps, 26.7s
    [frozen_flower] chain 42/250 start: ['lift_blue_block_slider']
    [frozen_flower] chain 42/250 instructions: ['lift the blue block from the sliding cabinet']
    [frozen_flower] chain 42/250 task 1/1 start: lift_blue_block_slider | instruction: lift the blue block from the sliding cabinet
    [frozen_flower] chain 42/250 task 1/1 step 1/360: running policy
    [frozen_flower] chain 42/250 task 1/1 step 1/360: policy 0.51s, stepping env
    [frozen_flower] chain 42/250 task 1/1 step 25/360: running policy
    [frozen_flower] chain 42/250 task 1/1 step 25/360: policy 0.33s, stepping env
    [frozen_flower] chain 42/250 task 1/1 step 50/360: running policy
    [frozen_flower] chain 42/250 task 1/1 step 50/360: policy 0.31s, stepping env
    [frozen_flower] chain 42/250 task 1/1 step 75/360: running policy
    [frozen_flower] chain 42/250 task 1/1 step 75/360: policy 0.35s, stepping env
    [frozen_flower] chain 42/250 task 1/1 step 100/360: running policy
    [frozen_flower] chain 42/250 task 1/1 step 100/360: policy 0.40s, stepping env
    [frozen_flower] chain 42/250 task 1/1 success at step 101
    [frozen_flower] chain 42/250 task 1/1 success: 101 steps, 32.1s
    [frozen_flower] chain 43/250 start: ['turn_off_led']
    [frozen_flower] chain 43/250 instructions: ['press the button to turn off the led light']
    [frozen_flower] chain 43/250 task 1/1 start: turn_off_led | instruction: press the button to turn off the led light
    [frozen_flower] chain 43/250 task 1/1 step 1/360: running policy
    [frozen_flower] chain 43/250 task 1/1 step 1/360: policy 0.26s, stepping env
    [frozen_flower] chain 43/250 task 1/1 step 25/360: running policy
    [frozen_flower] chain 43/250 task 1/1 step 25/360: policy 0.29s, stepping env
    [frozen_flower] chain 43/250 task 1/1 success at step 39
    [frozen_flower] chain 43/250 task 1/1 success: 39 steps, 11.2s
    [frozen_flower] chain 44/250 start: ['push_red_block_left']
    [frozen_flower] chain 44/250 instructions: ['go push the red block left']
    [frozen_flower] chain 44/250 task 1/1 start: push_red_block_left | instruction: go push the red block left
    [frozen_flower] chain 44/250 task 1/1 step 1/360: running policy
    [frozen_flower] chain 44/250 task 1/1 step 1/360: policy 0.50s, stepping env
    [frozen_flower] chain 44/250 task 1/1 step 25/360: running policy
    [frozen_flower] chain 44/250 task 1/1 step 25/360: policy 0.02s, stepping env
    [frozen_flower] chain 44/250 task 1/1 step 50/360: running policy
    [frozen_flower] chain 44/250 task 1/1 step 50/360: policy 0.39s, stepping env
    [frozen_flower] chain 44/250 task 1/1 success at step 58
    [frozen_flower] chain 44/250 task 1/1 success: 58 steps, 17.4s
    [frozen_flower] chain 45/250 start: ['push_blue_block_left']
    [frozen_flower] chain 45/250 instructions: ['go push the blue block left']
    [frozen_flower] chain 45/250 task 1/1 start: push_blue_block_left | instruction: go push the blue block left
    [frozen_flower] chain 45/250 task 1/1 step 1/360: running policy
    [frozen_flower] chain 45/250 task 1/1 step 1/360: policy 0.55s, stepping env
    [frozen_flower] chain 45/250 task 1/1 step 25/360: running policy
    [frozen_flower] chain 45/250 task 1/1 step 25/360: policy 0.01s, stepping env
    [frozen_flower] chain 45/250 task 1/1 step 50/360: running policy
    [frozen_flower] chain 45/250 task 1/1 step 50/360: policy 0.32s, stepping env
    [frozen_flower] chain 45/250 task 1/1 success at step 63
    [frozen_flower] chain 45/250 task 1/1 success: 63 steps, 18.3s
    [frozen_flower] chain 46/250 start: ['push_blue_block_left']
    [frozen_flower] chain 46/250 instructions: ['go push the blue block left']
    [frozen_flower] chain 46/250 task 1/1 start: push_blue_block_left | instruction: go push the blue block left
    [frozen_flower] chain 46/250 task 1/1 step 1/360: running policy
    [frozen_flower] chain 46/250 task 1/1 step 1/360: policy 0.60s, stepping env
    [frozen_flower] chain 46/250 task 1/1 step 25/360: running policy
    [frozen_flower] chain 46/250 task 1/1 step 25/360: policy 0.34s, stepping env
    [frozen_flower] chain 46/250 task 1/1 step 50/360: running policy
    [frozen_flower] chain 46/250 task 1/1 step 50/360: policy 0.25s, stepping env
    [frozen_flower] chain 46/250 task 1/1 success at step 57
    [frozen_flower] chain 46/250 task 1/1 success: 57 steps, 16.2s
    [frozen_flower] chain 47/250 start: ['move_slider_right']
    [frozen_flower] chain 47/250 instructions: ['push the sliding door to the right side']
    [frozen_flower] chain 47/250 task 1/1 start: move_slider_right | instruction: push the sliding door to the right side
    [frozen_flower] chain 47/250 task 1/1 step 1/360: running policy
    [frozen_flower] chain 47/250 task 1/1 step 1/360: policy 0.41s, stepping env
    [frozen_flower] chain 47/250 task 1/1 step 25/360: running policy
    [frozen_flower] chain 47/250 task 1/1 step 25/360: policy 0.39s, stepping env
    [frozen_flower] chain 47/250 task 1/1 step 50/360: running policy
    [frozen_flower] chain 47/250 task 1/1 step 50/360: policy 0.25s, stepping env
    [frozen_flower] chain 47/250 task 1/1 success at step 58
    [frozen_flower] chain 47/250 task 1/1 success: 58 steps, 19.4s
    [frozen_flower] chain 48/250 start: ['open_drawer']
    [frozen_flower] chain 48/250 instructions: ['pull the handle to open the drawer']
    [frozen_flower] chain 48/250 task 1/1 start: open_drawer | instruction: pull the handle to open the drawer
    [frozen_flower] chain 48/250 task 1/1 step 1/360: running policy
    [frozen_flower] chain 48/250 task 1/1 step 1/360: policy 0.66s, stepping env
    [frozen_flower] chain 48/250 task 1/1 step 25/360: running policy
    [frozen_flower] chain 48/250 task 1/1 step 25/360: policy 0.34s, stepping env
    [frozen_flower] chain 48/250 task 1/1 step 50/360: running policy
    [frozen_flower] chain 48/250 task 1/1 step 50/360: policy 0.39s, stepping env
    [frozen_flower] chain 48/250 task 1/1 success at step 53
    [frozen_flower] chain 48/250 task 1/1 success: 53 steps, 16.7s
    [frozen_flower] chain 49/250 start: ['turn_on_lightbulb']
    [frozen_flower] chain 49/250 instructions: ['use the switch to turn on the light bulb']
    [frozen_flower] chain 49/250 task 1/1 start: turn_on_lightbulb | instruction: use the switch to turn on the light bulb
    [frozen_flower] chain 49/250 task 1/1 step 1/360: running policy
    [frozen_flower] chain 49/250 task 1/1 step 1/360: policy 0.49s, stepping env
    [frozen_flower] chain 49/250 task 1/1 step 25/360: running policy
    [frozen_flower] chain 49/250 task 1/1 step 25/360: policy 0.41s, stepping env
    [frozen_flower] chain 49/250 task 1/1 step 50/360: running policy
    [frozen_flower] chain 49/250 task 1/1 step 50/360: policy 0.34s, stepping env
    [frozen_flower] chain 49/250 task 1/1 success at step 53
    [frozen_flower] chain 49/250 task 1/1 success: 53 steps, 14.6s
    [frozen_flower] chain 50/250 start: ['open_drawer']
    [frozen_flower] chain 50/250 instructions: ['pull the handle to open the drawer']
    [frozen_flower] chain 50/250 task 1/1 start: open_drawer | instruction: pull the handle to open the drawer
    [frozen_flower] chain 50/250 task 1/1 step 1/360: running policy
    [frozen_flower] chain 50/250 task 1/1 step 1/360: policy 0.53s, stepping env
    [frozen_flower] chain 50/250 task 1/1 step 25/360: running policy
    [frozen_flower] chain 50/250 task 1/1 step 25/360: policy 0.07s, stepping env
    [frozen_flower] chain 50/250 task 1/1 step 50/360: running policy
    [frozen_flower] chain 50/250 task 1/1 step 50/360: policy 0.33s, stepping env
    [frozen_flower] chain 50/250 task 1/1 success at step 51
    [frozen_flower] chain 50/250 task 1/1 success: 51 steps, 15.9s
    [frozen_flower] 50/250 chains, L1 success: 96.0%
    [frozen_flower] chain 51/250 start: ['rotate_blue_block_right']
    [frozen_flower] chain 51/250 instructions: ['take the blue block and rotate it to the right']
    [frozen_flower] chain 51/250 task 1/1 start: rotate_blue_block_right | instruction: take the blue block and rotate it to the right
    [frozen_flower] chain 51/250 task 1/1 step 1/360: running policy
    [frozen_flower] chain 51/250 task 1/1 step 1/360: policy 0.58s, stepping env
    [frozen_flower] chain 51/250 task 1/1 step 25/360: running policy
    [frozen_flower] chain 51/250 task 1/1 step 25/360: policy 0.13s, stepping env
    [frozen_flower] chain 51/250 task 1/1 step 50/360: running policy
    [frozen_flower] chain 51/250 task 1/1 step 50/360: policy 0.24s, stepping env
    [frozen_flower] chain 51/250 task 1/1 step 75/360: running policy
    [frozen_flower] chain 51/250 task 1/1 step 75/360: policy 0.01s, stepping env
    [frozen_flower] chain 51/250 task 1/1 success at step 81
    [frozen_flower] chain 51/250 task 1/1 success: 81 steps, 25.3s
    [frozen_flower] chain 52/250 start: ['turn_off_led']
    [frozen_flower] chain 52/250 instructions: ['press the button to turn off the led light']
    [frozen_flower] chain 52/250 task 1/1 start: turn_off_led | instruction: press the button to turn off the led light
    [frozen_flower] chain 52/250 task 1/1 step 1/360: running policy
    [frozen_flower] chain 52/250 task 1/1 step 1/360: policy 0.63s, stepping env
    [frozen_flower] chain 52/250 task 1/1 step 25/360: running policy
    [frozen_flower] chain 52/250 task 1/1 step 25/360: policy 0.40s, stepping env
    [frozen_flower] chain 52/250 task 1/1 success at step 42
    [frozen_flower] chain 52/250 task 1/1 success: 42 steps, 11.4s
    [frozen_flower] chain 53/250 start: ['turn_on_lightbulb']
    [frozen_flower] chain 53/250 instructions: ['use the switch to turn on the light bulb']
    [frozen_flower] chain 53/250 task 1/1 start: turn_on_lightbulb | instruction: use the switch to turn on the light bulb
    [frozen_flower] chain 53/250 task 1/1 step 1/360: running policy
    [frozen_flower] chain 53/250 task 1/1 step 1/360: policy 0.44s, stepping env
    [frozen_flower] chain 53/250 task 1/1 step 25/360: running policy
    [frozen_flower] chain 53/250 task 1/1 step 25/360: policy 0.01s, stepping env
    [frozen_flower] chain 53/250 task 1/1 step 50/360: running policy
    [frozen_flower] chain 53/250 task 1/1 step 50/360: policy 0.29s, stepping env
    [frozen_flower] chain 53/250 task 1/1 success at step 52
    [frozen_flower] chain 53/250 task 1/1 success: 52 steps, 12.2s
    [frozen_flower] chain 54/250 start: ['push_pink_block_left']
    [frozen_flower] chain 54/250 instructions: ['go push the pink block left']
    [frozen_flower] chain 54/250 task 1/1 start: push_pink_block_left | instruction: go push the pink block left
    [frozen_flower] chain 54/250 task 1/1 step 1/360: running policy
    [frozen_flower] chain 54/250 task 1/1 step 1/360: policy 0.31s, stepping env
    [frozen_flower] chain 54/250 task 1/1 step 25/360: running policy
    [frozen_flower] chain 54/250 task 1/1 step 25/360: policy 0.02s, stepping env
    [frozen_flower] chain 54/250 task 1/1 step 50/360: running policy
    [frozen_flower] chain 54/250 task 1/1 step 50/360: policy 0.29s, stepping env
    [frozen_flower] chain 54/250 task 1/1 success at step 62
    [frozen_flower] chain 54/250 task 1/1 success: 62 steps, 17.9s
    [frozen_flower] chain 55/250 start: ['move_slider_right']
    [frozen_flower] chain 55/250 instructions: ['push the sliding door to the right side']
    [frozen_flower] chain 55/250 task 1/1 start: move_slider_right | instruction: push the sliding door to the right side
    [frozen_flower] chain 55/250 task 1/1 step 1/360: running policy
    [frozen_flower] chain 55/250 task 1/1 step 1/360: policy 0.66s, stepping env
    [frozen_flower] chain 55/250 task 1/1 step 25/360: running policy
    [frozen_flower] chain 55/250 task 1/1 step 25/360: policy 0.33s, stepping env
    [frozen_flower] chain 55/250 task 1/1 step 50/360: running policy
    [frozen_flower] chain 55/250 task 1/1 step 50/360: policy 0.31s, stepping env
    [frozen_flower] chain 55/250 task 1/1 success at step 69
    [frozen_flower] chain 55/250 task 1/1 success: 69 steps, 19.6s
    [frozen_flower] chain 56/250 start: ['turn_off_led']
    [frozen_flower] chain 56/250 instructions: ['press the button to turn off the led light']
    [frozen_flower] chain 56/250 task 1/1 start: turn_off_led | instruction: press the button to turn off the led light
    [frozen_flower] chain 56/250 task 1/1 step 1/360: running policy
    [frozen_flower] chain 56/250 task 1/1 step 1/360: policy 0.29s, stepping env
    [frozen_flower] chain 56/250 task 1/1 step 25/360: running policy
    [frozen_flower] chain 56/250 task 1/1 step 25/360: policy 0.33s, stepping env
    [frozen_flower] chain 56/250 task 1/1 success at step 36
    [frozen_flower] chain 56/250 task 1/1 success: 36 steps, 10.7s
    [frozen_flower] chain 57/250 start: ['close_drawer']
    [frozen_flower] chain 57/250 instructions: ['push the handle to close the drawer']
    [frozen_flower] chain 57/250 task 1/1 start: close_drawer | instruction: push the handle to close the drawer
    [frozen_flower] chain 57/250 task 1/1 step 1/360: running policy
    [frozen_flower] chain 57/250 task 1/1 step 1/360: policy 0.64s, stepping env
    [frozen_flower] chain 57/250 task 1/1 step 25/360: running policy
    [frozen_flower] chain 57/250 task 1/1 step 25/360: policy 0.21s, stepping env
    [frozen_flower] chain 57/250 task 1/1 step 50/360: running policy
    [frozen_flower] chain 57/250 task 1/1 step 50/360: policy 0.04s, stepping env
    [frozen_flower] chain 57/250 task 1/1 success at step 54
    [frozen_flower] chain 57/250 task 1/1 success: 54 steps, 18.7s
    [frozen_flower] chain 58/250 start: ['close_drawer']
    [frozen_flower] chain 58/250 instructions: ['push the handle to close the drawer']
    [frozen_flower] chain 58/250 task 1/1 start: close_drawer | instruction: push the handle to close the drawer
    [frozen_flower] chain 58/250 task 1/1 step 1/360: running policy
    [frozen_flower] chain 58/250 task 1/1 step 1/360: policy 0.57s, stepping env
    [frozen_flower] chain 58/250 task 1/1 step 25/360: running policy
    [frozen_flower] chain 58/250 task 1/1 step 25/360: policy 0.38s, stepping env
    [frozen_flower] chain 58/250 task 1/1 step 50/360: running policy
    [frozen_flower] chain 58/250 task 1/1 step 50/360: policy 0.07s, stepping env
    [frozen_flower] chain 58/250 task 1/1 success at step 61
    [frozen_flower] chain 58/250 task 1/1 success: 61 steps, 18.2s
    [frozen_flower] chain 59/250 start: ['push_pink_block_left']
    [frozen_flower] chain 59/250 instructions: ['go push the pink block left']
    [frozen_flower] chain 59/250 task 1/1 start: push_pink_block_left | instruction: go push the pink block left
    [frozen_flower] chain 59/250 task 1/1 step 1/360: running policy
    [frozen_flower] chain 59/250 task 1/1 step 1/360: policy 0.43s, stepping env
    [frozen_flower] chain 59/250 task 1/1 step 25/360: running policy
    [frozen_flower] chain 59/250 task 1/1 step 25/360: policy 0.35s, stepping env
    [frozen_flower] chain 59/250 task 1/1 step 50/360: running policy
    [frozen_flower] chain 59/250 task 1/1 step 50/360: policy 0.37s, stepping env
    [frozen_flower] chain 59/250 task 1/1 success at step 62
    [frozen_flower] chain 59/250 task 1/1 success: 62 steps, 19.4s
    [frozen_flower] chain 60/250 start: ['close_drawer']
    [frozen_flower] chain 60/250 instructions: ['push the handle to close the drawer']
    [frozen_flower] chain 60/250 task 1/1 start: close_drawer | instruction: push the handle to close the drawer
    [frozen_flower] chain 60/250 task 1/1 step 1/360: running policy
    [frozen_flower] chain 60/250 task 1/1 step 1/360: policy 0.27s, stepping env
    [frozen_flower] chain 60/250 task 1/1 step 25/360: running policy
    [frozen_flower] chain 60/250 task 1/1 step 25/360: policy 0.31s, stepping env
    [frozen_flower] chain 60/250 task 1/1 success at step 49
    [frozen_flower] chain 60/250 task 1/1 success: 49 steps, 16.1s
    [frozen_flower] 60/250 chains, L1 success: 96.7%
    [frozen_flower] chain 61/250 start: ['move_slider_left']
    [frozen_flower] chain 61/250 instructions: ['push the sliding door to the left side']
    [frozen_flower] chain 61/250 task 1/1 start: move_slider_left | instruction: push the sliding door to the left side
    [frozen_flower] chain 61/250 task 1/1 step 1/360: running policy
    [frozen_flower] chain 61/250 task 1/1 step 1/360: policy 0.37s, stepping env
    [frozen_flower] chain 61/250 task 1/1 step 25/360: running policy
    [frozen_flower] chain 61/250 task 1/1 step 25/360: policy 0.41s, stepping env
    [frozen_flower] chain 61/250 task 1/1 step 50/360: running policy
    [frozen_flower] chain 61/250 task 1/1 step 50/360: policy 0.34s, stepping env
    [frozen_flower] chain 61/250 task 1/1 success at step 52
    [frozen_flower] chain 61/250 task 1/1 success: 52 steps, 17.0s
    [frozen_flower] chain 62/250 start: ['push_red_block_right']
    [frozen_flower] chain 62/250 instructions: ['go push the red block right']
    [frozen_flower] chain 62/250 task 1/1 start: push_red_block_right | instruction: go push the red block right
    [frozen_flower] chain 62/250 task 1/1 step 1/360: running policy
    [frozen_flower] chain 62/250 task 1/1 step 1/360: policy 0.35s, stepping env
    [frozen_flower] chain 62/250 task 1/1 step 25/360: running policy
    [frozen_flower] chain 62/250 task 1/1 step 25/360: policy 0.19s, stepping env
    [frozen_flower] chain 62/250 task 1/1 step 50/360: running policy
    [frozen_flower] chain 62/250 task 1/1 step 50/360: policy 0.13s, stepping env
    [frozen_flower] chain 62/250 task 1/1 step 75/360: running policy
    [frozen_flower] chain 62/250 task 1/1 step 75/360: policy 0.34s, stepping env
    [frozen_flower] chain 62/250 task 1/1 step 100/360: running policy
    [frozen_flower] chain 62/250 task 1/1 step 100/360: policy 0.01s, stepping env
    [frozen_flower] chain 62/250 task 1/1 step 125/360: running policy
    [frozen_flower] chain 62/250 task 1/1 step 125/360: policy 0.36s, stepping env
    [frozen_flower] chain 62/250 task 1/1 success at step 147
    [frozen_flower] chain 62/250 task 1/1 success: 147 steps, 39.8s
    [frozen_flower] chain 63/250 start: ['rotate_red_block_right']
    [frozen_flower] chain 63/250 instructions: ['take the red block and rotate it to the right']
    [frozen_flower] chain 63/250 task 1/1 start: rotate_red_block_right | instruction: take the red block and rotate it to the right
    [frozen_flower] chain 63/250 task 1/1 step 1/360: running policy
    [frozen_flower] chain 63/250 task 1/1 step 1/360: policy 0.60s, stepping env
    [frozen_flower] chain 63/250 task 1/1 step 25/360: running policy
    [frozen_flower] chain 63/250 task 1/1 step 25/360: policy 0.25s, stepping env
    [frozen_flower] chain 63/250 task 1/1 step 50/360: running policy
    [frozen_flower] chain 63/250 task 1/1 step 50/360: policy 0.42s, stepping env
    [frozen_flower] chain 63/250 task 1/1 step 75/360: running policy
    [frozen_flower] chain 63/250 task 1/1 step 75/360: policy 0.26s, stepping env
    [frozen_flower] chain 63/250 task 1/1 success at step 98
    [frozen_flower] chain 63/250 task 1/1 success: 98 steps, 27.5s
    [frozen_flower] chain 64/250 start: ['open_drawer']
    [frozen_flower] chain 64/250 instructions: ['pull the handle to open the drawer']
    [frozen_flower] chain 64/250 task 1/1 start: open_drawer | instruction: pull the handle to open the drawer
    [frozen_flower] chain 64/250 task 1/1 step 1/360: running policy
    [frozen_flower] chain 64/250 task 1/1 step 1/360: policy 0.31s, stepping env
    [frozen_flower] chain 64/250 task 1/1 step 25/360: running policy
    [frozen_flower] chain 64/250 task 1/1 step 25/360: policy 0.34s, stepping env
    [frozen_flower] chain 64/250 task 1/1 step 50/360: running policy
    [frozen_flower] chain 64/250 task 1/1 step 50/360: policy 0.06s, stepping env
    [frozen_flower] chain 64/250 task 1/1 success at step 59
    [frozen_flower] chain 64/250 task 1/1 success: 59 steps, 17.0s
    [frozen_flower] chain 65/250 start: ['push_pink_block_left']
    [frozen_flower] chain 65/250 instructions: ['go push the pink block left']
    [frozen_flower] chain 65/250 task 1/1 start: push_pink_block_left | instruction: go push the pink block left
    [frozen_flower] chain 65/250 task 1/1 step 1/360: running policy
    [frozen_flower] chain 65/250 task 1/1 step 1/360: policy 0.59s, stepping env
    [frozen_flower] chain 65/250 task 1/1 step 25/360: running policy
    [frozen_flower] chain 65/250 task 1/1 step 25/360: policy 0.03s, stepping env
    [frozen_flower] chain 65/250 task 1/1 step 50/360: running policy
    [frozen_flower] chain 65/250 task 1/1 step 50/360: policy 0.36s, stepping env
    [frozen_flower] chain 65/250 task 1/1 success at step 74
    [frozen_flower] chain 65/250 task 1/1 success: 74 steps, 20.2s
    [frozen_flower] chain 66/250 start: ['rotate_red_block_left']
    [frozen_flower] chain 66/250 instructions: ['take the red block and rotate it to the left']
    [frozen_flower] chain 66/250 task 1/1 start: rotate_red_block_left | instruction: take the red block and rotate it to the left
    [frozen_flower] chain 66/250 task 1/1 step 1/360: running policy
    [frozen_flower] chain 66/250 task 1/1 step 1/360: policy 0.56s, stepping env
    [frozen_flower] chain 66/250 task 1/1 step 25/360: running policy
    [frozen_flower] chain 66/250 task 1/1 step 25/360: policy 0.02s, stepping env
    [frozen_flower] chain 66/250 task 1/1 step 50/360: running policy
    [frozen_flower] chain 66/250 task 1/1 step 50/360: policy 0.34s, stepping env
    [frozen_flower] chain 66/250 task 1/1 step 75/360: running policy
    [frozen_flower] chain 66/250 task 1/1 step 75/360: policy 0.35s, stepping env
    [frozen_flower] chain 66/250 task 1/1 success at step 83
    [frozen_flower] chain 66/250 task 1/1 success: 83 steps, 27.3s
    [frozen_flower] chain 67/250 start: ['move_slider_left']
    [frozen_flower] chain 67/250 instructions: ['push the sliding door to the left side']
    [frozen_flower] chain 67/250 task 1/1 start: move_slider_left | instruction: push the sliding door to the left side
    [frozen_flower] chain 67/250 task 1/1 step 1/360: running policy
    [frozen_flower] chain 67/250 task 1/1 step 1/360: policy 0.24s, stepping env
    [frozen_flower] chain 67/250 task 1/1 step 25/360: running policy
    [frozen_flower] chain 67/250 task 1/1 step 25/360: policy 0.37s, stepping env
    [frozen_flower] chain 67/250 task 1/1 step 50/360: running policy
    [frozen_flower] chain 67/250 task 1/1 step 50/360: policy 0.38s, stepping env
    [frozen_flower] chain 67/250 task 1/1 success at step 54
    [frozen_flower] chain 67/250 task 1/1 success: 54 steps, 20.0s
    [frozen_flower] chain 68/250 start: ['turn_off_lightbulb']
    [frozen_flower] chain 68/250 instructions: ['use the switch to turn off the light bulb']
    [frozen_flower] chain 68/250 task 1/1 start: turn_off_lightbulb | instruction: use the switch to turn off the light bulb
    [frozen_flower] chain 68/250 task 1/1 step 1/360: running policy
    [frozen_flower] chain 68/250 task 1/1 step 1/360: policy 0.49s, stepping env
    [frozen_flower] chain 68/250 task 1/1 step 25/360: running policy
    [frozen_flower] chain 68/250 task 1/1 step 25/360: policy 0.37s, stepping env
    [frozen_flower] chain 68/250 task 1/1 step 50/360: running policy
    [frozen_flower] chain 68/250 task 1/1 step 50/360: policy 0.04s, stepping env
    [frozen_flower] chain 68/250 task 1/1 success at step 54
    [frozen_flower] chain 68/250 task 1/1 success: 54 steps, 23.7s
    [frozen_flower] chain 69/250 start: ['rotate_red_block_right']
    [frozen_flower] chain 69/250 instructions: ['take the red block and rotate it to the right']
    [frozen_flower] chain 69/250 task 1/1 start: rotate_red_block_right | instruction: take the red block and rotate it to the right
    [frozen_flower] chain 69/250 task 1/1 step 1/360: running policy
    [frozen_flower] chain 69/250 task 1/1 step 1/360: policy 0.69s, stepping env
    [frozen_flower] chain 69/250 task 1/1 step 25/360: running policy
    [frozen_flower] chain 69/250 task 1/1 step 25/360: policy 0.43s, stepping env
    [frozen_flower] chain 69/250 task 1/1 step 50/360: running policy
    [frozen_flower] chain 69/250 task 1/1 step 50/360: policy 0.46s, stepping env
    [frozen_flower] chain 69/250 task 1/1 step 75/360: running policy
    [frozen_flower] chain 69/250 task 1/1 step 75/360: policy 0.41s, stepping env
    [frozen_flower] chain 69/250 task 1/1 success at step 79
    [frozen_flower] chain 69/250 task 1/1 success: 79 steps, 35.5s
    [frozen_flower] chain 70/250 start: ['move_slider_right']
    [frozen_flower] chain 70/250 instructions: ['push the sliding door to the right side']
    [frozen_flower] chain 70/250 task 1/1 start: move_slider_right | instruction: push the sliding door to the right side
    [frozen_flower] chain 70/250 task 1/1 step 1/360: running policy
    [frozen_flower] chain 70/250 task 1/1 step 1/360: policy 0.65s, stepping env
    [frozen_flower] chain 70/250 task 1/1 step 25/360: running policy
    [frozen_flower] chain 70/250 task 1/1 step 25/360: policy 0.45s, stepping env
    [frozen_flower] chain 70/250 task 1/1 step 50/360: running policy
    [frozen_flower] chain 70/250 task 1/1 step 50/360: policy 0.44s, stepping env
    [frozen_flower] chain 70/250 task 1/1 success at step 58
    [frozen_flower] chain 70/250 task 1/1 success: 58 steps, 26.2s
    [frozen_flower] 70/250 chains, L1 success: 97.1%
    [frozen_flower] chain 71/250 start: ['lift_red_block_table']
    [frozen_flower] chain 71/250 instructions: ['grasp and lift the red block']
    [frozen_flower] chain 71/250 task 1/1 start: lift_red_block_table | instruction: grasp and lift the red block
    [frozen_flower] chain 71/250 task 1/1 step 1/360: running policy
    [frozen_flower] chain 71/250 task 1/1 step 1/360: policy 0.63s, stepping env
    [frozen_flower] chain 71/250 task 1/1 step 25/360: running policy
    [frozen_flower] chain 71/250 task 1/1 step 25/360: policy 0.34s, stepping env
    [frozen_flower] chain 71/250 task 1/1 step 50/360: running policy
    [frozen_flower] chain 71/250 task 1/1 step 50/360: policy 0.45s, stepping env
    [frozen_flower] chain 71/250 task 1/1 step 75/360: running policy
    [frozen_flower] chain 71/250 task 1/1 step 75/360: policy 0.46s, stepping env
    [frozen_flower] chain 71/250 task 1/1 step 100/360: running policy
    [frozen_flower] chain 71/250 task 1/1 step 100/360: policy 0.43s, stepping env
    [frozen_flower] chain 71/250 task 1/1 step 125/360: running policy
    [frozen_flower] chain 71/250 task 1/1 step 125/360: policy 0.50s, stepping env
    [frozen_flower] chain 71/250 task 1/1 step 150/360: running policy
    [frozen_flower] chain 71/250 task 1/1 step 150/360: policy 0.42s, stepping env
    [frozen_flower] chain 71/250 task 1/1 step 175/360: running policy
    [frozen_flower] chain 71/250 task 1/1 step 175/360: policy 0.44s, stepping env
    [frozen_flower] chain 71/250 task 1/1 step 200/360: running policy
    [frozen_flower] chain 71/250 task 1/1 step 200/360: policy 0.46s, stepping env
    [frozen_flower] chain 71/250 task 1/1 success at step 208
    [frozen_flower] chain 71/250 task 1/1 success: 208 steps, 91.1s
    [frozen_flower] chain 72/250 start: ['rotate_red_block_left']
    [frozen_flower] chain 72/250 instructions: ['take the red block and rotate it to the left']
    [frozen_flower] chain 72/250 task 1/1 start: rotate_red_block_left | instruction: take the red block and rotate it to the left
    [frozen_flower] chain 72/250 task 1/1 step 1/360: running policy
    [frozen_flower] chain 72/250 task 1/1 step 1/360: policy 0.49s, stepping env
    [frozen_flower] chain 72/250 task 1/1 step 25/360: running policy
    [frozen_flower] chain 72/250 task 1/1 step 25/360: policy 0.48s, stepping env
    [frozen_flower] chain 72/250 task 1/1 step 50/360: running policy
    [frozen_flower] chain 72/250 task 1/1 step 50/360: policy 0.46s, stepping env
    [frozen_flower] chain 72/250 task 1/1 success at step 65
    [frozen_flower] chain 72/250 task 1/1 success: 65 steps, 29.1s
    [frozen_flower] chain 73/250 start: ['move_slider_right']
    [frozen_flower] chain 73/250 instructions: ['push the sliding door to the right side']
    [frozen_flower] chain 73/250 task 1/1 start: move_slider_right | instruction: push the sliding door to the right side
    [frozen_flower] chain 73/250 task 1/1 step 1/360: running policy
    [frozen_flower] chain 73/250 task 1/1 step 1/360: policy 0.61s, stepping env
    [frozen_flower] chain 73/250 task 1/1 step 25/360: running policy
    [frozen_flower] chain 73/250 task 1/1 step 25/360: policy 0.42s, stepping env
    [frozen_flower] chain 73/250 task 1/1 step 50/360: running policy
    [frozen_flower] chain 73/250 task 1/1 step 50/360: policy 0.46s, stepping env
    [frozen_flower] chain 73/250 task 1/1 success at step 59
    [frozen_flower] chain 73/250 task 1/1 success: 59 steps, 26.9s
    [frozen_flower] chain 74/250 start: ['turn_off_led']
    [frozen_flower] chain 74/250 instructions: ['press the button to turn off the led light']
    [frozen_flower] chain 74/250 task 1/1 start: turn_off_led | instruction: press the button to turn off the led light
    [frozen_flower] chain 74/250 task 1/1 step 1/360: running policy
    [frozen_flower] chain 74/250 task 1/1 step 1/360: policy 0.66s, stepping env
    [frozen_flower] chain 74/250 task 1/1 step 25/360: running policy
    [frozen_flower] chain 74/250 task 1/1 step 25/360: policy 0.44s, stepping env
    [frozen_flower] chain 74/250 task 1/1 success at step 32
    [frozen_flower] chain 74/250 task 1/1 success: 32 steps, 14.8s
    [frozen_flower] chain 75/250 start: ['move_slider_left']
    [frozen_flower] chain 75/250 instructions: ['push the sliding door to the left side']
    [frozen_flower] chain 75/250 task 1/1 start: move_slider_left | instruction: push the sliding door to the left side
    [frozen_flower] chain 75/250 task 1/1 step 1/360: running policy
    [frozen_flower] chain 75/250 task 1/1 step 1/360: policy 0.57s, stepping env
    [frozen_flower] chain 75/250 task 1/1 step 25/360: running policy
    [frozen_flower] chain 75/250 task 1/1 step 25/360: policy 0.01s, stepping env
    [frozen_flower] chain 75/250 task 1/1 step 50/360: running policy
    [frozen_flower] chain 75/250 task 1/1 step 50/360: policy 0.47s, stepping env
    [frozen_flower] chain 75/250 task 1/1 step 75/360: running policy
    [frozen_flower] chain 75/250 task 1/1 step 75/360: policy 0.45s, stepping env
    [frozen_flower] chain 75/250 task 1/1 step 100/360: running policy
    [frozen_flower] chain 75/250 task 1/1 step 100/360: policy 0.48s, stepping env
    [frozen_flower] chain 75/250 task 1/1 success at step 108
    [frozen_flower] chain 75/250 task 1/1 success: 108 steps, 48.8s
    [frozen_flower] chain 76/250 start: ['rotate_blue_block_right']
    [frozen_flower] chain 76/250 instructions: ['take the blue block and rotate it to the right']
    [frozen_flower] chain 76/250 task 1/1 start: rotate_blue_block_right | instruction: take the blue block and rotate it to the right
    [frozen_flower] chain 76/250 task 1/1 step 1/360: running policy
    [frozen_flower] chain 76/250 task 1/1 step 1/360: policy 0.64s, stepping env
    [frozen_flower] chain 76/250 task 1/1 step 25/360: running policy
    [frozen_flower] chain 76/250 task 1/1 step 25/360: policy 0.40s, stepping env
    [frozen_flower] chain 76/250 task 1/1 step 50/360: running policy
    [frozen_flower] chain 76/250 task 1/1 step 50/360: policy 0.43s, stepping env
    [frozen_flower] chain 76/250 task 1/1 success at step 73
    [frozen_flower] chain 76/250 task 1/1 success: 73 steps, 31.3s
    [frozen_flower] chain 77/250 start: ['open_drawer']
    [frozen_flower] chain 77/250 instructions: ['pull the handle to open the drawer']
    [frozen_flower] chain 77/250 task 1/1 start: open_drawer | instruction: pull the handle to open the drawer
    [frozen_flower] chain 77/250 task 1/1 step 1/360: running policy
    [frozen_flower] chain 77/250 task 1/1 step 1/360: policy 0.61s, stepping env
    [frozen_flower] chain 77/250 task 1/1 step 25/360: running policy
    [frozen_flower] chain 77/250 task 1/1 step 25/360: policy 0.41s, stepping env
    [frozen_flower] chain 77/250 task 1/1 step 50/360: running policy
    [frozen_flower] chain 77/250 task 1/1 step 50/360: policy 0.41s, stepping env
    [frozen_flower] chain 77/250 task 1/1 success at step 55
    [frozen_flower] chain 77/250 task 1/1 success: 55 steps, 25.4s
    [frozen_flower] chain 78/250 start: ['push_red_block_right']
    [frozen_flower] chain 78/250 instructions: ['go push the red block right']
    [frozen_flower] chain 78/250 task 1/1 start: push_red_block_right | instruction: go push the red block right
    [frozen_flower] chain 78/250 task 1/1 step 1/360: running policy
    [frozen_flower] chain 78/250 task 1/1 step 1/360: policy 0.58s, stepping env
    [frozen_flower] chain 78/250 task 1/1 step 25/360: running policy
    [frozen_flower] chain 78/250 task 1/1 step 25/360: policy 0.45s, stepping env
    [frozen_flower] chain 78/250 task 1/1 step 50/360: running policy
    [frozen_flower] chain 78/250 task 1/1 step 50/360: policy 0.43s, stepping env
    [frozen_flower] chain 78/250 task 1/1 step 75/360: running policy
    [frozen_flower] chain 78/250 task 1/1 step 75/360: policy 0.40s, stepping env
    [frozen_flower] chain 78/250 task 1/1 step 100/360: running policy
    [frozen_flower] chain 78/250 task 1/1 step 100/360: policy 0.36s, stepping env
    [frozen_flower] chain 78/250 task 1/1 step 125/360: running policy
    [frozen_flower] chain 78/250 task 1/1 step 125/360: policy 0.44s, stepping env
    [frozen_flower] chain 78/250 task 1/1 step 150/360: running policy
    [frozen_flower] chain 78/250 task 1/1 step 150/360: policy 0.42s, stepping env
    [frozen_flower] chain 78/250 task 1/1 step 175/360: running policy
    [frozen_flower] chain 78/250 task 1/1 step 175/360: policy 0.42s, stepping env
    [frozen_flower] chain 78/250 task 1/1 step 200/360: running policy
    [frozen_flower] chain 78/250 task 1/1 step 200/360: policy 0.02s, stepping env
    [frozen_flower] chain 78/250 task 1/1 success at step 200
    [frozen_flower] chain 78/250 task 1/1 success: 200 steps, 88.8s
    [frozen_flower] chain 79/250 start: ['rotate_blue_block_left']
    [frozen_flower] chain 79/250 instructions: ['take the blue block and rotate it to the left']
    [frozen_flower] chain 79/250 task 1/1 start: rotate_blue_block_left | instruction: take the blue block and rotate it to the left
    [frozen_flower] chain 79/250 task 1/1 step 1/360: running policy
    [frozen_flower] chain 79/250 task 1/1 step 1/360: policy 0.24s, stepping env
    [frozen_flower] chain 79/250 task 1/1 step 25/360: running policy
    [frozen_flower] chain 79/250 task 1/1 step 25/360: policy 0.47s, stepping env
    [frozen_flower] chain 79/250 task 1/1 step 50/360: running policy
    [frozen_flower] chain 79/250 task 1/1 step 50/360: policy 0.45s, stepping env
    [frozen_flower] chain 79/250 task 1/1 success at step 69
    [frozen_flower] chain 79/250 task 1/1 success: 69 steps, 31.5s
    [frozen_flower] chain 80/250 start: ['rotate_pink_block_right']
    [frozen_flower] chain 80/250 instructions: ['take the pink block and rotate it to the right']
    [frozen_flower] chain 80/250 task 1/1 start: rotate_pink_block_right | instruction: take the pink block and rotate it to the right
    [frozen_flower] chain 80/250 task 1/1 step 1/360: running policy
    [frozen_flower] chain 80/250 task 1/1 step 1/360: policy 0.61s, stepping env
    [frozen_flower] chain 80/250 task 1/1 step 25/360: running policy
    [frozen_flower] chain 80/250 task 1/1 step 25/360: policy 0.41s, stepping env
    [frozen_flower] chain 80/250 task 1/1 step 50/360: running policy
    [frozen_flower] chain 80/250 task 1/1 step 50/360: policy 0.43s, stepping env
    [frozen_flower] chain 80/250 task 1/1 step 75/360: running policy
    [frozen_flower] chain 80/250 task 1/1 step 75/360: policy 0.44s, stepping env
    [frozen_flower] chain 80/250 task 1/1 step 100/360: running policy
    [frozen_flower] chain 80/250 task 1/1 step 100/360: policy 0.40s, stepping env
    [frozen_flower] chain 80/250 task 1/1 step 125/360: running policy
    [frozen_flower] chain 80/250 task 1/1 step 125/360: policy 0.43s, stepping env
    [frozen_flower] chain 80/250 task 1/1 step 150/360: running policy
    [frozen_flower] chain 80/250 task 1/1 step 150/360: policy 0.35s, stepping env
    [frozen_flower] chain 80/250 task 1/1 step 175/360: running policy
    [frozen_flower] chain 80/250 task 1/1 step 175/360: policy 0.02s, stepping env
    [frozen_flower] chain 80/250 task 1/1 success at step 185
    [frozen_flower] chain 80/250 task 1/1 success: 185 steps, 80.4s
    [frozen_flower] 80/250 chains, L1 success: 97.5%
    [frozen_flower] chain 81/250 start: ['turn_on_led']
    [frozen_flower] chain 81/250 instructions: ['press the button to turn on the led light']
    [frozen_flower] chain 81/250 task 1/1 start: turn_on_led | instruction: press the button to turn on the led light
    [frozen_flower] chain 81/250 task 1/1 step 1/360: running policy
    [frozen_flower] chain 81/250 task 1/1 step 1/360: policy 0.66s, stepping env
    [frozen_flower] chain 81/250 task 1/1 step 25/360: running policy
    [frozen_flower] chain 81/250 task 1/1 step 25/360: policy 0.45s, stepping env
    [frozen_flower] chain 81/250 task 1/1 success at step 36
    [frozen_flower] chain 81/250 task 1/1 success: 36 steps, 13.5s
    [frozen_flower] chain 82/250 start: ['turn_on_led']
    [frozen_flower] chain 82/250 instructions: ['press the button to turn on the led light']
    [frozen_flower] chain 82/250 task 1/1 start: turn_on_led | instruction: press the button to turn on the led light
    [frozen_flower] chain 82/250 task 1/1 step 1/360: running policy
    [frozen_flower] chain 82/250 task 1/1 step 1/360: policy 0.46s, stepping env
    [frozen_flower] chain 82/250 task 1/1 step 25/360: running policy
    [frozen_flower] chain 82/250 task 1/1 step 25/360: policy 0.43s, stepping env
    [frozen_flower] chain 82/250 task 1/1 success at step 41
    [frozen_flower] chain 82/250 task 1/1 success: 41 steps, 18.8s
    [frozen_flower] chain 83/250 start: ['rotate_blue_block_right']
    [frozen_flower] chain 83/250 instructions: ['take the blue block and rotate it to the right']
    [frozen_flower] chain 83/250 task 1/1 start: rotate_blue_block_right | instruction: take the blue block and rotate it to the right
    [frozen_flower] chain 83/250 task 1/1 step 1/360: running policy
    [frozen_flower] chain 83/250 task 1/1 step 1/360: policy 0.60s, stepping env
    [frozen_flower] chain 83/250 task 1/1 step 25/360: running policy
    [frozen_flower] chain 83/250 task 1/1 step 25/360: policy 0.30s, stepping env
    [frozen_flower] chain 83/250 task 1/1 step 50/360: running policy
    [frozen_flower] chain 83/250 task 1/1 step 50/360: policy 0.44s, stepping env
    [frozen_flower] chain 83/250 task 1/1 step 75/360: running policy
    [frozen_flower] chain 83/250 task 1/1 step 75/360: policy 0.42s, stepping env
    [frozen_flower] chain 83/250 task 1/1 step 100/360: running policy
    [frozen_flower] chain 83/250 task 1/1 step 100/360: policy 0.43s, stepping env
    [frozen_flower] chain 83/250 task 1/1 success at step 117
    [frozen_flower] chain 83/250 task 1/1 success: 117 steps, 48.4s
    [frozen_flower] chain 84/250 start: ['move_slider_right']
    [frozen_flower] chain 84/250 instructions: ['push the sliding door to the right side']
    [frozen_flower] chain 84/250 task 1/1 start: move_slider_right | instruction: push the sliding door to the right side
    [frozen_flower] chain 84/250 task 1/1 step 1/360: running policy
    [frozen_flower] chain 84/250 task 1/1 step 1/360: policy 0.61s, stepping env
    [frozen_flower] chain 84/250 task 1/1 step 25/360: running policy
    [frozen_flower] chain 84/250 task 1/1 step 25/360: policy 0.41s, stepping env
    [frozen_flower] chain 84/250 task 1/1 step 50/360: running policy
    [frozen_flower] chain 84/250 task 1/1 step 50/360: policy 0.33s, stepping env
    [frozen_flower] chain 84/250 task 1/1 success at step 62
    [frozen_flower] chain 84/250 task 1/1 success: 62 steps, 27.8s
    [frozen_flower] chain 85/250 start: ['push_into_drawer']
    [frozen_flower] chain 85/250 instructions: ['slide the block that it falls into the drawer']
    [frozen_flower] chain 85/250 task 1/1 start: push_into_drawer | instruction: slide the block that it falls into the drawer
    [frozen_flower] chain 85/250 task 1/1 step 1/360: running policy
    [frozen_flower] chain 85/250 task 1/1 step 1/360: policy 0.63s, stepping env
    [frozen_flower] chain 85/250 task 1/1 step 25/360: running policy
    [frozen_flower] chain 85/250 task 1/1 step 25/360: policy 0.40s, stepping env
    [frozen_flower] chain 85/250 task 1/1 step 50/360: running policy
    [frozen_flower] chain 85/250 task 1/1 step 50/360: policy 0.45s, stepping env
    [frozen_flower] chain 85/250 task 1/1 success at step 57
    [frozen_flower] chain 85/250 task 1/1 success: 57 steps, 24.9s
    [frozen_flower] chain 86/250 start: ['lift_red_block_slider']
    [frozen_flower] chain 86/250 instructions: ['lift the red block from the sliding cabinet']
    [frozen_flower] chain 86/250 task 1/1 start: lift_red_block_slider | instruction: lift the red block from the sliding cabinet
    [frozen_flower] chain 86/250 task 1/1 step 1/360: running policy
    [frozen_flower] chain 86/250 task 1/1 step 1/360: policy 0.48s, stepping env
    [frozen_flower] chain 86/250 task 1/1 step 25/360: running policy
    [frozen_flower] chain 86/250 task 1/1 step 25/360: policy 0.41s, stepping env
    [frozen_flower] chain 86/250 task 1/1 step 50/360: running policy
    [frozen_flower] chain 86/250 task 1/1 step 50/360: policy 0.01s, stepping env
    [frozen_flower] chain 86/250 task 1/1 success at step 62
    [frozen_flower] chain 86/250 task 1/1 success: 62 steps, 24.3s
    [frozen_flower] chain 87/250 start: ['turn_off_led']
    [frozen_flower] chain 87/250 instructions: ['press the button to turn off the led light']
    [frozen_flower] chain 87/250 task 1/1 start: turn_off_led | instruction: press the button to turn off the led light
    [frozen_flower] chain 87/250 task 1/1 step 1/360: running policy
    [frozen_flower] chain 87/250 task 1/1 step 1/360: policy 0.66s, stepping env
    [frozen_flower] chain 87/250 task 1/1 step 25/360: running policy
    [frozen_flower] chain 87/250 task 1/1 step 25/360: policy 0.41s, stepping env
    [frozen_flower] chain 87/250 task 1/1 success at step 46
    [frozen_flower] chain 87/250 task 1/1 success: 46 steps, 20.5s
    [frozen_flower] chain 88/250 start: ['move_slider_right']
    [frozen_flower] chain 88/250 instructions: ['push the sliding door to the right side']
    [frozen_flower] chain 88/250 task 1/1 start: move_slider_right | instruction: push the sliding door to the right side
    [frozen_flower] chain 88/250 task 1/1 step 1/360: running policy
    [frozen_flower] chain 88/250 task 1/1 step 1/360: policy 0.65s, stepping env
    [frozen_flower] chain 88/250 task 1/1 step 25/360: running policy
    [frozen_flower] chain 88/250 task 1/1 step 25/360: policy 0.31s, stepping env
    [frozen_flower] chain 88/250 task 1/1 step 50/360: running policy
    [frozen_flower] chain 88/250 task 1/1 step 50/360: policy 0.41s, stepping env
    [frozen_flower] chain 88/250 task 1/1 success at step 66
    [frozen_flower] chain 88/250 task 1/1 success: 66 steps, 30.0s
    [frozen_flower] chain 89/250 start: ['push_red_block_right']
    [frozen_flower] chain 89/250 instructions: ['go push the red block right']
    [frozen_flower] chain 89/250 task 1/1 start: push_red_block_right | instruction: go push the red block right
    [frozen_flower] chain 89/250 task 1/1 step 1/360: running policy
    [frozen_flower] chain 89/250 task 1/1 step 1/360: policy 0.59s, stepping env
    [frozen_flower] chain 89/250 task 1/1 step 25/360: running policy
    [frozen_flower] chain 89/250 task 1/1 step 25/360: policy 0.35s, stepping env
    [frozen_flower] chain 89/250 task 1/1 step 50/360: running policy
    [frozen_flower] chain 89/250 task 1/1 step 50/360: policy 0.32s, stepping env
    [frozen_flower] chain 89/250 task 1/1 step 75/360: running policy
    [frozen_flower] chain 89/250 task 1/1 step 75/360: policy 0.02s, stepping env
    [frozen_flower] chain 89/250 task 1/1 step 100/360: running policy
    [frozen_flower] chain 89/250 task 1/1 step 100/360: policy 0.34s, stepping env
    [frozen_flower] chain 89/250 task 1/1 step 125/360: running policy
    [frozen_flower] chain 89/250 task 1/1 step 125/360: policy 0.29s, stepping env
    [frozen_flower] chain 89/250 task 1/1 step 150/360: running policy
    [frozen_flower] chain 89/250 task 1/1 step 150/360: policy 0.40s, stepping env
    [frozen_flower] chain 89/250 task 1/1 step 175/360: running policy
    [frozen_flower] chain 89/250 task 1/1 step 175/360: policy 0.35s, stepping env
    [frozen_flower] chain 89/250 task 1/1 step 200/360: running policy
    [frozen_flower] chain 89/250 task 1/1 step 200/360: policy 0.01s, stepping env
    [frozen_flower] chain 89/250 task 1/1 success at step 200
    [frozen_flower] chain 89/250 task 1/1 success: 200 steps, 57.8s
    [frozen_flower] chain 90/250 start: ['rotate_blue_block_right']
    [frozen_flower] chain 90/250 instructions: ['take the blue block and rotate it to the right']
    [frozen_flower] chain 90/250 task 1/1 start: rotate_blue_block_right | instruction: take the blue block and rotate it to the right
    [frozen_flower] chain 90/250 task 1/1 step 1/360: running policy
    [frozen_flower] chain 90/250 task 1/1 step 1/360: policy 0.51s, stepping env
    [frozen_flower] chain 90/250 task 1/1 step 25/360: running policy
    [frozen_flower] chain 90/250 task 1/1 step 25/360: policy 0.29s, stepping env
    [frozen_flower] chain 90/250 task 1/1 step 50/360: running policy
    [frozen_flower] chain 90/250 task 1/1 step 50/360: policy 0.32s, stepping env
    [frozen_flower] chain 90/250 task 1/1 step 75/360: running policy
    [frozen_flower] chain 90/250 task 1/1 step 75/360: policy 0.16s, stepping env
    [frozen_flower] chain 90/250 task 1/1 success at step 92
    [frozen_flower] chain 90/250 task 1/1 success: 92 steps, 32.0s
    [frozen_flower] 90/250 chains, L1 success: 97.8%
    [frozen_flower] chain 91/250 start: ['push_red_block_left']
    [frozen_flower] chain 91/250 instructions: ['go push the red block left']
    [frozen_flower] chain 91/250 task 1/1 start: push_red_block_left | instruction: go push the red block left
    [frozen_flower] chain 91/250 task 1/1 step 1/360: running policy
    [frozen_flower] chain 91/250 task 1/1 step 1/360: policy 0.53s, stepping env
    [frozen_flower] chain 91/250 task 1/1 step 25/360: running policy
    [frozen_flower] chain 91/250 task 1/1 step 25/360: policy 0.37s, stepping env
    [frozen_flower] chain 91/250 task 1/1 step 50/360: running policy
    [frozen_flower] chain 91/250 task 1/1 step 50/360: policy 0.32s, stepping env
    [frozen_flower] chain 91/250 task 1/1 success at step 62
    [frozen_flower] chain 91/250 task 1/1 success: 62 steps, 19.5s
    [frozen_flower] chain 92/250 start: ['open_drawer']
    [frozen_flower] chain 92/250 instructions: ['pull the handle to open the drawer']
    [frozen_flower] chain 92/250 task 1/1 start: open_drawer | instruction: pull the handle to open the drawer
    [frozen_flower] chain 92/250 task 1/1 step 1/360: running policy
    [frozen_flower] chain 92/250 task 1/1 step 1/360: policy 0.59s, stepping env
    [frozen_flower] chain 92/250 task 1/1 step 25/360: running policy
    [frozen_flower] chain 92/250 task 1/1 step 25/360: policy 0.33s, stepping env
    [frozen_flower] chain 92/250 task 1/1 step 50/360: running policy
    [frozen_flower] chain 92/250 task 1/1 step 50/360: policy 0.33s, stepping env
    [frozen_flower] chain 92/250 task 1/1 success at step 57
    [frozen_flower] chain 92/250 task 1/1 success: 57 steps, 17.2s
    [frozen_flower] chain 93/250 start: ['rotate_red_block_right']
    [frozen_flower] chain 93/250 instructions: ['take the red block and rotate it to the right']
    [frozen_flower] chain 93/250 task 1/1 start: rotate_red_block_right | instruction: take the red block and rotate it to the right
    [frozen_flower] chain 93/250 task 1/1 step 1/360: running policy
    [frozen_flower] chain 93/250 task 1/1 step 1/360: policy 0.54s, stepping env
    [frozen_flower] chain 93/250 task 1/1 step 25/360: running policy
    [frozen_flower] chain 93/250 task 1/1 step 25/360: policy 0.39s, stepping env
    [frozen_flower] chain 93/250 task 1/1 step 50/360: running policy
    [frozen_flower] chain 93/250 task 1/1 step 50/360: policy 0.40s, stepping env
    [frozen_flower] chain 93/250 task 1/1 step 75/360: running policy
    [frozen_flower] chain 93/250 task 1/1 step 75/360: policy 0.02s, stepping env
    [frozen_flower] chain 93/250 task 1/1 step 100/360: running policy
    [frozen_flower] chain 93/250 task 1/1 step 100/360: policy 0.13s, stepping env
    [frozen_flower] chain 93/250 task 1/1 step 125/360: running policy
    [frozen_flower] chain 93/250 task 1/1 step 125/360: policy 0.28s, stepping env
    [frozen_flower] chain 93/250 task 1/1 step 150/360: running policy
    [frozen_flower] chain 93/250 task 1/1 step 150/360: policy 0.15s, stepping env
    [frozen_flower] chain 93/250 task 1/1 step 175/360: running policy
    [frozen_flower] chain 93/250 task 1/1 step 175/360: policy 0.06s, stepping env
    [frozen_flower] chain 93/250 task 1/1 step 200/360: running policy
    [frozen_flower] chain 93/250 task 1/1 step 200/360: policy 0.35s, stepping env
    [frozen_flower] chain 93/250 task 1/1 step 225/360: running policy
    [frozen_flower] chain 93/250 task 1/1 step 225/360: policy 0.30s, stepping env
    [frozen_flower] chain 93/250 task 1/1 step 250/360: running policy
    [frozen_flower] chain 93/250 task 1/1 step 250/360: policy 0.32s, stepping env
    [frozen_flower] chain 93/250 task 1/1 step 275/360: running policy
    [frozen_flower] chain 93/250 task 1/1 step 275/360: policy 0.38s, stepping env
    [frozen_flower] chain 93/250 task 1/1 step 300/360: running policy
    [frozen_flower] chain 93/250 task 1/1 step 300/360: policy 0.36s, stepping env
    [frozen_flower] chain 93/250 task 1/1 step 325/360: running policy
    [frozen_flower] chain 93/250 task 1/1 step 325/360: policy 0.35s, stepping env
    [frozen_flower] chain 93/250 task 1/1 step 350/360: running policy
    [frozen_flower] chain 93/250 task 1/1 step 350/360: policy 0.03s, stepping env
    [frozen_flower] chain 93/250 task 1/1 failed: 360 steps, 98.7s
    [frozen_flower] chain 94/250 start: ['move_slider_left']
    [frozen_flower] chain 94/250 instructions: ['push the sliding door to the left side']
    [frozen_flower] chain 94/250 task 1/1 start: move_slider_left | instruction: push the sliding door to the left side
    [frozen_flower] chain 94/250 task 1/1 step 1/360: running policy
    [frozen_flower] chain 94/250 task 1/1 step 1/360: policy 0.40s, stepping env
    [frozen_flower] chain 94/250 task 1/1 step 25/360: running policy
    [frozen_flower] chain 94/250 task 1/1 step 25/360: policy 0.02s, stepping env
    [frozen_flower] chain 94/250 task 1/1 step 50/360: running policy
    [frozen_flower] chain 94/250 task 1/1 step 50/360: policy 0.37s, stepping env
    [frozen_flower] chain 94/250 task 1/1 success at step 54
    [frozen_flower] chain 94/250 task 1/1 success: 54 steps, 16.8s
    [frozen_flower] chain 95/250 start: ['close_drawer']
    [frozen_flower] chain 95/250 instructions: ['push the handle to close the drawer']
    [frozen_flower] chain 95/250 task 1/1 start: close_drawer | instruction: push the handle to close the drawer
    [frozen_flower] chain 95/250 task 1/1 step 1/360: running policy
    [frozen_flower] chain 95/250 task 1/1 step 1/360: policy 0.49s, stepping env
    [frozen_flower] chain 95/250 task 1/1 step 25/360: running policy
    [frozen_flower] chain 95/250 task 1/1 step 25/360: policy 0.29s, stepping env
    [frozen_flower] chain 95/250 task 1/1 step 50/360: running policy
    [frozen_flower] chain 95/250 task 1/1 step 50/360: policy 0.15s, stepping env
    [frozen_flower] chain 95/250 task 1/1 success at step 59
    [frozen_flower] chain 95/250 task 1/1 success: 59 steps, 16.4s
    [frozen_flower] chain 96/250 start: ['open_drawer']
    [frozen_flower] chain 96/250 instructions: ['pull the handle to open the drawer']
    [frozen_flower] chain 96/250 task 1/1 start: open_drawer | instruction: pull the handle to open the drawer
    [frozen_flower] chain 96/250 task 1/1 step 1/360: running policy
    [frozen_flower] chain 96/250 task 1/1 step 1/360: policy 0.52s, stepping env
    [frozen_flower] chain 96/250 task 1/1 step 25/360: running policy
    [frozen_flower] chain 96/250 task 1/1 step 25/360: policy 0.30s, stepping env
    [frozen_flower] chain 96/250 task 1/1 success at step 49
    [frozen_flower] chain 96/250 task 1/1 success: 49 steps, 13.9s
    [frozen_flower] chain 97/250 start: ['rotate_blue_block_right']
    [frozen_flower] chain 97/250 instructions: ['take the blue block and rotate it to the right']
    [frozen_flower] chain 97/250 task 1/1 start: rotate_blue_block_right | instruction: take the blue block and rotate it to the right
    [frozen_flower] chain 97/250 task 1/1 step 1/360: running policy
    [frozen_flower] chain 97/250 task 1/1 step 1/360: policy 0.73s, stepping env
    [frozen_flower] chain 97/250 task 1/1 step 25/360: running policy
    [frozen_flower] chain 97/250 task 1/1 step 25/360: policy 0.34s, stepping env
    [frozen_flower] chain 97/250 task 1/1 step 50/360: running policy
    [frozen_flower] chain 97/250 task 1/1 step 50/360: policy 0.35s, stepping env
    [frozen_flower] chain 97/250 task 1/1 step 75/360: running policy
    [frozen_flower] chain 97/250 task 1/1 step 75/360: policy 0.01s, stepping env
    [frozen_flower] chain 97/250 task 1/1 success at step 96
    [frozen_flower] chain 97/250 task 1/1 success: 96 steps, 30.6s
    [frozen_flower] chain 98/250 start: ['move_slider_right']
    [frozen_flower] chain 98/250 instructions: ['push the sliding door to the right side']
    [frozen_flower] chain 98/250 task 1/1 start: move_slider_right | instruction: push the sliding door to the right side
    [frozen_flower] chain 98/250 task 1/1 step 1/360: running policy
    [frozen_flower] chain 98/250 task 1/1 step 1/360: policy 0.52s, stepping env
    [frozen_flower] chain 98/250 task 1/1 step 25/360: running policy
    [frozen_flower] chain 98/250 task 1/1 step 25/360: policy 0.32s, stepping env
    [frozen_flower] chain 98/250 task 1/1 step 50/360: running policy
    [frozen_flower] chain 98/250 task 1/1 step 50/360: policy 0.04s, stepping env
    [frozen_flower] chain 98/250 task 1/1 success at step 66
    [frozen_flower] chain 98/250 task 1/1 success: 66 steps, 21.1s
    [frozen_flower] chain 99/250 start: ['turn_on_lightbulb']
    [frozen_flower] chain 99/250 instructions: ['use the switch to turn on the light bulb']
    [frozen_flower] chain 99/250 task 1/1 start: turn_on_lightbulb | instruction: use the switch to turn on the light bulb
    [frozen_flower] chain 99/250 task 1/1 step 1/360: running policy
    [frozen_flower] chain 99/250 task 1/1 step 1/360: policy 0.24s, stepping env
    [frozen_flower] chain 99/250 task 1/1 step 25/360: running policy
    [frozen_flower] chain 99/250 task 1/1 step 25/360: policy 0.38s, stepping env
    [frozen_flower] chain 99/250 task 1/1 success at step 49
    [frozen_flower] chain 99/250 task 1/1 success: 49 steps, 13.9s
    [frozen_flower] chain 100/250 start: ['turn_on_lightbulb']
    [frozen_flower] chain 100/250 instructions: ['use the switch to turn on the light bulb']
    [frozen_flower] chain 100/250 task 1/1 start: turn_on_lightbulb | instruction: use the switch to turn on the light bulb
    [frozen_flower] chain 100/250 task 1/1 step 1/360: running policy
    [frozen_flower] chain 100/250 task 1/1 step 1/360: policy 0.58s, stepping env
    [frozen_flower] chain 100/250 task 1/1 step 25/360: running policy
    [frozen_flower] chain 100/250 task 1/1 step 25/360: policy 0.03s, stepping env
    [frozen_flower] chain 100/250 task 1/1 step 50/360: running policy
    [frozen_flower] chain 100/250 task 1/1 step 50/360: policy 0.04s, stepping env
    [frozen_flower] chain 100/250 task 1/1 success at step 52
    [frozen_flower] chain 100/250 task 1/1 success: 52 steps, 14.5s
    [frozen_flower] 100/250 chains, L1 success: 97.0%
    [frozen_flower] chain 101/250 start: ['rotate_red_block_right']
    [frozen_flower] chain 101/250 instructions: ['take the red block and rotate it to the right']
    [frozen_flower] chain 101/250 task 1/1 start: rotate_red_block_right | instruction: take the red block and rotate it to the right
    [frozen_flower] chain 101/250 task 1/1 step 1/360: running policy
    [frozen_flower] chain 101/250 task 1/1 step 1/360: policy 0.73s, stepping env
    [frozen_flower] chain 101/250 task 1/1 step 25/360: running policy
    [frozen_flower] chain 101/250 task 1/1 step 25/360: policy 0.21s, stepping env
    [frozen_flower] chain 101/250 task 1/1 step 50/360: running policy
    [frozen_flower] chain 101/250 task 1/1 step 50/360: policy 0.03s, stepping env
    [frozen_flower] chain 101/250 task 1/1 step 75/360: running policy
    [frozen_flower] chain 101/250 task 1/1 step 75/360: policy 0.36s, stepping env
    [frozen_flower] chain 101/250 task 1/1 success at step 82
    [frozen_flower] chain 101/250 task 1/1 success: 82 steps, 25.1s
    [frozen_flower] chain 102/250 start: ['push_pink_block_left']
    [frozen_flower] chain 102/250 instructions: ['go push the pink block left']
    [frozen_flower] chain 102/250 task 1/1 start: push_pink_block_left | instruction: go push the pink block left
    [frozen_flower] chain 102/250 task 1/1 step 1/360: running policy
    [frozen_flower] chain 102/250 task 1/1 step 1/360: policy 0.53s, stepping env
    [frozen_flower] chain 102/250 task 1/1 step 25/360: running policy
    [frozen_flower] chain 102/250 task 1/1 step 25/360: policy 0.34s, stepping env
    [frozen_flower] chain 102/250 task 1/1 step 50/360: running policy
    [frozen_flower] chain 102/250 task 1/1 step 50/360: policy 0.39s, stepping env
    [frozen_flower] chain 102/250 task 1/1 success at step 68
    [frozen_flower] chain 102/250 task 1/1 success: 68 steps, 19.9s
    [frozen_flower] chain 103/250 start: ['turn_off_led']
    [frozen_flower] chain 103/250 instructions: ['press the button to turn off the led light']
    [frozen_flower] chain 103/250 task 1/1 start: turn_off_led | instruction: press the button to turn off the led light
    [frozen_flower] chain 103/250 task 1/1 step 1/360: running policy
    [frozen_flower] chain 103/250 task 1/1 step 1/360: policy 0.28s, stepping env
    [frozen_flower] chain 103/250 task 1/1 step 25/360: running policy
    [frozen_flower] chain 103/250 task 1/1 step 25/360: policy 0.34s, stepping env
    [frozen_flower] chain 103/250 task 1/1 success at step 39
    [frozen_flower] chain 103/250 task 1/1 success: 39 steps, 11.2s
    [frozen_flower] chain 104/250 start: ['lift_pink_block_slider']
    [frozen_flower] chain 104/250 instructions: ['lift the pink block from the sliding cabinet']
    [frozen_flower] chain 104/250 task 1/1 start: lift_pink_block_slider | instruction: lift the pink block from the sliding cabinet
    [frozen_flower] chain 104/250 task 1/1 step 1/360: running policy
    [frozen_flower] chain 104/250 task 1/1 step 1/360: policy 0.57s, stepping env
