/data0/yejinxuan/ce-ais/.venv/lib/python3.12/site-packages/hydra/_internal/defaults_list.py:251: UserWarning: In 'config_data_collection': Defaults list is missing `_self_`. See https://hydra.cc/docs/1.2/upgrades/1.0_to_1.1/default_composition_order for more information
  warnings.warn(msg, UserWarning)
/data0/yejinxuan/ce-ais/.venv/lib/python3.12/site-packages/hydra/core/default_element.py:124: UserWarning: In 'vr_input/vr_controller/vive': Usage of deprecated keyword in package header '# @package _group_'.
See https://hydra.cc/docs/1.2/upgrades/1.0_to_1.1/changes_to_package_header for more information
  deprecation_warning(
Gym has been unmaintained since 2022 and does not support NumPy 2.0 amongst other critical functionality.
Please upgrade to Gymnasium, the maintained drop-in replacement of Gym, or contact the authors of your software and request that they upgrade.
Users of this version of Gym should be able to simply replace 'import gym' with 'import gymnasium as gym' in the vast majority of cases.
See the migration guide at https://gymnasium.farama.org/introduction/migration_guide/ for additional information.
pybullet build time: Oct 21 2025 10:07:17
/data0/yejinxuan/workspace/calvin/calvin_env/calvin_env/envs/play_table_env.py:292: UserWarning: 
The version_base parameter is not specified.
Please specify a compatability version level, or None.
Will assume defaults for version 1.1
  @hydra.main(config_path="../../conf", config_name="config_data_collection")
EGL device choice: 6 of 17 (from EGL_VISIBLE_DEVICES)
/data0/yejinxuan/ce-ais/.venv/lib/python3.12/site-packages/lightning_lite/__init__.py:29: UserWarning: pkg_resources is deprecated as an API. See https://setuptools.pypa.io/en/latest/pkg_resources.html. The pkg_resources package is slated for removal as early as 2025-11-30. Refrain from using this package or pin to Setuptools<81.
  __import__("pkg_resources").declare_namespace(__name__)
The new embeddings will be initialized from a multivariate normal distribution that has old embeddings' mean and covariance. As described in this article: https://nlp.stanford.edu/~johnhew/vocab-expansion.html. To disable this, use `mean_resizing=False`
[INFO] Ignoring CUDA_VISIBLE_DEVICES=4,5,6,7; --device cuda:6 selects the physical GPU index.
======================================================================
CE-AIS Paper Main Experiments
Methods: ['frozen_flower']
Chains: 200 x 5
Device: cuda:6 (requested=cuda:6, visible=None)
EGL: enabled (EGL_VISIBLE_DEVICES=6)
======================================================================

[1] Initializing CALVIN environment...
  Available tasks: 34
  Sequence source: official

[Eval] Running: frozen_flower
Loading Florence-2 from /data0/yejinxuan/hf_cache/hub/Florence-2-large
Loading pretrained weights from /data0/yejinxuan/ce-ais/data/flower_calvin_abc/model.safetensors...
Loaded safetensors file
Pretrained weights loaded with the following issues:
  ⚠️ Missing keys (not found in checkpoint, using default init): 2
    ['vlm.language_model.final_logits_bias', 'vlm.language_model.model.shared.weight'] ...
  ⚠️ Unexpected keys (ignored): 2
    ['vlm.language_final_logits_bias', 'vlm.language_shared.weight'] ...
    [frozen_flower] chain 1/200 start: ['rotate_pink_block_left', 'turn_on_lightbulb', 'lift_blue_block_table', 'place_in_slider', 'open_drawer']
    [frozen_flower] chain 1/200 instructions: ['take the pink block and rotate it to the left', 'use the switch to turn on the light bulb', 'grasp and lift the blue block', 'store the grasped block in the sliding cabinet', 'pull the handle to open the drawer']
    [frozen_flower] chain 1/200 task 1/5 start: rotate_pink_block_left | instruction: take the pink block and rotate it to the left
    [frozen_flower] chain 1/200 task 1/5 step 1/360: running policy
    [frozen_flower] chain 1/200 task 1/5 step 1/360: policy 0.51s, stepping env
    [frozen_flower] chain 1/200 task 1/5 step 25/360: running policy
    [frozen_flower] chain 1/200 task 1/5 step 25/360: policy 0.01s, stepping env
    [frozen_flower] chain 1/200 task 1/5 step 50/360: running policy
    [frozen_flower] chain 1/200 task 1/5 step 50/360: policy 0.01s, stepping env
    [frozen_flower] chain 1/200 task 1/5 success at step 60
    [frozen_flower] chain 1/200 task 1/5 success: 60 steps, 3.0s
    [frozen_flower] chain 1/200 task 2/5 start: turn_on_lightbulb | instruction: use the switch to turn on the light bulb
    [frozen_flower] chain 1/200 task 2/5 step 1/360: running policy
    [frozen_flower] chain 1/200 task 2/5 step 1/360: policy 0.27s, stepping env
    [frozen_flower] chain 1/200 task 2/5 step 25/360: running policy
    [frozen_flower] chain 1/200 task 2/5 step 25/360: policy 0.01s, stepping env
    [frozen_flower] chain 1/200 task 2/5 step 50/360: running policy
    [frozen_flower] chain 1/200 task 2/5 step 50/360: policy 0.01s, stepping env
    [frozen_flower] chain 1/200 task 2/5 success at step 59
    [frozen_flower] chain 1/200 task 2/5 success: 59 steps, 2.7s
    [frozen_flower] chain 1/200 task 3/5 start: lift_blue_block_table | instruction: grasp and lift the blue block
    [frozen_flower] chain 1/200 task 3/5 step 1/360: running policy
    [frozen_flower] chain 1/200 task 3/5 step 1/360: policy 0.29s, stepping env
    [frozen_flower] chain 1/200 task 3/5 step 25/360: running policy
    [frozen_flower] chain 1/200 task 3/5 step 25/360: policy 0.01s, stepping env
    [frozen_flower] chain 1/200 task 3/5 success at step 48
    [frozen_flower] chain 1/200 task 3/5 success: 48 steps, 2.3s
    [frozen_flower] chain 1/200 task 4/5 start: place_in_slider | instruction: store the grasped block in the sliding cabinet
    [frozen_flower] chain 1/200 task 4/5 step 1/360: running policy
    [frozen_flower] chain 1/200 task 4/5 step 1/360: policy 0.27s, stepping env
    [frozen_flower] chain 1/200 task 4/5 step 25/360: running policy
    [frozen_flower] chain 1/200 task 4/5 step 25/360: policy 0.01s, stepping env
    [frozen_flower] chain 1/200 task 4/5 step 50/360: running policy
    [frozen_flower] chain 1/200 task 4/5 step 50/360: policy 0.01s, stepping env
    [frozen_flower] chain 1/200 task 4/5 step 75/360: running policy
    [frozen_flower] chain 1/200 task 4/5 step 75/360: policy 0.01s, stepping env
    [frozen_flower] chain 1/200 task 4/5 step 100/360: running policy
    [frozen_flower] chain 1/200 task 4/5 step 100/360: policy 0.01s, stepping env
    [frozen_flower] chain 1/200 task 4/5 step 125/360: running policy
    [frozen_flower] chain 1/200 task 4/5 step 125/360: policy 0.01s, stepping env
    [frozen_flower] chain 1/200 task 4/5 step 150/360: running policy
    [frozen_flower] chain 1/200 task 4/5 step 150/360: policy 0.01s, stepping env
    [frozen_flower] chain 1/200 task 4/5 step 175/360: running policy
    [frozen_flower] chain 1/200 task 4/5 step 175/360: policy 0.01s, stepping env
    [frozen_flower] chain 1/200 task 4/5 step 200/360: running policy
    [frozen_flower] chain 1/200 task 4/5 step 200/360: policy 0.00s, stepping env
    [frozen_flower] chain 1/200 task 4/5 step 225/360: running policy
    [frozen_flower] chain 1/200 task 4/5 step 225/360: policy 0.01s, stepping env
    [frozen_flower] chain 1/200 task 4/5 step 250/360: running policy
    [frozen_flower] chain 1/200 task 4/5 step 250/360: policy 0.01s, stepping env
    [frozen_flower] chain 1/200 task 4/5 step 275/360: running policy
    [frozen_flower] chain 1/200 task 4/5 step 275/360: policy 0.01s, stepping env
    [frozen_flower] chain 1/200 task 4/5 step 300/360: running policy
    [frozen_flower] chain 1/200 task 4/5 step 300/360: policy 0.01s, stepping env
    [frozen_flower] chain 1/200 task 4/5 step 325/360: running policy
    [frozen_flower] chain 1/200 task 4/5 step 325/360: policy 0.01s, stepping env
    [frozen_flower] chain 1/200 task 4/5 step 350/360: running policy
    [frozen_flower] chain 1/200 task 4/5 step 350/360: policy 0.01s, stepping env
    [frozen_flower] chain 1/200 task 4/5 failed: 360 steps, 17.9s
    [frozen_flower] chain 2/200 start: ['lift_red_block_table', 'stack_block', 'turn_off_lightbulb', 'unstack_block', 'push_pink_block_left']
    [frozen_flower] chain 2/200 instructions: ['grasp and lift the red block', 'stack the grasped block', 'use the switch to turn off the light bulb', 'remove the stacked block', 'go push the pink block left']
    [frozen_flower] chain 2/200 task 1/5 start: lift_red_block_table | instruction: grasp and lift the red block
    [frozen_flower] chain 2/200 task 1/5 step 1/360: running policy
    [frozen_flower] chain 2/200 task 1/5 step 1/360: policy 0.28s, stepping env
    [frozen_flower] chain 2/200 task 1/5 step 25/360: running policy
    [frozen_flower] chain 2/200 task 1/5 step 25/360: policy 0.01s, stepping env
    [frozen_flower] chain 2/200 task 1/5 success at step 39
    [frozen_flower] chain 2/200 task 1/5 success: 39 steps, 2.0s
    [frozen_flower] chain 2/200 task 2/5 start: stack_block | instruction: stack the grasped block
    [frozen_flower] chain 2/200 task 2/5 step 1/360: running policy
    [frozen_flower] chain 2/200 task 2/5 step 1/360: policy 0.28s, stepping env
    [frozen_flower] chain 2/200 task 2/5 step 25/360: running policy
    [frozen_flower] chain 2/200 task 2/5 step 25/360: policy 0.01s, stepping env
    [frozen_flower] chain 2/200 task 2/5 success at step 37
    [frozen_flower] chain 2/200 task 2/5 success: 37 steps, 2.0s
    [frozen_flower] chain 2/200 task 3/5 start: turn_off_lightbulb | instruction: use the switch to turn off the light bulb
    [frozen_flower] chain 2/200 task 3/5 step 1/360: running policy
    [frozen_flower] chain 2/200 task 3/5 step 1/360: policy 0.28s, stepping env
    [frozen_flower] chain 2/200 task 3/5 step 25/360: running policy
    [frozen_flower] chain 2/200 task 3/5 step 25/360: policy 0.01s, stepping env
    [frozen_flower] chain 2/200 task 3/5 success at step 47
    [frozen_flower] chain 2/200 task 3/5 success: 47 steps, 2.5s
    [frozen_flower] chain 2/200 task 4/5 start: unstack_block | instruction: remove the stacked block
    [frozen_flower] chain 2/200 task 4/5 step 1/360: running policy
    [frozen_flower] chain 2/200 task 4/5 step 1/360: policy 0.28s, stepping env
    [frozen_flower] chain 2/200 task 4/5 step 25/360: running policy
    [frozen_flower] chain 2/200 task 4/5 step 25/360: policy 0.01s, stepping env
    [frozen_flower] chain 2/200 task 4/5 success at step 45
    [frozen_flower] chain 2/200 task 4/5 success: 45 steps, 2.5s
    [frozen_flower] chain 2/200 task 5/5 start: push_pink_block_left | instruction: go push the pink block left
    [frozen_flower] chain 2/200 task 5/5 step 1/360: running policy
    [frozen_flower] chain 2/200 task 5/5 step 1/360: policy 0.28s, stepping env
    [frozen_flower] chain 2/200 task 5/5 step 25/360: running policy
    [frozen_flower] chain 2/200 task 5/5 step 25/360: policy 0.00s, stepping env
    [frozen_flower] chain 2/200 task 5/5 step 50/360: running policy
    [frozen_flower] chain 2/200 task 5/5 step 50/360: policy 0.00s, stepping env
    [frozen_flower] chain 2/200 task 5/5 step 75/360: running policy
    [frozen_flower] chain 2/200 task 5/5 step 75/360: policy 0.00s, stepping env
    [frozen_flower] chain 2/200 task 5/5 success at step 92
    [frozen_flower] chain 2/200 task 5/5 success: 92 steps, 3.9s
    [frozen_flower] chain 3/200 start: ['push_blue_block_right', 'turn_off_led', 'move_slider_left', 'lift_red_block_slider', 'stack_block']
    [frozen_flower] chain 3/200 instructions: ['go push the blue block right', 'press the button to turn off the led light', 'push the sliding door to the left side', 'lift the red block from the sliding cabinet', 'stack the grasped block']
    [frozen_flower] chain 3/200 task 1/5 start: push_blue_block_right | instruction: go push the blue block right
    [frozen_flower] chain 3/200 task 1/5 step 1/360: running policy
    [frozen_flower] chain 3/200 task 1/5 step 1/360: policy 0.23s, stepping env
    [frozen_flower] chain 3/200 task 1/5 step 25/360: running policy
    [frozen_flower] chain 3/200 task 1/5 step 25/360: policy 0.00s, stepping env
    [frozen_flower] chain 3/200 task 1/5 step 50/360: running policy
    [frozen_flower] chain 3/200 task 1/5 step 50/360: policy 0.00s, stepping env
    [frozen_flower] chain 3/200 task 1/5 step 75/360: running policy
    [frozen_flower] chain 3/200 task 1/5 step 75/360: policy 0.00s, stepping env
    [frozen_flower] chain 3/200 task 1/5 step 100/360: running policy
    [frozen_flower] chain 3/200 task 1/5 step 100/360: policy 0.00s, stepping env
    [frozen_flower] chain 3/200 task 1/5 step 125/360: running policy
    [frozen_flower] chain 3/200 task 1/5 step 125/360: policy 0.00s, stepping env
    [frozen_flower] chain 3/200 task 1/5 step 150/360: running policy
    [frozen_flower] chain 3/200 task 1/5 step 150/360: policy 0.00s, stepping env
    [frozen_flower] chain 3/200 task 1/5 step 175/360: running policy
    [frozen_flower] chain 3/200 task 1/5 step 175/360: policy 0.01s, stepping env
    [frozen_flower] chain 3/200 task 1/5 success at step 175
    [frozen_flower] chain 3/200 task 1/5 success: 175 steps, 6.7s
    [frozen_flower] chain 3/200 task 2/5 start: turn_off_led | instruction: press the button to turn off the led light
    [frozen_flower] chain 3/200 task 2/5 step 1/360: running policy
    [frozen_flower] chain 3/200 task 2/5 step 1/360: policy 0.23s, stepping env
    [frozen_flower] chain 3/200 task 2/5 step 25/360: running policy
    [frozen_flower] chain 3/200 task 2/5 step 25/360: policy 0.00s, stepping env
    [frozen_flower] chain 3/200 task 2/5 step 50/360: running policy
    [frozen_flower] chain 3/200 task 2/5 step 50/360: policy 0.00s, stepping env
    [frozen_flower] chain 3/200 task 2/5 success at step 64
    [frozen_flower] chain 3/200 task 2/5 success: 64 steps, 2.5s
    [frozen_flower] chain 3/200 task 3/5 start: move_slider_left | instruction: push the sliding door to the left side
    [frozen_flower] chain 3/200 task 3/5 step 1/360: running policy
    [frozen_flower] chain 3/200 task 3/5 step 1/360: policy 0.24s, stepping env
    [frozen_flower] chain 3/200 task 3/5 step 25/360: running policy
    [frozen_flower] chain 3/200 task 3/5 step 25/360: policy 0.00s, stepping env
    [frozen_flower] chain 3/200 task 3/5 step 50/360: running policy
    [frozen_flower] chain 3/200 task 3/5 step 50/360: policy 0.00s, stepping env
    [frozen_flower] chain 3/200 task 3/5 step 75/360: running policy
    [frozen_flower] chain 3/200 task 3/5 step 75/360: policy 0.00s, stepping env
    [frozen_flower] chain 3/200 task 3/5 step 100/360: running policy
    [frozen_flower] chain 3/200 task 3/5 step 100/360: policy 0.00s, stepping env
    [frozen_flower] chain 3/200 task 3/5 success at step 100
    [frozen_flower] chain 3/200 task 3/5 success: 100 steps, 4.1s
    [frozen_flower] chain 3/200 task 4/5 start: lift_red_block_slider | instruction: lift the red block from the sliding cabinet
    [frozen_flower] chain 3/200 task 4/5 step 1/360: running policy
    [frozen_flower] chain 3/200 task 4/5 step 1/360: policy 0.24s, stepping env
    [frozen_flower] chain 3/200 task 4/5 step 25/360: running policy
    [frozen_flower] chain 3/200 task 4/5 step 25/360: policy 0.00s, stepping env
    [frozen_flower] chain 3/200 task 4/5 step 50/360: running policy
    [frozen_flower] chain 3/200 task 4/5 step 50/360: policy 0.00s, stepping env
    [frozen_flower] chain 3/200 task 4/5 step 75/360: running policy
    [frozen_flower] chain 3/200 task 4/5 step 75/360: policy 0.00s, stepping env
    [frozen_flower] chain 3/200 task 4/5 step 100/360: running policy
    [frozen_flower] chain 3/200 task 4/5 step 100/360: policy 0.00s, stepping env
    [frozen_flower] chain 3/200 task 4/5 step 125/360: running policy
    [frozen_flower] chain 3/200 task 4/5 step 125/360: policy 0.00s, stepping env
    [frozen_flower] chain 3/200 task 4/5 step 150/360: running policy
    [frozen_flower] chain 3/200 task 4/5 step 150/360: policy 0.00s, stepping env
    [frozen_flower] chain 3/200 task 4/5 step 175/360: running policy
    [frozen_flower] chain 3/200 task 4/5 step 175/360: policy 0.00s, stepping env
    [frozen_flower] chain 3/200 task 4/5 step 200/360: running policy
    [frozen_flower] chain 3/200 task 4/5 step 200/360: policy 0.00s, stepping env
    [frozen_flower] chain 3/200 task 4/5 step 225/360: running policy
    [frozen_flower] chain 3/200 task 4/5 step 225/360: policy 0.00s, stepping env
    [frozen_flower] chain 3/200 task 4/5 step 250/360: running policy
    [frozen_flower] chain 3/200 task 4/5 step 250/360: policy 0.00s, stepping env
    [frozen_flower] chain 3/200 task 4/5 step 275/360: running policy
    [frozen_flower] chain 3/200 task 4/5 step 275/360: policy 0.01s, stepping env
    [frozen_flower] chain 3/200 task 4/5 step 300/360: running policy
    [frozen_flower] chain 3/200 task 4/5 step 300/360: policy 0.00s, stepping env
    [frozen_flower] chain 3/200 task 4/5 step 325/360: running policy
    [frozen_flower] chain 3/200 task 4/5 step 325/360: policy 0.01s, stepping env
    [frozen_flower] chain 3/200 task 4/5 step 350/360: running policy
    [frozen_flower] chain 3/200 task 4/5 step 350/360: policy 0.01s, stepping env
    [frozen_flower] chain 3/200 task 4/5 failed: 360 steps, 14.9s
    [frozen_flower] chain 4/200 start: ['push_red_block_left', 'close_drawer', 'lift_pink_block_slider', 'place_in_slider', 'move_slider_left']
    [frozen_flower] chain 4/200 instructions: ['go push the red block left', 'push the handle to close the drawer', 'lift the pink block from the sliding cabinet', 'store the grasped block in the sliding cabinet', 'push the sliding door to the left side']
    [frozen_flower] chain 4/200 task 1/5 start: push_red_block_left | instruction: go push the red block left
    [frozen_flower] chain 4/200 task 1/5 step 1/360: running policy
    [frozen_flower] chain 4/200 task 1/5 step 1/360: policy 0.26s, stepping env
    [frozen_flower] chain 4/200 task 1/5 step 25/360: running policy
    [frozen_flower] chain 4/200 task 1/5 step 25/360: policy 0.01s, stepping env
    [frozen_flower] chain 4/200 task 1/5 step 50/360: running policy
    [frozen_flower] chain 4/200 task 1/5 step 50/360: policy 0.01s, stepping env
    [frozen_flower] chain 4/200 task 1/5 success at step 72
    [frozen_flower] chain 4/200 task 1/5 success: 72 steps, 3.0s
    [frozen_flower] chain 4/200 task 2/5 start: close_drawer | instruction: push the handle to close the drawer
    [frozen_flower] chain 4/200 task 2/5 step 1/360: running policy
    [frozen_flower] chain 4/200 task 2/5 step 1/360: policy 0.25s, stepping env
    [frozen_flower] chain 4/200 task 2/5 step 25/360: running policy
    [frozen_flower] chain 4/200 task 2/5 step 25/360: policy 0.01s, stepping env
    [frozen_flower] chain 4/200 task 2/5 step 50/360: running policy
    [frozen_flower] chain 4/200 task 2/5 step 50/360: policy 0.00s, stepping env
    [frozen_flower] chain 4/200 task 2/5 success at step 72
    [frozen_flower] chain 4/200 task 2/5 success: 72 steps, 3.1s
    [frozen_flower] chain 4/200 task 3/5 start: lift_pink_block_slider | instruction: lift the pink block from the sliding cabinet
    [frozen_flower] chain 4/200 task 3/5 step 1/360: running policy
    [frozen_flower] chain 4/200 task 3/5 step 1/360: policy 0.25s, stepping env
    [frozen_flower] chain 4/200 task 3/5 step 25/360: running policy
    [frozen_flower] chain 4/200 task 3/5 step 25/360: policy 0.01s, stepping env
    [frozen_flower] chain 4/200 task 3/5 step 50/360: running policy
    [frozen_flower] chain 4/200 task 3/5 step 50/360: policy 0.01s, stepping env
    [frozen_flower] chain 4/200 task 3/5 step 75/360: running policy
    [frozen_flower] chain 4/200 task 3/5 step 75/360: policy 0.01s, stepping env
    [frozen_flower] chain 4/200 task 3/5 success at step 98
    [frozen_flower] chain 4/200 task 3/5 success: 98 steps, 4.0s
    [frozen_flower] chain 4/200 task 4/5 start: place_in_slider | instruction: store the grasped block in the sliding cabinet
    [frozen_flower] chain 4/200 task 4/5 step 1/360: running policy
    [frozen_flower] chain 4/200 task 4/5 step 1/360: policy 0.26s, stepping env
    [frozen_flower] chain 4/200 task 4/5 success at step 14
    [frozen_flower] chain 4/200 task 4/5 success: 14 steps, 0.7s
    [frozen_flower] chain 4/200 task 5/5 start: move_slider_left | instruction: push the sliding door to the left side
    [frozen_flower] chain 4/200 task 5/5 step 1/360: running policy
    [frozen_flower] chain 4/200 task 5/5 step 1/360: policy 0.26s, stepping env
    [frozen_flower] chain 4/200 task 5/5 step 25/360: running policy
    [frozen_flower] chain 4/200 task 5/5 step 25/360: policy 0.01s, stepping env
    [frozen_flower] chain 4/200 task 5/5 step 50/360: running policy
    [frozen_flower] chain 4/200 task 5/5 step 50/360: policy 0.01s, stepping env
    [frozen_flower] chain 4/200 task 5/5 success at step 70
    [frozen_flower] chain 4/200 task 5/5 success: 70 steps, 2.9s
    [frozen_flower] chain 5/200 start: ['push_blue_block_left', 'lift_pink_block_table', 'stack_block', 'move_slider_left', 'open_drawer']
    [frozen_flower] chain 5/200 instructions: ['go push the blue block left', 'grasp and lift the pink block', 'stack the grasped block', 'push the sliding door to the left side', 'pull the handle to open the drawer']
    [frozen_flower] chain 5/200 task 1/5 start: push_blue_block_left | instruction: go push the blue block left
    [frozen_flower] chain 5/200 task 1/5 step 1/360: running policy
    [frozen_flower] chain 5/200 task 1/5 step 1/360: policy 0.25s, stepping env
    [frozen_flower] chain 5/200 task 1/5 step 25/360: running policy
    [frozen_flower] chain 5/200 task 1/5 step 25/360: policy 0.01s, stepping env
    [frozen_flower] chain 5/200 task 1/5 step 50/360: running policy
    [frozen_flower] chain 5/200 task 1/5 step 50/360: policy 0.00s, stepping env
    [frozen_flower] chain 5/200 task 1/5 success at step 54
    [frozen_flower] chain 5/200 task 1/5 success: 54 steps, 2.4s
    [frozen_flower] chain 5/200 task 2/5 start: lift_pink_block_table | instruction: grasp and lift the pink block
    [frozen_flower] chain 5/200 task 2/5 step 1/360: running policy
    [frozen_flower] chain 5/200 task 2/5 step 1/360: policy 0.26s, stepping env
    [frozen_flower] chain 5/200 task 2/5 step 25/360: running policy
    [frozen_flower] chain 5/200 task 2/5 step 25/360: policy 0.00s, stepping env
    [frozen_flower] chain 5/200 task 2/5 step 50/360: running policy
    [frozen_flower] chain 5/200 task 2/5 step 50/360: policy 0.01s, stepping env
    [frozen_flower] chain 5/200 task 2/5 success at step 52
    [frozen_flower] chain 5/200 task 2/5 success: 52 steps, 2.4s
    [frozen_flower] chain 5/200 task 3/5 start: stack_block | instruction: stack the grasped block
    [frozen_flower] chain 5/200 task 3/5 step 1/360: running policy
    [frozen_flower] chain 5/200 task 3/5 step 1/360: policy 0.29s, stepping env
    [frozen_flower] chain 5/200 task 3/5 step 25/360: running policy
    [frozen_flower] chain 5/200 task 3/5 step 25/360: policy 0.01s, stepping env
    [frozen_flower] chain 5/200 task 3/5 step 50/360: running policy
    [frozen_flower] chain 5/200 task 3/5 step 50/360: policy 0.01s, stepping env
    [frozen_flower] chain 5/200 task 3/5 step 75/360: running policy
    [frozen_flower] chain 5/200 task 3/5 step 75/360: policy 0.01s, stepping env
    [frozen_flower] chain 5/200 task 3/5 step 100/360: running policy
    [frozen_flower] chain 5/200 task 3/5 step 100/360: policy 0.01s, stepping env
    [frozen_flower] chain 5/200 task 3/5 step 125/360: running policy
    [frozen_flower] chain 5/200 task 3/5 step 125/360: policy 0.01s, stepping env
    [frozen_flower] chain 5/200 task 3/5 step 150/360: running policy
    [frozen_flower] chain 5/200 task 3/5 step 150/360: policy 0.00s, stepping env
    [frozen_flower] chain 5/200 task 3/5 step 175/360: running policy
    [frozen_flower] chain 5/200 task 3/5 step 175/360: policy 0.01s, stepping env
    [frozen_flower] chain 5/200 task 3/5 step 200/360: running policy
    [frozen_flower] chain 5/200 task 3/5 step 200/360: policy 0.01s, stepping env
    [frozen_flower] chain 5/200 task 3/5 step 225/360: running policy
    [frozen_flower] chain 5/200 task 3/5 step 225/360: policy 0.01s, stepping env
    [frozen_flower] chain 5/200 task 3/5 step 250/360: running policy
    [frozen_flower] chain 5/200 task 3/5 step 250/360: policy 0.01s, stepping env
    [frozen_flower] chain 5/200 task 3/5 step 275/360: running policy
    [frozen_flower] chain 5/200 task 3/5 step 275/360: policy 0.01s, stepping env
    [frozen_flower] chain 5/200 task 3/5 step 300/360: running policy
    [frozen_flower] chain 5/200 task 3/5 step 300/360: policy 0.01s, stepping env
    [frozen_flower] chain 5/200 task 3/5 step 325/360: running policy
    [frozen_flower] chain 5/200 task 3/5 step 325/360: policy 0.00s, stepping env
    [frozen_flower] chain 5/200 task 3/5 step 350/360: running policy
    [frozen_flower] chain 5/200 task 3/5 step 350/360: policy 0.00s, stepping env
    [frozen_flower] chain 5/200 task 3/5 failed: 360 steps, 15.8s
    [frozen_flower] chain 6/200 start: ['turn_off_led', 'rotate_pink_block_right', 'lift_pink_block_table', 'stack_block', 'move_slider_right']
    [frozen_flower] chain 6/200 instructions: ['press the button to turn off the led light', 'take the pink block and rotate it to the right', 'grasp and lift the pink block', 'stack the grasped block', 'push the sliding door to the right side']
    [frozen_flower] chain 6/200 task 1/5 start: turn_off_led | instruction: press the button to turn off the led light
    [frozen_flower] chain 6/200 task 1/5 step 1/360: running policy
    [frozen_flower] chain 6/200 task 1/5 step 1/360: policy 0.23s, stepping env
    [frozen_flower] chain 6/200 task 1/5 step 25/360: running policy
    [frozen_flower] chain 6/200 task 1/5 step 25/360: policy 0.00s, stepping env
    [frozen_flower] chain 6/200 task 1/5 step 50/360: running policy
    [frozen_flower] chain 6/200 task 1/5 step 50/360: policy 0.00s, stepping env
    [frozen_flower] chain 6/200 task 1/5 success at step 61
    [frozen_flower] chain 6/200 task 1/5 success: 61 steps, 2.5s
    [frozen_flower] chain 6/200 task 2/5 start: rotate_pink_block_right | instruction: take the pink block and rotate it to the right
    [frozen_flower] chain 6/200 task 2/5 step 1/360: running policy
    [frozen_flower] chain 6/200 task 2/5 step 1/360: policy 0.26s, stepping env
    [frozen_flower] chain 6/200 task 2/5 step 25/360: running policy
    [frozen_flower] chain 6/200 task 2/5 step 25/360: policy 0.00s, stepping env
    [frozen_flower] chain 6/200 task 2/5 step 50/360: running policy
    [frozen_flower] chain 6/200 task 2/5 step 50/360: policy 0.00s, stepping env
    [frozen_flower] chain 6/200 task 2/5 step 75/360: running policy
    [frozen_flower] chain 6/200 task 2/5 step 75/360: policy 0.01s, stepping env
    [frozen_flower] chain 6/200 task 2/5 step 100/360: running policy
    [frozen_flower] chain 6/200 task 2/5 step 100/360: policy 0.00s, stepping env
    [frozen_flower] chain 6/200 task 2/5 step 125/360: running policy
    [frozen_flower] chain 6/200 task 2/5 step 125/360: policy 0.01s, stepping env
    [frozen_flower] chain 6/200 task 2/5 step 150/360: running policy
    [frozen_flower] chain 6/200 task 2/5 step 150/360: policy 0.01s, stepping env
    [frozen_flower] chain 6/200 task 2/5 success at step 165
    [frozen_flower] chain 6/200 task 2/5 success: 165 steps, 7.7s
    [frozen_flower] chain 6/200 task 3/5 start: lift_pink_block_table | instruction: grasp and lift the pink block
    [frozen_flower] chain 6/200 task 3/5 step 1/360: running policy
    [frozen_flower] chain 6/200 task 3/5 step 1/360: policy 0.27s, stepping env
    [frozen_flower] chain 6/200 task 3/5 step 25/360: running policy
    [frozen_flower] chain 6/200 task 3/5 step 25/360: policy 0.00s, stepping env
    [frozen_flower] chain 6/200 task 3/5 step 50/360: running policy
    [frozen_flower] chain 6/200 task 3/5 step 50/360: policy 0.00s, stepping env
    [frozen_flower] chain 6/200 task 3/5 step 75/360: running policy
    [frozen_flower] chain 6/200 task 3/5 step 75/360: policy 0.01s, stepping env
    [frozen_flower] chain 6/200 task 3/5 step 100/360: running policy
    [frozen_flower] chain 6/200 task 3/5 step 100/360: policy 0.01s, stepping env
    [frozen_flower] chain 6/200 task 3/5 step 125/360: running policy
    [frozen_flower] chain 6/200 task 3/5 step 125/360: policy 0.01s, stepping env
    [frozen_flower] chain 6/200 task 3/5 step 150/360: running policy
    [frozen_flower] chain 6/200 task 3/5 step 150/360: policy 0.01s, stepping env
    [frozen_flower] chain 6/200 task 3/5 success at step 166
    [frozen_flower] chain 6/200 task 3/5 success: 166 steps, 7.5s
    [frozen_flower] chain 6/200 task 4/5 start: stack_block | instruction: stack the grasped block
    [frozen_flower] chain 6/200 task 4/5 step 1/360: running policy
    [frozen_flower] chain 6/200 task 4/5 step 1/360: policy 0.27s, stepping env
    [frozen_flower] chain 6/200 task 4/5 step 25/360: running policy
    [frozen_flower] chain 6/200 task 4/5 step 25/360: policy 0.01s, stepping env
    [frozen_flower] chain 6/200 task 4/5 success at step 30
    [frozen_flower] chain 6/200 task 4/5 success: 30 steps, 1.5s
    [frozen_flower] chain 6/200 task 5/5 start: move_slider_right | instruction: push the sliding door to the right side
    [frozen_flower] chain 6/200 task 5/5 step 1/360: running policy
    [frozen_flower] chain 6/200 task 5/5 step 1/360: policy 0.26s, stepping env
    [frozen_flower] chain 6/200 task 5/5 step 25/360: running policy
    [frozen_flower] chain 6/200 task 5/5 step 25/360: policy 0.00s, stepping env
    [frozen_flower] chain 6/200 task 5/5 step 50/360: running policy
    [frozen_flower] chain 6/200 task 5/5 step 50/360: policy 0.01s, stepping env
    [frozen_flower] chain 6/200 task 5/5 step 75/360: running policy
    [frozen_flower] chain 6/200 task 5/5 step 75/360: policy 0.00s, stepping env
    [frozen_flower] chain 6/200 task 5/5 success at step 79
    [frozen_flower] chain 6/200 task 5/5 success: 79 steps, 3.2s
    [frozen_flower] chain 7/200 start: ['move_slider_right', 'push_blue_block_right', 'turn_off_led', 'open_drawer', 'push_into_drawer']
    [frozen_flower] chain 7/200 instructions: ['push the sliding door to the right side', 'go push the blue block right', 'press the button to turn off the led light', 'pull the handle to open the drawer', 'slide the block that it falls into the drawer']
    [frozen_flower] chain 7/200 task 1/5 start: move_slider_right | instruction: push the sliding door to the right side
    [frozen_flower] chain 7/200 task 1/5 step 1/360: running policy
    [frozen_flower] chain 7/200 task 1/5 step 1/360: policy 0.24s, stepping env
    [frozen_flower] chain 7/200 task 1/5 step 25/360: running policy
    [frozen_flower] chain 7/200 task 1/5 step 25/360: policy 0.01s, stepping env
    [frozen_flower] chain 7/200 task 1/5 step 50/360: running policy
    [frozen_flower] chain 7/200 task 1/5 step 50/360: policy 0.00s, stepping env
    [frozen_flower] chain 7/200 task 1/5 success at step 52
    [frozen_flower] chain 7/200 task 1/5 success: 52 steps, 2.3s
    [frozen_flower] chain 7/200 task 2/5 start: push_blue_block_right | instruction: go push the blue block right
    [frozen_flower] chain 7/200 task 2/5 step 1/360: running policy
    [frozen_flower] chain 7/200 task 2/5 step 1/360: policy 0.23s, stepping env
    [frozen_flower] chain 7/200 task 2/5 step 25/360: running policy
    [frozen_flower] chain 7/200 task 2/5 step 25/360: policy 0.00s, stepping env
    [frozen_flower] chain 7/200 task 2/5 step 50/360: running policy
    [frozen_flower] chain 7/200 task 2/5 step 50/360: policy 0.00s, stepping env
    [frozen_flower] chain 7/200 task 2/5 success at step 65
    [frozen_flower] chain 7/200 task 2/5 success: 65 steps, 2.8s
    [frozen_flower] chain 7/200 task 3/5 start: turn_off_led | instruction: press the button to turn off the led light
    [frozen_flower] chain 7/200 task 3/5 step 1/360: running policy
    [frozen_flower] chain 7/200 task 3/5 step 1/360: policy 0.28s, stepping env
    [frozen_flower] chain 7/200 task 3/5 step 25/360: running policy
    [frozen_flower] chain 7/200 task 3/5 step 25/360: policy 0.00s, stepping env
    [frozen_flower] chain 7/200 task 3/5 step 50/360: running policy
    [frozen_flower] chain 7/200 task 3/5 step 50/360: policy 0.00s, stepping env
    [frozen_flower] chain 7/200 task 3/5 success at step 72
    [frozen_flower] chain 7/200 task 3/5 success: 72 steps, 3.0s
    [frozen_flower] chain 7/200 task 4/5 start: open_drawer | instruction: pull the handle to open the drawer
    [frozen_flower] chain 7/200 task 4/5 step 1/360: running policy
    [frozen_flower] chain 7/200 task 4/5 step 1/360: policy 0.22s, stepping env
    [frozen_flower] chain 7/200 task 4/5 step 25/360: running policy
    [frozen_flower] chain 7/200 task 4/5 step 25/360: policy 0.00s, stepping env
    [frozen_flower] chain 7/200 task 4/5 step 50/360: running policy
    [frozen_flower] chain 7/200 task 4/5 step 50/360: policy 0.00s, stepping env
    [frozen_flower] chain 7/200 task 4/5 success at step 70
    [frozen_flower] chain 7/200 task 4/5 success: 70 steps, 2.6s
    [frozen_flower] chain 7/200 task 5/5 start: push_into_drawer | instruction: slide the block that it falls into the drawer
    [frozen_flower] chain 7/200 task 5/5 step 1/360: running policy
    [frozen_flower] chain 7/200 task 5/5 step 1/360: policy 0.24s, stepping env
    [frozen_flower] chain 7/200 task 5/5 step 25/360: running policy
    [frozen_flower] chain 7/200 task 5/5 step 25/360: policy 0.00s, stepping env
    [frozen_flower] chain 7/200 task 5/5 step 50/360: running policy
    [frozen_flower] chain 7/200 task 5/5 step 50/360: policy 0.00s, stepping env
    [frozen_flower] chain 7/200 task 5/5 step 75/360: running policy
    [frozen_flower] chain 7/200 task 5/5 step 75/360: policy 0.00s, stepping env
    [frozen_flower] chain 7/200 task 5/5 success at step 82
    [frozen_flower] chain 7/200 task 5/5 success: 82 steps, 3.7s
    [frozen_flower] chain 8/200 start: ['push_red_block_left', 'move_slider_left', 'turn_on_lightbulb', 'lift_red_block_table', 'place_in_drawer']
    [frozen_flower] chain 8/200 instructions: ['go push the red block left', 'push the sliding door to the left side', 'use the switch to turn on the light bulb', 'grasp and lift the red block', 'store the grasped block in the drawer']
    [frozen_flower] chain 8/200 task 1/5 start: push_red_block_left | instruction: go push the red block left
    [frozen_flower] chain 8/200 task 1/5 step 1/360: running policy
    [frozen_flower] chain 8/200 task 1/5 step 1/360: policy 0.26s, stepping env
    [frozen_flower] chain 8/200 task 1/5 step 25/360: running policy
    [frozen_flower] chain 8/200 task 1/5 step 25/360: policy 0.00s, stepping env
    [frozen_flower] chain 8/200 task 1/5 step 50/360: running policy
    [frozen_flower] chain 8/200 task 1/5 step 50/360: policy 0.00s, stepping env
    [frozen_flower] chain 8/200 task 1/5 success at step 62
    [frozen_flower] chain 8/200 task 1/5 success: 62 steps, 2.9s
    [frozen_flower] chain 8/200 task 2/5 start: move_slider_left | instruction: push the sliding door to the left side
    [frozen_flower] chain 8/200 task 2/5 step 1/360: running policy
    [frozen_flower] chain 8/200 task 2/5 step 1/360: policy 0.26s, stepping env
    [frozen_flower] chain 8/200 task 2/5 step 25/360: running policy
    [frozen_flower] chain 8/200 task 2/5 step 25/360: policy 0.00s, stepping env
    [frozen_flower] chain 8/200 task 2/5 step 50/360: running policy
    [frozen_flower] chain 8/200 task 2/5 step 50/360: policy 0.00s, stepping env
    [frozen_flower] chain 8/200 task 2/5 success at step 56
    [frozen_flower] chain 8/200 task 2/5 success: 56 steps, 2.5s
    [frozen_flower] chain 8/200 task 3/5 start: turn_on_lightbulb | instruction: use the switch to turn on the light bulb
    [frozen_flower] chain 8/200 task 3/5 step 1/360: running policy
    [frozen_flower] chain 8/200 task 3/5 step 1/360: policy 0.25s, stepping env
    [frozen_flower] chain 8/200 task 3/5 step 25/360: running policy
    [frozen_flower] chain 8/200 task 3/5 step 25/360: policy 0.00s, stepping env
    [frozen_flower] chain 8/200 task 3/5 step 50/360: running policy
    [frozen_flower] chain 8/200 task 3/5 step 50/360: policy 0.00s, stepping env
    [frozen_flower] chain 8/200 task 3/5 success at step 67
    [frozen_flower] chain 8/200 task 3/5 success: 67 steps, 3.0s
    [frozen_flower] chain 8/200 task 4/5 start: lift_red_block_table | instruction: grasp and lift the red block
    [frozen_flower] chain 8/200 task 4/5 step 1/360: running policy
    [frozen_flower] chain 8/200 task 4/5 step 1/360: policy 0.28s, stepping env
    [frozen_flower] chain 8/200 task 4/5 step 25/360: running policy
    [frozen_flower] chain 8/200 task 4/5 step 25/360: policy 0.01s, stepping env
    [frozen_flower] chain 8/200 task 4/5 step 50/360: running policy
    [frozen_flower] chain 8/200 task 4/5 step 50/360: policy 0.01s, stepping env
    [frozen_flower] chain 8/200 task 4/5 step 75/360: running policy
    [frozen_flower] chain 8/200 task 4/5 step 75/360: policy 0.00s, stepping env
    [frozen_flower] chain 8/200 task 4/5 success at step 77
    [frozen_flower] chain 8/200 task 4/5 success: 77 steps, 3.7s
    [frozen_flower] chain 8/200 task 5/5 start: place_in_drawer | instruction: store the grasped block in the drawer
    [frozen_flower] chain 8/200 task 5/5 step 1/360: running policy
    [frozen_flower] chain 8/200 task 5/5 step 1/360: policy 0.28s, stepping env
    [frozen_flower] chain 8/200 task 5/5 step 25/360: running policy
    [frozen_flower] chain 8/200 task 5/5 step 25/360: policy 0.01s, stepping env
    [frozen_flower] chain 8/200 task 5/5 success at step 43
    [frozen_flower] chain 8/200 task 5/5 success: 43 steps, 2.1s
    [frozen_flower] chain 9/200 start: ['turn_on_led', 'move_slider_left', 'rotate_pink_block_left', 'lift_pink_block_table', 'place_in_slider']
    [frozen_flower] chain 9/200 instructions: ['press the button to turn on the led light', 'push the sliding door to the left side', 'take the pink block and rotate it to the left', 'grasp and lift the pink block', 'store the grasped block in the sliding cabinet']
    [frozen_flower] chain 9/200 task 1/5 start: turn_on_led | instruction: press the button to turn on the led light
    [frozen_flower] chain 9/200 task 1/5 step 1/360: running policy
    [frozen_flower] chain 9/200 task 1/5 step 1/360: policy 0.27s, stepping env
    [frozen_flower] chain 9/200 task 1/5 step 25/360: running policy
    [frozen_flower] chain 9/200 task 1/5 step 25/360: policy 0.01s, stepping env
    [frozen_flower] chain 9/200 task 1/5 success at step 48
    [frozen_flower] chain 9/200 task 1/5 success: 48 steps, 2.2s
    [frozen_flower] chain 9/200 task 2/5 start: move_slider_left | instruction: push the sliding door to the left side
    [frozen_flower] chain 9/200 task 2/5 step 1/360: running policy
    [frozen_flower] chain 9/200 task 2/5 step 1/360: policy 0.27s, stepping env
    [frozen_flower] chain 9/200 task 2/5 step 25/360: running policy
    [frozen_flower] chain 9/200 task 2/5 step 25/360: policy 0.01s, stepping env
    [frozen_flower] chain 9/200 task 2/5 step 50/360: running policy
    [frozen_flower] chain 9/200 task 2/5 step 50/360: policy 0.01s, stepping env
    [frozen_flower] chain 9/200 task 2/5 success at step 65
    [frozen_flower] chain 9/200 task 2/5 success: 65 steps, 3.2s
    [frozen_flower] chain 9/200 task 3/5 start: rotate_pink_block_left | instruction: take the pink block and rotate it to the left
    [frozen_flower] chain 9/200 task 3/5 step 1/360: running policy
    [frozen_flower] chain 9/200 task 3/5 step 1/360: policy 0.27s, stepping env
    [frozen_flower] chain 9/200 task 3/5 step 25/360: running policy
    [frozen_flower] chain 9/200 task 3/5 step 25/360: policy 0.01s, stepping env
    [frozen_flower] chain 9/200 task 3/5 step 50/360: running policy
    [frozen_flower] chain 9/200 task 3/5 step 50/360: policy 0.00s, stepping env
    [frozen_flower] chain 9/200 task 3/5 step 75/360: running policy
    [frozen_flower] chain 9/200 task 3/5 step 75/360: policy 0.00s, stepping env
    [frozen_flower] chain 9/200 task 3/5 step 100/360: running policy
    [frozen_flower] chain 9/200 task 3/5 step 100/360: policy 0.00s, stepping env
    [frozen_flower] chain 9/200 task 3/5 success at step 104
    [frozen_flower] chain 9/200 task 3/5 success: 104 steps, 5.0s
    [frozen_flower] chain 9/200 task 4/5 start: lift_pink_block_table | instruction: grasp and lift the pink block
    [frozen_flower] chain 9/200 task 4/5 step 1/360: running policy
    [frozen_flower] chain 9/200 task 4/5 step 1/360: policy 0.27s, stepping env
    [frozen_flower] chain 9/200 task 4/5 step 25/360: running policy
    [frozen_flower] chain 9/200 task 4/5 step 25/360: policy 0.01s, stepping env
    [frozen_flower] chain 9/200 task 4/5 step 50/360: running policy
    [frozen_flower] chain 9/200 task 4/5 step 50/360: policy 0.01s, stepping env
    [frozen_flower] chain 9/200 task 4/5 step 75/360: running policy
    [frozen_flower] chain 9/200 task 4/5 step 75/360: policy 0.01s, stepping env
    [frozen_flower] chain 9/200 task 4/5 step 100/360: running policy
    [frozen_flower] chain 9/200 task 4/5 step 100/360: policy 0.01s, stepping env
    [frozen_flower] chain 9/200 task 4/5 step 125/360: running policy
    [frozen_flower] chain 9/200 task 4/5 step 125/360: policy 0.01s, stepping env
    [frozen_flower] chain 9/200 task 4/5 step 150/360: running policy
    [frozen_flower] chain 9/200 task 4/5 step 150/360: policy 0.01s, stepping env
    [frozen_flower] chain 9/200 task 4/5 step 175/360: running policy
    [frozen_flower] chain 9/200 task 4/5 step 175/360: policy 0.00s, stepping env
    [frozen_flower] chain 9/200 task 4/5 step 200/360: running policy
    [frozen_flower] chain 9/200 task 4/5 step 200/360: policy 0.01s, stepping env
    [frozen_flower] chain 9/200 task 4/5 success at step 205
    [frozen_flower] chain 9/200 task 4/5 success: 205 steps, 10.0s
    [frozen_flower] chain 9/200 task 5/5 start: place_in_slider | instruction: store the grasped block in the sliding cabinet
    [frozen_flower] chain 9/200 task 5/5 step 1/360: running policy
    [frozen_flower] chain 9/200 task 5/5 step 1/360: policy 0.29s, stepping env
    [frozen_flower] chain 9/200 task 5/5 step 25/360: running policy
    [frozen_flower] chain 9/200 task 5/5 step 25/360: policy 0.00s, stepping env
    [frozen_flower] chain 9/200 task 5/5 step 50/360: running policy
    [frozen_flower] chain 9/200 task 5/5 step 50/360: policy 0.01s, stepping env
    [frozen_flower] chain 9/200 task 5/5 step 75/360: running policy
    [frozen_flower] chain 9/200 task 5/5 step 75/360: policy 0.01s, stepping env
    [frozen_flower] chain 9/200 task 5/5 step 100/360: running policy
    [frozen_flower] chain 9/200 task 5/5 step 100/360: policy 0.00s, stepping env
    [frozen_flower] chain 9/200 task 5/5 step 125/360: running policy
    [frozen_flower] chain 9/200 task 5/5 step 125/360: policy 0.01s, stepping env
    [frozen_flower] chain 9/200 task 5/5 step 150/360: running policy
    [frozen_flower] chain 9/200 task 5/5 step 150/360: policy 0.01s, stepping env
    [frozen_flower] chain 9/200 task 5/5 step 175/360: running policy
    [frozen_flower] chain 9/200 task 5/5 step 175/360: policy 0.01s, stepping env
    [frozen_flower] chain 9/200 task 5/5 step 200/360: running policy
    [frozen_flower] chain 9/200 task 5/5 step 200/360: policy 0.01s, stepping env
    [frozen_flower] chain 9/200 task 5/5 step 225/360: running policy
    [frozen_flower] chain 9/200 task 5/5 step 225/360: policy 0.01s, stepping env
    [frozen_flower] chain 9/200 task 5/5 step 250/360: running policy
    [frozen_flower] chain 9/200 task 5/5 step 250/360: policy 0.01s, stepping env
    [frozen_flower] chain 9/200 task 5/5 step 275/360: running policy
    [frozen_flower] chain 9/200 task 5/5 step 275/360: policy 0.01s, stepping env
    [frozen_flower] chain 9/200 task 5/5 step 300/360: running policy
    [frozen_flower] chain 9/200 task 5/5 step 300/360: policy 0.01s, stepping env
    [frozen_flower] chain 9/200 task 5/5 step 325/360: running policy
    [frozen_flower] chain 9/200 task 5/5 step 325/360: policy 0.01s, stepping env
    [frozen_flower] chain 9/200 task 5/5 step 350/360: running policy
    [frozen_flower] chain 9/200 task 5/5 step 350/360: policy 0.01s, stepping env
    [frozen_flower] chain 9/200 task 5/5 failed: 360 steps, 17.7s
    [frozen_flower] chain 10/200 start: ['rotate_blue_block_right', 'lift_pink_block_slider', 'stack_block', 'turn_on_lightbulb', 'open_drawer']
    [frozen_flower] chain 10/200 instructions: ['take the blue block and rotate it to the right', 'lift the pink block from the sliding cabinet', 'stack the grasped block', 'use the switch to turn on the light bulb', 'pull the handle to open the drawer']
    [frozen_flower] chain 10/200 task 1/5 start: rotate_blue_block_right | instruction: take the blue block and rotate it to the right
    [frozen_flower] chain 10/200 task 1/5 step 1/360: running policy
    [frozen_flower] chain 10/200 task 1/5 step 1/360: policy 0.27s, stepping env
    [frozen_flower] chain 10/200 task 1/5 step 25/360: running policy
    [frozen_flower] chain 10/200 task 1/5 step 25/360: policy 0.01s, stepping env
    [frozen_flower] chain 10/200 task 1/5 step 50/360: running policy
    [frozen_flower] chain 10/200 task 1/5 step 50/360: policy 0.01s, stepping env
    [frozen_flower] chain 10/200 task 1/5 step 75/360: running policy
    [frozen_flower] chain 10/200 task 1/5 step 75/360: policy 0.01s, stepping env
    [frozen_flower] chain 10/200 task 1/5 success at step 95
    [frozen_flower] chain 10/200 task 1/5 success: 95 steps, 5.0s
    [frozen_flower] chain 10/200 task 2/5 start: lift_pink_block_slider | instruction: lift the pink block from the sliding cabinet
    [frozen_flower] chain 10/200 task 2/5 step 1/360: running policy
    [frozen_flower] chain 10/200 task 2/5 step 1/360: policy 0.29s, stepping env
    [frozen_flower] chain 10/200 task 2/5 step 25/360: running policy
    [frozen_flower] chain 10/200 task 2/5 step 25/360: policy 0.01s, stepping env
    [frozen_flower] chain 10/200 task 2/5 step 50/360: running policy
    [frozen_flower] chain 10/200 task 2/5 step 50/360: policy 0.01s, stepping env
    [frozen_flower] chain 10/200 task 2/5 success at step 64
    [frozen_flower] chain 10/200 task 2/5 success: 64 steps, 3.3s
    [frozen_flower] chain 10/200 task 3/5 start: stack_block | instruction: stack the grasped block
    [frozen_flower] chain 10/200 task 3/5 step 1/360: running policy
    [frozen_flower] chain 10/200 task 3/5 step 1/360: policy 0.28s, stepping env
    [frozen_flower] chain 10/200 task 3/5 step 25/360: running policy
    [frozen_flower] chain 10/200 task 3/5 step 25/360: policy 0.01s, stepping env
    [frozen_flower] chain 10/200 task 3/5 step 50/360: running policy
    [frozen_flower] chain 10/200 task 3/5 step 50/360: policy 0.01s, stepping env
    [frozen_flower] chain 10/200 task 3/5 step 75/360: running policy
    [frozen_flower] chain 10/200 task 3/5 step 75/360: policy 0.01s, stepping env
    [frozen_flower] chain 10/200 task 3/5 step 100/360: running policy
    [frozen_flower] chain 10/200 task 3/5 step 100/360: policy 0.01s, stepping env
    [frozen_flower] chain 10/200 task 3/5 step 125/360: running policy
    [frozen_flower] chain 10/200 task 3/5 step 125/360: policy 0.01s, stepping env
    [frozen_flower] chain 10/200 task 3/5 step 150/360: running policy
    [frozen_flower] chain 10/200 task 3/5 step 150/360: policy 0.01s, stepping env
    [frozen_flower] chain 10/200 task 3/5 step 175/360: running policy
    [frozen_flower] chain 10/200 task 3/5 step 175/360: policy 0.01s, stepping env
    [frozen_flower] chain 10/200 task 3/5 success at step 178
    [frozen_flower] chain 10/200 task 3/5 success: 178 steps, 9.4s
    [frozen_flower] chain 10/200 task 4/5 start: turn_on_lightbulb | instruction: use the switch to turn on the light bulb
    [frozen_flower] chain 10/200 task 4/5 step 1/360: running policy
    [frozen_flower] chain 10/200 task 4/5 step 1/360: policy 0.30s, stepping env
    [frozen_flower] chain 10/200 task 4/5 step 25/360: running policy
    [frozen_flower] chain 10/200 task 4/5 step 25/360: policy 0.00s, stepping env
    [frozen_flower] chain 10/200 task 4/5 step 50/360: running policy
    [frozen_flower] chain 10/200 task 4/5 step 50/360: policy 0.00s, stepping env
    [frozen_flower] chain 10/200 task 4/5 success at step 54
    [frozen_flower] chain 10/200 task 4/5 success: 54 steps, 2.6s
    [frozen_flower] chain 10/200 task 5/5 start: open_drawer | instruction: pull the handle to open the drawer
    [frozen_flower] chain 10/200 task 5/5 step 1/360: running policy
    [frozen_flower] chain 10/200 task 5/5 step 1/360: policy 0.24s, stepping env
    [frozen_flower] chain 10/200 task 5/5 step 25/360: running policy
    [frozen_flower] chain 10/200 task 5/5 step 25/360: policy 0.00s, stepping env
    [frozen_flower] chain 10/200 task 5/5 step 50/360: running policy
    [frozen_flower] chain 10/200 task 5/5 step 50/360: policy 0.00s, stepping env
    [frozen_flower] chain 10/200 task 5/5 success at step 71
    [frozen_flower] chain 10/200 task 5/5 success: 71 steps, 3.1s
    [frozen_flower] 10/200 chains, L1 success: 100.0%
    [frozen_flower] chain 11/200 start: ['push_red_block_left', 'close_drawer', 'turn_on_lightbulb', 'lift_red_block_table', 'place_in_slider']
    [frozen_flower] chain 11/200 instructions: ['go push the red block left', 'push the handle to close the drawer', 'use the switch to turn on the light bulb', 'grasp and lift the red block', 'store the grasped block in the sliding cabinet']
    [frozen_flower] chain 11/200 task 1/5 start: push_red_block_left | instruction: go push the red block left
    [frozen_flower] chain 11/200 task 1/5 step 1/360: running policy
    [frozen_flower] chain 11/200 task 1/5 step 1/360: policy 0.25s, stepping env
    [frozen_flower] chain 11/200 task 1/5 step 25/360: running policy
    [frozen_flower] chain 11/200 task 1/5 step 25/360: policy 0.00s, stepping env
    [frozen_flower] chain 11/200 task 1/5 step 50/360: running policy
    [frozen_flower] chain 11/200 task 1/5 step 50/360: policy 0.00s, stepping env
    [frozen_flower] chain 11/200 task 1/5 step 75/360: running policy
    [frozen_flower] chain 11/200 task 1/5 step 75/360: policy 0.00s, stepping env
    [frozen_flower] chain 11/200 task 1/5 step 100/360: running policy
    [frozen_flower] chain 11/200 task 1/5 step 100/360: policy 0.01s, stepping env
    [frozen_flower] chain 11/200 task 1/5 step 125/360: running policy
    [frozen_flower] chain 11/200 task 1/5 step 125/360: policy 0.00s, stepping env
    [frozen_flower] chain 11/200 task 1/5 step 150/360: running policy
    [frozen_flower] chain 11/200 task 1/5 step 150/360: policy 0.00s, stepping env
    [frozen_flower] chain 11/200 task 1/5 step 175/360: running policy
    [frozen_flower] chain 11/200 task 1/5 step 175/360: policy 0.01s, stepping env
    [frozen_flower] chain 11/200 task 1/5 step 200/360: running policy
    [frozen_flower] chain 11/200 task 1/5 step 200/360: policy 0.00s, stepping env
    [frozen_flower] chain 11/200 task 1/5 step 225/360: running policy
    [frozen_flower] chain 11/200 task 1/5 step 225/360: policy 0.01s, stepping env
    [frozen_flower] chain 11/200 task 1/5 step 250/360: running policy
    [frozen_flower] chain 11/200 task 1/5 step 250/360: policy 0.00s, stepping env
    [frozen_flower] chain 11/200 task 1/5 step 275/360: running policy
    [frozen_flower] chain 11/200 task 1/5 step 275/360: policy 0.00s, stepping env
    [frozen_flower] chain 11/200 task 1/5 step 300/360: running policy
    [frozen_flower] chain 11/200 task 1/5 step 300/360: policy 0.00s, stepping env
    [frozen_flower] chain 11/200 task 1/5 step 325/360: running policy
    [frozen_flower] chain 11/200 task 1/5 step 325/360: policy 0.00s, stepping env
    [frozen_flower] chain 11/200 task 1/5 step 350/360: running policy
    [frozen_flower] chain 11/200 task 1/5 step 350/360: policy 0.00s, stepping env
    [frozen_flower] chain 11/200 task 1/5 failed: 360 steps, 15.2s
    [frozen_flower] chain 12/200 start: ['rotate_blue_block_left', 'close_drawer', 'turn_off_lightbulb', 'lift_blue_block_table', 'place_in_slider']
    [frozen_flower] chain 12/200 instructions: ['take the blue block and rotate it to the left', 'push the handle to close the drawer', 'use the switch to turn off the light bulb', 'grasp and lift the blue block', 'store the grasped block in the sliding cabinet']
    [frozen_flower] chain 12/200 task 1/5 start: rotate_blue_block_left | instruction: take the blue block and rotate it to the left
    [frozen_flower] chain 12/200 task 1/5 step 1/360: running policy
    [frozen_flower] chain 12/200 task 1/5 step 1/360: policy 0.25s, stepping env
    [frozen_flower] chain 12/200 task 1/5 step 25/360: running policy
    [frozen_flower] chain 12/200 task 1/5 step 25/360: policy 0.00s, stepping env
    [frozen_flower] chain 12/200 task 1/5 step 50/360: running policy
    [frozen_flower] chain 12/200 task 1/5 step 50/360: policy 0.00s, stepping env
    [frozen_flower] chain 12/200 task 1/5 step 75/360: running policy
    [frozen_flower] chain 12/200 task 1/5 step 75/360: policy 0.01s, stepping env
    [frozen_flower] chain 12/200 task 1/5 step 100/360: running policy
    [frozen_flower] chain 12/200 task 1/5 step 100/360: policy 0.00s, stepping env
    [frozen_flower] chain 12/200 task 1/5 success at step 110
    [frozen_flower] chain 12/200 task 1/5 success: 110 steps, 4.7s
    [frozen_flower] chain 12/200 task 2/5 start: close_drawer | instruction: push the handle to close the drawer
    [frozen_flower] chain 12/200 task 2/5 step 1/360: running policy
    [frozen_flower] chain 12/200 task 2/5 step 1/360: policy 0.26s, stepping env
    [frozen_flower] chain 12/200 task 2/5 step 25/360: running policy
    [frozen_flower] chain 12/200 task 2/5 step 25/360: policy 0.00s, stepping env
    [frozen_flower] chain 12/200 task 2/5 step 50/360: running policy
    [frozen_flower] chain 12/200 task 2/5 step 50/360: policy 0.00s, stepping env
    [frozen_flower] chain 12/200 task 2/5 step 75/360: running policy
    [frozen_flower] chain 12/200 task 2/5 step 75/360: policy 0.01s, stepping env
    [frozen_flower] chain 12/200 task 2/5 step 100/360: running policy
    [frozen_flower] chain 12/200 task 2/5 step 100/360: policy 0.00s, stepping env
    [frozen_flower] chain 12/200 task 2/5 step 125/360: running policy
    [frozen_flower] chain 12/200 task 2/5 step 125/360: policy 0.01s, stepping env
    [frozen_flower] chain 12/200 task 2/5 step 150/360: running policy
    [frozen_flower] chain 12/200 task 2/5 step 150/360: policy 0.00s, stepping env
    [frozen_flower] chain 12/200 task 2/5 step 175/360: running policy
    [frozen_flower] chain 12/200 task 2/5 step 175/360: policy 0.00s, stepping env
    [frozen_flower] chain 12/200 task 2/5 step 200/360: running policy
    [frozen_flower] chain 12/200 task 2/5 step 200/360: policy 0.01s, stepping env
    [frozen_flower] chain 12/200 task 2/5 step 225/360: running policy
    [frozen_flower] chain 12/200 task 2/5 step 225/360: policy 0.01s, stepping env
    [frozen_flower] chain 12/200 task 2/5 step 250/360: running policy
    [frozen_flower] chain 12/200 task 2/5 step 250/360: policy 0.01s, stepping env
    [frozen_flower] chain 12/200 task 2/5 step 275/360: running policy
    [frozen_flower] chain 12/200 task 2/5 step 275/360: policy 0.01s, stepping env
    [frozen_flower] chain 12/200 task 2/5 step 300/360: running policy
    [frozen_flower] chain 12/200 task 2/5 step 300/360: policy 0.00s, stepping env
    [frozen_flower] chain 12/200 task 2/5 success at step 311
    [frozen_flower] chain 12/200 task 2/5 success: 311 steps, 14.1s
    [frozen_flower] chain 12/200 task 3/5 start: turn_off_lightbulb | instruction: use the switch to turn off the light bulb
    [frozen_flower] chain 12/200 task 3/5 step 1/360: running policy
    [frozen_flower] chain 12/200 task 3/5 step 1/360: policy 0.26s, stepping env
    [frozen_flower] chain 12/200 task 3/5 step 25/360: running policy
    [frozen_flower] chain 12/200 task 3/5 step 25/360: policy 0.01s, stepping env
    [frozen_flower] chain 12/200 task 3/5 step 50/360: running policy
    [frozen_flower] chain 12/200 task 3/5 step 50/360: policy 0.00s, stepping env
    [frozen_flower] chain 12/200 task 3/5 step 75/360: running policy
    [frozen_flower] chain 12/200 task 3/5 step 75/360: policy 0.01s, stepping env
    [frozen_flower] chain 12/200 task 3/5 success at step 92
    [frozen_flower] chain 12/200 task 3/5 success: 92 steps, 4.4s
    [frozen_flower] chain 12/200 task 4/5 start: lift_blue_block_table | instruction: grasp and lift the blue block
    [frozen_flower] chain 12/200 task 4/5 step 1/360: running policy
    [frozen_flower] chain 12/200 task 4/5 step 1/360: policy 0.27s, stepping env
    [frozen_flower] chain 12/200 task 4/5 step 25/360: running policy
    [frozen_flower] chain 12/200 task 4/5 step 25/360: policy 0.01s, stepping env
    [frozen_flower] chain 12/200 task 4/5 step 50/360: running policy
    [frozen_flower] chain 12/200 task 4/5 step 50/360: policy 0.01s, stepping env
    [frozen_flower] chain 12/200 task 4/5 success at step 61
    [frozen_flower] chain 12/200 task 4/5 success: 61 steps, 3.2s
    [frozen_flower] chain 12/200 task 5/5 start: place_in_slider | instruction: store the grasped block in the sliding cabinet
    [frozen_flower] chain 12/200 task 5/5 step 1/360: running policy
    [frozen_flower] chain 12/200 task 5/5 step 1/360: policy 0.29s, stepping env
    [frozen_flower] chain 12/200 task 5/5 step 25/360: running policy
    [frozen_flower] chain 12/200 task 5/5 step 25/360: policy 0.00s, stepping env
    [frozen_flower] chain 12/200 task 5/5 success at step 37
    [frozen_flower] chain 12/200 task 5/5 success: 37 steps, 1.9s
    [frozen_flower] chain 13/200 start: ['rotate_pink_block_left', 'turn_off_led', 'lift_blue_block_table', 'stack_block', 'close_drawer']
    [frozen_flower] chain 13/200 instructions: ['take the pink block and rotate it to the left', 'press the button to turn off the led light', 'grasp and lift the blue block', 'stack the grasped block', 'push the handle to close the drawer']
    [frozen_flower] chain 13/200 task 1/5 start: rotate_pink_block_left | instruction: take the pink block and rotate it to the left
    [frozen_flower] chain 13/200 task 1/5 step 1/360: running policy
    [frozen_flower] chain 13/200 task 1/5 step 1/360: policy 0.28s, stepping env
    [frozen_flower] chain 13/200 task 1/5 step 25/360: running policy
    [frozen_flower] chain 13/200 task 1/5 step 25/360: policy 0.01s, stepping env
    [frozen_flower] chain 13/200 task 1/5 step 50/360: running policy
    [frozen_flower] chain 13/200 task 1/5 step 50/360: policy 0.01s, stepping env
    [frozen_flower] chain 13/200 task 1/5 success at step 66
    [frozen_flower] chain 13/200 task 1/5 success: 66 steps, 3.3s
    [frozen_flower] chain 13/200 task 2/5 start: turn_off_led | instruction: press the button to turn off the led light
    [frozen_flower] chain 13/200 task 2/5 step 1/360: running policy
    [frozen_flower] chain 13/200 task 2/5 step 1/360: policy 0.30s, stepping env
    [frozen_flower] chain 13/200 task 2/5 step 25/360: running policy
    [frozen_flower] chain 13/200 task 2/5 step 25/360: policy 0.01s, stepping env
    [frozen_flower] chain 13/200 task 2/5 step 50/360: running policy
    [frozen_flower] chain 13/200 task 2/5 step 50/360: policy 0.01s, stepping env
    [frozen_flower] chain 13/200 task 2/5 success at step 73
    [frozen_flower] chain 13/200 task 2/5 success: 73 steps, 3.5s
    [frozen_flower] chain 13/200 task 3/5 start: lift_blue_block_table | instruction: grasp and lift the blue block
    [frozen_flower] chain 13/200 task 3/5 step 1/360: running policy
    [frozen_flower] chain 13/200 task 3/5 step 1/360: policy 0.27s, stepping env
    [frozen_flower] chain 13/200 task 3/5 step 25/360: running policy
    [frozen_flower] chain 13/200 task 3/5 step 25/360: policy 0.01s, stepping env
    [frozen_flower] chain 13/200 task 3/5 step 50/360: running policy
    [frozen_flower] chain 13/200 task 3/5 step 50/360: policy 0.00s, stepping env
    [frozen_flower] chain 13/200 task 3/5 success at step 65
    [frozen_flower] chain 13/200 task 3/5 success: 65 steps, 3.1s
    [frozen_flower] chain 13/200 task 4/5 start: stack_block | instruction: stack the grasped block
    [frozen_flower] chain 13/200 task 4/5 step 1/360: running policy
    [frozen_flower] chain 13/200 task 4/5 step 1/360: policy 0.29s, stepping env
    [frozen_flower] chain 13/200 task 4/5 step 25/360: running policy
    [frozen_flower] chain 13/200 task 4/5 step 25/360: policy 0.01s, stepping env
    [frozen_flower] chain 13/200 task 4/5 success at step 31
    [frozen_flower] chain 13/200 task 4/5 success: 31 steps, 1.8s
    [frozen_flower] chain 13/200 task 5/5 start: close_drawer | instruction: push the handle to close the drawer
    [frozen_flower] chain 13/200 task 5/5 step 1/360: running policy
    [frozen_flower] chain 13/200 task 5/5 step 1/360: policy 0.29s, stepping env
    [frozen_flower] chain 13/200 task 5/5 step 25/360: running policy
    [frozen_flower] chain 13/200 task 5/5 step 25/360: policy 0.01s, stepping env
    [frozen_flower] chain 13/200 task 5/5 step 50/360: running policy
    [frozen_flower] chain 13/200 task 5/5 step 50/360: policy 0.01s, stepping env
    [frozen_flower] chain 13/200 task 5/5 success at step 74
    [frozen_flower] chain 13/200 task 5/5 success: 74 steps, 3.8s
    [frozen_flower] chain 14/200 start: ['push_pink_block_left', 'turn_off_lightbulb', 'lift_pink_block_table', 'place_in_slider', 'close_drawer']
    [frozen_flower] chain 14/200 instructions: ['go push the pink block left', 'use the switch to turn off the light bulb', 'grasp and lift the pink block', 'store the grasped block in the sliding cabinet', 'push the handle to close the drawer']
    [frozen_flower] chain 14/200 task 1/5 start: push_pink_block_left | instruction: go push the pink block left
    [frozen_flower] chain 14/200 task 1/5 step 1/360: running policy
    [frozen_flower] chain 14/200 task 1/5 step 1/360: policy 0.30s, stepping env
    [frozen_flower] chain 14/200 task 1/5 step 25/360: running policy
    [frozen_flower] chain 14/200 task 1/5 step 25/360: policy 0.01s, stepping env
    [frozen_flower] chain 14/200 task 1/5 step 50/360: running policy
    [frozen_flower] chain 14/200 task 1/5 step 50/360: policy 0.00s, stepping env
    [frozen_flower] chain 14/200 task 1/5 success at step 61
    [frozen_flower] chain 14/200 task 1/5 success: 61 steps, 3.3s
    [frozen_flower] chain 14/200 task 2/5 start: turn_off_lightbulb | instruction: use the switch to turn off the light bulb
    [frozen_flower] chain 14/200 task 2/5 step 1/360: running policy
    [frozen_flower] chain 14/200 task 2/5 step 1/360: policy 0.30s, stepping env
    [frozen_flower] chain 14/200 task 2/5 step 25/360: running policy
    [frozen_flower] chain 14/200 task 2/5 step 25/360: policy 0.01s, stepping env
    [frozen_flower] chain 14/200 task 2/5 step 50/360: running policy
    [frozen_flower] chain 14/200 task 2/5 step 50/360: policy 0.01s, stepping env
    [frozen_flower] chain 14/200 task 2/5 success at step 67
    [frozen_flower] chain 14/200 task 2/5 success: 67 steps, 3.5s
    [frozen_flower] chain 14/200 task 3/5 start: lift_pink_block_table | instruction: grasp and lift the pink block
    [frozen_flower] chain 14/200 task 3/5 step 1/360: running policy
    [frozen_flower] chain 14/200 task 3/5 step 1/360: policy 0.29s, stepping env
    [frozen_flower] chain 14/200 task 3/5 step 25/360: running policy
    [frozen_flower] chain 14/200 task 3/5 step 25/360: policy 0.01s, stepping env
    [frozen_flower] chain 14/200 task 3/5 step 50/360: running policy
    [frozen_flower] chain 14/200 task 3/5 step 50/360: policy 0.01s, stepping env
    [frozen_flower] chain 14/200 task 3/5 success at step 68
    [frozen_flower] chain 14/200 task 3/5 success: 68 steps, 3.6s
    [frozen_flower] chain 14/200 task 4/5 start: place_in_slider | instruction: store the grasped block in the sliding cabinet
    [frozen_flower] chain 14/200 task 4/5 step 1/360: running policy
    [frozen_flower] chain 14/200 task 4/5 step 1/360: policy 0.30s, stepping env
    [frozen_flower] chain 14/200 task 4/5 step 25/360: running policy
    [frozen_flower] chain 14/200 task 4/5 step 25/360: policy 0.01s, stepping env
    [frozen_flower] chain 14/200 task 4/5 success at step 44
    [frozen_flower] chain 14/200 task 4/5 success: 44 steps, 2.5s
    [frozen_flower] chain 14/200 task 5/5 start: close_drawer | instruction: push the handle to close the drawer
    [frozen_flower] chain 14/200 task 5/5 step 1/360: running policy
    [frozen_flower] chain 14/200 task 5/5 step 1/360: policy 0.31s, stepping env
    [frozen_flower] chain 14/200 task 5/5 step 25/360: running policy
    [frozen_flower] chain 14/200 task 5/5 step 25/360: policy 0.01s, stepping env
    [frozen_flower] chain 14/200 task 5/5 step 50/360: running policy
    [frozen_flower] chain 14/200 task 5/5 step 50/360: policy 0.01s, stepping env
    [frozen_flower] chain 14/200 task 5/5 step 75/360: running policy
    [frozen_flower] chain 14/200 task 5/5 step 75/360: policy 0.01s, stepping env
    [frozen_flower] chain 14/200 task 5/5 success at step 86
    [frozen_flower] chain 14/200 task 5/5 success: 86 steps, 4.5s
    [frozen_flower] chain 15/200 start: ['push_red_block_right', 'close_drawer', 'move_slider_left', 'turn_on_lightbulb', 'lift_red_block_table']
    [frozen_flower] chain 15/200 instructions: ['go push the red block right', 'push the handle to close the drawer', 'push the sliding door to the left side', 'use the switch to turn on the light bulb', 'grasp and lift the red block']
    [frozen_flower] chain 15/200 task 1/5 start: push_red_block_right | instruction: go push the red block right
    [frozen_flower] chain 15/200 task 1/5 step 1/360: running policy
    [frozen_flower] chain 15/200 task 1/5 step 1/360: policy 0.29s, stepping env
    [frozen_flower] chain 15/200 task 1/5 step 25/360: running policy
    [frozen_flower] chain 15/200 task 1/5 step 25/360: policy 0.01s, stepping env
    [frozen_flower] chain 15/200 task 1/5 step 50/360: running policy
    [frozen_flower] chain 15/200 task 1/5 step 50/360: policy 0.01s, stepping env
    [frozen_flower] chain 15/200 task 1/5 step 75/360: running policy
    [frozen_flower] chain 15/200 task 1/5 step 75/360: policy 0.01s, stepping env
    [frozen_flower] chain 15/200 task 1/5 success at step 98
    [frozen_flower] chain 15/200 task 1/5 success: 98 steps, 5.3s
    [frozen_flower] chain 15/200 task 2/5 start: close_drawer | instruction: push the handle to close the drawer
    [frozen_flower] chain 15/200 task 2/5 step 1/360: running policy
    [frozen_flower] chain 15/200 task 2/5 step 1/360: policy 0.29s, stepping env
    [frozen_flower] chain 15/200 task 2/5 step 25/360: running policy
    [frozen_flower] chain 15/200 task 2/5 step 25/360: policy 0.00s, stepping env
    [frozen_flower] chain 15/200 task 2/5 step 50/360: running policy
    [frozen_flower] chain 15/200 task 2/5 step 50/360: policy 0.00s, stepping env
    [frozen_flower] chain 15/200 task 2/5 step 75/360: running policy
    [frozen_flower] chain 15/200 task 2/5 step 75/360: policy 0.00s, stepping env
    [frozen_flower] chain 15/200 task 2/5 success at step 82
    [frozen_flower] chain 15/200 task 2/5 success: 82 steps, 3.9s
    [frozen_flower] chain 15/200 task 3/5 start: move_slider_left | instruction: push the sliding door to the left side
    [frozen_flower] chain 15/200 task 3/5 step 1/360: running policy
    [frozen_flower] chain 15/200 task 3/5 step 1/360: policy 0.26s, stepping env
    [frozen_flower] chain 15/200 task 3/5 step 25/360: running policy
    [frozen_flower] chain 15/200 task 3/5 step 25/360: policy 0.00s, stepping env
    [frozen_flower] chain 15/200 task 3/5 step 50/360: running policy
    [frozen_flower] chain 15/200 task 3/5 step 50/360: policy 0.00s, stepping env
    [frozen_flower] chain 15/200 task 3/5 step 75/360: running policy
    [frozen_flower] chain 15/200 task 3/5 step 75/360: policy 0.00s, stepping env
    [frozen_flower] chain 15/200 task 3/5 step 100/360: running policy
    [frozen_flower] chain 15/200 task 3/5 step 100/360: policy 0.00s, stepping env
    [frozen_flower] chain 15/200 task 3/5 success at step 112
    [frozen_flower] chain 15/200 task 3/5 success: 112 steps, 4.9s
    [frozen_flower] chain 15/200 task 4/5 start: turn_on_lightbulb | instruction: use the switch to turn on the light bulb
    [frozen_flower] chain 15/200 task 4/5 step 1/360: running policy
    [frozen_flower] chain 15/200 task 4/5 step 1/360: policy 0.26s, stepping env
    [frozen_flower] chain 15/200 task 4/5 step 25/360: running policy
    [frozen_flower] chain 15/200 task 4/5 step 25/360: policy 0.00s, stepping env
    [frozen_flower] chain 15/200 task 4/5 step 50/360: running policy
    [frozen_flower] chain 15/200 task 4/5 step 50/360: policy 0.00s, stepping env
    [frozen_flower] chain 15/200 task 4/5 success at step 60
    [frozen_flower] chain 15/200 task 4/5 success: 60 steps, 2.6s
    [frozen_flower] chain 15/200 task 5/5 start: lift_red_block_table | instruction: grasp and lift the red block
    [frozen_flower] chain 15/200 task 5/5 step 1/360: running policy
    [frozen_flower] chain 15/200 task 5/5 step 1/360: policy 0.26s, stepping env
    [frozen_flower] chain 15/200 task 5/5 step 25/360: running policy
    [frozen_flower] chain 15/200 task 5/5 step 25/360: policy 0.00s, stepping env
    [frozen_flower] chain 15/200 task 5/5 success at step 48
    [frozen_flower] chain 15/200 task 5/5 success: 48 steps, 2.2s
    [frozen_flower] chain 16/200 start: ['turn_on_lightbulb', 'rotate_red_block_right', 'move_slider_right', 'lift_blue_block_slider', 'place_in_slider']
    [frozen_flower] chain 16/200 instructions: ['use the switch to turn on the light bulb', 'take the red block and rotate it to the right', 'push the sliding door to the right side', 'lift the blue block from the sliding cabinet', 'store the grasped block in the sliding cabinet']
    [frozen_flower] chain 16/200 task 1/5 start: turn_on_lightbulb | instruction: use the switch to turn on the light bulb
    [frozen_flower] chain 16/200 task 1/5 step 1/360: running policy
    [frozen_flower] chain 16/200 task 1/5 step 1/360: policy 0.27s, stepping env
    [frozen_flower] chain 16/200 task 1/5 step 25/360: running policy
    [frozen_flower] chain 16/200 task 1/5 step 25/360: policy 0.00s, stepping env
    [frozen_flower] chain 16/200 task 1/5 step 50/360: running policy
    [frozen_flower] chain 16/200 task 1/5 step 50/360: policy 0.00s, stepping env
    [frozen_flower] chain 16/200 task 1/5 success at step 51
    [frozen_flower] chain 16/200 task 1/5 success: 51 steps, 2.5s
    [frozen_flower] chain 16/200 task 2/5 start: rotate_red_block_right | instruction: take the red block and rotate it to the right
    [frozen_flower] chain 16/200 task 2/5 step 1/360: running policy
    [frozen_flower] chain 16/200 task 2/5 step 1/360: policy 0.27s, stepping env
    [frozen_flower] chain 16/200 task 2/5 step 25/360: running policy
    [frozen_flower] chain 16/200 task 2/5 step 25/360: policy 0.00s, stepping env
    [frozen_flower] chain 16/200 task 2/5 step 50/360: running policy
    [frozen_flower] chain 16/200 task 2/5 step 50/360: policy 0.01s, stepping env
    [frozen_flower] chain 16/200 task 2/5 step 75/360: running policy
    [frozen_flower] chain 16/200 task 2/5 step 75/360: policy 0.00s, stepping env
    [frozen_flower] chain 16/200 task 2/5 success at step 89
    [frozen_flower] chain 16/200 task 2/5 success: 89 steps, 4.0s
    [frozen_flower] chain 16/200 task 3/5 start: move_slider_right | instruction: push the sliding door to the right side
    [frozen_flower] chain 16/200 task 3/5 step 1/360: running policy
    [frozen_flower] chain 16/200 task 3/5 step 1/360: policy 0.27s, stepping env
    [frozen_flower] chain 16/200 task 3/5 step 25/360: running policy
    [frozen_flower] chain 16/200 task 3/5 step 25/360: policy 0.00s, stepping env
    [frozen_flower] chain 16/200 task 3/5 step 50/360: running policy
    [frozen_flower] chain 16/200 task 3/5 step 50/360: policy 0.01s, stepping env
    [frozen_flower] chain 16/200 task 3/5 step 75/360: running policy
    [frozen_flower] chain 16/200 task 3/5 step 75/360: policy 0.01s, stepping env
    [frozen_flower] chain 16/200 task 3/5 success at step 80
    [frozen_flower] chain 16/200 task 3/5 success: 80 steps, 3.6s
    [frozen_flower] chain 16/200 task 4/5 start: lift_blue_block_slider | instruction: lift the blue block from the sliding cabinet
    [frozen_flower] chain 16/200 task 4/5 step 1/360: running policy
    [frozen_flower] chain 16/200 task 4/5 step 1/360: policy 0.25s, stepping env
    [frozen_flower] chain 16/200 task 4/5 step 25/360: running policy
    [frozen_flower] chain 16/200 task 4/5 step 25/360: policy 0.01s, stepping env
    [frozen_flower] chain 16/200 task 4/5 step 50/360: running policy
    [frozen_flower] chain 16/200 task 4/5 step 50/360: policy 0.00s, stepping env
    [frozen_flower] chain 16/200 task 4/5 step 75/360: running policy
    [frozen_flower] chain 16/200 task 4/5 step 75/360: policy 0.00s, stepping env
    [frozen_flower] chain 16/200 task 4/5 success at step 82
    [frozen_flower] chain 16/200 task 4/5 success: 82 steps, 3.5s
    [frozen_flower] chain 16/200 task 5/5 start: place_in_slider | instruction: store the grasped block in the sliding cabinet
    [frozen_flower] chain 16/200 task 5/5 step 1/360: running policy
    [frozen_flower] chain 16/200 task 5/5 step 1/360: policy 0.25s, stepping env
    [frozen_flower] chain 16/200 task 5/5 success at step 10
    [frozen_flower] chain 16/200 task 5/5 success: 10 steps, 0.4s
    [frozen_flower] chain 17/200 start: ['rotate_red_block_right', 'lift_blue_block_slider', 'stack_block', 'unstack_block', 'lift_red_block_table']
    [frozen_flower] chain 17/200 instructions: ['take the red block and rotate it to the right', 'lift the blue block from the sliding cabinet', 'stack the grasped block', 'remove the stacked block', 'grasp and lift the red block']
    [frozen_flower] chain 17/200 task 1/5 start: rotate_red_block_right | instruction: take the red block and rotate it to the right
    [frozen_flower] chain 17/200 task 1/5 step 1/360: running policy
    [frozen_flower] chain 17/200 task 1/5 step 1/360: policy 0.24s, stepping env
    [frozen_flower] chain 17/200 task 1/5 step 25/360: running policy
    [frozen_flower] chain 17/200 task 1/5 step 25/360: policy 0.00s, stepping env
    [frozen_flower] chain 17/200 task 1/5 step 50/360: running policy
    [frozen_flower] chain 17/200 task 1/5 step 50/360: policy 0.00s, stepping env
    [frozen_flower] chain 17/200 task 1/5 step 75/360: running policy
    [frozen_flower] chain 17/200 task 1/5 step 75/360: policy 0.01s, stepping env
    [frozen_flower] chain 17/200 task 1/5 step 100/360: running policy
    [frozen_flower] chain 17/200 task 1/5 step 100/360: policy 0.00s, stepping env
    [frozen_flower] chain 17/200 task 1/5 step 125/360: running policy
    [frozen_flower] chain 17/200 task 1/5 step 125/360: policy 0.00s, stepping env
    [frozen_flower] chain 17/200 task 1/5 step 150/360: running policy
    [frozen_flower] chain 17/200 task 1/5 step 150/360: policy 0.00s, stepping env
    [frozen_flower] chain 17/200 task 1/5 success at step 155
    [frozen_flower] chain 17/200 task 1/5 success: 155 steps, 6.5s
    [frozen_flower] chain 17/200 task 2/5 start: lift_blue_block_slider | instruction: lift the blue block from the sliding cabinet
    [frozen_flower] chain 17/200 task 2/5 step 1/360: running policy
    [frozen_flower] chain 17/200 task 2/5 step 1/360: policy 0.28s, stepping env
    [frozen_flower] chain 17/200 task 2/5 step 25/360: running policy
    [frozen_flower] chain 17/200 task 2/5 step 25/360: policy 0.01s, stepping env
    [frozen_flower] chain 17/200 task 2/5 step 50/360: running policy
    [frozen_flower] chain 17/200 task 2/5 step 50/360: policy 0.01s, stepping env
    [frozen_flower] chain 17/200 task 2/5 success at step 65
    [frozen_flower] chain 17/200 task 2/5 success: 65 steps, 3.0s
    [frozen_flower] chain 17/200 task 3/5 start: stack_block | instruction: stack the grasped block
    [frozen_flower] chain 17/200 task 3/5 step 1/360: running policy
    [frozen_flower] chain 17/200 task 3/5 step 1/360: policy 0.28s, stepping env
    [frozen_flower] chain 17/200 task 3/5 step 25/360: running policy
    [frozen_flower] chain 17/200 task 3/5 step 25/360: policy 0.01s, stepping env
    [frozen_flower] chain 17/200 task 3/5 success at step 43
    [frozen_flower] chain 17/200 task 3/5 success: 43 steps, 2.2s
    [frozen_flower] chain 17/200 task 4/5 start: unstack_block | instruction: remove the stacked block
    [frozen_flower] chain 17/200 task 4/5 step 1/360: running policy
    [frozen_flower] chain 17/200 task 4/5 step 1/360: policy 0.28s, stepping env
    [frozen_flower] chain 17/200 task 4/5 step 25/360: running policy
    [frozen_flower] chain 17/200 task 4/5 step 25/360: policy 0.00s, stepping env
    [frozen_flower] chain 17/200 task 4/5 success at step 36
    [frozen_flower] chain 17/200 task 4/5 success: 36 steps, 1.8s
    [frozen_flower] chain 17/200 task 5/5 start: lift_red_block_table | instruction: grasp and lift the red block
    [frozen_flower] chain 17/200 task 5/5 step 1/360: running policy
    [frozen_flower] chain 17/200 task 5/5 step 1/360: policy 0.27s, stepping env
    [frozen_flower] chain 17/200 task 5/5 step 25/360: running policy
    [frozen_flower] chain 17/200 task 5/5 step 25/360: policy 0.01s, stepping env
    [frozen_flower] chain 17/200 task 5/5 step 50/360: running policy
    [frozen_flower] chain 17/200 task 5/5 step 50/360: policy 0.01s, stepping env
    [frozen_flower] chain 17/200 task 5/5 success at step 56
    [frozen_flower] chain 17/200 task 5/5 success: 56 steps, 2.6s
    [frozen_flower] chain 18/200 start: ['rotate_blue_block_right', 'lift_blue_block_table', 'place_in_slider', 'close_drawer', 'turn_off_led']
    [frozen_flower] chain 18/200 instructions: ['take the blue block and rotate it to the right', 'grasp and lift the blue block', 'store the grasped block in the sliding cabinet', 'push the handle to close the drawer', 'press the button to turn off the led light']
    [frozen_flower] chain 18/200 task 1/5 start: rotate_blue_block_right | instruction: take the blue block and rotate it to the right
    [frozen_flower] chain 18/200 task 1/5 step 1/360: running policy
    [frozen_flower] chain 18/200 task 1/5 step 1/360: policy 0.29s, stepping env
    [frozen_flower] chain 18/200 task 1/5 step 25/360: running policy
    [frozen_flower] chain 18/200 task 1/5 step 25/360: policy 0.01s, stepping env
    [frozen_flower] chain 18/200 task 1/5 step 50/360: running policy
    [frozen_flower] chain 18/200 task 1/5 step 50/360: policy 0.01s, stepping env
    [frozen_flower] chain 18/200 task 1/5 step 75/360: running policy
    [frozen_flower] chain 18/200 task 1/5 step 75/360: policy 0.01s, stepping env
    [frozen_flower] chain 18/200 task 1/5 success at step 78
    [frozen_flower] chain 18/200 task 1/5 success: 78 steps, 3.7s
    [frozen_flower] chain 18/200 task 2/5 start: lift_blue_block_table | instruction: grasp and lift the blue block
    [frozen_flower] chain 18/200 task 2/5 step 1/360: running policy
    [frozen_flower] chain 18/200 task 2/5 step 1/360: policy 0.26s, stepping env
    [frozen_flower] chain 18/200 task 2/5 step 25/360: running policy
    [frozen_flower] chain 18/200 task 2/5 step 25/360: policy 0.01s, stepping env
    [frozen_flower] chain 18/200 task 2/5 step 50/360: running policy
    [frozen_flower] chain 18/200 task 2/5 step 50/360: policy 0.00s, stepping env
    [frozen_flower] chain 18/200 task 2/5 step 75/360: running policy
    [frozen_flower] chain 18/200 task 2/5 step 75/360: policy 0.01s, stepping env
    [frozen_flower] chain 18/200 task 2/5 step 100/360: running policy
    [frozen_flower] chain 18/200 task 2/5 step 100/360: policy 0.01s, stepping env
    [frozen_flower] chain 18/200 task 2/5 step 125/360: running policy
    [frozen_flower] chain 18/200 task 2/5 step 125/360: policy 0.01s, stepping env
    [frozen_flower] chain 18/200 task 2/5 step 150/360: running policy
    [frozen_flower] chain 18/200 task 2/5 step 150/360: policy 0.01s, stepping env
    [frozen_flower] chain 18/200 task 2/5 success at step 166
    [frozen_flower] chain 18/200 task 2/5 success: 166 steps, 8.0s
    [frozen_flower] chain 18/200 task 3/5 start: place_in_slider | instruction: store the grasped block in the sliding cabinet
    [frozen_flower] chain 18/200 task 3/5 step 1/360: running policy
    [frozen_flower] chain 18/200 task 3/5 step 1/360: policy 0.28s, stepping env
    [frozen_flower] chain 18/200 task 3/5 step 25/360: running policy
    [frozen_flower] chain 18/200 task 3/5 step 25/360: policy 0.01s, stepping env
    [frozen_flower] chain 18/200 task 3/5 step 50/360: running policy
    [frozen_flower] chain 18/200 task 3/5 step 50/360: policy 0.01s, stepping env
    [frozen_flower] chain 18/200 task 3/5 step 75/360: running policy
    [frozen_flower] chain 18/200 task 3/5 step 75/360: policy 0.01s, stepping env
    [frozen_flower] chain 18/200 task 3/5 step 100/360: running policy
    [frozen_flower] chain 18/200 task 3/5 step 100/360: policy 0.01s, stepping env
    [frozen_flower] chain 18/200 task 3/5 step 125/360: running policy
    [frozen_flower] chain 18/200 task 3/5 step 125/360: policy 0.01s, stepping env
    [frozen_flower] chain 18/200 task 3/5 step 150/360: running policy
    [frozen_flower] chain 18/200 task 3/5 step 150/360: policy 0.01s, stepping env
    [frozen_flower] chain 18/200 task 3/5 step 175/360: running policy
    [frozen_flower] chain 18/200 task 3/5 step 175/360: policy 0.01s, stepping env
    [frozen_flower] chain 18/200 task 3/5 step 200/360: running policy
    [frozen_flower] chain 18/200 task 3/5 step 200/360: policy 0.01s, stepping env
    [frozen_flower] chain 18/200 task 3/5 step 225/360: running policy
    [frozen_flower] chain 18/200 task 3/5 step 225/360: policy 0.00s, stepping env
    [frozen_flower] chain 18/200 task 3/5 step 250/360: running policy
    [frozen_flower] chain 18/200 task 3/5 step 250/360: policy 0.01s, stepping env
    [frozen_flower] chain 18/200 task 3/5 step 275/360: running policy
    [frozen_flower] chain 18/200 task 3/5 step 275/360: policy 0.01s, stepping env
    [frozen_flower] chain 18/200 task 3/5 step 300/360: running policy
    [frozen_flower] chain 18/200 task 3/5 step 300/360: policy 0.02s, stepping env
    [frozen_flower] chain 18/200 task 3/5 step 325/360: running policy
    [frozen_flower] chain 18/200 task 3/5 step 325/360: policy 0.01s, stepping env
    [frozen_flower] chain 18/200 task 3/5 step 350/360: running policy
    [frozen_flower] chain 18/200 task 3/5 step 350/360: policy 0.01s, stepping env
    [frozen_flower] chain 18/200 task 3/5 failed: 360 steps, 18.0s
    [frozen_flower] chain 19/200 start: ['lift_pink_block_table', 'stack_block', 'move_slider_right', 'turn_on_lightbulb', 'lift_blue_block_slider']
    [frozen_flower] chain 19/200 instructions: ['grasp and lift the pink block', 'stack the grasped block', 'push the sliding door to the right side', 'use the switch to turn on the light bulb', 'lift the blue block from the sliding cabinet']
    [frozen_flower] chain 19/200 task 1/5 start: lift_pink_block_table | instruction: grasp and lift the pink block
    [frozen_flower] chain 19/200 task 1/5 step 1/360: running policy
    [frozen_flower] chain 19/200 task 1/5 step 1/360: policy 0.31s, stepping env
    [frozen_flower] chain 19/200 task 1/5 step 25/360: running policy
    [frozen_flower] chain 19/200 task 1/5 step 25/360: policy 0.00s, stepping env
    [frozen_flower] chain 19/200 task 1/5 success at step 47
    [frozen_flower] chain 19/200 task 1/5 success: 47 steps, 2.5s
    [frozen_flower] chain 19/200 task 2/5 start: stack_block | instruction: stack the grasped block
    [frozen_flower] chain 19/200 task 2/5 step 1/360: running policy
    [frozen_flower] chain 19/200 task 2/5 step 1/360: policy 0.29s, stepping env
    [frozen_flower] chain 19/200 task 2/5 step 25/360: running policy
    [frozen_flower] chain 19/200 task 2/5 step 25/360: policy 0.01s, stepping env
    [frozen_flower] chain 19/200 task 2/5 success at step 29
    [frozen_flower] chain 19/200 task 2/5 success: 29 steps, 1.5s
    [frozen_flower] chain 19/200 task 3/5 start: move_slider_right | instruction: push the sliding door to the right side
    [frozen_flower] chain 19/200 task 3/5 step 1/360: running policy
    [frozen_flower] chain 19/200 task 3/5 step 1/360: policy 0.29s, stepping env
    [frozen_flower] chain 19/200 task 3/5 step 25/360: running policy
    [frozen_flower] chain 19/200 task 3/5 step 25/360: policy 0.01s, stepping env
    [frozen_flower] chain 19/200 task 3/5 step 50/360: running policy
    [frozen_flower] chain 19/200 task 3/5 step 50/360: policy 0.01s, stepping env
    [frozen_flower] chain 19/200 task 3/5 success at step 63
    [frozen_flower] chain 19/200 task 3/5 success: 63 steps, 3.5s
    [frozen_flower] chain 19/200 task 4/5 start: turn_on_lightbulb | instruction: use the switch to turn on the light bulb
    [frozen_flower] chain 19/200 task 4/5 step 1/360: running policy
    [frozen_flower] chain 19/200 task 4/5 step 1/360: policy 0.30s, stepping env
    [frozen_flower] chain 19/200 task 4/5 step 25/360: running policy
    [frozen_flower] chain 19/200 task 4/5 step 25/360: policy 0.01s, stepping env
    [frozen_flower] chain 19/200 task 4/5 step 50/360: running policy
    [frozen_flower] chain 19/200 task 4/5 step 50/360: policy 0.00s, stepping env
    [frozen_flower] chain 19/200 task 4/5 success at step 57
    [frozen_flower] chain 19/200 task 4/5 success: 57 steps, 3.1s
    [frozen_flower] chain 19/200 task 5/5 start: lift_blue_block_slider | instruction: lift the blue block from the sliding cabinet
    [frozen_flower] chain 19/200 task 5/5 step 1/360: running policy
    [frozen_flower] chain 19/200 task 5/5 step 1/360: policy 0.29s, stepping env
    [frozen_flower] chain 19/200 task 5/5 step 25/360: running policy
    [frozen_flower] chain 19/200 task 5/5 step 25/360: policy 0.01s, stepping env
    [frozen_flower] chain 19/200 task 5/5 step 50/360: running policy
    [frozen_flower] chain 19/200 task 5/5 step 50/360: policy 0.01s, stepping env
    [frozen_flower] chain 19/200 task 5/5 step 75/360: running policy
    [frozen_flower] chain 19/200 task 5/5 step 75/360: policy 0.01s, stepping env
    [frozen_flower] chain 19/200 task 5/5 step 100/360: running policy
    [frozen_flower] chain 19/200 task 5/5 step 100/360: policy 0.01s, stepping env
    [frozen_flower] chain 19/200 task 5/5 success at step 118
    [frozen_flower] chain 19/200 task 5/5 success: 118 steps, 6.2s
    [frozen_flower] chain 20/200 start: ['lift_red_block_slider', 'place_in_slider', 'turn_on_lightbulb', 'move_slider_right', 'push_pink_block_right']
    [frozen_flower] chain 20/200 instructions: ['lift the red block from the sliding cabinet', 'store the grasped block in the sliding cabinet', 'use the switch to turn on the light bulb', 'push the sliding door to the right side', 'go push the pink block right']
    [frozen_flower] chain 20/200 task 1/5 start: lift_red_block_slider | instruction: lift the red block from the sliding cabinet
    [frozen_flower] chain 20/200 task 1/5 step 1/360: running policy
    [frozen_flower] chain 20/200 task 1/5 step 1/360: policy 0.24s, stepping env
    [frozen_flower] chain 20/200 task 1/5 step 25/360: running policy
    [frozen_flower] chain 20/200 task 1/5 step 25/360: policy 0.00s, stepping env
    [frozen_flower] chain 20/200 task 1/5 step 50/360: running policy
    [frozen_flower] chain 20/200 task 1/5 step 50/360: policy 0.01s, stepping env
    [frozen_flower] chain 20/200 task 1/5 step 75/360: running policy
    [frozen_flower] chain 20/200 task 1/5 step 75/360: policy 0.00s, stepping env
    [frozen_flower] chain 20/200 task 1/5 step 100/360: running policy
    [frozen_flower] chain 20/200 task 1/5 step 100/360: policy 0.00s, stepping env
    [frozen_flower] chain 20/200 task 1/5 step 125/360: running policy
    [frozen_flower] chain 20/200 task 1/5 step 125/360: policy 0.00s, stepping env
    [frozen_flower] chain 20/200 task 1/5 step 150/360: running policy
    [frozen_flower] chain 20/200 task 1/5 step 150/360: policy 0.00s, stepping env
    [frozen_flower] chain 20/200 task 1/5 step 175/360: running policy
    [frozen_flower] chain 20/200 task 1/5 step 175/360: policy 0.01s, stepping env
    [frozen_flower] chain 20/200 task 1/5 success at step 179
    [frozen_flower] chain 20/200 task 1/5 success: 179 steps, 7.3s
    [frozen_flower] chain 20/200 task 2/5 start: place_in_slider | instruction: store the grasped block in the sliding cabinet
    [frozen_flower] chain 20/200 task 2/5 step 1/360: running policy
    [frozen_flower] chain 20/200 task 2/5 step 1/360: policy 0.26s, stepping env
    [frozen_flower] chain 20/200 task 2/5 success at step 11
    [frozen_flower] chain 20/200 task 2/5 success: 11 steps, 0.7s
    [frozen_flower] chain 20/200 task 3/5 start: turn_on_lightbulb | instruction: use the switch to turn on the light bulb
    [frozen_flower] chain 20/200 task 3/5 step 1/360: running policy
    [frozen_flower] chain 20/200 task 3/5 step 1/360: policy 0.26s, stepping env
    [frozen_flower] chain 20/200 task 3/5 step 25/360: running policy
    [frozen_flower] chain 20/200 task 3/5 step 25/360: policy 0.00s, stepping env
    [frozen_flower] chain 20/200 task 3/5 step 50/360: running policy
    [frozen_flower] chain 20/200 task 3/5 step 50/360: policy 0.00s, stepping env
    [frozen_flower] chain 20/200 task 3/5 success at step 59
    [frozen_flower] chain 20/200 task 3/5 success: 59 steps, 2.5s
    [frozen_flower] chain 20/200 task 4/5 start: move_slider_right | instruction: push the sliding door to the right side
    [frozen_flower] chain 20/200 task 4/5 step 1/360: running policy
    [frozen_flower] chain 20/200 task 4/5 step 1/360: policy 0.26s, stepping env
    [frozen_flower] chain 20/200 task 4/5 step 25/360: running policy
    [frozen_flower] chain 20/200 task 4/5 step 25/360: policy 0.00s, stepping env
    [frozen_flower] chain 20/200 task 4/5 step 50/360: running policy
    [frozen_flower] chain 20/200 task 4/5 step 50/360: policy 0.00s, stepping env
    [frozen_flower] chain 20/200 task 4/5 step 75/360: running policy
    [frozen_flower] chain 20/200 task 4/5 step 75/360: policy 0.00s, stepping env
    [frozen_flower] chain 20/200 task 4/5 success at step 86
    [frozen_flower] chain 20/200 task 4/5 success: 86 steps, 3.7s
    [frozen_flower] chain 20/200 task 5/5 start: push_pink_block_right | instruction: go push the pink block right
    [frozen_flower] chain 20/200 task 5/5 step 1/360: running policy
    [frozen_flower] chain 20/200 task 5/5 step 1/360: policy 0.26s, stepping env
    [frozen_flower] chain 20/200 task 5/5 step 25/360: running policy
    [frozen_flower] chain 20/200 task 5/5 step 25/360: policy 0.01s, stepping env
    [frozen_flower] chain 20/200 task 5/5 step 50/360: running policy
    [frozen_flower] chain 20/200 task 5/5 step 50/360: policy 0.00s, stepping env
    [frozen_flower] chain 20/200 task 5/5 success at step 67
    [frozen_flower] chain 20/200 task 5/5 success: 67 steps, 2.9s
    [frozen_flower] 20/200 chains, L1 success: 95.0%
    [frozen_flower] chain 21/200 start: ['lift_blue_block_slider', 'stack_block', 'unstack_block', 'rotate_blue_block_right', 'move_slider_right']
    [frozen_flower] chain 21/200 instructions: ['lift the blue block from the sliding cabinet', 'stack the grasped block', 'remove the stacked block', 'take the blue block and rotate it to the right', 'push the sliding door to the right side']
    [frozen_flower] chain 21/200 task 1/5 start: lift_blue_block_slider | instruction: lift the blue block from the sliding cabinet
    [frozen_flower] chain 21/200 task 1/5 step 1/360: running policy
    [frozen_flower] chain 21/200 task 1/5 step 1/360: policy 0.24s, stepping env
    [frozen_flower] chain 21/200 task 1/5 step 25/360: running policy
    [frozen_flower] chain 21/200 task 1/5 step 25/360: policy 0.00s, stepping env
    [frozen_flower] chain 21/200 task 1/5 success at step 48
    [frozen_flower] chain 21/200 task 1/5 success: 48 steps, 2.0s
    [frozen_flower] chain 21/200 task 2/5 start: stack_block | instruction: stack the grasped block
    [frozen_flower] chain 21/200 task 2/5 step 1/360: running policy
    [frozen_flower] chain 21/200 task 2/5 step 1/360: policy 0.25s, stepping env
    [frozen_flower] chain 21/200 task 2/5 step 25/360: running policy
    [frozen_flower] chain 21/200 task 2/5 step 25/360: policy 0.00s, stepping env
    [frozen_flower] chain 21/200 task 2/5 success at step 34
    [frozen_flower] chain 21/200 task 2/5 success: 34 steps, 1.5s
    [frozen_flower] chain 21/200 task 3/5 start: unstack_block | instruction: remove the stacked block
    [frozen_flower] chain 21/200 task 3/5 step 1/360: running policy
    [frozen_flower] chain 21/200 task 3/5 step 1/360: policy 0.25s, stepping env
    [frozen_flower] chain 21/200 task 3/5 step 25/360: running policy
    [frozen_flower] chain 21/200 task 3/5 step 25/360: policy 0.00s, stepping env
    [frozen_flower] chain 21/200 task 3/5 success at step 38
    [frozen_flower] chain 21/200 task 3/5 success: 38 steps, 1.6s
    [frozen_flower] chain 21/200 task 4/5 start: rotate_blue_block_right | instruction: take the blue block and rotate it to the right
    [frozen_flower] chain 21/200 task 4/5 step 1/360: running policy
    [frozen_flower] chain 21/200 task 4/5 step 1/360: policy 0.25s, stepping env
    [frozen_flower] chain 21/200 task 4/5 step 25/360: running policy
    [frozen_flower] chain 21/200 task 4/5 step 25/360: policy 0.00s, stepping env
    [frozen_flower] chain 21/200 task 4/5 step 50/360: running policy
    [frozen_flower] chain 21/200 task 4/5 step 50/360: policy 0.00s, stepping env
    [frozen_flower] chain 21/200 task 4/5 step 75/360: running policy
    [frozen_flower] chain 21/200 task 4/5 step 75/360: policy 0.01s, stepping env
    [frozen_flower] chain 21/200 task 4/5 step 100/360: running policy
    [frozen_flower] chain 21/200 task 4/5 step 100/360: policy 0.00s, stepping env
    [frozen_flower] chain 21/200 task 4/5 step 125/360: running policy
    [frozen_flower] chain 21/200 task 4/5 step 125/360: policy 0.01s, stepping env
    [frozen_flower] chain 21/200 task 4/5 step 150/360: running policy
    [frozen_flower] chain 21/200 task 4/5 step 150/360: policy 0.00s, stepping env
    [frozen_flower] chain 21/200 task 4/5 step 175/360: running policy
    [frozen_flower] chain 21/200 task 4/5 step 175/360: policy 0.00s, stepping env
    [frozen_flower] chain 21/200 task 4/5 step 200/360: running policy
    [frozen_flower] chain 21/200 task 4/5 step 200/360: policy 0.00s, stepping env
    [frozen_flower] chain 21/200 task 4/5 step 225/360: running policy
    [frozen_flower] chain 21/200 task 4/5 step 225/360: policy 0.00s, stepping env
    [frozen_flower] chain 21/200 task 4/5 step 250/360: running policy
    [frozen_flower] chain 21/200 task 4/5 step 250/360: policy 0.01s, stepping env
    [frozen_flower] chain 21/200 task 4/5 step 275/360: running policy
    [frozen_flower] chain 21/200 task 4/5 step 275/360: policy 0.00s, stepping env
    [frozen_flower] chain 21/200 task 4/5 step 300/360: running policy
    [frozen_flower] chain 21/200 task 4/5 step 300/360: policy 0.00s, stepping env
    [frozen_flower] chain 21/200 task 4/5 step 325/360: running policy
    [frozen_flower] chain 21/200 task 4/5 step 325/360: policy 0.00s, stepping env
    [frozen_flower] chain 21/200 task 4/5 step 350/360: running policy
    [frozen_flower] chain 21/200 task 4/5 step 350/360: policy 0.00s, stepping env
    [frozen_flower] chain 21/200 task 4/5 failed: 360 steps, 15.6s
    [frozen_flower] chain 22/200 start: ['turn_off_led', 'rotate_pink_block_right', 'move_slider_left', 'open_drawer', 'lift_pink_block_table']
    [frozen_flower] chain 22/200 instructions: ['press the button to turn off the led light', 'take the pink block and rotate it to the right', 'push the sliding door to the left side', 'pull the handle to open the drawer', 'grasp and lift the pink block']
    [frozen_flower] chain 22/200 task 1/5 start: turn_off_led | instruction: press the button to turn off the led light
    [frozen_flower] chain 22/200 task 1/5 step 1/360: running policy
    [frozen_flower] chain 22/200 task 1/5 step 1/360: policy 0.29s, stepping env
    [frozen_flower] chain 22/200 task 1/5 step 25/360: running policy
    [frozen_flower] chain 22/200 task 1/5 step 25/360: policy 0.00s, stepping env
    [frozen_flower] chain 22/200 task 1/5 step 50/360: running policy
    [frozen_flower] chain 22/200 task 1/5 step 50/360: policy 0.01s, stepping env
    [frozen_flower] chain 22/200 task 1/5 success at step 63
    [frozen_flower] chain 22/200 task 1/5 success: 63 steps, 3.1s
    [frozen_flower] chain 22/200 task 2/5 start: rotate_pink_block_right | instruction: take the pink block and rotate it to the right
    [frozen_flower] chain 22/200 task 2/5 step 1/360: running policy
    [frozen_flower] chain 22/200 task 2/5 step 1/360: policy 0.28s, stepping env
    [frozen_flower] chain 22/200 task 2/5 step 25/360: running policy
    [frozen_flower] chain 22/200 task 2/5 step 25/360: policy 0.00s, stepping env
    [frozen_flower] chain 22/200 task 2/5 step 50/360: running policy
    [frozen_flower] chain 22/200 task 2/5 step 50/360: policy 0.01s, stepping env
    [frozen_flower] chain 22/200 task 2/5 step 75/360: running policy
    [frozen_flower] chain 22/200 task 2/5 step 75/360: policy 0.00s, stepping env
    [frozen_flower] chain 22/200 task 2/5 success at step 93
    [frozen_flower] chain 22/200 task 2/5 success: 93 steps, 4.6s
    [frozen_flower] chain 22/200 task 3/5 start: move_slider_left | instruction: push the sliding door to the left side
    [frozen_flower] chain 22/200 task 3/5 step 1/360: running policy
    [frozen_flower] chain 22/200 task 3/5 step 1/360: policy 0.29s, stepping env
    [frozen_flower] chain 22/200 task 3/5 step 25/360: running policy
    [frozen_flower] chain 22/200 task 3/5 step 25/360: policy 0.01s, stepping env
    [frozen_flower] chain 22/200 task 3/5 step 50/360: running policy
    [frozen_flower] chain 22/200 task 3/5 step 50/360: policy 0.01s, stepping env
    [frozen_flower] chain 22/200 task 3/5 step 75/360: running policy
    [frozen_flower] chain 22/200 task 3/5 step 75/360: policy 0.01s, stepping env
    [frozen_flower] chain 22/200 task 3/5 success at step 76
    [frozen_flower] chain 22/200 task 3/5 success: 76 steps, 3.8s
    [frozen_flower] chain 22/200 task 4/5 start: open_drawer | instruction: pull the handle to open the drawer
    [frozen_flower] chain 22/200 task 4/5 step 1/360: running policy
    [frozen_flower] chain 22/200 task 4/5 step 1/360: policy 0.30s, stepping env
    [frozen_flower] chain 22/200 task 4/5 step 25/360: running policy
    [frozen_flower] chain 22/200 task 4/5 step 25/360: policy 0.01s, stepping env
    [frozen_flower] chain 22/200 task 4/5 step 50/360: running policy
    [frozen_flower] chain 22/200 task 4/5 step 50/360: policy 0.01s, stepping env
    [frozen_flower] chain 22/200 task 4/5 step 75/360: running policy
    [frozen_flower] chain 22/200 task 4/5 step 75/360: policy 0.01s, stepping env
    [frozen_flower] chain 22/200 task 4/5 success at step 80
    [frozen_flower] chain 22/200 task 4/5 success: 80 steps, 3.8s
    [frozen_flower] chain 22/200 task 5/5 start: lift_pink_block_table | instruction: grasp and lift the pink block
    [frozen_flower] chain 22/200 task 5/5 step 1/360: running policy
    [frozen_flower] chain 22/200 task 5/5 step 1/360: policy 0.28s, stepping env
    [frozen_flower] chain 22/200 task 5/5 step 25/360: running policy
    [frozen_flower] chain 22/200 task 5/5 step 25/360: policy 0.01s, stepping env
    [frozen_flower] chain 22/200 task 5/5 step 50/360: running policy
    [frozen_flower] chain 22/200 task 5/5 step 50/360: policy 0.01s, stepping env
    [frozen_flower] chain 22/200 task 5/5 step 75/360: running policy
    [frozen_flower] chain 22/200 task 5/5 step 75/360: policy 0.01s, stepping env
    [frozen_flower] chain 22/200 task 5/5 step 100/360: running policy
    [frozen_flower] chain 22/200 task 5/5 step 100/360: policy 0.01s, stepping env
    [frozen_flower] chain 22/200 task 5/5 success at step 107
    [frozen_flower] chain 22/200 task 5/5 success: 107 steps, 5.0s
    [frozen_flower] chain 23/200 start: ['push_pink_block_right', 'lift_blue_block_table', 'place_in_slider', 'close_drawer', 'turn_on_lightbulb']
    [frozen_flower] chain 23/200 instructions: ['go push the pink block right', 'grasp and lift the blue block', 'store the grasped block in the sliding cabinet', 'push the handle to close the drawer', 'use the switch to turn on the light bulb']
    [frozen_flower] chain 23/200 task 1/5 start: push_pink_block_right | instruction: go push the pink block right
    [frozen_flower] chain 23/200 task 1/5 step 1/360: running policy
    [frozen_flower] chain 23/200 task 1/5 step 1/360: policy 0.30s, stepping env
    [frozen_flower] chain 23/200 task 1/5 step 25/360: running policy
    [frozen_flower] chain 23/200 task 1/5 step 25/360: policy 0.01s, stepping env
    [frozen_flower] chain 23/200 task 1/5 step 50/360: running policy
    [frozen_flower] chain 23/200 task 1/5 step 50/360: policy 0.01s, stepping env
    [frozen_flower] chain 23/200 task 1/5 success at step 51
    [frozen_flower] chain 23/200 task 1/5 success: 51 steps, 2.7s
    [frozen_flower] chain 23/200 task 2/5 start: lift_blue_block_table | instruction: grasp and lift the blue block
    [frozen_flower] chain 23/200 task 2/5 step 1/360: running policy
    [frozen_flower] chain 23/200 task 2/5 step 1/360: policy 0.29s, stepping env
    [frozen_flower] chain 23/200 task 2/5 step 25/360: running policy
    [frozen_flower] chain 23/200 task 2/5 step 25/360: policy 0.01s, stepping env
    [frozen_flower] chain 23/200 task 2/5 step 50/360: running policy
    [frozen_flower] chain 23/200 task 2/5 step 50/360: policy 0.01s, stepping env
    [frozen_flower] chain 23/200 task 2/5 success at step 74
    [frozen_flower] chain 23/200 task 2/5 success: 74 steps, 3.8s
    [frozen_flower] chain 23/200 task 3/5 start: place_in_slider | instruction: store the grasped block in the sliding cabinet
    [frozen_flower] chain 23/200 task 3/5 step 1/360: running policy
    [frozen_flower] chain 23/200 task 3/5 step 1/360: policy 0.30s, stepping env
    [frozen_flower] chain 23/200 task 3/5 step 25/360: running policy
    [frozen_flower] chain 23/200 task 3/5 step 25/360: policy 0.01s, stepping env
    [frozen_flower] chain 23/200 task 3/5 success at step 34
    [frozen_flower] chain 23/200 task 3/5 success: 34 steps, 1.9s
    [frozen_flower] chain 23/200 task 4/5 start: close_drawer | instruction: push the handle to close the drawer
    [frozen_flower] chain 23/200 task 4/5 step 1/360: running policy
    [frozen_flower] chain 23/200 task 4/5 step 1/360: policy 0.30s, stepping env
    [frozen_flower] chain 23/200 task 4/5 step 25/360: running policy
    [frozen_flower] chain 23/200 task 4/5 step 25/360: policy 0.00s, stepping env
    [frozen_flower] chain 23/200 task 4/5 step 50/360: running policy
    [frozen_flower] chain 23/200 task 4/5 step 50/360: policy 0.01s, stepping env
    [frozen_flower] chain 23/200 task 4/5 step 75/360: running policy
    [frozen_flower] chain 23/200 task 4/5 step 75/360: policy 0.01s, stepping env
    [frozen_flower] chain 23/200 task 4/5 success at step 88
    [frozen_flower] chain 23/200 task 4/5 success: 88 steps, 4.3s
    [frozen_flower] chain 23/200 task 5/5 start: turn_on_lightbulb | instruction: use the switch to turn on the light bulb
    [frozen_flower] chain 23/200 task 5/5 step 1/360: running policy
    [frozen_flower] chain 23/200 task 5/5 step 1/360: policy 0.29s, stepping env
    [frozen_flower] chain 23/200 task 5/5 step 25/360: running policy
    [frozen_flower] chain 23/200 task 5/5 step 25/360: policy 0.01s, stepping env
    [frozen_flower] chain 23/200 task 5/5 step 50/360: running policy
    [frozen_flower] chain 23/200 task 5/5 step 50/360: policy 0.01s, stepping env
    [frozen_flower] chain 23/200 task 5/5 success at step 70
    [frozen_flower] chain 23/200 task 5/5 success: 70 steps, 3.4s
    [frozen_flower] chain 24/200 start: ['push_red_block_right', 'move_slider_right', 'turn_on_lightbulb', 'open_drawer', 'lift_pink_block_slider']
    [frozen_flower] chain 24/200 instructions: ['go push the red block right', 'push the sliding door to the right side', 'use the switch to turn on the light bulb', 'pull the handle to open the drawer', 'lift the pink block from the sliding cabinet']
    [frozen_flower] chain 24/200 task 1/5 start: push_red_block_right | instruction: go push the red block right
    [frozen_flower] chain 24/200 task 1/5 step 1/360: running policy
    [frozen_flower] chain 24/200 task 1/5 step 1/360: policy 0.29s, stepping env
    [frozen_flower] chain 24/200 task 1/5 step 25/360: running policy
    [frozen_flower] chain 24/200 task 1/5 step 25/360: policy 0.01s, stepping env
    [frozen_flower] chain 24/200 task 1/5 step 50/360: running policy
    [frozen_flower] chain 24/200 task 1/5 step 50/360: policy 0.01s, stepping env
    [frozen_flower] chain 24/200 task 1/5 step 75/360: running policy
    [frozen_flower] chain 24/200 task 1/5 step 75/360: policy 0.01s, stepping env
    [frozen_flower] chain 24/200 task 1/5 step 100/360: running policy
    [frozen_flower] chain 24/200 task 1/5 step 100/360: policy 0.01s, stepping env
    [frozen_flower] chain 24/200 task 1/5 step 125/360: running policy
    [frozen_flower] chain 24/200 task 1/5 step 125/360: policy 0.01s, stepping env
    [frozen_flower] chain 24/200 task 1/5 step 150/360: running policy
    [frozen_flower] chain 24/200 task 1/5 step 150/360: policy 0.01s, stepping env
    [frozen_flower] chain 24/200 task 1/5 step 175/360: running policy
    [frozen_flower] chain 24/200 task 1/5 step 175/360: policy 0.01s, stepping env
    [frozen_flower] chain 24/200 task 1/5 step 200/360: running policy
    [frozen_flower] chain 24/200 task 1/5 step 200/360: policy 0.01s, stepping env
    [frozen_flower] chain 24/200 task 1/5 success at step 204
    [frozen_flower] chain 24/200 task 1/5 success: 204 steps, 10.9s
    [frozen_flower] chain 24/200 task 2/5 start: move_slider_right | instruction: push the sliding door to the right side
    [frozen_flower] chain 24/200 task 2/5 step 1/360: running policy
    [frozen_flower] chain 24/200 task 2/5 step 1/360: policy 0.32s, stepping env
    [frozen_flower] chain 24/200 task 2/5 step 25/360: running policy
    [frozen_flower] chain 24/200 task 2/5 step 25/360: policy 0.01s, stepping env
    [frozen_flower] chain 24/200 task 2/5 step 50/360: running policy
    [frozen_flower] chain 24/200 task 2/5 step 50/360: policy 0.01s, stepping env
    [frozen_flower] chain 24/200 task 2/5 step 75/360: running policy
    [frozen_flower] chain 24/200 task 2/5 step 75/360: policy 0.01s, stepping env
    [frozen_flower] chain 24/200 task 2/5 success at step 89
    [frozen_flower] chain 24/200 task 2/5 success: 89 steps, 4.6s
    [frozen_flower] chain 24/200 task 3/5 start: turn_on_lightbulb | instruction: use the switch to turn on the light bulb
    [frozen_flower] chain 24/200 task 3/5 step 1/360: running policy
    [frozen_flower] chain 24/200 task 3/5 step 1/360: policy 0.24s, stepping env
    [frozen_flower] chain 24/200 task 3/5 step 25/360: running policy
    [frozen_flower] chain 24/200 task 3/5 step 25/360: policy 0.00s, stepping env
    [frozen_flower] chain 24/200 task 3/5 step 50/360: running policy
    [frozen_flower] chain 24/200 task 3/5 step 50/360: policy 0.00s, stepping env
    [frozen_flower] chain 24/200 task 3/5 success at step 60
    [frozen_flower] chain 24/200 task 3/5 success: 60 steps, 2.4s
    [frozen_flower] chain 24/200 task 4/5 start: open_drawer | instruction: pull the handle to open the drawer
    [frozen_flower] chain 24/200 task 4/5 step 1/360: running policy
    [frozen_flower] chain 24/200 task 4/5 step 1/360: policy 0.26s, stepping env
    [frozen_flower] chain 24/200 task 4/5 step 25/360: running policy
    [frozen_flower] chain 24/200 task 4/5 step 25/360: policy 0.01s, stepping env
    [frozen_flower] chain 24/200 task 4/5 step 50/360: running policy
    [frozen_flower] chain 24/200 task 4/5 step 50/360: policy 0.00s, stepping env
    [frozen_flower] chain 24/200 task 4/5 success at step 73
    [frozen_flower] chain 24/200 task 4/5 success: 73 steps, 3.2s
    [frozen_flower] chain 24/200 task 5/5 start: lift_pink_block_slider | instruction: lift the pink block from the sliding cabinet
    [frozen_flower] chain 24/200 task 5/5 step 1/360: running policy
    [frozen_flower] chain 24/200 task 5/5 step 1/360: policy 0.26s, stepping env
    [frozen_flower] chain 24/200 task 5/5 step 25/360: running policy
    [frozen_flower] chain 24/200 task 5/5 step 25/360: policy 0.00s, stepping env
    [frozen_flower] chain 24/200 task 5/5 step 50/360: running policy
    [frozen_flower] chain 24/200 task 5/5 step 50/360: policy 0.00s, stepping env
    [frozen_flower] chain 24/200 task 5/5 step 75/360: running policy
    [frozen_flower] chain 24/200 task 5/5 step 75/360: policy 0.00s, stepping env
    [frozen_flower] chain 24/200 task 5/5 step 100/360: running policy
    [frozen_flower] chain 24/200 task 5/5 step 100/360: policy 0.00s, stepping env
    [frozen_flower] chain 24/200 task 5/5 success at step 102
    [frozen_flower] chain 24/200 task 5/5 success: 102 steps, 4.4s
    [frozen_flower] chain 25/200 start: ['push_pink_block_right', 'turn_off_lightbulb', 'lift_blue_block_table', 'place_in_slider', 'move_slider_left']
    [frozen_flower] chain 25/200 instructions: ['go push the pink block right', 'use the switch to turn off the light bulb', 'grasp and lift the blue block', 'store the grasped block in the sliding cabinet', 'push the sliding door to the left side']
    [frozen_flower] chain 25/200 task 1/5 start: push_pink_block_right | instruction: go push the pink block right
    [frozen_flower] chain 25/200 task 1/5 step 1/360: running policy
    [frozen_flower] chain 25/200 task 1/5 step 1/360: policy 0.25s, stepping env
    [frozen_flower] chain 25/200 task 1/5 step 25/360: running policy
    [frozen_flower] chain 25/200 task 1/5 step 25/360: policy 0.01s, stepping env
    [frozen_flower] chain 25/200 task 1/5 step 50/360: running policy
    [frozen_flower] chain 25/200 task 1/5 step 50/360: policy 0.00s, stepping env
    [frozen_flower] chain 25/200 task 1/5 step 75/360: running policy
    [frozen_flower] chain 25/200 task 1/5 step 75/360: policy 0.00s, stepping env
    [frozen_flower] chain 25/200 task 1/5 success at step 82
    [frozen_flower] chain 25/200 task 1/5 success: 82 steps, 3.4s
    [frozen_flower] chain 25/200 task 2/5 start: turn_off_lightbulb | instruction: use the switch to turn off the light bulb
    [frozen_flower] chain 25/200 task 2/5 step 1/360: running policy
    [frozen_flower] chain 25/200 task 2/5 step 1/360: policy 0.25s, stepping env
    [frozen_flower] chain 25/200 task 2/5 step 25/360: running policy
    [frozen_flower] chain 25/200 task 2/5 step 25/360: policy 0.00s, stepping env
    [frozen_flower] chain 25/200 task 2/5 step 50/360: running policy
    [frozen_flower] chain 25/200 task 2/5 step 50/360: policy 0.01s, stepping env
    [frozen_flower] chain 25/200 task 2/5 success at step 51
    [frozen_flower] chain 25/200 task 2/5 success: 51 steps, 2.4s
    [frozen_flower] chain 25/200 task 3/5 start: lift_blue_block_table | instruction: grasp and lift the blue block
    [frozen_flower] chain 25/200 task 3/5 step 1/360: running policy
    [frozen_flower] chain 25/200 task 3/5 step 1/360: policy 0.24s, stepping env
    [frozen_flower] chain 25/200 task 3/5 step 25/360: running policy
    [frozen_flower] chain 25/200 task 3/5 step 25/360: policy 0.00s, stepping env
    [frozen_flower] chain 25/200 task 3/5 step 50/360: running policy
    [frozen_flower] chain 25/200 task 3/5 step 50/360: policy 0.00s, stepping env
    [frozen_flower] chain 25/200 task 3/5 success at step 61
    [frozen_flower] chain 25/200 task 3/5 success: 61 steps, 2.7s
    [frozen_flower] chain 25/200 task 4/5 start: place_in_slider | instruction: store the grasped block in the sliding cabinet
    [frozen_flower] chain 25/200 task 4/5 step 1/360: running policy
    [frozen_flower] chain 25/200 task 4/5 step 1/360: policy 0.27s, stepping env
    [frozen_flower] chain 25/200 task 4/5 step 25/360: running policy
    [frozen_flower] chain 25/200 task 4/5 step 25/360: policy 0.00s, stepping env
    [frozen_flower] chain 25/200 task 4/5 success at step 49
    [frozen_flower] chain 25/200 task 4/5 success: 49 steps, 2.2s
    [frozen_flower] chain 25/200 task 5/5 start: move_slider_left | instruction: push the sliding door to the left side
    [frozen_flower] chain 25/200 task 5/5 step 1/360: running policy
    [frozen_flower] chain 25/200 task 5/5 step 1/360: policy 0.26s, stepping env
    [frozen_flower] chain 25/200 task 5/5 step 25/360: running policy
    [frozen_flower] chain 25/200 task 5/5 step 25/360: policy 0.01s, stepping env
    [frozen_flower] chain 25/200 task 5/5 step 50/360: running policy
    [frozen_flower] chain 25/200 task 5/5 step 50/360: policy 0.00s, stepping env
    [frozen_flower] chain 25/200 task 5/5 step 75/360: running policy
    [frozen_flower] chain 25/200 task 5/5 step 75/360: policy 0.00s, stepping env
    [frozen_flower] chain 25/200 task 5/5 step 100/360: running policy
    [frozen_flower] chain 25/200 task 5/5 step 100/360: policy 0.01s, stepping env
    [frozen_flower] chain 25/200 task 5/5 step 125/360: running policy
    [frozen_flower] chain 25/200 task 5/5 step 125/360: policy 0.00s, stepping env
    [frozen_flower] chain 25/200 task 5/5 success at step 134
    [frozen_flower] chain 25/200 task 5/5 success: 134 steps, 6.0s
    [frozen_flower] chain 26/200 start: ['lift_blue_block_slider', 'place_in_slider', 'push_pink_block_right', 'turn_on_lightbulb', 'open_drawer']
    [frozen_flower] chain 26/200 instructions: ['lift the blue block from the sliding cabinet', 'store the grasped block in the sliding cabinet', 'go push the pink block right', 'use the switch to turn on the light bulb', 'pull the handle to open the drawer']
    [frozen_flower] chain 26/200 task 1/5 start: lift_blue_block_slider | instruction: lift the blue block from the sliding cabinet
    [frozen_flower] chain 26/200 task 1/5 step 1/360: running policy
    [frozen_flower] chain 26/200 task 1/5 step 1/360: policy 0.27s, stepping env
    [frozen_flower] chain 26/200 task 1/5 step 25/360: running policy
    [frozen_flower] chain 26/200 task 1/5 step 25/360: policy 0.01s, stepping env
    [frozen_flower] chain 26/200 task 1/5 step 50/360: running policy
    [frozen_flower] chain 26/200 task 1/5 step 50/360: policy 0.00s, stepping env
    [frozen_flower] chain 26/200 task 1/5 success at step 55
    [frozen_flower] chain 26/200 task 1/5 success: 55 steps, 2.6s
    [frozen_flower] chain 26/200 task 2/5 start: place_in_slider | instruction: store the grasped block in the sliding cabinet
    [frozen_flower] chain 26/200 task 2/5 step 1/360: running policy
    [frozen_flower] chain 26/200 task 2/5 step 1/360: policy 0.28s, stepping env
    [frozen_flower] chain 26/200 task 2/5 success at step 14
    [frozen_flower] chain 26/200 task 2/5 success: 14 steps, 0.8s
    [frozen_flower] chain 26/200 task 3/5 start: push_pink_block_right | instruction: go push the pink block right
    [frozen_flower] chain 26/200 task 3/5 step 1/360: running policy
    [frozen_flower] chain 26/200 task 3/5 step 1/360: policy 0.26s, stepping env
    [frozen_flower] chain 26/200 task 3/5 step 25/360: running policy
    [frozen_flower] chain 26/200 task 3/5 step 25/360: policy 0.01s, stepping env
    [frozen_flower] chain 26/200 task 3/5 step 50/360: running policy
    [frozen_flower] chain 26/200 task 3/5 step 50/360: policy 0.01s, stepping env
    [frozen_flower] chain 26/200 task 3/5 success at step 57
    [frozen_flower] chain 26/200 task 3/5 success: 57 steps, 2.7s
    [frozen_flower] chain 26/200 task 4/5 start: turn_on_lightbulb | instruction: use the switch to turn on the light bulb
    [frozen_flower] chain 26/200 task 4/5 step 1/360: running policy
    [frozen_flower] chain 26/200 task 4/5 step 1/360: policy 0.26s, stepping env
    [frozen_flower] chain 26/200 task 4/5 step 25/360: running policy
    [frozen_flower] chain 26/200 task 4/5 step 25/360: policy 0.01s, stepping env
    [frozen_flower] chain 26/200 task 4/5 step 50/360: running policy
    [frozen_flower] chain 26/200 task 4/5 step 50/360: policy 0.01s, stepping env
    [frozen_flower] chain 26/200 task 4/5 success at step 68
    [frozen_flower] chain 26/200 task 4/5 success: 68 steps, 3.2s
    [frozen_flower] chain 26/200 task 5/5 start: open_drawer | instruction: pull the handle to open the drawer
    [frozen_flower] chain 26/200 task 5/5 step 1/360: running policy
    [frozen_flower] chain 26/200 task 5/5 step 1/360: policy 0.29s, stepping env
    [frozen_flower] chain 26/200 task 5/5 step 25/360: running policy
    [frozen_flower] chain 26/200 task 5/5 step 25/360: policy 0.01s, stepping env
    [frozen_flower] chain 26/200 task 5/5 step 50/360: running policy
    [frozen_flower] chain 26/200 task 5/5 step 50/360: policy 0.00s, stepping env
    [frozen_flower] chain 26/200 task 5/5 success at step 73
    [frozen_flower] chain 26/200 task 5/5 success: 73 steps, 3.6s
    [frozen_flower] chain 27/200 start: ['turn_off_lightbulb', 'move_slider_right', 'push_red_block_right', 'lift_red_block_table', 'stack_block']
    [frozen_flower] chain 27/200 instructions: ['use the switch to turn off the light bulb', 'push the sliding door to the right side', 'go push the red block right', 'grasp and lift the red block', 'stack the grasped block']
    [frozen_flower] chain 27/200 task 1/5 start: turn_off_lightbulb | instruction: use the switch to turn off the light bulb
    [frozen_flower] chain 27/200 task 1/5 step 1/360: running policy
    [frozen_flower] chain 27/200 task 1/5 step 1/360: policy 0.27s, stepping env
    [frozen_flower] chain 27/200 task 1/5 step 25/360: running policy
    [frozen_flower] chain 27/200 task 1/5 step 25/360: policy 0.01s, stepping env
    [frozen_flower] chain 27/200 task 1/5 step 50/360: running policy
    [frozen_flower] chain 27/200 task 1/5 step 50/360: policy 0.01s, stepping env
    [frozen_flower] chain 27/200 task 1/5 success at step 56
    [frozen_flower] chain 27/200 task 1/5 success: 56 steps, 2.7s
    [frozen_flower] chain 27/200 task 2/5 start: move_slider_right | instruction: push the sliding door to the right side
    [frozen_flower] chain 27/200 task 2/5 step 1/360: running policy
    [frozen_flower] chain 27/200 task 2/5 step 1/360: policy 0.26s, stepping env
    [frozen_flower] chain 27/200 task 2/5 step 25/360: running policy
    [frozen_flower] chain 27/200 task 2/5 step 25/360: policy 0.01s, stepping env
    [frozen_flower] chain 27/200 task 2/5 step 50/360: running policy
    [frozen_flower] chain 27/200 task 2/5 step 50/360: policy 0.01s, stepping env
    [frozen_flower] chain 27/200 task 2/5 step 75/360: running policy
    [frozen_flower] chain 27/200 task 2/5 step 75/360: policy 0.02s, stepping env
    [frozen_flower] chain 27/200 task 2/5 success at step 78
    [frozen_flower] chain 27/200 task 2/5 success: 78 steps, 3.8s
    [frozen_flower] chain 27/200 task 3/5 start: push_red_block_right | instruction: go push the red block right
    [frozen_flower] chain 27/200 task 3/5 step 1/360: running policy
    [frozen_flower] chain 27/200 task 3/5 step 1/360: policy 0.28s, stepping env
    [frozen_flower] chain 27/200 task 3/5 step 25/360: running policy
    [frozen_flower] chain 27/200 task 3/5 step 25/360: policy 0.01s, stepping env
    [frozen_flower] chain 27/200 task 3/5 step 50/360: running policy
    [frozen_flower] chain 27/200 task 3/5 step 50/360: policy 0.01s, stepping env
    [frozen_flower] chain 27/200 task 3/5 step 75/360: running policy
    [frozen_flower] chain 27/200 task 3/5 step 75/360: policy 0.01s, stepping env
    [frozen_flower] chain 27/200 task 3/5 step 100/360: running policy
    [frozen_flower] chain 27/200 task 3/5 step 100/360: policy 0.01s, stepping env
    [frozen_flower] chain 27/200 task 3/5 step 125/360: running policy
    [frozen_flower] chain 27/200 task 3/5 step 125/360: policy 0.01s, stepping env
    [frozen_flower] chain 27/200 task 3/5 step 150/360: running policy
    [frozen_flower] chain 27/200 task 3/5 step 150/360: policy 0.01s, stepping env
    [frozen_flower] chain 27/200 task 3/5 success at step 151
    [frozen_flower] chain 27/200 task 3/5 success: 151 steps, 7.4s
    [frozen_flower] chain 27/200 task 4/5 start: lift_red_block_table | instruction: grasp and lift the red block
    [frozen_flower] chain 27/200 task 4/5 step 1/360: running policy
    [frozen_flower] chain 27/200 task 4/5 step 1/360: policy 0.29s, stepping env
    [frozen_flower] chain 27/200 task 4/5 step 25/360: running policy
    [frozen_flower] chain 27/200 task 4/5 step 25/360: policy 0.01s, stepping env
    [frozen_flower] chain 27/200 task 4/5 step 50/360: running policy
    [frozen_flower] chain 27/200 task 4/5 step 50/360: policy 0.01s, stepping env
    [frozen_flower] chain 27/200 task 4/5 success at step 73
    [frozen_flower] chain 27/200 task 4/5 success: 73 steps, 3.8s
    [frozen_flower] chain 27/200 task 5/5 start: stack_block | instruction: stack the grasped block
    [frozen_flower] chain 27/200 task 5/5 step 1/360: running policy
    [frozen_flower] chain 27/200 task 5/5 step 1/360: policy 0.29s, stepping env
    [frozen_flower] chain 27/200 task 5/5 success at step 11
    [frozen_flower] chain 27/200 task 5/5 success: 11 steps, 0.8s
    [frozen_flower] chain 28/200 start: ['push_red_block_left', 'turn_on_led', 'open_drawer', 'lift_blue_block_slider', 'place_in_drawer']
    [frozen_flower] chain 28/200 instructions: ['go push the red block left', 'press the button to turn on the led light', 'pull the handle to open the drawer', 'lift the blue block from the sliding cabinet', 'store the grasped block in the drawer']
    [frozen_flower] chain 28/200 task 1/5 start: push_red_block_left | instruction: go push the red block left
    [frozen_flower] chain 28/200 task 1/5 step 1/360: running policy
    [frozen_flower] chain 28/200 task 1/5 step 1/360: policy 0.28s, stepping env
    [frozen_flower] chain 28/200 task 1/5 step 25/360: running policy
    [frozen_flower] chain 28/200 task 1/5 step 25/360: policy 0.01s, stepping env
    [frozen_flower] chain 28/200 task 1/5 step 50/360: running policy
    [frozen_flower] chain 28/200 task 1/5 step 50/360: policy 0.01s, stepping env
    [frozen_flower] chain 28/200 task 1/5 success at step 63
    [frozen_flower] chain 28/200 task 1/5 success: 63 steps, 3.2s
    [frozen_flower] chain 28/200 task 2/5 start: turn_on_led | instruction: press the button to turn on the led light
    [frozen_flower] chain 28/200 task 2/5 step 1/360: running policy
    [frozen_flower] chain 28/200 task 2/5 step 1/360: policy 0.30s, stepping env
    [frozen_flower] chain 28/200 task 2/5 step 25/360: running policy
    [frozen_flower] chain 28/200 task 2/5 step 25/360: policy 0.01s, stepping env
    [frozen_flower] chain 28/200 task 2/5 step 50/360: running policy
    [frozen_flower] chain 28/200 task 2/5 step 50/360: policy 0.01s, stepping env
    [frozen_flower] chain 28/200 task 2/5 success at step 50
    [frozen_flower] chain 28/200 task 2/5 success: 50 steps, 2.4s
    [frozen_flower] chain 28/200 task 3/5 start: open_drawer | instruction: pull the handle to open the drawer
    [frozen_flower] chain 28/200 task 3/5 step 1/360: running policy
    [frozen_flower] chain 28/200 task 3/5 step 1/360: policy 0.29s, stepping env
    [frozen_flower] chain 28/200 task 3/5 step 25/360: running policy
    [frozen_flower] chain 28/200 task 3/5 step 25/360: policy 0.01s, stepping env
    [frozen_flower] chain 28/200 task 3/5 step 50/360: running policy
    [frozen_flower] chain 28/200 task 3/5 step 50/360: policy 0.01s, stepping env
    [frozen_flower] chain 28/200 task 3/5 success at step 73
    [frozen_flower] chain 28/200 task 3/5 success: 73 steps, 3.7s
    [frozen_flower] chain 28/200 task 4/5 start: lift_blue_block_slider | instruction: lift the blue block from the sliding cabinet
    [frozen_flower] chain 28/200 task 4/5 step 1/360: running policy
    [frozen_flower] chain 28/200 task 4/5 step 1/360: policy 0.30s, stepping env
    [frozen_flower] chain 28/200 task 4/5 step 25/360: running policy
    [frozen_flower] chain 28/200 task 4/5 step 25/360: policy 0.01s, stepping env
    [frozen_flower] chain 28/200 task 4/5 step 50/360: running policy
    [frozen_flower] chain 28/200 task 4/5 step 50/360: policy 0.01s, stepping env
    [frozen_flower] chain 28/200 task 4/5 step 75/360: running policy
    [frozen_flower] chain 28/200 task 4/5 step 75/360: policy 0.01s, stepping env
    [frozen_flower] chain 28/200 task 4/5 success at step 83
    [frozen_flower] chain 28/200 task 4/5 success: 83 steps, 4.4s
    [frozen_flower] chain 28/200 task 5/5 start: place_in_drawer | instruction: store the grasped block in the drawer
    [frozen_flower] chain 28/200 task 5/5 step 1/360: running policy
    [frozen_flower] chain 28/200 task 5/5 step 1/360: policy 0.29s, stepping env
    [frozen_flower] chain 28/200 task 5/5 step 25/360: running policy
    [frozen_flower] chain 28/200 task 5/5 step 25/360: policy 0.01s, stepping env
    [frozen_flower] chain 28/200 task 5/5 success at step 45
    [frozen_flower] chain 28/200 task 5/5 success: 45 steps, 2.5s
    [frozen_flower] chain 29/200 start: ['turn_off_lightbulb', 'lift_red_block_slider', 'place_in_drawer', 'rotate_blue_block_right', 'move_slider_right']
    [frozen_flower] chain 29/200 instructions: ['use the switch to turn off the light bulb', 'lift the red block from the sliding cabinet', 'store the grasped block in the drawer', 'take the blue block and rotate it to the right', 'push the sliding door to the right side']
    [frozen_flower] chain 29/200 task 1/5 start: turn_off_lightbulb | instruction: use the switch to turn off the light bulb
    [frozen_flower] chain 29/200 task 1/5 step 1/360: running policy
    [frozen_flower] chain 29/200 task 1/5 step 1/360: policy 0.28s, stepping env
    [frozen_flower] chain 29/200 task 1/5 step 25/360: running policy
    [frozen_flower] chain 29/200 task 1/5 step 25/360: policy 0.01s, stepping env
    [frozen_flower] chain 29/200 task 1/5 step 50/360: running policy
    [frozen_flower] chain 29/200 task 1/5 step 50/360: policy 0.01s, stepping env
    [frozen_flower] chain 29/200 task 1/5 success at step 54
    [frozen_flower] chain 29/200 task 1/5 success: 54 steps, 2.9s
    [frozen_flower] chain 29/200 task 2/5 start: lift_red_block_slider | instruction: lift the red block from the sliding cabinet
    [frozen_flower] chain 29/200 task 2/5 step 1/360: running policy
    [frozen_flower] chain 29/200 task 2/5 step 1/360: policy 0.32s, stepping env
    [frozen_flower] chain 29/200 task 2/5 step 25/360: running policy
    [frozen_flower] chain 29/200 task 2/5 step 25/360: policy 0.01s, stepping env
    [frozen_flower] chain 29/200 task 2/5 step 50/360: running policy
    [frozen_flower] chain 29/200 task 2/5 step 50/360: policy 0.01s, stepping env
    [frozen_flower] chain 29/200 task 2/5 success at step 67
    [frozen_flower] chain 29/200 task 2/5 success: 67 steps, 3.6s
    [frozen_flower] chain 29/200 task 3/5 start: place_in_drawer | instruction: store the grasped block in the drawer
    [frozen_flower] chain 29/200 task 3/5 step 1/360: running policy
    [frozen_flower] chain 29/200 task 3/5 step 1/360: policy 0.29s, stepping env
    [frozen_flower] chain 29/200 task 3/5 step 25/360: running policy
    [frozen_flower] chain 29/200 task 3/5 step 25/360: policy 0.01s, stepping env
    [frozen_flower] chain 29/200 task 3/5 step 50/360: running policy
    [frozen_flower] chain 29/200 task 3/5 step 50/360: policy 0.01s, stepping env
    [frozen_flower] chain 29/200 task 3/5 success at step 53
    [frozen_flower] chain 29/200 task 3/5 success: 53 steps, 3.0s
    [frozen_flower] chain 29/200 task 4/5 start: rotate_blue_block_right | instruction: take the blue block and rotate it to the right
    [frozen_flower] chain 29/200 task 4/5 step 1/360: running policy
    [frozen_flower] chain 29/200 task 4/5 step 1/360: policy 0.31s, stepping env
    [frozen_flower] chain 29/200 task 4/5 step 25/360: running policy
    [frozen_flower] chain 29/200 task 4/5 step 25/360: policy 0.01s, stepping env
    [frozen_flower] chain 29/200 task 4/5 step 50/360: running policy
    [frozen_flower] chain 29/200 task 4/5 step 50/360: policy 0.01s, stepping env
    [frozen_flower] chain 29/200 task 4/5 step 75/360: running policy
    [frozen_flower] chain 29/200 task 4/5 step 75/360: policy 0.00s, stepping env
    [frozen_flower] chain 29/200 task 4/5 step 100/360: running policy
    [frozen_flower] chain 29/200 task 4/5 step 100/360: policy 0.00s, stepping env
    [frozen_flower] chain 29/200 task 4/5 success at step 103
    [frozen_flower] chain 29/200 task 4/5 success: 103 steps, 5.3s
    [frozen_flower] chain 29/200 task 5/5 start: move_slider_right | instruction: push the sliding door to the right side
    [frozen_flower] chain 29/200 task 5/5 step 1/360: running policy
    [frozen_flower] chain 29/200 task 5/5 step 1/360: policy 0.26s, stepping env
    [frozen_flower] chain 29/200 task 5/5 step 25/360: running policy
    [frozen_flower] chain 29/200 task 5/5 step 25/360: policy 0.00s, stepping env
    [frozen_flower] chain 29/200 task 5/5 step 50/360: running policy
    [frozen_flower] chain 29/200 task 5/5 step 50/360: policy 0.00s, stepping env
    [frozen_flower] chain 29/200 task 5/5 success at step 67
    [frozen_flower] chain 29/200 task 5/5 success: 67 steps, 2.8s
    [frozen_flower] chain 30/200 start: ['lift_red_block_table', 'stack_block', 'move_slider_right', 'turn_off_led', 'open_drawer']
    [frozen_flower] chain 30/200 instructions: ['grasp and lift the red block', 'stack the grasped block', 'push the sliding door to the right side', 'press the button to turn off the led light', 'pull the handle to open the drawer']
    [frozen_flower] chain 30/200 task 1/5 start: lift_red_block_table | instruction: grasp and lift the red block
    [frozen_flower] chain 30/200 task 1/5 step 1/360: running policy
    [frozen_flower] chain 30/200 task 1/5 step 1/360: policy 0.24s, stepping env
    [frozen_flower] chain 30/200 task 1/5 step 25/360: running policy
    [frozen_flower] chain 30/200 task 1/5 step 25/360: policy 0.00s, stepping env
    [frozen_flower] chain 30/200 task 1/5 step 50/360: running policy
    [frozen_flower] chain 30/200 task 1/5 step 50/360: policy 0.00s, stepping env
    [frozen_flower] chain 30/200 task 1/5 step 75/360: running policy
    [frozen_flower] chain 30/200 task 1/5 step 75/360: policy 0.00s, stepping env
    [frozen_flower] chain 30/200 task 1/5 step 100/360: running policy
    [frozen_flower] chain 30/200 task 1/5 step 100/360: policy 0.01s, stepping env
    [frozen_flower] chain 30/200 task 1/5 step 125/360: running policy
    [frozen_flower] chain 30/200 task 1/5 step 125/360: policy 0.00s, stepping env
    [frozen_flower] chain 30/200 task 1/5 step 150/360: running policy
    [frozen_flower] chain 30/200 task 1/5 step 150/360: policy 0.00s, stepping env
    [frozen_flower] chain 30/200 task 1/5 success at step 169
    [frozen_flower] chain 30/200 task 1/5 success: 169 steps, 7.0s
    [frozen_flower] chain 30/200 task 2/5 start: stack_block | instruction: stack the grasped block
    [frozen_flower] chain 30/200 task 2/5 step 1/360: running policy
    [frozen_flower] chain 30/200 task 2/5 step 1/360: policy 0.24s, stepping env
    [frozen_flower] chain 30/200 task 2/5 step 25/360: running policy
    [frozen_flower] chain 30/200 task 2/5 step 25/360: policy 0.02s, stepping env
    [frozen_flower] chain 30/200 task 2/5 success at step 28
    [frozen_flower] chain 30/200 task 2/5 success: 28 steps, 1.2s
    [frozen_flower] chain 30/200 task 3/5 start: move_slider_right | instruction: push the sliding door to the right side
    [frozen_flower] chain 30/200 task 3/5 step 1/360: running policy
    [frozen_flower] chain 30/200 task 3/5 step 1/360: policy 0.22s, stepping env
    [frozen_flower] chain 30/200 task 3/5 step 25/360: running policy
    [frozen_flower] chain 30/200 task 3/5 step 25/360: policy 0.00s, stepping env
    [frozen_flower] chain 30/200 task 3/5 step 50/360: running policy
    [frozen_flower] chain 30/200 task 3/5 step 50/360: policy 0.00s, stepping env
    [frozen_flower] chain 30/200 task 3/5 step 75/360: running policy
    [frozen_flower] chain 30/200 task 3/5 step 75/360: policy 0.01s, stepping env
    [frozen_flower] chain 30/200 task 3/5 success at step 93
    [frozen_flower] chain 30/200 task 3/5 success: 93 steps, 4.0s
    [frozen_flower] chain 30/200 task 4/5 start: turn_off_led | instruction: press the button to turn off the led light
    [frozen_flower] chain 30/200 task 4/5 step 1/360: running policy
    [frozen_flower] chain 30/200 task 4/5 step 1/360: policy 0.27s, stepping env
    [frozen_flower] chain 30/200 task 4/5 step 25/360: running policy
    [frozen_flower] chain 30/200 task 4/5 step 25/360: policy 0.00s, stepping env
    [frozen_flower] chain 30/200 task 4/5 step 50/360: running policy
    [frozen_flower] chain 30/200 task 4/5 step 50/360: policy 0.00s, stepping env
    [frozen_flower] chain 30/200 task 4/5 success at step 69
    [frozen_flower] chain 30/200 task 4/5 success: 69 steps, 3.0s
    [frozen_flower] chain 30/200 task 5/5 start: open_drawer | instruction: pull the handle to open the drawer
    [frozen_flower] chain 30/200 task 5/5 step 1/360: running policy
    [frozen_flower] chain 30/200 task 5/5 step 1/360: policy 0.27s, stepping env
    [frozen_flower] chain 30/200 task 5/5 step 25/360: running policy
    [frozen_flower] chain 30/200 task 5/5 step 25/360: policy 0.00s, stepping env
    [frozen_flower] chain 30/200 task 5/5 step 50/360: running policy
    [frozen_flower] chain 30/200 task 5/5 step 50/360: policy 0.00s, stepping env
    [frozen_flower] chain 30/200 task 5/5 success at step 72
    [frozen_flower] chain 30/200 task 5/5 success: 72 steps, 3.3s
    [frozen_flower] 30/200 chains, L1 success: 96.7%
    [frozen_flower] chain 31/200 start: ['push_pink_block_right', 'turn_on_led', 'lift_pink_block_table', 'place_in_slider', 'move_slider_left']
    [frozen_flower] chain 31/200 instructions: ['go push the pink block right', 'press the button to turn on the led light', 'grasp and lift the pink block', 'store the grasped block in the sliding cabinet', 'push the sliding door to the left side']
    [frozen_flower] chain 31/200 task 1/5 start: push_pink_block_right | instruction: go push the pink block right
    [frozen_flower] chain 31/200 task 1/5 step 1/360: running policy
    [frozen_flower] chain 31/200 task 1/5 step 1/360: policy 0.26s, stepping env
    [frozen_flower] chain 31/200 task 1/5 step 25/360: running policy
    [frozen_flower] chain 31/200 task 1/5 step 25/360: policy 0.00s, stepping env
    [frozen_flower] chain 31/200 task 1/5 step 50/360: running policy
    [frozen_flower] chain 31/200 task 1/5 step 50/360: policy 0.00s, stepping env
    [frozen_flower] chain 31/200 task 1/5 step 75/360: running policy
    [frozen_flower] chain 31/200 task 1/5 step 75/360: policy 0.00s, stepping env
    [frozen_flower] chain 31/200 task 1/5 success at step 80
    [frozen_flower] chain 31/200 task 1/5 success: 80 steps, 3.6s
    [frozen_flower] chain 31/200 task 2/5 start: turn_on_led | instruction: press the button to turn on the led light
    [frozen_flower] chain 31/200 task 2/5 step 1/360: running policy
    [frozen_flower] chain 31/200 task 2/5 step 1/360: policy 0.27s, stepping env
    [frozen_flower] chain 31/200 task 2/5 step 25/360: running policy
    [frozen_flower] chain 31/200 task 2/5 step 25/360: policy 0.00s, stepping env
    [frozen_flower] chain 31/200 task 2/5 step 50/360: running policy
    [frozen_flower] chain 31/200 task 2/5 step 50/360: policy 0.01s, stepping env
    [frozen_flower] chain 31/200 task 2/5 success at step 67
    [frozen_flower] chain 31/200 task 2/5 success: 67 steps, 3.0s
    [frozen_flower] chain 31/200 task 3/5 start: lift_pink_block_table | instruction: grasp and lift the pink block
    [frozen_flower] chain 31/200 task 3/5 step 1/360: running policy
    [frozen_flower] chain 31/200 task 3/5 step 1/360: policy 0.28s, stepping env
    [frozen_flower] chain 31/200 task 3/5 step 25/360: running policy
    [frozen_flower] chain 31/200 task 3/5 step 25/360: policy 0.00s, stepping env
    [frozen_flower] chain 31/200 task 3/5 step 50/360: running policy
    [frozen_flower] chain 31/200 task 3/5 step 50/360: policy 0.01s, stepping env
    [frozen_flower] chain 31/200 task 3/5 step 75/360: running policy
    [frozen_flower] chain 31/200 task 3/5 step 75/360: policy 0.01s, stepping env
    [frozen_flower] chain 31/200 task 3/5 success at step 78
    [frozen_flower] chain 31/200 task 3/5 success: 78 steps, 3.5s
    [frozen_flower] chain 31/200 task 4/5 start: place_in_slider | instruction: store the grasped block in the sliding cabinet
    [frozen_flower] chain 31/200 task 4/5 step 1/360: running policy
    [frozen_flower] chain 31/200 task 4/5 step 1/360: policy 0.27s, stepping env
    [frozen_flower] chain 31/200 task 4/5 step 25/360: running policy
    [frozen_flower] chain 31/200 task 4/5 step 25/360: policy 0.00s, stepping env
    [frozen_flower] chain 31/200 task 4/5 step 50/360: running policy
    [frozen_flower] chain 31/200 task 4/5 step 50/360: policy 0.00s, stepping env
    [frozen_flower] chain 31/200 task 4/5 step 75/360: running policy
    [frozen_flower] chain 31/200 task 4/5 step 75/360: policy 0.00s, stepping env
    [frozen_flower] chain 31/200 task 4/5 step 100/360: running policy
    [frozen_flower] chain 31/200 task 4/5 step 100/360: policy 0.00s, stepping env
    [frozen_flower] chain 31/200 task 4/5 step 125/360: running policy
    [frozen_flower] chain 31/200 task 4/5 step 125/360: policy 0.00s, stepping env
    [frozen_flower] chain 31/200 task 4/5 step 150/360: running policy
    [frozen_flower] chain 31/200 task 4/5 step 150/360: policy 0.00s, stepping env
    [frozen_flower] chain 31/200 task 4/5 step 175/360: running policy
    [frozen_flower] chain 31/200 task 4/5 step 175/360: policy 0.00s, stepping env
    [frozen_flower] chain 31/200 task 4/5 step 200/360: running policy
    [frozen_flower] chain 31/200 task 4/5 step 200/360: policy 0.00s, stepping env
    [frozen_flower] chain 31/200 task 4/5 step 225/360: running policy
    [frozen_flower] chain 31/200 task 4/5 step 225/360: policy 0.00s, stepping env
    [frozen_flower] chain 31/200 task 4/5 step 250/360: running policy
    [frozen_flower] chain 31/200 task 4/5 step 250/360: policy 0.00s, stepping env
    [frozen_flower] chain 31/200 task 4/5 step 275/360: running policy
    [frozen_flower] chain 31/200 task 4/5 step 275/360: policy 0.00s, stepping env
    [frozen_flower] chain 31/200 task 4/5 step 300/360: running policy
    [frozen_flower] chain 31/200 task 4/5 step 300/360: policy 0.00s, stepping env
    [frozen_flower] chain 31/200 task 4/5 step 325/360: running policy
    [frozen_flower] chain 31/200 task 4/5 step 325/360: policy 0.01s, stepping env
    [frozen_flower] chain 31/200 task 4/5 step 350/360: running policy
    [frozen_flower] chain 31/200 task 4/5 step 350/360: policy 0.00s, stepping env
    [frozen_flower] chain 31/200 task 4/5 failed: 360 steps, 16.0s
    [frozen_flower] chain 32/200 start: ['push_red_block_right', 'move_slider_left', 'lift_blue_block_table', 'place_in_drawer', 'turn_on_led']
    [frozen_flower] chain 32/200 instructions: ['go push the red block right', 'push the sliding door to the left side', 'grasp and lift the blue block', 'store the grasped block in the drawer', 'press the button to turn on the led light']
    [frozen_flower] chain 32/200 task 1/5 start: push_red_block_right | instruction: go push the red block right
    [frozen_flower] chain 32/200 task 1/5 step 1/360: running policy
    [frozen_flower] chain 32/200 task 1/5 step 1/360: policy 0.28s, stepping env
    [frozen_flower] chain 32/200 task 1/5 step 25/360: running policy
    [frozen_flower] chain 32/200 task 1/5 step 25/360: policy 0.01s, stepping env
    [frozen_flower] chain 32/200 task 1/5 step 50/360: running policy
    [frozen_flower] chain 32/200 task 1/5 step 50/360: policy 0.01s, stepping env
    [frozen_flower] chain 32/200 task 1/5 success at step 68
    [frozen_flower] chain 32/200 task 1/5 success: 68 steps, 3.3s
    [frozen_flower] chain 32/200 task 2/5 start: move_slider_left | instruction: push the sliding door to the left side
    [frozen_flower] chain 32/200 task 2/5 step 1/360: running policy
    [frozen_flower] chain 32/200 task 2/5 step 1/360: policy 0.28s, stepping env
    [frozen_flower] chain 32/200 task 2/5 step 25/360: running policy
    [frozen_flower] chain 32/200 task 2/5 step 25/360: policy 0.01s, stepping env
    [frozen_flower] chain 32/200 task 2/5 step 50/360: running policy
    [frozen_flower] chain 32/200 task 2/5 step 50/360: policy 0.01s, stepping env
    [frozen_flower] chain 32/200 task 2/5 step 75/360: running policy
    [frozen_flower] chain 32/200 task 2/5 step 75/360: policy 0.01s, stepping env
    [frozen_flower] chain 32/200 task 2/5 success at step 82
    [frozen_flower] chain 32/200 task 2/5 success: 82 steps, 4.0s
    [frozen_flower] chain 32/200 task 3/5 start: lift_blue_block_table | instruction: grasp and lift the blue block
    [frozen_flower] chain 32/200 task 3/5 step 1/360: running policy
    [frozen_flower] chain 32/200 task 3/5 step 1/360: policy 0.27s, stepping env
    [frozen_flower] chain 32/200 task 3/5 step 25/360: running policy
    [frozen_flower] chain 32/200 task 3/5 step 25/360: policy 0.01s, stepping env
    [frozen_flower] chain 32/200 task 3/5 step 50/360: running policy
    [frozen_flower] chain 32/200 task 3/5 step 50/360: policy 0.01s, stepping env
    [frozen_flower] chain 32/200 task 3/5 step 75/360: running policy
    [frozen_flower] chain 32/200 task 3/5 step 75/360: policy 0.01s, stepping env
    [frozen_flower] chain 32/200 task 3/5 step 100/360: running policy
    [frozen_flower] chain 32/200 task 3/5 step 100/360: policy 0.01s, stepping env
    [frozen_flower] chain 32/200 task 3/5 step 125/360: running policy
    [frozen_flower] chain 32/200 task 3/5 step 125/360: policy 0.01s, stepping env
    [frozen_flower] chain 32/200 task 3/5 step 150/360: running policy
    [frozen_flower] chain 32/200 task 3/5 step 150/360: policy 0.01s, stepping env
    [frozen_flower] chain 32/200 task 3/5 step 175/360: running policy
    [frozen_flower] chain 32/200 task 3/5 step 175/360: policy 0.01s, stepping env
    [frozen_flower] chain 32/200 task 3/5 step 200/360: running policy
    [frozen_flower] chain 32/200 task 3/5 step 200/360: policy 0.01s, stepping env
    [frozen_flower] chain 32/200 task 3/5 step 225/360: running policy
    [frozen_flower] chain 32/200 task 3/5 step 225/360: policy 0.01s, stepping env
    [frozen_flower] chain 32/200 task 3/5 step 250/360: running policy
    [frozen_flower] chain 32/200 task 3/5 step 250/360: policy 0.01s, stepping env
    [frozen_flower] chain 32/200 task 3/5 step 275/360: running policy
    [frozen_flower] chain 32/200 task 3/5 step 275/360: policy 0.01s, stepping env
    [frozen_flower] chain 32/200 task 3/5 step 300/360: running policy
    [frozen_flower] chain 32/200 task 3/5 step 300/360: policy 0.01s, stepping env
    [frozen_flower] chain 32/200 task 3/5 step 325/360: running policy
    [frozen_flower] chain 32/200 task 3/5 step 325/360: policy 0.01s, stepping env
    [frozen_flower] chain 32/200 task 3/5 step 350/360: running policy
    [frozen_flower] chain 32/200 task 3/5 step 350/360: policy 0.01s, stepping env
    [frozen_flower] chain 32/200 task 3/5 failed: 360 steps, 17.6s
    [frozen_flower] chain 33/200 start: ['open_drawer', 'turn_off_lightbulb', 'rotate_blue_block_right', 'push_into_drawer', 'move_slider_left']
    [frozen_flower] chain 33/200 instructions: ['pull the handle to open the drawer', 'use the switch to turn off the light bulb', 'take the blue block and rotate it to the right', 'slide the block that it falls into the drawer', 'push the sliding door to the left side']
    [frozen_flower] chain 33/200 task 1/5 start: open_drawer | instruction: pull the handle to open the drawer
    [frozen_flower] chain 33/200 task 1/5 step 1/360: running policy
    [frozen_flower] chain 33/200 task 1/5 step 1/360: policy 0.30s, stepping env
    [frozen_flower] chain 33/200 task 1/5 step 25/360: running policy
    [frozen_flower] chain 33/200 task 1/5 step 25/360: policy 0.01s, stepping env
    [frozen_flower] chain 33/200 task 1/5 step 50/360: running policy
    [frozen_flower] chain 33/200 task 1/5 step 50/360: policy 0.01s, stepping env
    [frozen_flower] chain 33/200 task 1/5 success at step 54
    [frozen_flower] chain 33/200 task 1/5 success: 54 steps, 2.9s
    [frozen_flower] chain 33/200 task 2/5 start: turn_off_lightbulb | instruction: use the switch to turn off the light bulb
    [frozen_flower] chain 33/200 task 2/5 step 1/360: running policy
    [frozen_flower] chain 33/200 task 2/5 step 1/360: policy 0.31s, stepping env
    [frozen_flower] chain 33/200 task 2/5 step 25/360: running policy
    [frozen_flower] chain 33/200 task 2/5 step 25/360: policy 0.01s, stepping env
    [frozen_flower] chain 33/200 task 2/5 step 50/360: running policy
    [frozen_flower] chain 33/200 task 2/5 step 50/360: policy 0.01s, stepping env
    [frozen_flower] chain 33/200 task 2/5 step 75/360: running policy
    [frozen_flower] chain 33/200 task 2/5 step 75/360: policy 0.00s, stepping env
    [frozen_flower] chain 33/200 task 2/5 success at step 83
    [frozen_flower] chain 33/200 task 2/5 success: 83 steps, 4.5s
    [frozen_flower] chain 33/200 task 3/5 start: rotate_blue_block_right | instruction: take the blue block and rotate it to the right
    [frozen_flower] chain 33/200 task 3/5 step 1/360: running policy
    [frozen_flower] chain 33/200 task 3/5 step 1/360: policy 0.30s, stepping env
    [frozen_flower] chain 33/200 task 3/5 step 25/360: running policy
    [frozen_flower] chain 33/200 task 3/5 step 25/360: policy 0.01s, stepping env
    [frozen_flower] chain 33/200 task 3/5 step 50/360: running policy
    [frozen_flower] chain 33/200 task 3/5 step 50/360: policy 0.01s, stepping env
    [frozen_flower] chain 33/200 task 3/5 step 75/360: running policy
    [frozen_flower] chain 33/200 task 3/5 step 75/360: policy 0.01s, stepping env
    [frozen_flower] chain 33/200 task 3/5 success at step 92
    [frozen_flower] chain 33/200 task 3/5 success: 92 steps, 5.1s
    [frozen_flower] chain 33/200 task 4/5 start: push_into_drawer | instruction: slide the block that it falls into the drawer
    [frozen_flower] chain 33/200 task 4/5 step 1/360: running policy
    [frozen_flower] chain 33/200 task 4/5 step 1/360: policy 0.32s, stepping env
    [frozen_flower] chain 33/200 task 4/5 step 25/360: running policy
    [frozen_flower] chain 33/200 task 4/5 step 25/360: policy 0.01s, stepping env
    [frozen_flower] chain 33/200 task 4/5 step 50/360: running policy
    [frozen_flower] chain 33/200 task 4/5 step 50/360: policy 0.01s, stepping env
    [frozen_flower] chain 33/200 task 4/5 success at step 61
    [frozen_flower] chain 33/200 task 4/5 success: 61 steps, 3.6s
    [frozen_flower] chain 33/200 task 5/5 start: move_slider_left | instruction: push the sliding door to the left side
    [frozen_flower] chain 33/200 task 5/5 step 1/360: running policy
    [frozen_flower] chain 33/200 task 5/5 step 1/360: policy 0.31s, stepping env
    [frozen_flower] chain 33/200 task 5/5 step 25/360: running policy
    [frozen_flower] chain 33/200 task 5/5 step 25/360: policy 0.00s, stepping env
    [frozen_flower] chain 33/200 task 5/5 step 50/360: running policy
    [frozen_flower] chain 33/200 task 5/5 step 50/360: policy 0.00s, stepping env
    [frozen_flower] chain 33/200 task 5/5 success at step 54
    [frozen_flower] chain 33/200 task 5/5 success: 54 steps, 2.7s
    [frozen_flower] chain 34/200 start: ['rotate_red_block_right', 'close_drawer', 'lift_pink_block_slider', 'stack_block', 'lift_red_block_table']
    [frozen_flower] chain 34/200 instructions: ['take the red block and rotate it to the right', 'push the handle to close the drawer', 'lift the pink block from the sliding cabinet', 'stack the grasped block', 'grasp and lift the red block']
    [frozen_flower] chain 34/200 task 1/5 start: rotate_red_block_right | instruction: take the red block and rotate it to the right
    [frozen_flower] chain 34/200 task 1/5 step 1/360: running policy
    [frozen_flower] chain 34/200 task 1/5 step 1/360: policy 0.23s, stepping env
    [frozen_flower] chain 34/200 task 1/5 step 25/360: running policy
    [frozen_flower] chain 34/200 task 1/5 step 25/360: policy 0.00s, stepping env
    [frozen_flower] chain 34/200 task 1/5 step 50/360: running policy
    [frozen_flower] chain 34/200 task 1/5 step 50/360: policy 0.00s, stepping env
    [frozen_flower] chain 34/200 task 1/5 step 75/360: running policy
    [frozen_flower] chain 34/200 task 1/5 step 75/360: policy 0.00s, stepping env
    [frozen_flower] chain 34/200 task 1/5 step 100/360: running policy
    [frozen_flower] chain 34/200 task 1/5 step 100/360: policy 0.00s, stepping env
    [frozen_flower] chain 34/200 task 1/5 step 125/360: running policy
    [frozen_flower] chain 34/200 task 1/5 step 125/360: policy 0.00s, stepping env
    [frozen_flower] chain 34/200 task 1/5 step 150/360: running policy
    [frozen_flower] chain 34/200 task 1/5 step 150/360: policy 0.00s, stepping env
    [frozen_flower] chain 34/200 task 1/5 step 175/360: running policy
    [frozen_flower] chain 34/200 task 1/5 step 175/360: policy 0.00s, stepping env
    [frozen_flower] chain 34/200 task 1/5 step 200/360: running policy
    [frozen_flower] chain 34/200 task 1/5 step 200/360: policy 0.00s, stepping env
    [frozen_flower] chain 34/200 task 1/5 step 225/360: running policy
    [frozen_flower] chain 34/200 task 1/5 step 225/360: policy 0.01s, stepping env
    [frozen_flower] chain 34/200 task 1/5 step 250/360: running policy
    [frozen_flower] chain 34/200 task 1/5 step 250/360: policy 0.00s, stepping env
    [frozen_flower] chain 34/200 task 1/5 step 275/360: running policy
    [frozen_flower] chain 34/200 task 1/5 step 275/360: policy 0.00s, stepping env
    [frozen_flower] chain 34/200 task 1/5 step 300/360: running policy
    [frozen_flower] chain 34/200 task 1/5 step 300/360: policy 0.00s, stepping env
    [frozen_flower] chain 34/200 task 1/5 step 325/360: running policy
    [frozen_flower] chain 34/200 task 1/5 step 325/360: policy 0.00s, stepping env
    [frozen_flower] chain 34/200 task 1/5 step 350/360: running policy
    [frozen_flower] chain 34/200 task 1/5 step 350/360: policy 0.00s, stepping env
    [frozen_flower] chain 34/200 task 1/5 failed: 360 steps, 15.2s
    [frozen_flower] chain 35/200 start: ['rotate_blue_block_right', 'turn_on_lightbulb', 'move_slider_right', 'open_drawer', 'push_into_drawer']
    [frozen_flower] chain 35/200 instructions: ['take the blue block and rotate it to the right', 'use the switch to turn on the light bulb', 'push the sliding door to the right side', 'pull the handle to open the drawer', 'slide the block that it falls into the drawer']
    [frozen_flower] chain 35/200 task 1/5 start: rotate_blue_block_right | instruction: take the blue block and rotate it to the right
    [frozen_flower] chain 35/200 task 1/5 step 1/360: running policy
    [frozen_flower] chain 35/200 task 1/5 step 1/360: policy 0.26s, stepping env
    [frozen_flower] chain 35/200 task 1/5 step 25/360: running policy
    [frozen_flower] chain 35/200 task 1/5 step 25/360: policy 0.00s, stepping env
    [frozen_flower] chain 35/200 task 1/5 step 50/360: running policy
    [frozen_flower] chain 35/200 task 1/5 step 50/360: policy 0.00s, stepping env
    [frozen_flower] chain 35/200 task 1/5 step 75/360: running policy
    [frozen_flower] chain 35/200 task 1/5 step 75/360: policy 0.00s, stepping env
    [frozen_flower] chain 35/200 task 1/5 success at step 78
    [frozen_flower] chain 35/200 task 1/5 success: 78 steps, 3.4s
    [frozen_flower] chain 35/200 task 2/5 start: turn_on_lightbulb | instruction: use the switch to turn on the light bulb
    [frozen_flower] chain 35/200 task 2/5 step 1/360: running policy
    [frozen_flower] chain 35/200 task 2/5 step 1/360: policy 0.27s, stepping env
    [frozen_flower] chain 35/200 task 2/5 step 25/360: running policy
    [frozen_flower] chain 35/200 task 2/5 step 25/360: policy 0.00s, stepping env
    [frozen_flower] chain 35/200 task 2/5 step 50/360: running policy
    [frozen_flower] chain 35/200 task 2/5 step 50/360: policy 0.00s, stepping env
    [frozen_flower] chain 35/200 task 2/5 success at step 54
    [frozen_flower] chain 35/200 task 2/5 success: 54 steps, 2.5s
    [frozen_flower] chain 35/200 task 3/5 start: move_slider_right | instruction: push the sliding door to the right side
    [frozen_flower] chain 35/200 task 3/5 step 1/360: running policy
    [frozen_flower] chain 35/200 task 3/5 step 1/360: policy 0.26s, stepping env
    [frozen_flower] chain 35/200 task 3/5 step 25/360: running policy
    [frozen_flower] chain 35/200 task 3/5 step 25/360: policy 0.01s, stepping env
    [frozen_flower] chain 35/200 task 3/5 step 50/360: running policy
    [frozen_flower] chain 35/200 task 3/5 step 50/360: policy 0.00s, stepping env
    [frozen_flower] chain 35/200 task 3/5 step 75/360: running policy
    [frozen_flower] chain 35/200 task 3/5 step 75/360: policy 0.00s, stepping env
    [frozen_flower] chain 35/200 task 3/5 success at step 87
    [frozen_flower] chain 35/200 task 3/5 success: 87 steps, 3.9s
    [frozen_flower] chain 35/200 task 4/5 start: open_drawer | instruction: pull the handle to open the drawer
    [frozen_flower] chain 35/200 task 4/5 step 1/360: running policy
    [frozen_flower] chain 35/200 task 4/5 step 1/360: policy 0.27s, stepping env
    [frozen_flower] chain 35/200 task 4/5 step 25/360: running policy
    [frozen_flower] chain 35/200 task 4/5 step 25/360: policy 0.01s, stepping env
    [frozen_flower] chain 35/200 task 4/5 step 50/360: running policy
    [frozen_flower] chain 35/200 task 4/5 step 50/360: policy 0.00s, stepping env
    [frozen_flower] chain 35/200 task 4/5 step 75/360: running policy
    [frozen_flower] chain 35/200 task 4/5 step 75/360: policy 0.00s, stepping env
    [frozen_flower] chain 35/200 task 4/5 success at step 78
    [frozen_flower] chain 35/200 task 4/5 success: 78 steps, 3.6s
    [frozen_flower] chain 35/200 task 5/5 start: push_into_drawer | instruction: slide the block that it falls into the drawer
    [frozen_flower] chain 35/200 task 5/5 step 1/360: running policy
    [frozen_flower] chain 35/200 task 5/5 step 1/360: policy 0.26s, stepping env
    [frozen_flower] chain 35/200 task 5/5 step 25/360: running policy
    [frozen_flower] chain 35/200 task 5/5 step 25/360: policy 0.01s, stepping env
    [frozen_flower] chain 35/200 task 5/5 step 50/360: running policy
    [frozen_flower] chain 35/200 task 5/5 step 50/360: policy 0.00s, stepping env
    [frozen_flower] chain 35/200 task 5/5 step 75/360: running policy
    [frozen_flower] chain 35/200 task 5/5 step 75/360: policy 0.01s, stepping env
    [frozen_flower] chain 35/200 task 5/5 success at step 82
    [frozen_flower] chain 35/200 task 5/5 success: 82 steps, 4.0s
    [frozen_flower] chain 36/200 start: ['rotate_red_block_left', 'close_drawer', 'lift_pink_block_table', 'stack_block', 'turn_off_led']
    [frozen_flower] chain 36/200 instructions: ['take the red block and rotate it to the left', 'push the handle to close the drawer', 'grasp and lift the pink block', 'stack the grasped block', 'press the button to turn off the led light']
    [frozen_flower] chain 36/200 task 1/5 start: rotate_red_block_left | instruction: take the red block and rotate it to the left
    [frozen_flower] chain 36/200 task 1/5 step 1/360: running policy
    [frozen_flower] chain 36/200 task 1/5 step 1/360: policy 0.28s, stepping env
    [frozen_flower] chain 36/200 task 1/5 step 25/360: running policy
    [frozen_flower] chain 36/200 task 1/5 step 25/360: policy 0.01s, stepping env
    [frozen_flower] chain 36/200 task 1/5 step 50/360: running policy
    [frozen_flower] chain 36/200 task 1/5 step 50/360: policy 0.00s, stepping env
    [frozen_flower] chain 36/200 task 1/5 success at step 74
    [frozen_flower] chain 36/200 task 1/5 success: 74 steps, 3.5s
    [frozen_flower] chain 36/200 task 2/5 start: close_drawer | instruction: push the handle to close the drawer
    [frozen_flower] chain 36/200 task 2/5 step 1/360: running policy
    [frozen_flower] chain 36/200 task 2/5 step 1/360: policy 0.28s, stepping env
    [frozen_flower] chain 36/200 task 2/5 step 25/360: running policy
    [frozen_flower] chain 36/200 task 2/5 step 25/360: policy 0.01s, stepping env
    [frozen_flower] chain 36/200 task 2/5 step 50/360: running policy
    [frozen_flower] chain 36/200 task 2/5 step 50/360: policy 0.01s, stepping env
    [frozen_flower] chain 36/200 task 2/5 step 75/360: running policy
    [frozen_flower] chain 36/200 task 2/5 step 75/360: policy 0.01s, stepping env
    [frozen_flower] chain 36/200 task 2/5 success at step 81
    [frozen_flower] chain 36/200 task 2/5 success: 81 steps, 4.0s
    [frozen_flower] chain 36/200 task 3/5 start: lift_pink_block_table | instruction: grasp and lift the pink block
    [frozen_flower] chain 36/200 task 3/5 step 1/360: running policy
    [frozen_flower] chain 36/200 task 3/5 step 1/360: policy 0.28s, stepping env
    [frozen_flower] chain 36/200 task 3/5 step 25/360: running policy
    [frozen_flower] chain 36/200 task 3/5 step 25/360: policy 0.01s, stepping env
    [frozen_flower] chain 36/200 task 3/5 step 50/360: running policy
    [frozen_flower] chain 36/200 task 3/5 step 50/360: policy 0.01s, stepping env
    [frozen_flower] chain 36/200 task 3/5 step 75/360: running policy
    [frozen_flower] chain 36/200 task 3/5 step 75/360: policy 0.00s, stepping env
    [frozen_flower] chain 36/200 task 3/5 success at step 75
    [frozen_flower] chain 36/200 task 3/5 success: 75 steps, 3.6s
    [frozen_flower] chain 36/200 task 4/5 start: stack_block | instruction: stack the grasped block
    [frozen_flower] chain 36/200 task 4/5 step 1/360: running policy
    [frozen_flower] chain 36/200 task 4/5 step 1/360: policy 0.27s, stepping env
    [frozen_flower] chain 36/200 task 4/5 step 25/360: running policy
    [frozen_flower] chain 36/200 task 4/5 step 25/360: policy 0.01s, stepping env
    [frozen_flower] chain 36/200 task 4/5 success at step 30
    [frozen_flower] chain 36/200 task 4/5 success: 30 steps, 1.4s
    [frozen_flower] chain 36/200 task 5/5 start: turn_off_led | instruction: press the button to turn off the led light
    [frozen_flower] chain 36/200 task 5/5 step 1/360: running policy
    [frozen_flower] chain 36/200 task 5/5 step 1/360: policy 0.29s, stepping env
    [frozen_flower] chain 36/200 task 5/5 step 25/360: running policy
    [frozen_flower] chain 36/200 task 5/5 step 25/360: policy 0.01s, stepping env
    [frozen_flower] chain 36/200 task 5/5 step 50/360: running policy
    [frozen_flower] chain 36/200 task 5/5 step 50/360: policy 0.01s, stepping env
    [frozen_flower] chain 36/200 task 5/5 step 75/360: running policy
    [frozen_flower] chain 36/200 task 5/5 step 75/360: policy 0.01s, stepping env
    [frozen_flower] chain 36/200 task 5/5 success at step 75
    [frozen_flower] chain 36/200 task 5/5 success: 75 steps, 3.7s
    [frozen_flower] chain 37/200 start: ['push_pink_block_right', 'turn_off_led', 'open_drawer', 'move_slider_right', 'lift_pink_block_table']
    [frozen_flower] chain 37/200 instructions: ['go push the pink block right', 'press the button to turn off the led light', 'pull the handle to open the drawer', 'push the sliding door to the right side', 'grasp and lift the pink block']
    [frozen_flower] chain 37/200 task 1/5 start: push_pink_block_right | instruction: go push the pink block right
    [frozen_flower] chain 37/200 task 1/5 step 1/360: running policy
    [frozen_flower] chain 37/200 task 1/5 step 1/360: policy 0.29s, stepping env
    [frozen_flower] chain 37/200 task 1/5 step 25/360: running policy
    [frozen_flower] chain 37/200 task 1/5 step 25/360: policy 0.01s, stepping env
    [frozen_flower] chain 37/200 task 1/5 step 50/360: running policy
    [frozen_flower] chain 37/200 task 1/5 step 50/360: policy 0.00s, stepping env
    [frozen_flower] chain 37/200 task 1/5 step 75/360: running policy
    [frozen_flower] chain 37/200 task 1/5 step 75/360: policy 0.01s, stepping env
    [frozen_flower] chain 37/200 task 1/5 step 100/360: running policy
    [frozen_flower] chain 37/200 task 1/5 step 100/360: policy 0.01s, stepping env
    [frozen_flower] chain 37/200 task 1/5 step 125/360: running policy
    [frozen_flower] chain 37/200 task 1/5 step 125/360: policy 0.00s, stepping env
    [frozen_flower] chain 37/200 task 1/5 step 150/360: running policy
    [frozen_flower] chain 37/200 task 1/5 step 150/360: policy 0.01s, stepping env
    [frozen_flower] chain 37/200 task 1/5 step 175/360: running policy
    [frozen_flower] chain 37/200 task 1/5 step 175/360: policy 0.01s, stepping env
    [frozen_flower] chain 37/200 task 1/5 success at step 184
    [frozen_flower] chain 37/200 task 1/5 success: 184 steps, 8.8s
    [frozen_flower] chain 37/200 task 2/5 start: turn_off_led | instruction: press the button to turn off the led light
    [frozen_flower] chain 37/200 task 2/5 step 1/360: running policy
    [frozen_flower] chain 37/200 task 2/5 step 1/360: policy 0.30s, stepping env
    [frozen_flower] chain 37/200 task 2/5 step 25/360: running policy
    [frozen_flower] chain 37/200 task 2/5 step 25/360: policy 0.01s, stepping env
    [frozen_flower] chain 37/200 task 2/5 step 50/360: running policy
    [frozen_flower] chain 37/200 task 2/5 step 50/360: policy 0.01s, stepping env
    [frozen_flower] chain 37/200 task 2/5 step 75/360: running policy
    [frozen_flower] chain 37/200 task 2/5 step 75/360: policy 0.01s, stepping env
    [frozen_flower] chain 37/200 task 2/5 success at step 82
    [frozen_flower] chain 37/200 task 2/5 success: 82 steps, 4.2s
    [frozen_flower] chain 37/200 task 3/5 start: open_drawer | instruction: pull the handle to open the drawer
    [frozen_flower] chain 37/200 task 3/5 step 1/360: running policy
    [frozen_flower] chain 37/200 task 3/5 step 1/360: policy 0.28s, stepping env
    [frozen_flower] chain 37/200 task 3/5 step 25/360: running policy
    [frozen_flower] chain 37/200 task 3/5 step 25/360: policy 0.01s, stepping env
    [frozen_flower] chain 37/200 task 3/5 step 50/360: running policy
    [frozen_flower] chain 37/200 task 3/5 step 50/360: policy 0.01s, stepping env
    [frozen_flower] chain 37/200 task 3/5 success at step 69
    [frozen_flower] chain 37/200 task 3/5 success: 69 steps, 3.3s
    [frozen_flower] chain 37/200 task 4/5 start: move_slider_right | instruction: push the sliding door to the right side
    [frozen_flower] chain 37/200 task 4/5 step 1/360: running policy
    [frozen_flower] chain 37/200 task 4/5 step 1/360: policy 0.29s, stepping env
    [frozen_flower] chain 37/200 task 4/5 step 25/360: running policy
    [frozen_flower] chain 37/200 task 4/5 step 25/360: policy 0.00s, stepping env
    [frozen_flower] chain 37/200 task 4/5 step 50/360: running policy
    [frozen_flower] chain 37/200 task 4/5 step 50/360: policy 0.01s, stepping env
    [frozen_flower] chain 37/200 task 4/5 step 75/360: running policy
    [frozen_flower] chain 37/200 task 4/5 step 75/360: policy 0.01s, stepping env
    [frozen_flower] chain 37/200 task 4/5 success at step 92
    [frozen_flower] chain 37/200 task 4/5 success: 92 steps, 4.8s
    [frozen_flower] chain 37/200 task 5/5 start: lift_pink_block_table | instruction: grasp and lift the pink block
    [frozen_flower] chain 37/200 task 5/5 step 1/360: running policy
    [frozen_flower] chain 37/200 task 5/5 step 1/360: policy 0.28s, stepping env
    [frozen_flower] chain 37/200 task 5/5 step 25/360: running policy
    [frozen_flower] chain 37/200 task 5/5 step 25/360: policy 0.01s, stepping env
    [frozen_flower] chain 37/200 task 5/5 step 50/360: running policy
    [frozen_flower] chain 37/200 task 5/5 step 50/360: policy 0.01s, stepping env
    [frozen_flower] chain 37/200 task 5/5 success at step 72
    [frozen_flower] chain 37/200 task 5/5 success: 72 steps, 3.8s
    [frozen_flower] chain 38/200 start: ['close_drawer', 'lift_pink_block_slider', 'stack_block', 'turn_off_lightbulb', 'move_slider_left']
    [frozen_flower] chain 38/200 instructions: ['push the handle to close the drawer', 'lift the pink block from the sliding cabinet', 'stack the grasped block', 'use the switch to turn off the light bulb', 'push the sliding door to the left side']
    [frozen_flower] chain 38/200 task 1/5 start: close_drawer | instruction: push the handle to close the drawer
    [frozen_flower] chain 38/200 task 1/5 step 1/360: running policy
    [frozen_flower] chain 38/200 task 1/5 step 1/360: policy 0.31s, stepping env
    [frozen_flower] chain 38/200 task 1/5 step 25/360: running policy
    [frozen_flower] chain 38/200 task 1/5 step 25/360: policy 0.01s, stepping env
    [frozen_flower] chain 38/200 task 1/5 success at step 48
    [frozen_flower] chain 38/200 task 1/5 success: 48 steps, 2.5s
    [frozen_flower] chain 38/200 task 2/5 start: lift_pink_block_slider | instruction: lift the pink block from the sliding cabinet
    [frozen_flower] chain 38/200 task 2/5 step 1/360: running policy
    [frozen_flower] chain 38/200 task 2/5 step 1/360: policy 0.30s, stepping env
    [frozen_flower] chain 38/200 task 2/5 step 25/360: running policy
    [frozen_flower] chain 38/200 task 2/5 step 25/360: policy 0.01s, stepping env
    [frozen_flower] chain 38/200 task 2/5 step 50/360: running policy
    [frozen_flower] chain 38/200 task 2/5 step 50/360: policy 0.01s, stepping env
    [frozen_flower] chain 38/200 task 2/5 step 75/360: running policy
    [frozen_flower] chain 38/200 task 2/5 step 75/360: policy 0.01s, stepping env
    [frozen_flower] chain 38/200 task 2/5 step 100/360: running policy
    [frozen_flower] chain 38/200 task 2/5 step 100/360: policy 0.01s, stepping env
    [frozen_flower] chain 38/200 task 2/5 success at step 100
    [frozen_flower] chain 38/200 task 2/5 success: 100 steps, 5.2s
    [frozen_flower] chain 38/200 task 3/5 start: stack_block | instruction: stack the grasped block
    [frozen_flower] chain 38/200 task 3/5 step 1/360: running policy
    [frozen_flower] chain 38/200 task 3/5 step 1/360: policy 0.29s, stepping env
    [frozen_flower] chain 38/200 task 3/5 step 25/360: running policy
    [frozen_flower] chain 38/200 task 3/5 step 25/360: policy 0.01s, stepping env
    [frozen_flower] chain 38/200 task 3/5 step 50/360: running policy
    [frozen_flower] chain 38/200 task 3/5 step 50/360: policy 0.01s, stepping env
    [frozen_flower] chain 38/200 task 3/5 step 75/360: running policy
    [frozen_flower] chain 38/200 task 3/5 step 75/360: policy 0.01s, stepping env
    [frozen_flower] chain 38/200 task 3/5 success at step 86
    [frozen_flower] chain 38/200 task 3/5 success: 86 steps, 4.8s
    [frozen_flower] chain 38/200 task 4/5 start: turn_off_lightbulb | instruction: use the switch to turn off the light bulb
    [frozen_flower] chain 38/200 task 4/5 step 1/360: running policy
    [frozen_flower] chain 38/200 task 4/5 step 1/360: policy 0.24s, stepping env
    [frozen_flower] chain 38/200 task 4/5 step 25/360: running policy
    [frozen_flower] chain 38/200 task 4/5 step 25/360: policy 0.00s, stepping env
    [frozen_flower] chain 38/200 task 4/5 success at step 43
    [frozen_flower] chain 38/200 task 4/5 success: 43 steps, 1.8s
    [frozen_flower] chain 38/200 task 5/5 start: move_slider_left | instruction: push the sliding door to the left side
    [frozen_flower] chain 38/200 task 5/5 step 1/360: running policy
    [frozen_flower] chain 38/200 task 5/5 step 1/360: policy 0.24s, stepping env
    [frozen_flower] chain 38/200 task 5/5 step 25/360: running policy
    [frozen_flower] chain 38/200 task 5/5 step 25/360: policy 0.00s, stepping env
    [frozen_flower] chain 38/200 task 5/5 step 50/360: running policy
    [frozen_flower] chain 38/200 task 5/5 step 50/360: policy 0.00s, stepping env
    [frozen_flower] chain 38/200 task 5/5 step 75/360: running policy
    [frozen_flower] chain 38/200 task 5/5 step 75/360: policy 0.00s, stepping env
    [frozen_flower] chain 38/200 task 5/5 step 100/360: running policy
    [frozen_flower] chain 38/200 task 5/5 step 100/360: policy 0.01s, stepping env
    [frozen_flower] chain 38/200 task 5/5 step 125/360: running policy
    [frozen_flower] chain 38/200 task 5/5 step 125/360: policy 0.00s, stepping env
    [frozen_flower] chain 38/200 task 5/5 success at step 140
    [frozen_flower] chain 38/200 task 5/5 success: 140 steps, 5.4s
    [frozen_flower] chain 39/200 start: ['push_into_drawer', 'move_slider_right', 'turn_off_led', 'lift_red_block_drawer', 'place_in_drawer']
    [frozen_flower] chain 39/200 instructions: ['slide the block that it falls into the drawer', 'push the sliding door to the right side', 'press the button to turn off the led light', 'Take the red block from the drawer', 'store the grasped block in the drawer']
    [frozen_flower] chain 39/200 task 1/5 start: push_into_drawer | instruction: slide the block that it falls into the drawer
    [frozen_flower] chain 39/200 task 1/5 step 1/360: running policy
    [frozen_flower] chain 39/200 task 1/5 step 1/360: policy 0.24s, stepping env
    [frozen_flower] chain 39/200 task 1/5 step 25/360: running policy
    [frozen_flower] chain 39/200 task 1/5 step 25/360: policy 0.00s, stepping env
    [frozen_flower] chain 39/200 task 1/5 step 50/360: running policy
    [frozen_flower] chain 39/200 task 1/5 step 50/360: policy 0.00s, stepping env
    [frozen_flower] chain 39/200 task 1/5 success at step 72
    [frozen_flower] chain 39/200 task 1/5 success: 72 steps, 2.8s
    [frozen_flower] chain 39/200 task 2/5 start: move_slider_right | instruction: push the sliding door to the right side
    [frozen_flower] chain 39/200 task 2/5 step 1/360: running policy
    [frozen_flower] chain 39/200 task 2/5 step 1/360: policy 0.24s, stepping env
    [frozen_flower] chain 39/200 task 2/5 step 25/360: running policy
    [frozen_flower] chain 39/200 task 2/5 step 25/360: policy 0.00s, stepping env
    [frozen_flower] chain 39/200 task 2/5 step 50/360: running policy
    [frozen_flower] chain 39/200 task 2/5 step 50/360: policy 0.00s, stepping env
    [frozen_flower] chain 39/200 task 2/5 step 75/360: running policy
    [frozen_flower] chain 39/200 task 2/5 step 75/360: policy 0.00s, stepping env
    [frozen_flower] chain 39/200 task 2/5 success at step 81
    [frozen_flower] chain 39/200 task 2/5 success: 81 steps, 3.5s
    [frozen_flower] chain 39/200 task 3/5 start: turn_off_led | instruction: press the button to turn off the led light
    [frozen_flower] chain 39/200 task 3/5 step 1/360: running policy
    [frozen_flower] chain 39/200 task 3/5 step 1/360: policy 0.25s, stepping env
    [frozen_flower] chain 39/200 task 3/5 step 25/360: running policy
    [frozen_flower] chain 39/200 task 3/5 step 25/360: policy 0.00s, stepping env
    [frozen_flower] chain 39/200 task 3/5 step 50/360: running policy
    [frozen_flower] chain 39/200 task 3/5 step 50/360: policy 0.00s, stepping env
    [frozen_flower] chain 39/200 task 3/5 step 75/360: running policy
    [frozen_flower] chain 39/200 task 3/5 step 75/360: policy 0.00s, stepping env
    [frozen_flower] chain 39/200 task 3/5 success at step 80
    [frozen_flower] chain 39/200 task 3/5 success: 80 steps, 3.2s
    [frozen_flower] chain 39/200 task 4/5 start: lift_red_block_drawer | instruction: Take the red block from the drawer
    [frozen_flower] chain 39/200 task 4/5 step 1/360: running policy
    [frozen_flower] chain 39/200 task 4/5 step 1/360: policy 0.25s, stepping env
    [frozen_flower] chain 39/200 task 4/5 step 25/360: running policy
    [frozen_flower] chain 39/200 task 4/5 step 25/360: policy 0.00s, stepping env
    [frozen_flower] chain 39/200 task 4/5 step 50/360: running policy
    [frozen_flower] chain 39/200 task 4/5 step 50/360: policy 0.00s, stepping env
    [frozen_flower] chain 39/200 task 4/5 success at step 63
    [frozen_flower] chain 39/200 task 4/5 success: 63 steps, 2.8s
    [frozen_flower] chain 39/200 task 5/5 start: place_in_drawer | instruction: store the grasped block in the drawer
    [frozen_flower] chain 39/200 task 5/5 step 1/360: running policy
    [frozen_flower] chain 39/200 task 5/5 step 1/360: policy 0.26s, stepping env
    [frozen_flower] chain 39/200 task 5/5 success at step 15
    [frozen_flower] chain 39/200 task 5/5 success: 15 steps, 0.8s
    [frozen_flower] chain 40/200 start: ['turn_off_led', 'rotate_blue_block_right', 'move_slider_right', 'lift_pink_block_table', 'place_in_drawer']
    [frozen_flower] chain 40/200 instructions: ['press the button to turn off the led light', 'take the blue block and rotate it to the right', 'push the sliding door to the right side', 'grasp and lift the pink block', 'store the grasped block in the drawer']
    [frozen_flower] chain 40/200 task 1/5 start: turn_off_led | instruction: press the button to turn off the led light
    [frozen_flower] chain 40/200 task 1/5 step 1/360: running policy
    [frozen_flower] chain 40/200 task 1/5 step 1/360: policy 0.26s, stepping env
    [frozen_flower] chain 40/200 task 1/5 step 25/360: running policy
    [frozen_flower] chain 40/200 task 1/5 step 25/360: policy 0.00s, stepping env
    [frozen_flower] chain 40/200 task 1/5 step 50/360: running policy
    [frozen_flower] chain 40/200 task 1/5 step 50/360: policy 0.00s, stepping env
    [frozen_flower] chain 40/200 task 1/5 success at step 63
    [frozen_flower] chain 40/200 task 1/5 success: 63 steps, 2.8s
    [frozen_flower] chain 40/200 task 2/5 start: rotate_blue_block_right | instruction: take the blue block and rotate it to the right
    [frozen_flower] chain 40/200 task 2/5 step 1/360: running policy
    [frozen_flower] chain 40/200 task 2/5 step 1/360: policy 0.26s, stepping env
    [frozen_flower] chain 40/200 task 2/5 step 25/360: running policy
    [frozen_flower] chain 40/200 task 2/5 step 25/360: policy 0.00s, stepping env
    [frozen_flower] chain 40/200 task 2/5 step 50/360: running policy
    [frozen_flower] chain 40/200 task 2/5 step 50/360: policy 0.01s, stepping env
    [frozen_flower] chain 40/200 task 2/5 step 75/360: running policy
    [frozen_flower] chain 40/200 task 2/5 step 75/360: policy 0.01s, stepping env
    [frozen_flower] chain 40/200 task 2/5 success at step 95
    [frozen_flower] chain 40/200 task 2/5 success: 95 steps, 4.2s
    [frozen_flower] chain 40/200 task 3/5 start: move_slider_right | instruction: push the sliding door to the right side
    [frozen_flower] chain 40/200 task 3/5 step 1/360: running policy
    [frozen_flower] chain 40/200 task 3/5 step 1/360: policy 0.24s, stepping env
    [frozen_flower] chain 40/200 task 3/5 step 25/360: running policy
    [frozen_flower] chain 40/200 task 3/5 step 25/360: policy 0.00s, stepping env
    [frozen_flower] chain 40/200 task 3/5 step 50/360: running policy
    [frozen_flower] chain 40/200 task 3/5 step 50/360: policy 0.00s, stepping env
    [frozen_flower] chain 40/200 task 3/5 step 75/360: running policy
    [frozen_flower] chain 40/200 task 3/5 step 75/360: policy 0.00s, stepping env
    [frozen_flower] chain 40/200 task 3/5 success at step 87
    [frozen_flower] chain 40/200 task 3/5 success: 87 steps, 3.7s
    [frozen_flower] chain 40/200 task 4/5 start: lift_pink_block_table | instruction: grasp and lift the pink block
    [frozen_flower] chain 40/200 task 4/5 step 1/360: running policy
    [frozen_flower] chain 40/200 task 4/5 step 1/360: policy 0.26s, stepping env
    [frozen_flower] chain 40/200 task 4/5 step 25/360: running policy
    [frozen_flower] chain 40/200 task 4/5 step 25/360: policy 0.00s, stepping env
    [frozen_flower] chain 40/200 task 4/5 step 50/360: running policy
    [frozen_flower] chain 40/200 task 4/5 step 50/360: policy 0.00s, stepping env
    [frozen_flower] chain 40/200 task 4/5 success at step 72
    [frozen_flower] chain 40/200 task 4/5 success: 72 steps, 3.2s
    [frozen_flower] chain 40/200 task 5/5 start: place_in_drawer | instruction: store the grasped block in the drawer
    [frozen_flower] chain 40/200 task 5/5 step 1/360: running policy
    [frozen_flower] chain 40/200 task 5/5 step 1/360: policy 0.25s, stepping env
    [frozen_flower] chain 40/200 task 5/5 step 25/360: running policy
    [frozen_flower] chain 40/200 task 5/5 step 25/360: policy 0.01s, stepping env
    [frozen_flower] chain 40/200 task 5/5 success at step 33
    [frozen_flower] chain 40/200 task 5/5 success: 33 steps, 1.5s
    [frozen_flower] 40/200 chains, L1 success: 95.0%
    [frozen_flower] chain 41/200 start: ['push_blue_block_right', 'close_drawer', 'lift_pink_block_slider', 'place_in_slider', 'turn_off_lightbulb']
    [frozen_flower] chain 41/200 instructions: ['go push the blue block right', 'push the handle to close the drawer', 'lift the pink block from the sliding cabinet', 'store the grasped block in the sliding cabinet', 'use the switch to turn off the light bulb']
    [frozen_flower] chain 41/200 task 1/5 start: push_blue_block_right | instruction: go push the blue block right
    [frozen_flower] chain 41/200 task 1/5 step 1/360: running policy
    [frozen_flower] chain 41/200 task 1/5 step 1/360: policy 0.25s, stepping env
    [frozen_flower] chain 41/200 task 1/5 step 25/360: running policy
    [frozen_flower] chain 41/200 task 1/5 step 25/360: policy 0.00s, stepping env
    [frozen_flower] chain 41/200 task 1/5 step 50/360: running policy
    [frozen_flower] chain 41/200 task 1/5 step 50/360: policy 0.00s, stepping env
    [frozen_flower] chain 41/200 task 1/5 step 75/360: running policy
    [frozen_flower] chain 41/200 task 1/5 step 75/360: policy 0.01s, stepping env
    [frozen_flower] chain 41/200 task 1/5 step 100/360: running policy
    [frozen_flower] chain 41/200 task 1/5 step 100/360: policy 0.00s, stepping env
    [frozen_flower] chain 41/200 task 1/5 success at step 115
    [frozen_flower] chain 41/200 task 1/5 success: 115 steps, 4.9s
    [frozen_flower] chain 41/200 task 2/5 start: close_drawer | instruction: push the handle to close the drawer
    [frozen_flower] chain 41/200 task 2/5 step 1/360: running policy
    [frozen_flower] chain 41/200 task 2/5 step 1/360: policy 0.24s, stepping env
    [frozen_flower] chain 41/200 task 2/5 step 25/360: running policy
    [frozen_flower] chain 41/200 task 2/5 step 25/360: policy 0.00s, stepping env
    [frozen_flower] chain 41/200 task 2/5 step 50/360: running policy
    [frozen_flower] chain 41/200 task 2/5 step 50/360: policy 0.00s, stepping env
    [frozen_flower] chain 41/200 task 2/5 success at step 71
    [frozen_flower] chain 41/200 task 2/5 success: 71 steps, 3.2s
    [frozen_flower] chain 41/200 task 3/5 start: lift_pink_block_slider | instruction: lift the pink block from the sliding cabinet
    [frozen_flower] chain 41/200 task 3/5 step 1/360: running policy
    [frozen_flower] chain 41/200 task 3/5 step 1/360: policy 0.26s, stepping env
    [frozen_flower] chain 41/200 task 3/5 step 25/360: running policy
    [frozen_flower] chain 41/200 task 3/5 step 25/360: policy 0.00s, stepping env
    [frozen_flower] chain 41/200 task 3/5 step 50/360: running policy
    [frozen_flower] chain 41/200 task 3/5 step 50/360: policy 0.00s, stepping env
    [frozen_flower] chain 41/200 task 3/5 step 75/360: running policy
    [frozen_flower] chain 41/200 task 3/5 step 75/360: policy 0.00s, stepping env
    [frozen_flower] chain 41/200 task 3/5 success at step 90
    [frozen_flower] chain 41/200 task 3/5 success: 90 steps, 3.7s
    [frozen_flower] chain 41/200 task 4/5 start: place_in_slider | instruction: store the grasped block in the sliding cabinet
    [frozen_flower] chain 41/200 task 4/5 step 1/360: running policy
    [frozen_flower] chain 41/200 task 4/5 step 1/360: policy 0.27s, stepping env
    [frozen_flower] chain 41/200 task 4/5 success at step 7
    [frozen_flower] chain 41/200 task 4/5 success: 7 steps, 0.4s
    [frozen_flower] chain 41/200 task 5/5 start: turn_off_lightbulb | instruction: use the switch to turn off the light bulb
    [frozen_flower] chain 41/200 task 5/5 step 1/360: running policy
    [frozen_flower] chain 41/200 task 5/5 step 1/360: policy 0.26s, stepping env
    [frozen_flower] chain 41/200 task 5/5 step 25/360: running policy
    [frozen_flower] chain 41/200 task 5/5 step 25/360: policy 0.00s, stepping env
    [frozen_flower] chain 41/200 task 5/5 step 50/360: running policy
    [frozen_flower] chain 41/200 task 5/5 step 50/360: policy 0.00s, stepping env
    [frozen_flower] chain 41/200 task 5/5 step 75/360: running policy
    [frozen_flower] chain 41/200 task 5/5 step 75/360: policy 0.00s, stepping env
    [frozen_flower] chain 41/200 task 5/5 success at step 75
    [frozen_flower] chain 41/200 task 5/5 success: 75 steps, 3.4s
    [frozen_flower] chain 42/200 start: ['lift_red_block_table', 'place_in_slider', 'turn_off_lightbulb', 'move_slider_left', 'open_drawer']
    [frozen_flower] chain 42/200 instructions: ['grasp and lift the red block', 'store the grasped block in the sliding cabinet', 'use the switch to turn off the light bulb', 'push the sliding door to the left side', 'pull the handle to open the drawer']
    [frozen_flower] chain 42/200 task 1/5 start: lift_red_block_table | instruction: grasp and lift the red block
    [frozen_flower] chain 42/200 task 1/5 step 1/360: running policy
    [frozen_flower] chain 42/200 task 1/5 step 1/360: policy 0.27s, stepping env
    [frozen_flower] chain 42/200 task 1/5 step 25/360: running policy
    [frozen_flower] chain 42/200 task 1/5 step 25/360: policy 0.01s, stepping env
    [frozen_flower] chain 42/200 task 1/5 step 50/360: running policy
    [frozen_flower] chain 42/200 task 1/5 step 50/360: policy 0.00s, stepping env
    [frozen_flower] chain 42/200 task 1/5 success at step 53
    [frozen_flower] chain 42/200 task 1/5 success: 53 steps, 2.5s
    [frozen_flower] chain 42/200 task 2/5 start: place_in_slider | instruction: store the grasped block in the sliding cabinet
    [frozen_flower] chain 42/200 task 2/5 step 1/360: running policy
    [frozen_flower] chain 42/200 task 2/5 step 1/360: policy 0.25s, stepping env
    [frozen_flower] chain 42/200 task 2/5 step 25/360: running policy
    [frozen_flower] chain 42/200 task 2/5 step 25/360: policy 0.00s, stepping env
    [frozen_flower] chain 42/200 task 2/5 step 50/360: running policy
    [frozen_flower] chain 42/200 task 2/5 step 50/360: policy 0.00s, stepping env
    [frozen_flower] chain 42/200 task 2/5 step 75/360: running policy
    [frozen_flower] chain 42/200 task 2/5 step 75/360: policy 0.01s, stepping env
    [frozen_flower] chain 42/200 task 2/5 success at step 84
    [frozen_flower] chain 42/200 task 2/5 success: 84 steps, 4.3s
    [frozen_flower] chain 42/200 task 3/5 start: turn_off_lightbulb | instruction: use the switch to turn off the light bulb
    [frozen_flower] chain 42/200 task 3/5 step 1/360: running policy
    [frozen_flower] chain 42/200 task 3/5 step 1/360: policy 0.28s, stepping env
    [frozen_flower] chain 42/200 task 3/5 step 25/360: running policy
    [frozen_flower] chain 42/200 task 3/5 step 25/360: policy 0.00s, stepping env
    [frozen_flower] chain 42/200 task 3/5 step 50/360: running policy
    [frozen_flower] chain 42/200 task 3/5 step 50/360: policy 0.01s, stepping env
    [frozen_flower] chain 42/200 task 3/5 step 75/360: running policy
    [frozen_flower] chain 42/200 task 3/5 step 75/360: policy 0.01s, stepping env
    [frozen_flower] chain 42/200 task 3/5 step 100/360: running policy
    [frozen_flower] chain 42/200 task 3/5 step 100/360: policy 0.01s, stepping env
    [frozen_flower] chain 42/200 task 3/5 step 125/360: running policy
    [frozen_flower] chain 42/200 task 3/5 step 125/360: policy 0.01s, stepping env
    [frozen_flower] chain 42/200 task 3/5 step 150/360: running policy
    [frozen_flower] chain 42/200 task 3/5 step 150/360: policy 0.01s, stepping env
    [frozen_flower] chain 42/200 task 3/5 step 175/360: running policy
    [frozen_flower] chain 42/200 task 3/5 step 175/360: policy 0.01s, stepping env
    [frozen_flower] chain 42/200 task 3/5 step 200/360: running policy
    [frozen_flower] chain 42/200 task 3/5 step 200/360: policy 0.01s, stepping env
    [frozen_flower] chain 42/200 task 3/5 step 225/360: running policy
    [frozen_flower] chain 42/200 task 3/5 step 225/360: policy 0.01s, stepping env
    [frozen_flower] chain 42/200 task 3/5 step 250/360: running policy
    [frozen_flower] chain 42/200 task 3/5 step 250/360: policy 0.00s, stepping env
    [frozen_flower] chain 42/200 task 3/5 step 275/360: running policy
    [frozen_flower] chain 42/200 task 3/5 step 275/360: policy 0.00s, stepping env
    [frozen_flower] chain 42/200 task 3/5 step 300/360: running policy
    [frozen_flower] chain 42/200 task 3/5 step 300/360: policy 0.01s, stepping env
    [frozen_flower] chain 42/200 task 3/5 step 325/360: running policy
    [frozen_flower] chain 42/200 task 3/5 step 325/360: policy 0.01s, stepping env
    [frozen_flower] chain 42/200 task 3/5 step 350/360: running policy
    [frozen_flower] chain 42/200 task 3/5 step 350/360: policy 0.01s, stepping env
    [frozen_flower] chain 42/200 task 3/5 success at step 355
    [frozen_flower] chain 42/200 task 3/5 success: 355 steps, 17.9s
    [frozen_flower] chain 42/200 task 4/5 start: move_slider_left | instruction: push the sliding door to the left side
    [frozen_flower] chain 42/200 task 4/5 step 1/360: running policy
    [frozen_flower] chain 42/200 task 4/5 step 1/360: policy 0.27s, stepping env
    [frozen_flower] chain 42/200 task 4/5 step 25/360: running policy
    [frozen_flower] chain 42/200 task 4/5 step 25/360: policy 0.00s, stepping env
    [frozen_flower] chain 42/200 task 4/5 step 50/360: running policy
    [frozen_flower] chain 42/200 task 4/5 step 50/360: policy 0.02s, stepping env
    [frozen_flower] chain 42/200 task 4/5 step 75/360: running policy
    [frozen_flower] chain 42/200 task 4/5 step 75/360: policy 0.01s, stepping env
    [frozen_flower] chain 42/200 task 4/5 step 100/360: running policy
    [frozen_flower] chain 42/200 task 4/5 step 100/360: policy 0.00s, stepping env
    [frozen_flower] chain 42/200 task 4/5 step 125/360: running policy
    [frozen_flower] chain 42/200 task 4/5 step 125/360: policy 0.00s, stepping env
    [frozen_flower] chain 42/200 task 4/5 step 150/360: running policy
    [frozen_flower] chain 42/200 task 4/5 step 150/360: policy 0.01s, stepping env
    [frozen_flower] chain 42/200 task 4/5 step 175/360: running policy
    [frozen_flower] chain 42/200 task 4/5 step 175/360: policy 0.01s, stepping env
    [frozen_flower] chain 42/200 task 4/5 step 200/360: running policy
    [frozen_flower] chain 42/200 task 4/5 step 200/360: policy 0.01s, stepping env
    [frozen_flower] chain 42/200 task 4/5 step 225/360: running policy
    [frozen_flower] chain 42/200 task 4/5 step 225/360: policy 0.00s, stepping env
    [frozen_flower] chain 42/200 task 4/5 step 250/360: running policy
    [frozen_flower] chain 42/200 task 4/5 step 250/360: policy 0.00s, stepping env
    [frozen_flower] chain 42/200 task 4/5 step 275/360: running policy
    [frozen_flower] chain 42/200 task 4/5 step 275/360: policy 0.00s, stepping env
    [frozen_flower] chain 42/200 task 4/5 step 300/360: running policy
    [frozen_flower] chain 42/200 task 4/5 step 300/360: policy 0.00s, stepping env
    [frozen_flower] chain 42/200 task 4/5 step 325/360: running policy
    [frozen_flower] chain 42/200 task 4/5 step 325/360: policy 0.00s, stepping env
    [frozen_flower] chain 42/200 task 4/5 step 350/360: running policy
    [frozen_flower] chain 42/200 task 4/5 step 350/360: policy 0.00s, stepping env
    [frozen_flower] chain 42/200 task 4/5 failed: 360 steps, 16.3s
    [frozen_flower] chain 43/200 start: ['turn_on_lightbulb', 'rotate_pink_block_right', 'open_drawer', 'lift_pink_block_table', 'place_in_slider']
    [frozen_flower] chain 43/200 instructions: ['use the switch to turn on the light bulb', 'take the pink block and rotate it to the right', 'pull the handle to open the drawer', 'grasp and lift the pink block', 'store the grasped block in the sliding cabinet']
    [frozen_flower] chain 43/200 task 1/5 start: turn_on_lightbulb | instruction: use the switch to turn on the light bulb
    [frozen_flower] chain 43/200 task 1/5 step 1/360: running policy
    [frozen_flower] chain 43/200 task 1/5 step 1/360: policy 0.25s, stepping env
    [frozen_flower] chain 43/200 task 1/5 step 25/360: running policy
    [frozen_flower] chain 43/200 task 1/5 step 25/360: policy 0.00s, stepping env
    [frozen_flower] chain 43/200 task 1/5 step 50/360: running policy
    [frozen_flower] chain 43/200 task 1/5 step 50/360: policy 0.00s, stepping env
    [frozen_flower] chain 43/200 task 1/5 success at step 57
    [frozen_flower] chain 43/200 task 1/5 success: 57 steps, 2.5s
    [frozen_flower] chain 43/200 task 2/5 start: rotate_pink_block_right | instruction: take the pink block and rotate it to the right
    [frozen_flower] chain 43/200 task 2/5 step 1/360: running policy
    [frozen_flower] chain 43/200 task 2/5 step 1/360: policy 0.26s, stepping env
    [frozen_flower] chain 43/200 task 2/5 step 25/360: running policy
    [frozen_flower] chain 43/200 task 2/5 step 25/360: policy 0.00s, stepping env
    [frozen_flower] chain 43/200 task 2/5 step 50/360: running policy
    [frozen_flower] chain 43/200 task 2/5 step 50/360: policy 0.00s, stepping env
    [frozen_flower] chain 43/200 task 2/5 step 75/360: running policy
    [frozen_flower] chain 43/200 task 2/5 step 75/360: policy 0.00s, stepping env
    [frozen_flower] chain 43/200 task 2/5 success at step 84
    [frozen_flower] chain 43/200 task 2/5 success: 84 steps, 3.7s
    [frozen_flower] chain 43/200 task 3/5 start: open_drawer | instruction: pull the handle to open the drawer
    [frozen_flower] chain 43/200 task 3/5 step 1/360: running policy
    [frozen_flower] chain 43/200 task 3/5 step 1/360: policy 0.26s, stepping env
    [frozen_flower] chain 43/200 task 3/5 step 25/360: running policy
    [frozen_flower] chain 43/200 task 3/5 step 25/360: policy 0.00s, stepping env
    [frozen_flower] chain 43/200 task 3/5 step 50/360: running policy
    [frozen_flower] chain 43/200 task 3/5 step 50/360: policy 0.00s, stepping env
    [frozen_flower] chain 43/200 task 3/5 step 75/360: running policy
    [frozen_flower] chain 43/200 task 3/5 step 75/360: policy 0.00s, stepping env
    [frozen_flower] chain 43/200 task 3/5 success at step 75
    [frozen_flower] chain 43/200 task 3/5 success: 75 steps, 3.1s
    [frozen_flower] chain 43/200 task 4/5 start: lift_pink_block_table | instruction: grasp and lift the pink block
    [frozen_flower] chain 43/200 task 4/5 step 1/360: running policy
    [frozen_flower] chain 43/200 task 4/5 step 1/360: policy 0.24s, stepping env
    [frozen_flower] chain 43/200 task 4/5 step 25/360: running policy
    [frozen_flower] chain 43/200 task 4/5 step 25/360: policy 0.00s, stepping env
    [frozen_flower] chain 43/200 task 4/5 step 50/360: running policy
    [frozen_flower] chain 43/200 task 4/5 step 50/360: policy 0.00s, stepping env
    [frozen_flower] chain 43/200 task 4/5 step 75/360: running policy
    [frozen_flower] chain 43/200 task 4/5 step 75/360: policy 0.00s, stepping env
    [frozen_flower] chain 43/200 task 4/5 step 100/360: running policy
    [frozen_flower] chain 43/200 task 4/5 step 100/360: policy 0.00s, stepping env
    [frozen_flower] chain 43/200 task 4/5 step 125/360: running policy
    [frozen_flower] chain 43/200 task 4/5 step 125/360: policy 0.01s, stepping env
    [frozen_flower] chain 43/200 task 4/5 step 150/360: running policy
    [frozen_flower] chain 43/200 task 4/5 step 150/360: policy 0.01s, stepping env
    [frozen_flower] chain 43/200 task 4/5 step 175/360: running policy
    [frozen_flower] chain 43/200 task 4/5 step 175/360: policy 0.00s, stepping env
    [frozen_flower] chain 43/200 task 4/5 step 200/360: running policy
    [frozen_flower] chain 43/200 task 4/5 step 200/360: policy 0.00s, stepping env
    [frozen_flower] chain 43/200 task 4/5 success at step 224
    [frozen_flower] chain 43/200 task 4/5 success: 224 steps, 9.4s
    [frozen_flower] chain 43/200 task 5/5 start: place_in_slider | instruction: store the grasped block in the sliding cabinet
    [frozen_flower] chain 43/200 task 5/5 step 1/360: running policy
    [frozen_flower] chain 43/200 task 5/5 step 1/360: policy 0.25s, stepping env
    [frozen_flower] chain 43/200 task 5/5 success at step 23
    [frozen_flower] chain 43/200 task 5/5 success: 23 steps, 1.2s
    [frozen_flower] chain 44/200 start: ['push_red_block_right', 'push_into_drawer', 'lift_pink_block_slider', 'place_in_drawer', 'close_drawer']
    [frozen_flower] chain 44/200 instructions: ['go push the red block right', 'slide the block that it falls into the drawer', 'lift the pink block from the sliding cabinet', 'store the grasped block in the drawer', 'push the handle to close the drawer']
    [frozen_flower] chain 44/200 task 1/5 start: push_red_block_right | instruction: go push the red block right
    [frozen_flower] chain 44/200 task 1/5 step 1/360: running policy
    [frozen_flower] chain 44/200 task 1/5 step 1/360: policy 0.27s, stepping env
    [frozen_flower] chain 44/200 task 1/5 step 25/360: running policy
    [frozen_flower] chain 44/200 task 1/5 step 25/360: policy 0.00s, stepping env
    [frozen_flower] chain 44/200 task 1/5 success at step 43
    [frozen_flower] chain 44/200 task 1/5 success: 43 steps, 2.1s
    [frozen_flower] chain 44/200 task 2/5 start: push_into_drawer | instruction: slide the block that it falls into the drawer
    [frozen_flower] chain 44/200 task 2/5 step 1/360: running policy
    [frozen_flower] chain 44/200 task 2/5 step 1/360: policy 0.27s, stepping env
    [frozen_flower] chain 44/200 task 2/5 step 25/360: running policy
    [frozen_flower] chain 44/200 task 2/5 step 25/360: policy 0.00s, stepping env
    [frozen_flower] chain 44/200 task 2/5 step 50/360: running policy
    [frozen_flower] chain 44/200 task 2/5 step 50/360: policy 0.00s, stepping env
    [frozen_flower] chain 44/200 task 2/5 step 75/360: running policy
    [frozen_flower] chain 44/200 task 2/5 step 75/360: policy 0.00s, stepping env
    [frozen_flower] chain 44/200 task 2/5 step 100/360: running policy
    [frozen_flower] chain 44/200 task 2/5 step 100/360: policy 0.00s, stepping env
    [frozen_flower] chain 44/200 task 2/5 step 125/360: running policy
    [frozen_flower] chain 44/200 task 2/5 step 125/360: policy 0.00s, stepping env
    [frozen_flower] chain 44/200 task 2/5 step 150/360: running policy
    [frozen_flower] chain 44/200 task 2/5 step 150/360: policy 0.00s, stepping env
    [frozen_flower] chain 44/200 task 2/5 step 175/360: running policy
    [frozen_flower] chain 44/200 task 2/5 step 175/360: policy 0.01s, stepping env
    [frozen_flower] chain 44/200 task 2/5 step 200/360: running policy
    [frozen_flower] chain 44/200 task 2/5 step 200/360: policy 0.00s, stepping env
    [frozen_flower] chain 44/200 task 2/5 step 225/360: running policy
    [frozen_flower] chain 44/200 task 2/5 step 225/360: policy 0.00s, stepping env
    [frozen_flower] chain 44/200 task 2/5 step 250/360: running policy
    [frozen_flower] chain 44/200 task 2/5 step 250/360: policy 0.00s, stepping env
    [frozen_flower] chain 44/200 task 2/5 step 275/360: running policy
    [frozen_flower] chain 44/200 task 2/5 step 275/360: policy 0.00s, stepping env
    [frozen_flower] chain 44/200 task 2/5 step 300/360: running policy
    [frozen_flower] chain 44/200 task 2/5 step 300/360: policy 0.00s, stepping env
    [frozen_flower] chain 44/200 task 2/5 step 325/360: running policy
    [frozen_flower] chain 44/200 task 2/5 step 325/360: policy 0.01s, stepping env
    [frozen_flower] chain 44/200 task 2/5 step 350/360: running policy
    [frozen_flower] chain 44/200 task 2/5 step 350/360: policy 0.01s, stepping env
    [frozen_flower] chain 44/200 task 2/5 failed: 360 steps, 15.9s
    [frozen_flower] chain 45/200 start: ['turn_on_lightbulb', 'push_red_block_left', 'lift_pink_block_slider', 'place_in_slider', 'close_drawer']
    [frozen_flower] chain 45/200 instructions: ['use the switch to turn on the light bulb', 'go push the red block left', 'lift the pink block from the sliding cabinet', 'store the grasped block in the sliding cabinet', 'push the handle to close the drawer']
    [frozen_flower] chain 45/200 task 1/5 start: turn_on_lightbulb | instruction: use the switch to turn on the light bulb
    [frozen_flower] chain 45/200 task 1/5 step 1/360: running policy
    [frozen_flower] chain 45/200 task 1/5 step 1/360: policy 0.27s, stepping env
    [frozen_flower] chain 45/200 task 1/5 step 25/360: running policy
    [frozen_flower] chain 45/200 task 1/5 step 25/360: policy 0.00s, stepping env
    [frozen_flower] chain 45/200 task 1/5 success at step 42
    [frozen_flower] chain 45/200 task 1/5 success: 42 steps, 2.0s
    [frozen_flower] chain 45/200 task 2/5 start: push_red_block_left | instruction: go push the red block left
    [frozen_flower] chain 45/200 task 2/5 step 1/360: running policy
    [frozen_flower] chain 45/200 task 2/5 step 1/360: policy 0.27s, stepping env
    [frozen_flower] chain 45/200 task 2/5 step 25/360: running policy
    [frozen_flower] chain 45/200 task 2/5 step 25/360: policy 0.01s, stepping env
    [frozen_flower] chain 45/200 task 2/5 step 50/360: running policy
    [frozen_flower] chain 45/200 task 2/5 step 50/360: policy 0.00s, stepping env
    [frozen_flower] chain 45/200 task 2/5 success at step 72
    [frozen_flower] chain 45/200 task 2/5 success: 72 steps, 3.5s
    [frozen_flower] chain 45/200 task 3/5 start: lift_pink_block_slider | instruction: lift the pink block from the sliding cabinet
    [frozen_flower] chain 45/200 task 3/5 step 1/360: running policy
    [frozen_flower] chain 45/200 task 3/5 step 1/360: policy 0.27s, stepping env
    [frozen_flower] chain 45/200 task 3/5 step 25/360: running policy
    [frozen_flower] chain 45/200 task 3/5 step 25/360: policy 0.01s, stepping env
    [frozen_flower] chain 45/200 task 3/5 step 50/360: running policy
    [frozen_flower] chain 45/200 task 3/5 step 50/360: policy 0.00s, stepping env
    [frozen_flower] chain 45/200 task 3/5 success at step 71
    [frozen_flower] chain 45/200 task 3/5 success: 71 steps, 3.6s
    [frozen_flower] chain 45/200 task 4/5 start: place_in_slider | instruction: store the grasped block in the sliding cabinet
    [frozen_flower] chain 45/200 task 4/5 step 1/360: running policy
    [frozen_flower] chain 45/200 task 4/5 step 1/360: policy 0.29s, stepping env
    [frozen_flower] chain 45/200 task 4/5 success at step 18
    [frozen_flower] chain 45/200 task 4/5 success: 18 steps, 0.9s
    [frozen_flower] chain 45/200 task 5/5 start: close_drawer | instruction: push the handle to close the drawer
    [frozen_flower] chain 45/200 task 5/5 step 1/360: running policy
    [frozen_flower] chain 45/200 task 5/5 step 1/360: policy 0.28s, stepping env
    [frozen_flower] chain 45/200 task 5/5 step 25/360: running policy
    [frozen_flower] chain 45/200 task 5/5 step 25/360: policy 0.01s, stepping env
    [frozen_flower] chain 45/200 task 5/5 step 50/360: running policy
    [frozen_flower] chain 45/200 task 5/5 step 50/360: policy 0.01s, stepping env
    [frozen_flower] chain 45/200 task 5/5 step 75/360: running policy
    [frozen_flower] chain 45/200 task 5/5 step 75/360: policy 0.01s, stepping env
    [frozen_flower] chain 45/200 task 5/5 success at step 83
    [frozen_flower] chain 45/200 task 5/5 success: 83 steps, 4.1s
    [frozen_flower] chain 46/200 start: ['move_slider_right', 'open_drawer', 'turn_on_lightbulb', 'rotate_pink_block_right', 'lift_blue_block_slider']
    [frozen_flower] chain 46/200 instructions: ['push the sliding door to the right side', 'pull the handle to open the drawer', 'use the switch to turn on the light bulb', 'take the pink block and rotate it to the right', 'lift the blue block from the sliding cabinet']
    [frozen_flower] chain 46/200 task 1/5 start: move_slider_right | instruction: push the sliding door to the right side
    [frozen_flower] chain 46/200 task 1/5 step 1/360: running policy
    [frozen_flower] chain 46/200 task 1/5 step 1/360: policy 0.30s, stepping env
    [frozen_flower] chain 46/200 task 1/5 step 25/360: running policy
    [frozen_flower] chain 46/200 task 1/5 step 25/360: policy 0.01s, stepping env
    [frozen_flower] chain 46/200 task 1/5 step 50/360: running policy
    [frozen_flower] chain 46/200 task 1/5 step 50/360: policy 0.01s, stepping env
    [frozen_flower] chain 46/200 task 1/5 success at step 62
    [frozen_flower] chain 46/200 task 1/5 success: 62 steps, 3.2s
    [frozen_flower] chain 46/200 task 2/5 start: open_drawer | instruction: pull the handle to open the drawer
    [frozen_flower] chain 46/200 task 2/5 step 1/360: running policy
    [frozen_flower] chain 46/200 task 2/5 step 1/360: policy 0.28s, stepping env
    [frozen_flower] chain 46/200 task 2/5 step 25/360: running policy
    [frozen_flower] chain 46/200 task 2/5 step 25/360: policy 0.01s, stepping env
    [frozen_flower] chain 46/200 task 2/5 step 50/360: running policy
    [frozen_flower] chain 46/200 task 2/5 step 50/360: policy 0.01s, stepping env
    [frozen_flower] chain 46/200 task 2/5 step 75/360: running policy
    [frozen_flower] chain 46/200 task 2/5 step 75/360: policy 0.00s, stepping env
    [frozen_flower] chain 46/200 task 2/5 success at step 79
    [frozen_flower] chain 46/200 task 2/5 success: 79 steps, 3.8s
    [frozen_flower] chain 46/200 task 3/5 start: turn_on_lightbulb | instruction: use the switch to turn on the light bulb
    [frozen_flower] chain 46/200 task 3/5 step 1/360: running policy
    [frozen_flower] chain 46/200 task 3/5 step 1/360: policy 0.29s, stepping env
    [frozen_flower] chain 46/200 task 3/5 step 25/360: running policy
    [frozen_flower] chain 46/200 task 3/5 step 25/360: policy 0.01s, stepping env
    [frozen_flower] chain 46/200 task 3/5 step 50/360: running policy
    [frozen_flower] chain 46/200 task 3/5 step 50/360: policy 0.01s, stepping env
    [frozen_flower] chain 46/200 task 3/5 step 75/360: running policy
    [frozen_flower] chain 46/200 task 3/5 step 75/360: policy 0.01s, stepping env
    [frozen_flower] chain 46/200 task 3/5 success at step 83
    [frozen_flower] chain 46/200 task 3/5 success: 83 steps, 4.2s
    [frozen_flower] chain 46/200 task 4/5 start: rotate_pink_block_right | instruction: take the pink block and rotate it to the right
    [frozen_flower] chain 46/200 task 4/5 step 1/360: running policy
    [frozen_flower] chain 46/200 task 4/5 step 1/360: policy 0.27s, stepping env
    [frozen_flower] chain 46/200 task 4/5 step 25/360: running policy
    [frozen_flower] chain 46/200 task 4/5 step 25/360: policy 0.01s, stepping env
    [frozen_flower] chain 46/200 task 4/5 step 50/360: running policy
    [frozen_flower] chain 46/200 task 4/5 step 50/360: policy 0.01s, stepping env
    [frozen_flower] chain 46/200 task 4/5 step 75/360: running policy
    [frozen_flower] chain 46/200 task 4/5 step 75/360: policy 0.01s, stepping env
    [frozen_flower] chain 46/200 task 4/5 success at step 81
    [frozen_flower] chain 46/200 task 4/5 success: 81 steps, 4.4s
    [frozen_flower] chain 46/200 task 5/5 start: lift_blue_block_slider | instruction: lift the blue block from the sliding cabinet
    [frozen_flower] chain 46/200 task 5/5 step 1/360: running policy
    [frozen_flower] chain 46/200 task 5/5 step 1/360: policy 0.31s, stepping env
    [frozen_flower] chain 46/200 task 5/5 step 25/360: running policy
    [frozen_flower] chain 46/200 task 5/5 step 25/360: policy 0.01s, stepping env
    [frozen_flower] chain 46/200 task 5/5 step 50/360: running policy
    [frozen_flower] chain 46/200 task 5/5 step 50/360: policy 0.01s, stepping env
    [frozen_flower] chain 46/200 task 5/5 step 75/360: running policy
    [frozen_flower] chain 46/200 task 5/5 step 75/360: policy 0.02s, stepping env
    [frozen_flower] chain 46/200 task 5/5 success at step 99
    [frozen_flower] chain 46/200 task 5/5 success: 99 steps, 4.9s
    [frozen_flower] chain 47/200 start: ['rotate_pink_block_right', 'lift_red_block_table', 'stack_block', 'move_slider_left', 'turn_on_lightbulb']
    [frozen_flower] chain 47/200 instructions: ['take the pink block and rotate it to the right', 'grasp and lift the red block', 'stack the grasped block', 'push the sliding door to the left side', 'use the switch to turn on the light bulb']
    [frozen_flower] chain 47/200 task 1/5 start: rotate_pink_block_right | instruction: take the pink block and rotate it to the right
    [frozen_flower] chain 47/200 task 1/5 step 1/360: running policy
    [frozen_flower] chain 47/200 task 1/5 step 1/360: policy 0.31s, stepping env
    [frozen_flower] chain 47/200 task 1/5 step 25/360: running policy
    [frozen_flower] chain 47/200 task 1/5 step 25/360: policy 0.01s, stepping env
    [frozen_flower] chain 47/200 task 1/5 step 50/360: running policy
    [frozen_flower] chain 47/200 task 1/5 step 50/360: policy 0.01s, stepping env
    [frozen_flower] chain 47/200 task 1/5 step 75/360: running policy
    [frozen_flower] chain 47/200 task 1/5 step 75/360: policy 0.01s, stepping env
    [frozen_flower] chain 47/200 task 1/5 step 100/360: running policy
    [frozen_flower] chain 47/200 task 1/5 step 100/360: policy 0.01s, stepping env
    [frozen_flower] chain 47/200 task 1/5 step 125/360: running policy
    [frozen_flower] chain 47/200 task 1/5 step 125/360: policy 0.01s, stepping env
    [frozen_flower] chain 47/200 task 1/5 success at step 143
    [frozen_flower] chain 47/200 task 1/5 success: 143 steps, 7.7s
    [frozen_flower] chain 47/200 task 2/5 start: lift_red_block_table | instruction: grasp and lift the red block
    [frozen_flower] chain 47/200 task 2/5 step 1/360: running policy
    [frozen_flower] chain 47/200 task 2/5 step 1/360: policy 0.30s, stepping env
    [frozen_flower] chain 47/200 task 2/5 step 25/360: running policy
    [frozen_flower] chain 47/200 task 2/5 step 25/360: policy 0.01s, stepping env
    [frozen_flower] chain 47/200 task 2/5 step 50/360: running policy
    [frozen_flower] chain 47/200 task 2/5 step 50/360: policy 0.01s, stepping env
    [frozen_flower] chain 47/200 task 2/5 success at step 68
    [frozen_flower] chain 47/200 task 2/5 success: 68 steps, 3.7s
    [frozen_flower] chain 47/200 task 3/5 start: stack_block | instruction: stack the grasped block
    [frozen_flower] chain 47/200 task 3/5 step 1/360: running policy
    [frozen_flower] chain 47/200 task 3/5 step 1/360: policy 0.31s, stepping env
    [frozen_flower] chain 47/200 task 3/5 step 25/360: running policy
    [frozen_flower] chain 47/200 task 3/5 step 25/360: policy 0.00s, stepping env
    [frozen_flower] chain 47/200 task 3/5 success at step 31
    [frozen_flower] chain 47/200 task 3/5 success: 31 steps, 1.6s
    [frozen_flower] chain 47/200 task 4/5 start: move_slider_left | instruction: push the sliding door to the left side
    [frozen_flower] chain 47/200 task 4/5 step 1/360: running policy
    [frozen_flower] chain 47/200 task 4/5 step 1/360: policy 0.24s, stepping env
    [frozen_flower] chain 47/200 task 4/5 step 25/360: running policy
    [frozen_flower] chain 47/200 task 4/5 step 25/360: policy 0.00s, stepping env
    [frozen_flower] chain 47/200 task 4/5 step 50/360: running policy
    [frozen_flower] chain 47/200 task 4/5 step 50/360: policy 0.02s, stepping env
    [frozen_flower] chain 47/200 task 4/5 success at step 54
    [frozen_flower] chain 47/200 task 4/5 success: 54 steps, 2.3s
    [frozen_flower] chain 47/200 task 5/5 start: turn_on_lightbulb | instruction: use the switch to turn on the light bulb
    [frozen_flower] chain 47/200 task 5/5 step 1/360: running policy
    [frozen_flower] chain 47/200 task 5/5 step 1/360: policy 0.24s, stepping env
    [frozen_flower] chain 47/200 task 5/5 step 25/360: running policy
    [frozen_flower] chain 47/200 task 5/5 step 25/360: policy 0.00s, stepping env
    [frozen_flower] chain 47/200 task 5/5 step 50/360: running policy
    [frozen_flower] chain 47/200 task 5/5 step 50/360: policy 0.00s, stepping env
    [frozen_flower] chain 47/200 task 5/5 success at step 58
    [frozen_flower] chain 47/200 task 5/5 success: 58 steps, 2.3s
    [frozen_flower] chain 48/200 start: ['rotate_red_block_right', 'lift_blue_block_slider', 'stack_block', 'unstack_block', 'turn_off_lightbulb']
    [frozen_flower] chain 48/200 instructions: ['take the red block and rotate it to the right', 'lift the blue block from the sliding cabinet', 'stack the grasped block', 'remove the stacked block', 'use the switch to turn off the light bulb']
    [frozen_flower] chain 48/200 task 1/5 start: rotate_red_block_right | instruction: take the red block and rotate it to the right
    [frozen_flower] chain 48/200 task 1/5 step 1/360: running policy
    [frozen_flower] chain 48/200 task 1/5 step 1/360: policy 0.24s, stepping env
    [frozen_flower] chain 48/200 task 1/5 step 25/360: running policy
    [frozen_flower] chain 48/200 task 1/5 step 25/360: policy 0.00s, stepping env
    [frozen_flower] chain 48/200 task 1/5 step 50/360: running policy
    [frozen_flower] chain 48/200 task 1/5 step 50/360: policy 0.00s, stepping env
    [frozen_flower] chain 48/200 task 1/5 success at step 68
    [frozen_flower] chain 48/200 task 1/5 success: 68 steps, 2.8s
    [frozen_flower] chain 48/200 task 2/5 start: lift_blue_block_slider | instruction: lift the blue block from the sliding cabinet
    [frozen_flower] chain 48/200 task 2/5 step 1/360: running policy
    [frozen_flower] chain 48/200 task 2/5 step 1/360: policy 0.24s, stepping env
    [frozen_flower] chain 48/200 task 2/5 step 25/360: running policy
    [frozen_flower] chain 48/200 task 2/5 step 25/360: policy 0.00s, stepping env
    [frozen_flower] chain 48/200 task 2/5 step 50/360: running policy
    [frozen_flower] chain 48/200 task 2/5 step 50/360: policy 0.00s, stepping env
    [frozen_flower] chain 48/200 task 2/5 step 75/360: running policy
    [frozen_flower] chain 48/200 task 2/5 step 75/360: policy 0.00s, stepping env
    [frozen_flower] chain 48/200 task 2/5 success at step 76
    [frozen_flower] chain 48/200 task 2/5 success: 76 steps, 3.3s
    [frozen_flower] chain 48/200 task 3/5 start: stack_block | instruction: stack the grasped block
    [frozen_flower] chain 48/200 task 3/5 step 1/360: running policy
    [frozen_flower] chain 48/200 task 3/5 step 1/360: policy 0.26s, stepping env
    [frozen_flower] chain 48/200 task 3/5 step 25/360: running policy
    [frozen_flower] chain 48/200 task 3/5 step 25/360: policy 0.01s, stepping env
    [frozen_flower] chain 48/200 task 3/5 step 50/360: running policy
    [frozen_flower] chain 48/200 task 3/5 step 50/360: policy 0.00s, stepping env
    [frozen_flower] chain 48/200 task 3/5 success at step 60
    [frozen_flower] chain 48/200 task 3/5 success: 60 steps, 2.7s
    [frozen_flower] chain 48/200 task 4/5 start: unstack_block | instruction: remove the stacked block
    [frozen_flower] chain 48/200 task 4/5 step 1/360: running policy
    [frozen_flower] chain 48/200 task 4/5 step 1/360: policy 0.26s, stepping env
    [frozen_flower] chain 48/200 task 4/5 step 25/360: running policy
    [frozen_flower] chain 48/200 task 4/5 step 25/360: policy 0.00s, stepping env
    [frozen_flower] chain 48/200 task 4/5 success at step 36
    [frozen_flower] chain 48/200 task 4/5 success: 36 steps, 1.6s
    [frozen_flower] chain 48/200 task 5/5 start: turn_off_lightbulb | instruction: use the switch to turn off the light bulb
    [frozen_flower] chain 48/200 task 5/5 step 1/360: running policy
    [frozen_flower] chain 48/200 task 5/5 step 1/360: policy 0.24s, stepping env
    [frozen_flower] chain 48/200 task 5/5 step 25/360: running policy
    [frozen_flower] chain 48/200 task 5/5 step 25/360: policy 0.00s, stepping env
    [frozen_flower] chain 48/200 task 5/5 step 50/360: running policy
    [frozen_flower] chain 48/200 task 5/5 step 50/360: policy 0.00s, stepping env
    [frozen_flower] chain 48/200 task 5/5 success at step 53
    [frozen_flower] chain 48/200 task 5/5 success: 53 steps, 2.1s
    [frozen_flower] chain 49/200 start: ['turn_on_lightbulb', 'push_red_block_right', 'move_slider_left', 'close_drawer', 'lift_blue_block_slider']
    [frozen_flower] chain 49/200 instructions: ['use the switch to turn on the light bulb', 'go push the red block right', 'push the sliding door to the left side', 'push the handle to close the drawer', 'lift the blue block from the sliding cabinet']
    [frozen_flower] chain 49/200 task 1/5 start: turn_on_lightbulb | instruction: use the switch to turn on the light bulb
    [frozen_flower] chain 49/200 task 1/5 step 1/360: running policy
    [frozen_flower] chain 49/200 task 1/5 step 1/360: policy 0.25s, stepping env
    [frozen_flower] chain 49/200 task 1/5 step 25/360: running policy
    [frozen_flower] chain 49/200 task 1/5 step 25/360: policy 0.00s, stepping env
    [frozen_flower] chain 49/200 task 1/5 success at step 44
    [frozen_flower] chain 49/200 task 1/5 success: 44 steps, 1.9s
    [frozen_flower] chain 49/200 task 2/5 start: push_red_block_right | instruction: go push the red block right
    [frozen_flower] chain 49/200 task 2/5 step 1/360: running policy
    [frozen_flower] chain 49/200 task 2/5 step 1/360: policy 0.25s, stepping env
    [frozen_flower] chain 49/200 task 2/5 step 25/360: running policy
    [frozen_flower] chain 49/200 task 2/5 step 25/360: policy 0.00s, stepping env
    [frozen_flower] chain 49/200 task 2/5 step 50/360: running policy
    [frozen_flower] chain 49/200 task 2/5 step 50/360: policy 0.00s, stepping env
    [frozen_flower] chain 49/200 task 2/5 step 75/360: running policy
    [frozen_flower] chain 49/200 task 2/5 step 75/360: policy 0.00s, stepping env
    [frozen_flower] chain 49/200 task 2/5 success at step 79
    [frozen_flower] chain 49/200 task 2/5 success: 79 steps, 3.2s
    [frozen_flower] chain 49/200 task 3/5 start: move_slider_left | instruction: push the sliding door to the left side
    [frozen_flower] chain 49/200 task 3/5 step 1/360: running policy
    [frozen_flower] chain 49/200 task 3/5 step 1/360: policy 0.24s, stepping env
    [frozen_flower] chain 49/200 task 3/5 step 25/360: running policy
    [frozen_flower] chain 49/200 task 3/5 step 25/360: policy 0.00s, stepping env
    [frozen_flower] chain 49/200 task 3/5 step 50/360: running policy
    [frozen_flower] chain 49/200 task 3/5 step 50/360: policy 0.00s, stepping env
    [frozen_flower] chain 49/200 task 3/5 step 75/360: running policy
    [frozen_flower] chain 49/200 task 3/5 step 75/360: policy 0.00s, stepping env
    [frozen_flower] chain 49/200 task 3/5 step 100/360: running policy
    [frozen_flower] chain 49/200 task 3/5 step 100/360: policy 0.00s, stepping env
    [frozen_flower] chain 49/200 task 3/5 success at step 106
    [frozen_flower] chain 49/200 task 3/5 success: 106 steps, 4.4s
    [frozen_flower] chain 49/200 task 4/5 start: close_drawer | instruction: push the handle to close the drawer
    [frozen_flower] chain 49/200 task 4/5 step 1/360: running policy
    [frozen_flower] chain 49/200 task 4/5 step 1/360: policy 0.27s, stepping env
    [frozen_flower] chain 49/200 task 4/5 step 25/360: running policy
    [frozen_flower] chain 49/200 task 4/5 step 25/360: policy 0.01s, stepping env
    [frozen_flower] chain 49/200 task 4/5 step 50/360: running policy
    [frozen_flower] chain 49/200 task 4/5 step 50/360: policy 0.00s, stepping env
    [frozen_flower] chain 49/200 task 4/5 step 75/360: running policy
    [frozen_flower] chain 49/200 task 4/5 step 75/360: policy 0.01s, stepping env
    [frozen_flower] chain 49/200 task 4/5 success at step 82
    [frozen_flower] chain 49/200 task 4/5 success: 82 steps, 3.9s
    [frozen_flower] chain 49/200 task 5/5 start: lift_blue_block_slider | instruction: lift the blue block from the sliding cabinet
    [frozen_flower] chain 49/200 task 5/5 step 1/360: running policy
    [frozen_flower] chain 49/200 task 5/5 step 1/360: policy 0.26s, stepping env
    [frozen_flower] chain 49/200 task 5/5 step 25/360: running policy
    [frozen_flower] chain 49/200 task 5/5 step 25/360: policy 0.00s, stepping env
    [frozen_flower] chain 49/200 task 5/5 step 50/360: running policy
    [frozen_flower] chain 49/200 task 5/5 step 50/360: policy 0.00s, stepping env
    [frozen_flower] chain 49/200 task 5/5 step 75/360: running policy
    [frozen_flower] chain 49/200 task 5/5 step 75/360: policy 0.01s, stepping env
    [frozen_flower] chain 49/200 task 5/5 step 100/360: running policy
    [frozen_flower] chain 49/200 task 5/5 step 100/360: policy 0.01s, stepping env
    [frozen_flower] chain 49/200 task 5/5 step 125/360: running policy
    [frozen_flower] chain 49/200 task 5/5 step 125/360: policy 0.01s, stepping env
    [frozen_flower] chain 49/200 task 5/5 step 150/360: running policy
    [frozen_flower] chain 49/200 task 5/5 step 150/360: policy 0.00s, stepping env
    [frozen_flower] chain 49/200 task 5/5 step 175/360: running policy
    [frozen_flower] chain 49/200 task 5/5 step 175/360: policy 0.01s, stepping env
    [frozen_flower] chain 49/200 task 5/5 step 200/360: running policy
    [frozen_flower] chain 49/200 task 5/5 step 200/360: policy 0.01s, stepping env
    [frozen_flower] chain 49/200 task 5/5 step 225/360: running policy
    [frozen_flower] chain 49/200 task 5/5 step 225/360: policy 0.01s, stepping env
    [frozen_flower] chain 49/200 task 5/5 step 250/360: running policy
    [frozen_flower] chain 49/200 task 5/5 step 250/360: policy 0.01s, stepping env
    [frozen_flower] chain 49/200 task 5/5 step 275/360: running policy
    [frozen_flower] chain 49/200 task 5/5 step 275/360: policy 0.00s, stepping env
    [frozen_flower] chain 49/200 task 5/5 step 300/360: running policy
    [frozen_flower] chain 49/200 task 5/5 step 300/360: policy 0.01s, stepping env
    [frozen_flower] chain 49/200 task 5/5 step 325/360: running policy
    [frozen_flower] chain 49/200 task 5/5 step 325/360: policy 0.01s, stepping env
    [frozen_flower] chain 49/200 task 5/5 step 350/360: running policy
    [frozen_flower] chain 49/200 task 5/5 step 350/360: policy 0.01s, stepping env
    [frozen_flower] chain 49/200 task 5/5 failed: 360 steps, 16.8s
    [frozen_flower] chain 50/200 start: ['rotate_blue_block_left', 'open_drawer', 'push_into_drawer', 'lift_blue_block_drawer', 'place_in_drawer']
    [frozen_flower] chain 50/200 instructions: ['take the blue block and rotate it to the left', 'pull the handle to open the drawer', 'slide the block that it falls into the drawer', 'Take the blue block from the drawer', 'store the grasped block in the drawer']
    [frozen_flower] chain 50/200 task 1/5 start: rotate_blue_block_left | instruction: take the blue block and rotate it to the left
    [frozen_flower] chain 50/200 task 1/5 step 1/360: running policy
    [frozen_flower] chain 50/200 task 1/5 step 1/360: policy 0.28s, stepping env
    [frozen_flower] chain 50/200 task 1/5 step 25/360: running policy
    [frozen_flower] chain 50/200 task 1/5 step 25/360: policy 0.00s, stepping env
    [frozen_flower] chain 50/200 task 1/5 step 50/360: running policy
    [frozen_flower] chain 50/200 task 1/5 step 50/360: policy 0.00s, stepping env
    [frozen_flower] chain 50/200 task 1/5 step 75/360: running policy
    [frozen_flower] chain 50/200 task 1/5 step 75/360: policy 0.01s, stepping env
    [frozen_flower] chain 50/200 task 1/5 success at step 79
    [frozen_flower] chain 50/200 task 1/5 success: 79 steps, 3.7s
    [frozen_flower] chain 50/200 task 2/5 start: open_drawer | instruction: pull the handle to open the drawer
    [frozen_flower] chain 50/200 task 2/5 step 1/360: running policy
    [frozen_flower] chain 50/200 task 2/5 step 1/360: policy 0.28s, stepping env
    [frozen_flower] chain 50/200 task 2/5 step 25/360: running policy
    [frozen_flower] chain 50/200 task 2/5 step 25/360: policy 0.00s, stepping env
    [frozen_flower] chain 50/200 task 2/5 step 50/360: running policy
    [frozen_flower] chain 50/200 task 2/5 step 50/360: policy 0.00s, stepping env
    [frozen_flower] chain 50/200 task 2/5 step 75/360: running policy
    [frozen_flower] chain 50/200 task 2/5 step 75/360: policy 0.00s, stepping env
    [frozen_flower] chain 50/200 task 2/5 success at step 76
    [frozen_flower] chain 50/200 task 2/5 success: 76 steps, 3.3s
    [frozen_flower] chain 50/200 task 3/5 start: push_into_drawer | instruction: slide the block that it falls into the drawer
    [frozen_flower] chain 50/200 task 3/5 step 1/360: running policy
    [frozen_flower] chain 50/200 task 3/5 step 1/360: policy 0.26s, stepping env
    [frozen_flower] chain 50/200 task 3/5 step 25/360: running policy
    [frozen_flower] chain 50/200 task 3/5 step 25/360: policy 0.01s, stepping env
    [frozen_flower] chain 50/200 task 3/5 step 50/360: running policy
    [frozen_flower] chain 50/200 task 3/5 step 50/360: policy 0.00s, stepping env
    [frozen_flower] chain 50/200 task 3/5 step 75/360: running policy
    [frozen_flower] chain 50/200 task 3/5 step 75/360: policy 0.01s, stepping env
    [frozen_flower] chain 50/200 task 3/5 success at step 86
    [frozen_flower] chain 50/200 task 3/5 success: 86 steps, 3.9s
    [frozen_flower] chain 50/200 task 4/5 start: lift_blue_block_drawer | instruction: Take the blue block from the drawer
    [frozen_flower] chain 50/200 task 4/5 step 1/360: running policy
    [frozen_flower] chain 50/200 task 4/5 step 1/360: policy 0.28s, stepping env
    [frozen_flower] chain 50/200 task 4/5 step 25/360: running policy
    [frozen_flower] chain 50/200 task 4/5 step 25/360: policy 0.01s, stepping env
    [frozen_flower] chain 50/200 task 4/5 step 50/360: running policy
    [frozen_flower] chain 50/200 task 4/5 step 50/360: policy 0.00s, stepping env
    [frozen_flower] chain 50/200 task 4/5 success at step 51
    [frozen_flower] chain 50/200 task 4/5 success: 51 steps, 2.7s
    [frozen_flower] chain 50/200 task 5/5 start: place_in_drawer | instruction: store the grasped block in the drawer
    [frozen_flower] chain 50/200 task 5/5 step 1/360: running policy
    [frozen_flower] chain 50/200 task 5/5 step 1/360: policy 0.24s, stepping env
    [frozen_flower] chain 50/200 task 5/5 success at step 13
    [frozen_flower] chain 50/200 task 5/5 success: 13 steps, 0.8s
    [frozen_flower] 50/200 chains, L1 success: 96.0%
    [frozen_flower] chain 51/200 start: ['turn_off_lightbulb', 'push_pink_block_left', 'move_slider_right', 'push_into_drawer', 'close_drawer']
    [frozen_flower] chain 51/200 instructions: ['use the switch to turn off the light bulb', 'go push the pink block left', 'push the sliding door to the right side', 'slide the block that it falls into the drawer', 'push the handle to close the drawer']
    [frozen_flower] chain 51/200 task 1/5 start: turn_off_lightbulb | instruction: use the switch to turn off the light bulb
    [frozen_flower] chain 51/200 task 1/5 step 1/360: running policy
    [frozen_flower] chain 51/200 task 1/5 step 1/360: policy 0.26s, stepping env
    [frozen_flower] chain 51/200 task 1/5 step 25/360: running policy
    [frozen_flower] chain 51/200 task 1/5 step 25/360: policy 0.01s, stepping env
    [frozen_flower] chain 51/200 task 1/5 step 50/360: running policy
    [frozen_flower] chain 51/200 task 1/5 step 50/360: policy 0.00s, stepping env
    [frozen_flower] chain 51/200 task 1/5 success at step 57
    [frozen_flower] chain 51/200 task 1/5 success: 57 steps, 2.6s
    [frozen_flower] chain 51/200 task 2/5 start: push_pink_block_left | instruction: go push the pink block left
    [frozen_flower] chain 51/200 task 2/5 step 1/360: running policy
    [frozen_flower] chain 51/200 task 2/5 step 1/360: policy 0.26s, stepping env
    [frozen_flower] chain 51/200 task 2/5 step 25/360: running policy
    [frozen_flower] chain 51/200 task 2/5 step 25/360: policy 0.01s, stepping env
    [frozen_flower] chain 51/200 task 2/5 step 50/360: running policy
    [frozen_flower] chain 51/200 task 2/5 step 50/360: policy 0.00s, stepping env
    [frozen_flower] chain 51/200 task 2/5 success at step 65
    [frozen_flower] chain 51/200 task 2/5 success: 65 steps, 2.9s
    [frozen_flower] chain 51/200 task 3/5 start: move_slider_right | instruction: push the sliding door to the right side
    [frozen_flower] chain 51/200 task 3/5 step 1/360: running policy
    [frozen_flower] chain 51/200 task 3/5 step 1/360: policy 0.31s, stepping env
    [frozen_flower] chain 51/200 task 3/5 step 25/360: running policy
    [frozen_flower] chain 51/200 task 3/5 step 25/360: policy 0.00s, stepping env
    [frozen_flower] chain 51/200 task 3/5 step 50/360: running policy
    [frozen_flower] chain 51/200 task 3/5 step 50/360: policy 0.01s, stepping env
    [frozen_flower] chain 51/200 task 3/5 step 75/360: running policy
    [frozen_flower] chain 51/200 task 3/5 step 75/360: policy 0.01s, stepping env
    [frozen_flower] chain 51/200 task 3/5 success at step 86
    [frozen_flower] chain 51/200 task 3/5 success: 86 steps, 4.3s
    [frozen_flower] chain 51/200 task 4/5 start: push_into_drawer | instruction: slide the block that it falls into the drawer
    [frozen_flower] chain 51/200 task 4/5 step 1/360: running policy
    [frozen_flower] chain 51/200 task 4/5 step 1/360: policy 0.27s, stepping env
    [frozen_flower] chain 51/200 task 4/5 step 25/360: running policy
    [frozen_flower] chain 51/200 task 4/5 step 25/360: policy 0.01s, stepping env
    [frozen_flower] chain 51/200 task 4/5 step 50/360: running policy
    [frozen_flower] chain 51/200 task 4/5 step 50/360: policy 0.00s, stepping env
    [frozen_flower] chain 51/200 task 4/5 success at step 74
    [frozen_flower] chain 51/200 task 4/5 success: 74 steps, 3.3s
    [frozen_flower] chain 51/200 task 5/5 start: close_drawer | instruction: push the handle to close the drawer
    [frozen_flower] chain 51/200 task 5/5 step 1/360: running policy
    [frozen_flower] chain 51/200 task 5/5 step 1/360: policy 0.27s, stepping env
    [frozen_flower] chain 51/200 task 5/5 step 25/360: running policy
    [frozen_flower] chain 51/200 task 5/5 step 25/360: policy 0.00s, stepping env
    [frozen_flower] chain 51/200 task 5/5 step 50/360: running policy
    [frozen_flower] chain 51/200 task 5/5 step 50/360: policy 0.00s, stepping env
    [frozen_flower] chain 51/200 task 5/5 success at step 68
    [frozen_flower] chain 51/200 task 5/5 success: 68 steps, 3.3s
    [frozen_flower] chain 52/200 start: ['push_blue_block_right', 'lift_pink_block_table', 'stack_block', 'unstack_block', 'move_slider_right']
    [frozen_flower] chain 52/200 instructions: ['go push the blue block right', 'grasp and lift the pink block', 'stack the grasped block', 'remove the stacked block', 'push the sliding door to the right side']
    [frozen_flower] chain 52/200 task 1/5 start: push_blue_block_right | instruction: go push the blue block right
    [frozen_flower] chain 52/200 task 1/5 step 1/360: running policy
    [frozen_flower] chain 52/200 task 1/5 step 1/360: policy 0.30s, stepping env
    [frozen_flower] chain 52/200 task 1/5 step 25/360: running policy
    [frozen_flower] chain 52/200 task 1/5 step 25/360: policy 0.01s, stepping env
    [frozen_flower] chain 52/200 task 1/5 step 50/360: running policy
    [frozen_flower] chain 52/200 task 1/5 step 50/360: policy 0.01s, stepping env
    [frozen_flower] chain 52/200 task 1/5 step 75/360: running policy
    [frozen_flower] chain 52/200 task 1/5 step 75/360: policy 0.01s, stepping env
    [frozen_flower] chain 52/200 task 1/5 step 100/360: running policy
    [frozen_flower] chain 52/200 task 1/5 step 100/360: policy 0.01s, stepping env
    [frozen_flower] chain 52/200 task 1/5 step 125/360: running policy
    [frozen_flower] chain 52/200 task 1/5 step 125/360: policy 0.01s, stepping env
    [frozen_flower] chain 52/200 task 1/5 step 150/360: running policy
    [frozen_flower] chain 52/200 task 1/5 step 150/360: policy 0.01s, stepping env
    [frozen_flower] chain 52/200 task 1/5 success at step 151
    [frozen_flower] chain 52/200 task 1/5 success: 151 steps, 8.2s
    [frozen_flower] chain 52/200 task 2/5 start: lift_pink_block_table | instruction: grasp and lift the pink block
    [frozen_flower] chain 52/200 task 2/5 step 1/360: running policy
    [frozen_flower] chain 52/200 task 2/5 step 1/360: policy 0.31s, stepping env
    [frozen_flower] chain 52/200 task 2/5 step 25/360: running policy
    [frozen_flower] chain 52/200 task 2/5 step 25/360: policy 0.01s, stepping env
    [frozen_flower] chain 52/200 task 2/5 step 50/360: running policy
    [frozen_flower] chain 52/200 task 2/5 step 50/360: policy 0.01s, stepping env
    [frozen_flower] chain 52/200 task 2/5 success at step 61
    [frozen_flower] chain 52/200 task 2/5 success: 61 steps, 3.5s
    [frozen_flower] chain 52/200 task 3/5 start: stack_block | instruction: stack the grasped block
    [frozen_flower] chain 52/200 task 3/5 step 1/360: running policy
    [frozen_flower] chain 52/200 task 3/5 step 1/360: policy 0.28s, stepping env
    [frozen_flower] chain 52/200 task 3/5 step 25/360: running policy
    [frozen_flower] chain 52/200 task 3/5 step 25/360: policy 0.01s, stepping env
    [frozen_flower] chain 52/200 task 3/5 success at step 49
    [frozen_flower] chain 52/200 task 3/5 success: 49 steps, 2.5s
    [frozen_flower] chain 52/200 task 4/5 start: unstack_block | instruction: remove the stacked block
    [frozen_flower] chain 52/200 task 4/5 step 1/360: running policy
    [frozen_flower] chain 52/200 task 4/5 step 1/360: policy 0.24s, stepping env
    [frozen_flower] chain 52/200 task 4/5 step 25/360: running policy
    [frozen_flower] chain 52/200 task 4/5 step 25/360: policy 0.00s, stepping env
    [frozen_flower] chain 52/200 task 4/5 success at step 42
    [frozen_flower] chain 52/200 task 4/5 success: 42 steps, 1.8s
    [frozen_flower] chain 52/200 task 5/5 start: move_slider_right | instruction: push the sliding door to the right side
    [frozen_flower] chain 52/200 task 5/5 step 1/360: running policy
    [frozen_flower] chain 52/200 task 5/5 step 1/360: policy 0.24s, stepping env
    [frozen_flower] chain 52/200 task 5/5 step 25/360: running policy
    [frozen_flower] chain 52/200 task 5/5 step 25/360: policy 0.00s, stepping env
    [frozen_flower] chain 52/200 task 5/5 step 50/360: running policy
    [frozen_flower] chain 52/200 task 5/5 step 50/360: policy 0.00s, stepping env
    [frozen_flower] chain 52/200 task 5/5 step 75/360: running policy
    [frozen_flower] chain 52/200 task 5/5 step 75/360: policy 0.00s, stepping env
    [frozen_flower] chain 52/200 task 5/5 success at step 89
    [frozen_flower] chain 52/200 task 5/5 success: 89 steps, 3.5s
    [frozen_flower] chain 53/200 start: ['push_blue_block_left', 'turn_off_led', 'close_drawer', 'lift_blue_block_table', 'stack_block']
    [frozen_flower] chain 53/200 instructions: ['go push the blue block left', 'press the button to turn off the led light', 'push the handle to close the drawer', 'grasp and lift the blue block', 'stack the grasped block']
    [frozen_flower] chain 53/200 task 1/5 start: push_blue_block_left | instruction: go push the blue block left
    [frozen_flower] chain 53/200 task 1/5 step 1/360: running policy
    [frozen_flower] chain 53/200 task 1/5 step 1/360: policy 0.26s, stepping env
    [frozen_flower] chain 53/200 task 1/5 step 25/360: running policy
    [frozen_flower] chain 53/200 task 1/5 step 25/360: policy 0.00s, stepping env
    [frozen_flower] chain 53/200 task 1/5 step 50/360: running policy
    [frozen_flower] chain 53/200 task 1/5 step 50/360: policy 0.00s, stepping env
    [frozen_flower] chain 53/200 task 1/5 success at step 56
    [frozen_flower] chain 53/200 task 1/5 success: 56 steps, 2.5s
    [frozen_flower] chain 53/200 task 2/5 start: turn_off_led | instruction: press the button to turn off the led light
    [frozen_flower] chain 53/200 task 2/5 step 1/360: running policy
    [frozen_flower] chain 53/200 task 2/5 step 1/360: policy 0.26s, stepping env
    [frozen_flower] chain 53/200 task 2/5 step 25/360: running policy
    [frozen_flower] chain 53/200 task 2/5 step 25/360: policy 0.00s, stepping env
    [frozen_flower] chain 53/200 task 2/5 step 50/360: running policy
    [frozen_flower] chain 53/200 task 2/5 step 50/360: policy 0.00s, stepping env
    [frozen_flower] chain 53/200 task 2/5 success at step 50
    [frozen_flower] chain 53/200 task 2/5 success: 50 steps, 2.2s
    [frozen_flower] chain 53/200 task 3/5 start: close_drawer | instruction: push the handle to close the drawer
    [frozen_flower] chain 53/200 task 3/5 step 1/360: running policy
    [frozen_flower] chain 53/200 task 3/5 step 1/360: policy 0.26s, stepping env
    [frozen_flower] chain 53/200 task 3/5 step 25/360: running policy
    [frozen_flower] chain 53/200 task 3/5 step 25/360: policy 0.00s, stepping env
    [frozen_flower] chain 53/200 task 3/5 step 50/360: running policy
    [frozen_flower] chain 53/200 task 3/5 step 50/360: policy 0.00s, stepping env
    [frozen_flower] chain 53/200 task 3/5 step 75/360: running policy
    [frozen_flower] chain 53/200 task 3/5 step 75/360: policy 0.00s, stepping env
    [frozen_flower] chain 53/200 task 3/5 success at step 79
    [frozen_flower] chain 53/200 task 3/5 success: 79 steps, 3.4s
    [frozen_flower] chain 53/200 task 4/5 start: lift_blue_block_table | instruction: grasp and lift the blue block
    [frozen_flower] chain 53/200 task 4/5 step 1/360: running policy
    [frozen_flower] chain 53/200 task 4/5 step 1/360: policy 0.26s, stepping env
    [frozen_flower] chain 53/200 task 4/5 step 25/360: running policy
    [frozen_flower] chain 53/200 task 4/5 step 25/360: policy 0.00s, stepping env
    [frozen_flower] chain 53/200 task 4/5 step 50/360: running policy
    [frozen_flower] chain 53/200 task 4/5 step 50/360: policy 0.00s, stepping env
    [frozen_flower] chain 53/200 task 4/5 step 75/360: running policy
    [frozen_flower] chain 53/200 task 4/5 step 75/360: policy 0.00s, stepping env
    [frozen_flower] chain 53/200 task 4/5 success at step 92
    [frozen_flower] chain 53/200 task 4/5 success: 92 steps, 4.2s
    [frozen_flower] chain 53/200 task 5/5 start: stack_block | instruction: stack the grasped block
    [frozen_flower] chain 53/200 task 5/5 step 1/360: running policy
    [frozen_flower] chain 53/200 task 5/5 step 1/360: policy 0.28s, stepping env
    [frozen_flower] chain 53/200 task 5/5 step 25/360: running policy
    [frozen_flower] chain 53/200 task 5/5 step 25/360: policy 0.00s, stepping env
    [frozen_flower] chain 53/200 task 5/5 step 50/360: running policy
    [frozen_flower] chain 53/200 task 5/5 step 50/360: policy 0.00s, stepping env
    [frozen_flower] chain 53/200 task 5/5 success at step 50
    [frozen_flower] chain 53/200 task 5/5 success: 50 steps, 2.2s
    [frozen_flower] chain 54/200 start: ['rotate_blue_block_right', 'turn_off_led', 'lift_blue_block_table', 'stack_block', 'unstack_block']
    [frozen_flower] chain 54/200 instructions: ['take the blue block and rotate it to the right', 'press the button to turn off the led light', 'grasp and lift the blue block', 'stack the grasped block', 'remove the stacked block']
    [frozen_flower] chain 54/200 task 1/5 start: rotate_blue_block_right | instruction: take the blue block and rotate it to the right
    [frozen_flower] chain 54/200 task 1/5 step 1/360: running policy
    [frozen_flower] chain 54/200 task 1/5 step 1/360: policy 0.27s, stepping env
    [frozen_flower] chain 54/200 task 1/5 step 25/360: running policy
    [frozen_flower] chain 54/200 task 1/5 step 25/360: policy 0.01s, stepping env
    [frozen_flower] chain 54/200 task 1/5 step 50/360: running policy
    [frozen_flower] chain 54/200 task 1/5 step 50/360: policy 0.00s, stepping env
    [frozen_flower] chain 54/200 task 1/5 step 75/360: running policy
    [frozen_flower] chain 54/200 task 1/5 step 75/360: policy 0.00s, stepping env
    [frozen_flower] chain 54/200 task 1/5 success at step 78
    [frozen_flower] chain 54/200 task 1/5 success: 78 steps, 3.5s
    [frozen_flower] chain 54/200 task 2/5 start: turn_off_led | instruction: press the button to turn off the led light
    [frozen_flower] chain 54/200 task 2/5 step 1/360: running policy
    [frozen_flower] chain 54/200 task 2/5 step 1/360: policy 0.27s, stepping env
    [frozen_flower] chain 54/200 task 2/5 step 25/360: running policy
    [frozen_flower] chain 54/200 task 2/5 step 25/360: policy 0.00s, stepping env
    [frozen_flower] chain 54/200 task 2/5 step 50/360: running policy
    [frozen_flower] chain 54/200 task 2/5 step 50/360: policy 0.00s, stepping env
    [frozen_flower] chain 54/200 task 2/5 success at step 68
    [frozen_flower] chain 54/200 task 2/5 success: 68 steps, 3.0s
    [frozen_flower] chain 54/200 task 3/5 start: lift_blue_block_table | instruction: grasp and lift the blue block
    [frozen_flower] chain 54/200 task 3/5 step 1/360: running policy
    [frozen_flower] chain 54/200 task 3/5 step 1/360: policy 0.28s, stepping env
    [frozen_flower] chain 54/200 task 3/5 step 25/360: running policy
    [frozen_flower] chain 54/200 task 3/5 step 25/360: policy 0.01s, stepping env
    [frozen_flower] chain 54/200 task 3/5 step 50/360: running policy
    [frozen_flower] chain 54/200 task 3/5 step 50/360: policy 0.01s, stepping env
    [frozen_flower] chain 54/200 task 3/5 success at step 59
    [frozen_flower] chain 54/200 task 3/5 success: 59 steps, 2.7s
    [frozen_flower] chain 54/200 task 4/5 start: stack_block | instruction: stack the grasped block
    [frozen_flower] chain 54/200 task 4/5 step 1/360: running policy
    [frozen_flower] chain 54/200 task 4/5 step 1/360: policy 0.28s, stepping env
    [frozen_flower] chain 54/200 task 4/5 success at step 18
    [frozen_flower] chain 54/200 task 4/5 success: 18 steps, 0.9s
    [frozen_flower] chain 54/200 task 5/5 start: unstack_block | instruction: remove the stacked block
    [frozen_flower] chain 54/200 task 5/5 step 1/360: running policy
    [frozen_flower] chain 54/200 task 5/5 step 1/360: policy 0.26s, stepping env
    [frozen_flower] chain 54/200 task 5/5 step 25/360: running policy
    [frozen_flower] chain 54/200 task 5/5 step 25/360: policy 0.00s, stepping env
    [frozen_flower] chain 54/200 task 5/5 success at step 37
    [frozen_flower] chain 54/200 task 5/5 success: 37 steps, 1.6s
    [frozen_flower] chain 55/200 start: ['rotate_pink_block_right', 'lift_pink_block_table', 'place_in_slider', 'move_slider_left', 'turn_on_led']
    [frozen_flower] chain 55/200 instructions: ['take the pink block and rotate it to the right', 'grasp and lift the pink block', 'store the grasped block in the sliding cabinet', 'push the sliding door to the left side', 'press the button to turn on the led light']
    [frozen_flower] chain 55/200 task 1/5 start: rotate_pink_block_right | instruction: take the pink block and rotate it to the right
    [frozen_flower] chain 55/200 task 1/5 step 1/360: running policy
    [frozen_flower] chain 55/200 task 1/5 step 1/360: policy 0.25s, stepping env
    [frozen_flower] chain 55/200 task 1/5 step 25/360: running policy
    [frozen_flower] chain 55/200 task 1/5 step 25/360: policy 0.01s, stepping env
    [frozen_flower] chain 55/200 task 1/5 step 50/360: running policy
    [frozen_flower] chain 55/200 task 1/5 step 50/360: policy 0.00s, stepping env
    [frozen_flower] chain 55/200 task 1/5 step 75/360: running policy
    [frozen_flower] chain 55/200 task 1/5 step 75/360: policy 0.00s, stepping env
    [frozen_flower] chain 55/200 task 1/5 step 100/360: running policy
    [frozen_flower] chain 55/200 task 1/5 step 100/360: policy 0.00s, stepping env
    [frozen_flower] chain 55/200 task 1/5 step 125/360: running policy
    [frozen_flower] chain 55/200 task 1/5 step 125/360: policy 0.01s, stepping env
    [frozen_flower] chain 55/200 task 1/5 step 150/360: running policy
    [frozen_flower] chain 55/200 task 1/5 step 150/360: policy 0.00s, stepping env
    [frozen_flower] chain 55/200 task 1/5 step 175/360: running policy
    [frozen_flower] chain 55/200 task 1/5 step 175/360: policy 0.00s, stepping env
    [frozen_flower] chain 55/200 task 1/5 step 200/360: running policy
    [frozen_flower] chain 55/200 task 1/5 step 200/360: policy 0.00s, stepping env
    [frozen_flower] chain 55/200 task 1/5 step 225/360: running policy
    [frozen_flower] chain 55/200 task 1/5 step 225/360: policy 0.00s, stepping env
    [frozen_flower] chain 55/200 task 1/5 step 250/360: running policy
    [frozen_flower] chain 55/200 task 1/5 step 250/360: policy 0.00s, stepping env
    [frozen_flower] chain 55/200 task 1/5 step 275/360: running policy
    [frozen_flower] chain 55/200 task 1/5 step 275/360: policy 0.00s, stepping env
    [frozen_flower] chain 55/200 task 1/5 step 300/360: running policy
    [frozen_flower] chain 55/200 task 1/5 step 300/360: policy 0.00s, stepping env
    [frozen_flower] chain 55/200 task 1/5 step 325/360: running policy
    [frozen_flower] chain 55/200 task 1/5 step 325/360: policy 0.01s, stepping env
    [frozen_flower] chain 55/200 task 1/5 step 350/360: running policy
    [frozen_flower] chain 55/200 task 1/5 step 350/360: policy 0.01s, stepping env
    [frozen_flower] chain 55/200 task 1/5 failed: 360 steps, 15.9s
    [frozen_flower] chain 56/200 start: ['rotate_blue_block_right', 'lift_blue_block_table', 'stack_block', 'move_slider_left', 'close_drawer']
    [frozen_flower] chain 56/200 instructions: ['take the blue block and rotate it to the right', 'grasp and lift the blue block', 'stack the grasped block', 'push the sliding door to the left side', 'push the handle to close the drawer']
    [frozen_flower] chain 56/200 task 1/5 start: rotate_blue_block_right | instruction: take the blue block and rotate it to the right
    [frozen_flower] chain 56/200 task 1/5 step 1/360: running policy
    [frozen_flower] chain 56/200 task 1/5 step 1/360: policy 0.28s, stepping env
    [frozen_flower] chain 56/200 task 1/5 step 25/360: running policy
    [frozen_flower] chain 56/200 task 1/5 step 25/360: policy 0.01s, stepping env
    [frozen_flower] chain 56/200 task 1/5 step 50/360: running policy
    [frozen_flower] chain 56/200 task 1/5 step 50/360: policy 0.01s, stepping env
    [frozen_flower] chain 56/200 task 1/5 step 75/360: running policy
    [frozen_flower] chain 56/200 task 1/5 step 75/360: policy 0.01s, stepping env
    [frozen_flower] chain 56/200 task 1/5 success at step 79
    [frozen_flower] chain 56/200 task 1/5 success: 79 steps, 3.8s
    [frozen_flower] chain 56/200 task 2/5 start: lift_blue_block_table | instruction: grasp and lift the blue block
    [frozen_flower] chain 56/200 task 2/5 step 1/360: running policy
    [frozen_flower] chain 56/200 task 2/5 step 1/360: policy 0.29s, stepping env
    [frozen_flower] chain 56/200 task 2/5 step 25/360: running policy
    [frozen_flower] chain 56/200 task 2/5 step 25/360: policy 0.00s, stepping env
    [frozen_flower] chain 56/200 task 2/5 step 50/360: running policy
    [frozen_flower] chain 56/200 task 2/5 step 50/360: policy 0.01s, stepping env
    [frozen_flower] chain 56/200 task 2/5 step 75/360: running policy
    [frozen_flower] chain 56/200 task 2/5 step 75/360: policy 0.01s, stepping env
    [frozen_flower] chain 56/200 task 2/5 step 100/360: running policy
    [frozen_flower] chain 56/200 task 2/5 step 100/360: policy 0.01s, stepping env
    [frozen_flower] chain 56/200 task 2/5 step 125/360: running policy
    [frozen_flower] chain 56/200 task 2/5 step 125/360: policy 0.01s, stepping env
    [frozen_flower] chain 56/200 task 2/5 step 150/360: running policy
    [frozen_flower] chain 56/200 task 2/5 step 150/360: policy 0.01s, stepping env
    [frozen_flower] chain 56/200 task 2/5 step 175/360: running policy
    [frozen_flower] chain 56/200 task 2/5 step 175/360: policy 0.01s, stepping env
    [frozen_flower] chain 56/200 task 2/5 step 200/360: running policy
    [frozen_flower] chain 56/200 task 2/5 step 200/360: policy 0.07s, stepping env
    [frozen_flower] chain 56/200 task 2/5 step 225/360: running policy
    [frozen_flower] chain 56/200 task 2/5 step 225/360: policy 0.01s, stepping env
    [frozen_flower] chain 56/200 task 2/5 step 250/360: running policy
    [frozen_flower] chain 56/200 task 2/5 step 250/360: policy 0.01s, stepping env
    [frozen_flower] chain 56/200 task 2/5 step 275/360: running policy
    [frozen_flower] chain 56/200 task 2/5 step 275/360: policy 0.01s, stepping env
    [frozen_flower] chain 56/200 task 2/5 step 300/360: running policy
    [frozen_flower] chain 56/200 task 2/5 step 300/360: policy 0.00s, stepping env
    [frozen_flower] chain 56/200 task 2/5 step 325/360: running policy
    [frozen_flower] chain 56/200 task 2/5 step 325/360: policy 0.01s, stepping env
    [frozen_flower] chain 56/200 task 2/5 step 350/360: running policy
    [frozen_flower] chain 56/200 task 2/5 step 350/360: policy 0.01s, stepping env
    [frozen_flower] chain 56/200 task 2/5 failed: 360 steps, 18.1s
    [frozen_flower] chain 57/200 start: ['move_slider_right', 'lift_red_block_table', 'place_in_slider', 'turn_off_lightbulb', 'lift_pink_block_slider']
    [frozen_flower] chain 57/200 instructions: ['push the sliding door to the right side', 'grasp and lift the red block', 'store the grasped block in the sliding cabinet', 'use the switch to turn off the light bulb', 'lift the pink block from the sliding cabinet']
    [frozen_flower] chain 57/200 task 1/5 start: move_slider_right | instruction: push the sliding door to the right side
    [frozen_flower] chain 57/200 task 1/5 step 1/360: running policy
    [frozen_flower] chain 57/200 task 1/5 step 1/360: policy 0.30s, stepping env
    [frozen_flower] chain 57/200 task 1/5 step 25/360: running policy
    [frozen_flower] chain 57/200 task 1/5 step 25/360: policy 0.01s, stepping env
    [frozen_flower] chain 57/200 task 1/5 step 50/360: running policy
    [frozen_flower] chain 57/200 task 1/5 step 50/360: policy 0.01s, stepping env
    [frozen_flower] chain 57/200 task 1/5 success at step 61
    [frozen_flower] chain 57/200 task 1/5 success: 61 steps, 3.2s
    [frozen_flower] chain 57/200 task 2/5 start: lift_red_block_table | instruction: grasp and lift the red block
    [frozen_flower] chain 57/200 task 2/5 step 1/360: running policy
    [frozen_flower] chain 57/200 task 2/5 step 1/360: policy 0.30s, stepping env
    [frozen_flower] chain 57/200 task 2/5 step 25/360: running policy
    [frozen_flower] chain 57/200 task 2/5 step 25/360: policy 0.01s, stepping env
    [frozen_flower] chain 57/200 task 2/5 step 50/360: running policy
    [frozen_flower] chain 57/200 task 2/5 step 50/360: policy 0.01s, stepping env
    [frozen_flower] chain 57/200 task 2/5 success at step 61
    [frozen_flower] chain 57/200 task 2/5 success: 61 steps, 3.4s
    [frozen_flower] chain 57/200 task 3/5 start: place_in_slider | instruction: store the grasped block in the sliding cabinet
    [frozen_flower] chain 57/200 task 3/5 step 1/360: running policy
    [frozen_flower] chain 57/200 task 3/5 step 1/360: policy 0.31s, stepping env
    [frozen_flower] chain 57/200 task 3/5 step 25/360: running policy
    [frozen_flower] chain 57/200 task 3/5 step 25/360: policy 0.01s, stepping env
    [frozen_flower] chain 57/200 task 3/5 step 50/360: running policy
    [frozen_flower] chain 57/200 task 3/5 step 50/360: policy 0.01s, stepping env
    [frozen_flower] chain 57/200 task 3/5 step 75/360: running policy
    [frozen_flower] chain 57/200 task 3/5 step 75/360: policy 0.01s, stepping env
    [frozen_flower] chain 57/200 task 3/5 step 100/360: running policy
    [frozen_flower] chain 57/200 task 3/5 step 100/360: policy 0.01s, stepping env
    [frozen_flower] chain 57/200 task 3/5 success at step 105
    [frozen_flower] chain 57/200 task 3/5 success: 105 steps, 5.7s
    [frozen_flower] chain 57/200 task 4/5 start: turn_off_lightbulb | instruction: use the switch to turn off the light bulb
    [frozen_flower] chain 57/200 task 4/5 step 1/360: running policy
    [frozen_flower] chain 57/200 task 4/5 step 1/360: policy 0.29s, stepping env
    [frozen_flower] chain 57/200 task 4/5 step 25/360: running policy
    [frozen_flower] chain 57/200 task 4/5 step 25/360: policy 0.01s, stepping env
    [frozen_flower] chain 57/200 task 4/5 step 50/360: running policy
    [frozen_flower] chain 57/200 task 4/5 step 50/360: policy 0.01s, stepping env
    [frozen_flower] chain 57/200 task 4/5 step 75/360: running policy
    [frozen_flower] chain 57/200 task 4/5 step 75/360: policy 0.01s, stepping env
    [frozen_flower] chain 57/200 task 4/5 step 100/360: running policy
    [frozen_flower] chain 57/200 task 4/5 step 100/360: policy 0.01s, stepping env
    [frozen_flower] chain 57/200 task 4/5 step 125/360: running policy
    [frozen_flower] chain 57/200 task 4/5 step 125/360: policy 0.00s, stepping env
    [frozen_flower] chain 57/200 task 4/5 step 150/360: running policy
    [frozen_flower] chain 57/200 task 4/5 step 150/360: policy 0.00s, stepping env
    [frozen_flower] chain 57/200 task 4/5 step 175/360: running policy
    [frozen_flower] chain 57/200 task 4/5 step 175/360: policy 0.00s, stepping env
    [frozen_flower] chain 57/200 task 4/5 step 200/360: running policy
    [frozen_flower] chain 57/200 task 4/5 step 200/360: policy 0.00s, stepping env
    [frozen_flower] chain 57/200 task 4/5 step 225/360: running policy
    [frozen_flower] chain 57/200 task 4/5 step 225/360: policy 0.00s, stepping env
    [frozen_flower] chain 57/200 task 4/5 step 250/360: running policy
    [frozen_flower] chain 57/200 task 4/5 step 250/360: policy 0.00s, stepping env
    [frozen_flower] chain 57/200 task 4/5 step 275/360: running policy
    [frozen_flower] chain 57/200 task 4/5 step 275/360: policy 0.00s, stepping env
    [frozen_flower] chain 57/200 task 4/5 step 300/360: running policy
    [frozen_flower] chain 57/200 task 4/5 step 300/360: policy 0.00s, stepping env
    [frozen_flower] chain 57/200 task 4/5 step 325/360: running policy
    [frozen_flower] chain 57/200 task 4/5 step 325/360: policy 0.01s, stepping env
    [frozen_flower] chain 57/200 task 4/5 step 350/360: running policy
    [frozen_flower] chain 57/200 task 4/5 step 350/360: policy 0.01s, stepping env
    [frozen_flower] chain 57/200 task 4/5 failed: 360 steps, 17.3s
    [frozen_flower] chain 58/200 start: ['push_blue_block_left', 'lift_pink_block_slider', 'place_in_slider', 'turn_on_led', 'move_slider_right']
    [frozen_flower] chain 58/200 instructions: ['go push the blue block left', 'lift the pink block from the sliding cabinet', 'store the grasped block in the sliding cabinet', 'press the button to turn on the led light', 'push the sliding door to the right side']
    [frozen_flower] chain 58/200 task 1/5 start: push_blue_block_left | instruction: go push the blue block left
    [frozen_flower] chain 58/200 task 1/5 step 1/360: running policy
    [frozen_flower] chain 58/200 task 1/5 step 1/360: policy 0.24s, stepping env
    [frozen_flower] chain 58/200 task 1/5 step 25/360: running policy
    [frozen_flower] chain 58/200 task 1/5 step 25/360: policy 0.00s, stepping env
    [frozen_flower] chain 58/200 task 1/5 step 50/360: running policy
    [frozen_flower] chain 58/200 task 1/5 step 50/360: policy 0.00s, stepping env
    [frozen_flower] chain 58/200 task 1/5 step 75/360: running policy
    [frozen_flower] chain 58/200 task 1/5 step 75/360: policy 0.00s, stepping env
    [frozen_flower] chain 58/200 task 1/5 step 100/360: running policy
    [frozen_flower] chain 58/200 task 1/5 step 100/360: policy 0.00s, stepping env
    [frozen_flower] chain 58/200 task 1/5 step 125/360: running policy
    [frozen_flower] chain 58/200 task 1/5 step 125/360: policy 0.00s, stepping env
    [frozen_flower] chain 58/200 task 1/5 step 150/360: running policy
    [frozen_flower] chain 58/200 task 1/5 step 150/360: policy 0.00s, stepping env
    [frozen_flower] chain 58/200 task 1/5 success at step 156
    [frozen_flower] chain 58/200 task 1/5 success: 156 steps, 6.6s
    [frozen_flower] chain 58/200 task 2/5 start: lift_pink_block_slider | instruction: lift the pink block from the sliding cabinet
    [frozen_flower] chain 58/200 task 2/5 step 1/360: running policy
    [frozen_flower] chain 58/200 task 2/5 step 1/360: policy 0.25s, stepping env
    [frozen_flower] chain 58/200 task 2/5 step 25/360: running policy
    [frozen_flower] chain 58/200 task 2/5 step 25/360: policy 0.00s, stepping env
    [frozen_flower] chain 58/200 task 2/5 step 50/360: running policy
    [frozen_flower] chain 58/200 task 2/5 step 50/360: policy 0.00s, stepping env
    [frozen_flower] chain 58/200 task 2/5 success at step 53
    [frozen_flower] chain 58/200 task 2/5 success: 53 steps, 2.5s
    [frozen_flower] chain 58/200 task 3/5 start: place_in_slider | instruction: store the grasped block in the sliding cabinet
    [frozen_flower] chain 58/200 task 3/5 step 1/360: running policy
    [frozen_flower] chain 58/200 task 3/5 step 1/360: policy 0.26s, stepping env
    [frozen_flower] chain 58/200 task 3/5 success at step 13
    [frozen_flower] chain 58/200 task 3/5 success: 13 steps, 0.8s
    [frozen_flower] chain 58/200 task 4/5 start: turn_on_led | instruction: press the button to turn on the led light
    [frozen_flower] chain 58/200 task 4/5 step 1/360: running policy
    [frozen_flower] chain 58/200 task 4/5 step 1/360: policy 0.27s, stepping env
    [frozen_flower] chain 58/200 task 4/5 step 25/360: running policy
    [frozen_flower] chain 58/200 task 4/5 step 25/360: policy 0.00s, stepping env
    [frozen_flower] chain 58/200 task 4/5 step 50/360: running policy
    [frozen_flower] chain 58/200 task 4/5 step 50/360: policy 0.00s, stepping env
    [frozen_flower] chain 58/200 task 4/5 success at step 64
    [frozen_flower] chain 58/200 task 4/5 success: 64 steps, 2.9s
    [frozen_flower] chain 58/200 task 5/5 start: move_slider_right | instruction: push the sliding door to the right side
    [frozen_flower] chain 58/200 task 5/5 step 1/360: running policy
    [frozen_flower] chain 58/200 task 5/5 step 1/360: policy 0.26s, stepping env
    [frozen_flower] chain 58/200 task 5/5 step 25/360: running policy
    [frozen_flower] chain 58/200 task 5/5 step 25/360: policy 0.00s, stepping env
    [frozen_flower] chain 58/200 task 5/5 step 50/360: running policy
    [frozen_flower] chain 58/200 task 5/5 step 50/360: policy 0.00s, stepping env
    [frozen_flower] chain 58/200 task 5/5 success at step 61
    [frozen_flower] chain 58/200 task 5/5 success: 61 steps, 3.0s
    [frozen_flower] chain 59/200 start: ['push_blue_block_right', 'lift_pink_block_slider', 'place_in_slider', 'turn_off_lightbulb', 'lift_blue_block_table']
    [frozen_flower] chain 59/200 instructions: ['go push the blue block right', 'lift the pink block from the sliding cabinet', 'store the grasped block in the sliding cabinet', 'use the switch to turn off the light bulb', 'grasp and lift the blue block']
    [frozen_flower] chain 59/200 task 1/5 start: push_blue_block_right | instruction: go push the blue block right
    [frozen_flower] chain 59/200 task 1/5 step 1/360: running policy
    [frozen_flower] chain 59/200 task 1/5 step 1/360: policy 0.26s, stepping env
    [frozen_flower] chain 59/200 task 1/5 step 25/360: running policy
    [frozen_flower] chain 59/200 task 1/5 step 25/360: policy 0.01s, stepping env
    [frozen_flower] chain 59/200 task 1/5 step 50/360: running policy
    [frozen_flower] chain 59/200 task 1/5 step 50/360: policy 0.00s, stepping env
    [frozen_flower] chain 59/200 task 1/5 step 75/360: running policy
    [frozen_flower] chain 59/200 task 1/5 step 75/360: policy 0.00s, stepping env
    [frozen_flower] chain 59/200 task 1/5 step 100/360: running policy
    [frozen_flower] chain 59/200 task 1/5 step 100/360: policy 0.01s, stepping env
    [frozen_flower] chain 59/200 task 1/5 step 125/360: running policy
    [frozen_flower] chain 59/200 task 1/5 step 125/360: policy 0.00s, stepping env
    [frozen_flower] chain 59/200 task 1/5 step 150/360: running policy
    [frozen_flower] chain 59/200 task 1/5 step 150/360: policy 0.00s, stepping env
    [frozen_flower] chain 59/200 task 1/5 step 175/360: running policy
    [frozen_flower] chain 59/200 task 1/5 step 175/360: policy 0.01s, stepping env
    [frozen_flower] chain 59/200 task 1/5 step 200/360: running policy
    [frozen_flower] chain 59/200 task 1/5 step 200/360: policy 0.00s, stepping env
    [frozen_flower] chain 59/200 task 1/5 step 225/360: running policy
    [frozen_flower] chain 59/200 task 1/5 step 225/360: policy 0.00s, stepping env
    [frozen_flower] chain 59/200 task 1/5 step 250/360: running policy
    [frozen_flower] chain 59/200 task 1/5 step 250/360: policy 0.00s, stepping env
    [frozen_flower] chain 59/200 task 1/5 success at step 254
    [frozen_flower] chain 59/200 task 1/5 success: 254 steps, 11.4s
    [frozen_flower] chain 59/200 task 2/5 start: lift_pink_block_slider | instruction: lift the pink block from the sliding cabinet
    [frozen_flower] chain 59/200 task 2/5 step 1/360: running policy
    [frozen_flower] chain 59/200 task 2/5 step 1/360: policy 0.27s, stepping env
    [frozen_flower] chain 59/200 task 2/5 step 25/360: running policy
    [frozen_flower] chain 59/200 task 2/5 step 25/360: policy 0.00s, stepping env
    [frozen_flower] chain 59/200 task 2/5 step 50/360: running policy
    [frozen_flower] chain 59/200 task 2/5 step 50/360: policy 0.01s, stepping env
    [frozen_flower] chain 59/200 task 2/5 success at step 68
    [frozen_flower] chain 59/200 task 2/5 success: 68 steps, 3.2s
    [frozen_flower] chain 59/200 task 3/5 start: place_in_slider | instruction: store the grasped block in the sliding cabinet
    [frozen_flower] chain 59/200 task 3/5 step 1/360: running policy
    [frozen_flower] chain 59/200 task 3/5 step 1/360: policy 0.27s, stepping env
    [frozen_flower] chain 59/200 task 3/5 success at step 14
    [frozen_flower] chain 59/200 task 3/5 success: 14 steps, 0.8s
    [frozen_flower] chain 59/200 task 4/5 start: turn_off_lightbulb | instruction: use the switch to turn off the light bulb
    [frozen_flower] chain 59/200 task 4/5 step 1/360: running policy
    [frozen_flower] chain 59/200 task 4/5 step 1/360: policy 0.27s, stepping env
    [frozen_flower] chain 59/200 task 4/5 step 25/360: running policy
    [frozen_flower] chain 59/200 task 4/5 step 25/360: policy 0.01s, stepping env
    [frozen_flower] chain 59/200 task 4/5 step 50/360: running policy
    [frozen_flower] chain 59/200 task 4/5 step 50/360: policy 0.01s, stepping env
    [frozen_flower] chain 59/200 task 4/5 success at step 60
    [frozen_flower] chain 59/200 task 4/5 success: 60 steps, 2.7s
    [frozen_flower] chain 59/200 task 5/5 start: lift_blue_block_table | instruction: grasp and lift the blue block
    [frozen_flower] chain 59/200 task 5/5 step 1/360: running policy
    [frozen_flower] chain 59/200 task 5/5 step 1/360: policy 0.27s, stepping env
    [frozen_flower] chain 59/200 task 5/5 step 25/360: running policy
    [frozen_flower] chain 59/200 task 5/5 step 25/360: policy 0.01s, stepping env
    [frozen_flower] chain 59/200 task 5/5 step 50/360: running policy
    [frozen_flower] chain 59/200 task 5/5 step 50/360: policy 0.01s, stepping env
    [frozen_flower] chain 59/200 task 5/5 success at step 60
    [frozen_flower] chain 59/200 task 5/5 success: 60 steps, 2.8s
    [frozen_flower] chain 60/200 start: ['rotate_blue_block_left', 'move_slider_right', 'lift_blue_block_table', 'place_in_slider', 'turn_on_lightbulb']
    [frozen_flower] chain 60/200 instructions: ['take the blue block and rotate it to the left', 'push the sliding door to the right side', 'grasp and lift the blue block', 'store the grasped block in the sliding cabinet', 'use the switch to turn on the light bulb']
    [frozen_flower] chain 60/200 task 1/5 start: rotate_blue_block_left | instruction: take the blue block and rotate it to the left
    [frozen_flower] chain 60/200 task 1/5 step 1/360: running policy
    [frozen_flower] chain 60/200 task 1/5 step 1/360: policy 0.27s, stepping env
    [frozen_flower] chain 60/200 task 1/5 step 25/360: running policy
    [frozen_flower] chain 60/200 task 1/5 step 25/360: policy 0.01s, stepping env
    [frozen_flower] chain 60/200 task 1/5 step 50/360: running policy
    [frozen_flower] chain 60/200 task 1/5 step 50/360: policy 0.01s, stepping env
    [frozen_flower] chain 60/200 task 1/5 step 75/360: running policy
    [frozen_flower] chain 60/200 task 1/5 step 75/360: policy 0.01s, stepping env
    [frozen_flower] chain 60/200 task 1/5 success at step 80
    [frozen_flower] chain 60/200 task 1/5 success: 80 steps, 3.9s
    [frozen_flower] chain 60/200 task 2/5 start: move_slider_right | instruction: push the sliding door to the right side
    [frozen_flower] chain 60/200 task 2/5 step 1/360: running policy
    [frozen_flower] chain 60/200 task 2/5 step 1/360: policy 0.27s, stepping env
    [frozen_flower] chain 60/200 task 2/5 step 25/360: running policy
    [frozen_flower] chain 60/200 task 2/5 step 25/360: policy 0.00s, stepping env
    [frozen_flower] chain 60/200 task 2/5 step 50/360: running policy
    [frozen_flower] chain 60/200 task 2/5 step 50/360: policy 0.01s, stepping env
    [frozen_flower] chain 60/200 task 2/5 step 75/360: running policy
    [frozen_flower] chain 60/200 task 2/5 step 75/360: policy 0.01s, stepping env
    [frozen_flower] chain 60/200 task 2/5 success at step 80
    [frozen_flower] chain 60/200 task 2/5 success: 80 steps, 3.8s
    [frozen_flower] chain 60/200 task 3/5 start: lift_blue_block_table | instruction: grasp and lift the blue block
    [frozen_flower] chain 60/200 task 3/5 step 1/360: running policy
    [frozen_flower] chain 60/200 task 3/5 step 1/360: policy 0.28s, stepping env
    [frozen_flower] chain 60/200 task 3/5 step 25/360: running policy
    [frozen_flower] chain 60/200 task 3/5 step 25/360: policy 0.01s, stepping env
    [frozen_flower] chain 60/200 task 3/5 step 50/360: running policy
    [frozen_flower] chain 60/200 task 3/5 step 50/360: policy 0.01s, stepping env
    [frozen_flower] chain 60/200 task 3/5 success at step 57
    [frozen_flower] chain 60/200 task 3/5 success: 57 steps, 2.8s
    [frozen_flower] chain 60/200 task 4/5 start: place_in_slider | instruction: store the grasped block in the sliding cabinet
    [frozen_flower] chain 60/200 task 4/5 step 1/360: running policy
    [frozen_flower] chain 60/200 task 4/5 step 1/360: policy 0.29s, stepping env
    [frozen_flower] chain 60/200 task 4/5 step 25/360: running policy
    [frozen_flower] chain 60/200 task 4/5 step 25/360: policy 0.01s, stepping env
    [frozen_flower] chain 60/200 task 4/5 step 50/360: running policy
    [frozen_flower] chain 60/200 task 4/5 step 50/360: policy 0.01s, stepping env
    [frozen_flower] chain 60/200 task 4/5 step 75/360: running policy
    [frozen_flower] chain 60/200 task 4/5 step 75/360: policy 0.00s, stepping env
    [frozen_flower] chain 60/200 task 4/5 step 100/360: running policy
    [frozen_flower] chain 60/200 task 4/5 step 100/360: policy 0.01s, stepping env
    [frozen_flower] chain 60/200 task 4/5 step 125/360: running policy
    [frozen_flower] chain 60/200 task 4/5 step 125/360: policy 0.01s, stepping env
    [frozen_flower] chain 60/200 task 4/5 step 150/360: running policy
    [frozen_flower] chain 60/200 task 4/5 step 150/360: policy 0.01s, stepping env
    [frozen_flower] chain 60/200 task 4/5 step 175/360: running policy
    [frozen_flower] chain 60/200 task 4/5 step 175/360: policy 0.01s, stepping env
    [frozen_flower] chain 60/200 task 4/5 step 200/360: running policy
    [frozen_flower] chain 60/200 task 4/5 step 200/360: policy 0.01s, stepping env
    [frozen_flower] chain 60/200 task 4/5 step 225/360: running policy
    [frozen_flower] chain 60/200 task 4/5 step 225/360: policy 0.01s, stepping env
    [frozen_flower] chain 60/200 task 4/5 step 250/360: running policy
    [frozen_flower] chain 60/200 task 4/5 step 250/360: policy 0.01s, stepping env
    [frozen_flower] chain 60/200 task 4/5 step 275/360: running policy
    [frozen_flower] chain 60/200 task 4/5 step 275/360: policy 0.01s, stepping env
    [frozen_flower] chain 60/200 task 4/5 step 300/360: running policy
    [frozen_flower] chain 60/200 task 4/5 step 300/360: policy 0.01s, stepping env
    [frozen_flower] chain 60/200 task 4/5 step 325/360: running policy
    [frozen_flower] chain 60/200 task 4/5 step 325/360: policy 0.01s, stepping env
    [frozen_flower] chain 60/200 task 4/5 step 350/360: running policy
    [frozen_flower] chain 60/200 task 4/5 step 350/360: policy 0.01s, stepping env
    [frozen_flower] chain 60/200 task 4/5 failed: 360 steps, 18.0s
    [frozen_flower] 60/200 chains, L1 success: 95.0%
    [frozen_flower] chain 61/200 start: ['turn_on_led', 'push_red_block_right', 'lift_blue_block_slider', 'stack_block', 'open_drawer']
    [frozen_flower] chain 61/200 instructions: ['press the button to turn on the led light', 'go push the red block right', 'lift the blue block from the sliding cabinet', 'stack the grasped block', 'pull the handle to open the drawer']
    [frozen_flower] chain 61/200 task 1/5 start: turn_on_led | instruction: press the button to turn on the led light
    [frozen_flower] chain 61/200 task 1/5 step 1/360: running policy
    [frozen_flower] chain 61/200 task 1/5 step 1/360: policy 0.27s, stepping env
    [frozen_flower] chain 61/200 task 1/5 step 25/360: running policy
    [frozen_flower] chain 61/200 task 1/5 step 25/360: policy 0.01s, stepping env
    [frozen_flower] chain 61/200 task 1/5 success at step 43
    [frozen_flower] chain 61/200 task 1/5 success: 43 steps, 2.4s
    [frozen_flower] chain 61/200 task 2/5 start: push_red_block_right | instruction: go push the red block right
    [frozen_flower] chain 61/200 task 2/5 step 1/360: running policy
    [frozen_flower] chain 61/200 task 2/5 step 1/360: policy 0.31s, stepping env
    [frozen_flower] chain 61/200 task 2/5 step 25/360: running policy
    [frozen_flower] chain 61/200 task 2/5 step 25/360: policy 0.01s, stepping env
    [frozen_flower] chain 61/200 task 2/5 step 50/360: running policy
    [frozen_flower] chain 61/200 task 2/5 step 50/360: policy 0.01s, stepping env
    [frozen_flower] chain 61/200 task 2/5 step 75/360: running policy
    [frozen_flower] chain 61/200 task 2/5 step 75/360: policy 0.01s, stepping env
    [frozen_flower] chain 61/200 task 2/5 step 100/360: running policy
    [frozen_flower] chain 61/200 task 2/5 step 100/360: policy 0.00s, stepping env
    [frozen_flower] chain 61/200 task 2/5 step 125/360: running policy
    [frozen_flower] chain 61/200 task 2/5 step 125/360: policy 0.01s, stepping env
    [frozen_flower] chain 61/200 task 2/5 step 150/360: running policy
    [frozen_flower] chain 61/200 task 2/5 step 150/360: policy 0.01s, stepping env
    [frozen_flower] chain 61/200 task 2/5 step 175/360: running policy
    [frozen_flower] chain 61/200 task 2/5 step 175/360: policy 0.01s, stepping env
    [frozen_flower] chain 61/200 task 2/5 step 200/360: running policy
    [frozen_flower] chain 61/200 task 2/5 step 200/360: policy 0.02s, stepping env
    [frozen_flower] chain 61/200 task 2/5 step 225/360: running policy
    [frozen_flower] chain 61/200 task 2/5 step 225/360: policy 0.00s, stepping env
    [frozen_flower] chain 61/200 task 2/5 step 250/360: running policy
    [frozen_flower] chain 61/200 task 2/5 step 250/360: policy 0.00s, stepping env
    [frozen_flower] chain 61/200 task 2/5 step 275/360: running policy
    [frozen_flower] chain 61/200 task 2/5 step 275/360: policy 0.00s, stepping env
    [frozen_flower] chain 61/200 task 2/5 step 300/360: running policy
    [frozen_flower] chain 61/200 task 2/5 step 300/360: policy 0.00s, stepping env
    [frozen_flower] chain 61/200 task 2/5 step 325/360: running policy
    [frozen_flower] chain 61/200 task 2/5 step 325/360: policy 0.00s, stepping env
    [frozen_flower] chain 61/200 task 2/5 success at step 345
    [frozen_flower] chain 61/200 task 2/5 success: 345 steps, 16.5s
    [frozen_flower] chain 61/200 task 3/5 start: lift_blue_block_slider | instruction: lift the blue block from the sliding cabinet
    [frozen_flower] chain 61/200 task 3/5 step 1/360: running policy
    [frozen_flower] chain 61/200 task 3/5 step 1/360: policy 0.26s, stepping env
    [frozen_flower] chain 61/200 task 3/5 step 25/360: running policy
    [frozen_flower] chain 61/200 task 3/5 step 25/360: policy 0.00s, stepping env
    [frozen_flower] chain 61/200 task 3/5 step 50/360: running policy
    [frozen_flower] chain 61/200 task 3/5 step 50/360: policy 0.00s, stepping env
    [frozen_flower] chain 61/200 task 3/5 step 75/360: running policy
    [frozen_flower] chain 61/200 task 3/5 step 75/360: policy 0.00s, stepping env
    [frozen_flower] chain 61/200 task 3/5 step 100/360: running policy
    [frozen_flower] chain 61/200 task 3/5 step 100/360: policy 0.00s, stepping env
    [frozen_flower] chain 61/200 task 3/5 success at step 102
    [frozen_flower] chain 61/200 task 3/5 success: 102 steps, 4.4s
    [frozen_flower] chain 61/200 task 4/5 start: stack_block | instruction: stack the grasped block
    [frozen_flower] chain 61/200 task 4/5 step 1/360: running policy
    [frozen_flower] chain 61/200 task 4/5 step 1/360: policy 0.26s, stepping env
    [frozen_flower] chain 61/200 task 4/5 step 25/360: running policy
    [frozen_flower] chain 61/200 task 4/5 step 25/360: policy 0.01s, stepping env
    [frozen_flower] chain 61/200 task 4/5 step 50/360: running policy
    [frozen_flower] chain 61/200 task 4/5 step 50/360: policy 0.00s, stepping env
    [frozen_flower] chain 61/200 task 4/5 step 75/360: running policy
    [frozen_flower] chain 61/200 task 4/5 step 75/360: policy 0.00s, stepping env
    [frozen_flower] chain 61/200 task 4/5 success at step 90
    [frozen_flower] chain 61/200 task 4/5 success: 90 steps, 3.9s
    [frozen_flower] chain 61/200 task 5/5 start: open_drawer | instruction: pull the handle to open the drawer
    [frozen_flower] chain 61/200 task 5/5 step 1/360: running policy
    [frozen_flower] chain 61/200 task 5/5 step 1/360: policy 0.27s, stepping env
    [frozen_flower] chain 61/200 task 5/5 step 25/360: running policy
    [frozen_flower] chain 61/200 task 5/5 step 25/360: policy 0.00s, stepping env
    [frozen_flower] chain 61/200 task 5/5 step 50/360: running policy
    [frozen_flower] chain 61/200 task 5/5 step 50/360: policy 0.00s, stepping env
    [frozen_flower] chain 61/200 task 5/5 success at step 63
    [frozen_flower] chain 61/200 task 5/5 success: 63 steps, 2.9s
    [frozen_flower] chain 62/200 start: ['open_drawer', 'rotate_blue_block_right', 'move_slider_right', 'lift_red_block_slider', 'stack_block']
    [frozen_flower] chain 62/200 instructions: ['pull the handle to open the drawer', 'take the blue block and rotate it to the right', 'push the sliding door to the right side', 'lift the red block from the sliding cabinet', 'stack the grasped block']
    [frozen_flower] chain 62/200 task 1/5 start: open_drawer | instruction: pull the handle to open the drawer
    [frozen_flower] chain 62/200 task 1/5 step 1/360: running policy
    [frozen_flower] chain 62/200 task 1/5 step 1/360: policy 0.27s, stepping env
    [frozen_flower] chain 62/200 task 1/5 step 25/360: running policy
    [frozen_flower] chain 62/200 task 1/5 step 25/360: policy 0.00s, stepping env
    [frozen_flower] chain 62/200 task 1/5 step 50/360: running policy
    [frozen_flower] chain 62/200 task 1/5 step 50/360: policy 0.01s, stepping env
    [frozen_flower] chain 62/200 task 1/5 success at step 62
    [frozen_flower] chain 62/200 task 1/5 success: 62 steps, 3.0s
    [frozen_flower] chain 62/200 task 2/5 start: rotate_blue_block_right | instruction: take the blue block and rotate it to the right
    [frozen_flower] chain 62/200 task 2/5 step 1/360: running policy
    [frozen_flower] chain 62/200 task 2/5 step 1/360: policy 0.26s, stepping env
    [frozen_flower] chain 62/200 task 2/5 step 25/360: running policy
    [frozen_flower] chain 62/200 task 2/5 step 25/360: policy 0.01s, stepping env
    [frozen_flower] chain 62/200 task 2/5 step 50/360: running policy
    [frozen_flower] chain 62/200 task 2/5 step 50/360: policy 0.00s, stepping env
    [frozen_flower] chain 62/200 task 2/5 step 75/360: running policy
    [frozen_flower] chain 62/200 task 2/5 step 75/360: policy 0.00s, stepping env
    [frozen_flower] chain 62/200 task 2/5 step 100/360: running policy
    [frozen_flower] chain 62/200 task 2/5 step 100/360: policy 0.01s, stepping env
    [frozen_flower] chain 62/200 task 2/5 success at step 109
    [frozen_flower] chain 62/200 task 2/5 success: 109 steps, 4.8s
    [frozen_flower] chain 62/200 task 3/5 start: move_slider_right | instruction: push the sliding door to the right side
    [frozen_flower] chain 62/200 task 3/5 step 1/360: running policy
    [frozen_flower] chain 62/200 task 3/5 step 1/360: policy 0.28s, stepping env
    [frozen_flower] chain 62/200 task 3/5 step 25/360: running policy
    [frozen_flower] chain 62/200 task 3/5 step 25/360: policy 0.00s, stepping env
    [frozen_flower] chain 62/200 task 3/5 step 50/360: running policy
    [frozen_flower] chain 62/200 task 3/5 step 50/360: policy 0.00s, stepping env
    [frozen_flower] chain 62/200 task 3/5 success at step 74
    [frozen_flower] chain 62/200 task 3/5 success: 74 steps, 3.5s
    [frozen_flower] chain 62/200 task 4/5 start: lift_red_block_slider | instruction: lift the red block from the sliding cabinet
    [frozen_flower] chain 62/200 task 4/5 step 1/360: running policy
    [frozen_flower] chain 62/200 task 4/5 step 1/360: policy 0.26s, stepping env
    [frozen_flower] chain 62/200 task 4/5 step 25/360: running policy
    [frozen_flower] chain 62/200 task 4/5 step 25/360: policy 0.01s, stepping env
    [frozen_flower] chain 62/200 task 4/5 step 50/360: running policy
    [frozen_flower] chain 62/200 task 4/5 step 50/360: policy 0.01s, stepping env
    [frozen_flower] chain 62/200 task 4/5 step 75/360: running policy
    [frozen_flower] chain 62/200 task 4/5 step 75/360: policy 0.01s, stepping env
    [frozen_flower] chain 62/200 task 4/5 success at step 81
    [frozen_flower] chain 62/200 task 4/5 success: 81 steps, 4.0s
    [frozen_flower] chain 62/200 task 5/5 start: stack_block | instruction: stack the grasped block
    [frozen_flower] chain 62/200 task 5/5 step 1/360: running policy
    [frozen_flower] chain 62/200 task 5/5 step 1/360: policy 0.28s, stepping env
    [frozen_flower] chain 62/200 task 5/5 step 25/360: running policy
    [frozen_flower] chain 62/200 task 5/5 step 25/360: policy 0.01s, stepping env
    [frozen_flower] chain 62/200 task 5/5 step 50/360: running policy
    [frozen_flower] chain 62/200 task 5/5 step 50/360: policy 0.00s, stepping env
    [frozen_flower] chain 62/200 task 5/5 success at step 51
    [frozen_flower] chain 62/200 task 5/5 success: 51 steps, 2.6s
    [frozen_flower] chain 63/200 start: ['rotate_blue_block_right', 'open_drawer', 'move_slider_right', 'turn_on_led', 'lift_blue_block_table']
    [frozen_flower] chain 63/200 instructions: ['take the blue block and rotate it to the right', 'pull the handle to open the drawer', 'push the sliding door to the right side', 'press the button to turn on the led light', 'grasp and lift the blue block']
    [frozen_flower] chain 63/200 task 1/5 start: rotate_blue_block_right | instruction: take the blue block and rotate it to the right
    [frozen_flower] chain 63/200 task 1/5 step 1/360: running policy
    [frozen_flower] chain 63/200 task 1/5 step 1/360: policy 0.27s, stepping env
    [frozen_flower] chain 63/200 task 1/5 step 25/360: running policy
    [frozen_flower] chain 63/200 task 1/5 step 25/360: policy 0.01s, stepping env
    [frozen_flower] chain 63/200 task 1/5 step 50/360: running policy
    [frozen_flower] chain 63/200 task 1/5 step 50/360: policy 0.01s, stepping env
    [frozen_flower] chain 63/200 task 1/5 step 75/360: running policy
    [frozen_flower] chain 63/200 task 1/5 step 75/360: policy 0.00s, stepping env
    [frozen_flower] chain 63/200 task 1/5 success at step 86
    [frozen_flower] chain 63/200 task 1/5 success: 86 steps, 4.1s
    [frozen_flower] chain 63/200 task 2/5 start: open_drawer | instruction: pull the handle to open the drawer
    [frozen_flower] chain 63/200 task 2/5 step 1/360: running policy
    [frozen_flower] chain 63/200 task 2/5 step 1/360: policy 0.28s, stepping env
    [frozen_flower] chain 63/200 task 2/5 step 25/360: running policy
    [frozen_flower] chain 63/200 task 2/5 step 25/360: policy 0.01s, stepping env
    [frozen_flower] chain 63/200 task 2/5 step 50/360: running policy
    [frozen_flower] chain 63/200 task 2/5 step 50/360: policy 0.00s, stepping env
    [frozen_flower] chain 63/200 task 2/5 step 75/360: running policy
    [frozen_flower] chain 63/200 task 2/5 step 75/360: policy 0.00s, stepping env
    [frozen_flower] chain 63/200 task 2/5 success at step 87
    [frozen_flower] chain 63/200 task 2/5 success: 87 steps, 3.9s
    [frozen_flower] chain 63/200 task 3/5 start: move_slider_right | instruction: push the sliding door to the right side
    [frozen_flower] chain 63/200 task 3/5 step 1/360: running policy
    [frozen_flower] chain 63/200 task 3/5 step 1/360: policy 0.27s, stepping env
    [frozen_flower] chain 63/200 task 3/5 step 25/360: running policy
    [frozen_flower] chain 63/200 task 3/5 step 25/360: policy 0.01s, stepping env
    [frozen_flower] chain 63/200 task 3/5 step 50/360: running policy
    [frozen_flower] chain 63/200 task 3/5 step 50/360: policy 0.01s, stepping env
    [frozen_flower] chain 63/200 task 3/5 step 75/360: running policy
    [frozen_flower] chain 63/200 task 3/5 step 75/360: policy 0.01s, stepping env
    [frozen_flower] chain 63/200 task 3/5 success at step 92
    [frozen_flower] chain 63/200 task 3/5 success: 92 steps, 4.4s
    [frozen_flower] chain 63/200 task 4/5 start: turn_on_led | instruction: press the button to turn on the led light
    [frozen_flower] chain 63/200 task 4/5 step 1/360: running policy
    [frozen_flower] chain 63/200 task 4/5 step 1/360: policy 0.30s, stepping env
    [frozen_flower] chain 63/200 task 4/5 step 25/360: running policy
    [frozen_flower] chain 63/200 task 4/5 step 25/360: policy 0.01s, stepping env
    [frozen_flower] chain 63/200 task 4/5 success at step 44
    [frozen_flower] chain 63/200 task 4/5 success: 44 steps, 2.2s
    [frozen_flower] chain 63/200 task 5/5 start: lift_blue_block_table | instruction: grasp and lift the blue block
    [frozen_flower] chain 63/200 task 5/5 step 1/360: running policy
    [frozen_flower] chain 63/200 task 5/5 step 1/360: policy 0.28s, stepping env
    [frozen_flower] chain 63/200 task 5/5 step 25/360: running policy
    [frozen_flower] chain 63/200 task 5/5 step 25/360: policy 0.01s, stepping env
    [frozen_flower] chain 63/200 task 5/5 step 50/360: running policy
    [frozen_flower] chain 63/200 task 5/5 step 50/360: policy 0.01s, stepping env
    [frozen_flower] chain 63/200 task 5/5 step 75/360: running policy
    [frozen_flower] chain 63/200 task 5/5 step 75/360: policy 0.01s, stepping env
    [frozen_flower] chain 63/200 task 5/5 success at step 75
    [frozen_flower] chain 63/200 task 5/5 success: 75 steps, 3.7s
    [frozen_flower] chain 64/200 start: ['move_slider_right', 'rotate_pink_block_left', 'turn_off_led', 'close_drawer', 'lift_pink_block_table']
    [frozen_flower] chain 64/200 instructions: ['push the sliding door to the right side', 'take the pink block and rotate it to the left', 'press the button to turn off the led light', 'push the handle to close the drawer', 'grasp and lift the pink block']
    [frozen_flower] chain 64/200 task 1/5 start: move_slider_right | instruction: push the sliding door to the right side
    [frozen_flower] chain 64/200 task 1/5 step 1/360: running policy
    [frozen_flower] chain 64/200 task 1/5 step 1/360: policy 0.29s, stepping env
    [frozen_flower] chain 64/200 task 1/5 step 25/360: running policy
    [frozen_flower] chain 64/200 task 1/5 step 25/360: policy 0.01s, stepping env
    [frozen_flower] chain 64/200 task 1/5 step 50/360: running policy
    [frozen_flower] chain 64/200 task 1/5 step 50/360: policy 0.01s, stepping env
    [frozen_flower] chain 64/200 task 1/5 success at step 62
    [frozen_flower] chain 64/200 task 1/5 success: 62 steps, 3.2s
    [frozen_flower] chain 64/200 task 2/5 start: rotate_pink_block_left | instruction: take the pink block and rotate it to the left
    [frozen_flower] chain 64/200 task 2/5 step 1/360: running policy
    [frozen_flower] chain 64/200 task 2/5 step 1/360: policy 0.28s, stepping env
    [frozen_flower] chain 64/200 task 2/5 step 25/360: running policy
    [frozen_flower] chain 64/200 task 2/5 step 25/360: policy 0.01s, stepping env
    [frozen_flower] chain 64/200 task 2/5 step 50/360: running policy
    [frozen_flower] chain 64/200 task 2/5 step 50/360: policy 0.01s, stepping env
    [frozen_flower] chain 64/200 task 2/5 step 75/360: running policy
    [frozen_flower] chain 64/200 task 2/5 step 75/360: policy 0.01s, stepping env
    [frozen_flower] chain 64/200 task 2/5 step 100/360: running policy
    [frozen_flower] chain 64/200 task 2/5 step 100/360: policy 0.01s, stepping env
    [frozen_flower] chain 64/200 task 2/5 step 125/360: running policy
    [frozen_flower] chain 64/200 task 2/5 step 125/360: policy 0.01s, stepping env
    [frozen_flower] chain 64/200 task 2/5 success at step 134
    [frozen_flower] chain 64/200 task 2/5 success: 134 steps, 6.8s
    [frozen_flower] chain 64/200 task 3/5 start: turn_off_led | instruction: press the button to turn off the led light
    [frozen_flower] chain 64/200 task 3/5 step 1/360: running policy
    [frozen_flower] chain 64/200 task 3/5 step 1/360: policy 0.28s, stepping env
    [frozen_flower] chain 64/200 task 3/5 step 25/360: running policy
    [frozen_flower] chain 64/200 task 3/5 step 25/360: policy 0.01s, stepping env
    [frozen_flower] chain 64/200 task 3/5 step 50/360: running policy
    [frozen_flower] chain 64/200 task 3/5 step 50/360: policy 0.01s, stepping env
    [frozen_flower] chain 64/200 task 3/5 step 75/360: running policy
    [frozen_flower] chain 64/200 task 3/5 step 75/360: policy 0.01s, stepping env
    [frozen_flower] chain 64/200 task 3/5 success at step 82
    [frozen_flower] chain 64/200 task 3/5 success: 82 steps, 4.3s
    [frozen_flower] chain 64/200 task 4/5 start: close_drawer | instruction: push the handle to close the drawer
    [frozen_flower] chain 64/200 task 4/5 step 1/360: running policy
    [frozen_flower] chain 64/200 task 4/5 step 1/360: policy 0.28s, stepping env
    [frozen_flower] chain 64/200 task 4/5 step 25/360: running policy
    [frozen_flower] chain 64/200 task 4/5 step 25/360: policy 0.01s, stepping env
    [frozen_flower] chain 64/200 task 4/5 step 50/360: running policy
    [frozen_flower] chain 64/200 task 4/5 step 50/360: policy 0.01s, stepping env
    [frozen_flower] chain 64/200 task 4/5 step 75/360: running policy
    [frozen_flower] chain 64/200 task 4/5 step 75/360: policy 0.01s, stepping env
    [frozen_flower] chain 64/200 task 4/5 success at step 77
    [frozen_flower] chain 64/200 task 4/5 success: 77 steps, 4.0s
    [frozen_flower] chain 64/200 task 5/5 start: lift_pink_block_table | instruction: grasp and lift the pink block
    [frozen_flower] chain 64/200 task 5/5 step 1/360: running policy
    [frozen_flower] chain 64/200 task 5/5 step 1/360: policy 0.29s, stepping env
    [frozen_flower] chain 64/200 task 5/5 step 25/360: running policy
    [frozen_flower] chain 64/200 task 5/5 step 25/360: policy 0.00s, stepping env
    [frozen_flower] chain 64/200 task 5/5 step 50/360: running policy
    [frozen_flower] chain 64/200 task 5/5 step 50/360: policy 0.01s, stepping env
    [frozen_flower] chain 64/200 task 5/5 step 75/360: running policy
    [frozen_flower] chain 64/200 task 5/5 step 75/360: policy 0.01s, stepping env
    [frozen_flower] chain 64/200 task 5/5 step 100/360: running policy
    [frozen_flower] chain 64/200 task 5/5 step 100/360: policy 0.01s, stepping env
    [frozen_flower] chain 64/200 task 5/5 step 125/360: running policy
    [frozen_flower] chain 64/200 task 5/5 step 125/360: policy 0.01s, stepping env
    [frozen_flower] chain 64/200 task 5/5 step 150/360: running policy
    [frozen_flower] chain 64/200 task 5/5 step 150/360: policy 0.01s, stepping env
    [frozen_flower] chain 64/200 task 5/5 step 175/360: running policy
    [frozen_flower] chain 64/200 task 5/5 step 175/360: policy 0.01s, stepping env
    [frozen_flower] chain 64/200 task 5/5 step 200/360: running policy
    [frozen_flower] chain 64/200 task 5/5 step 200/360: policy 0.01s, stepping env
    [frozen_flower] chain 64/200 task 5/5 success at step 211
    [frozen_flower] chain 64/200 task 5/5 success: 211 steps, 11.1s
    [frozen_flower] chain 65/200 start: ['push_pink_block_right', 'push_into_drawer', 'lift_pink_block_drawer', 'place_in_drawer', 'close_drawer']
    [frozen_flower] chain 65/200 instructions: ['go push the pink block right', 'slide the block that it falls into the drawer', 'Take the pink block from the drawer', 'store the grasped block in the drawer', 'push the handle to close the drawer']
    [frozen_flower] chain 65/200 task 1/5 start: push_pink_block_right | instruction: go push the pink block right
    [frozen_flower] chain 65/200 task 1/5 step 1/360: running policy
    [frozen_flower] chain 65/200 task 1/5 step 1/360: policy 0.30s, stepping env
    [frozen_flower] chain 65/200 task 1/5 step 25/360: running policy
    [frozen_flower] chain 65/200 task 1/5 step 25/360: policy 0.01s, stepping env
    [frozen_flower] chain 65/200 task 1/5 step 50/360: running policy
    [frozen_flower] chain 65/200 task 1/5 step 50/360: policy 0.01s, stepping env
    [frozen_flower] chain 65/200 task 1/5 step 75/360: running policy
    [frozen_flower] chain 65/200 task 1/5 step 75/360: policy 0.01s, stepping env
    [frozen_flower] chain 65/200 task 1/5 step 100/360: running policy
    [frozen_flower] chain 65/200 task 1/5 step 100/360: policy 0.01s, stepping env
    [frozen_flower] chain 65/200 task 1/5 step 125/360: running policy
    [frozen_flower] chain 65/200 task 1/5 step 125/360: policy 0.00s, stepping env
    [frozen_flower] chain 65/200 task 1/5 step 150/360: running policy
    [frozen_flower] chain 65/200 task 1/5 step 150/360: policy 0.00s, stepping env
    [frozen_flower] chain 65/200 task 1/5 step 175/360: running policy
    [frozen_flower] chain 65/200 task 1/5 step 175/360: policy 0.00s, stepping env
    [frozen_flower] chain 65/200 task 1/5 success at step 196
    [frozen_flower] chain 65/200 task 1/5 success: 196 steps, 8.7s
    [frozen_flower] chain 65/200 task 2/5 start: push_into_drawer | instruction: slide the block that it falls into the drawer
    [frozen_flower] chain 65/200 task 2/5 step 1/360: running policy
    [frozen_flower] chain 65/200 task 2/5 step 1/360: policy 0.25s, stepping env
    [frozen_flower] chain 65/200 task 2/5 step 25/360: running policy
    [frozen_flower] chain 65/200 task 2/5 step 25/360: policy 0.00s, stepping env
    [frozen_flower] chain 65/200 task 2/5 step 50/360: running policy
    [frozen_flower] chain 65/200 task 2/5 step 50/360: policy 0.00s, stepping env
    [frozen_flower] chain 65/200 task 2/5 step 75/360: running policy
    [frozen_flower] chain 65/200 task 2/5 step 75/360: policy 0.00s, stepping env
    [frozen_flower] chain 65/200 task 2/5 step 100/360: running policy
    [frozen_flower] chain 65/200 task 2/5 step 100/360: policy 0.00s, stepping env
    [frozen_flower] chain 65/200 task 2/5 step 125/360: running policy
    [frozen_flower] chain 65/200 task 2/5 step 125/360: policy 0.00s, stepping env
    [frozen_flower] chain 65/200 task 2/5 step 150/360: running policy
    [frozen_flower] chain 65/200 task 2/5 step 150/360: policy 0.00s, stepping env
    [frozen_flower] chain 65/200 task 2/5 step 175/360: running policy
    [frozen_flower] chain 65/200 task 2/5 step 175/360: policy 0.00s, stepping env
    [frozen_flower] chain 65/200 task 2/5 step 200/360: running policy
    [frozen_flower] chain 65/200 task 2/5 step 200/360: policy 0.00s, stepping env
    [frozen_flower] chain 65/200 task 2/5 step 225/360: running policy
    [frozen_flower] chain 65/200 task 2/5 step 225/360: policy 0.01s, stepping env
    [frozen_flower] chain 65/200 task 2/5 step 250/360: running policy
    [frozen_flower] chain 65/200 task 2/5 step 250/360: policy 0.00s, stepping env
    [frozen_flower] chain 65/200 task 2/5 step 275/360: running policy
    [frozen_flower] chain 65/200 task 2/5 step 275/360: policy 0.00s, stepping env
    [frozen_flower] chain 65/200 task 2/5 step 300/360: running policy
    [frozen_flower] chain 65/200 task 2/5 step 300/360: policy 0.00s, stepping env
    [frozen_flower] chain 65/200 task 2/5 step 325/360: running policy
    [frozen_flower] chain 65/200 task 2/5 step 325/360: policy 0.00s, stepping env
    [frozen_flower] chain 65/200 task 2/5 step 350/360: running policy
    [frozen_flower] chain 65/200 task 2/5 step 350/360: policy 0.00s, stepping env
    [frozen_flower] chain 65/200 task 2/5 failed: 360 steps, 15.2s
    [frozen_flower] chain 66/200 start: ['lift_red_block_slider', 'place_in_slider', 'open_drawer', 'push_blue_block_right', 'move_slider_right']
    [frozen_flower] chain 66/200 instructions: ['lift the red block from the sliding cabinet', 'store the grasped block in the sliding cabinet', 'pull the handle to open the drawer', 'go push the blue block right', 'push the sliding door to the right side']
    [frozen_flower] chain 66/200 task 1/5 start: lift_red_block_slider | instruction: lift the red block from the sliding cabinet
    [frozen_flower] chain 66/200 task 1/5 step 1/360: running policy
    [frozen_flower] chain 66/200 task 1/5 step 1/360: policy 0.25s, stepping env
    [frozen_flower] chain 66/200 task 1/5 step 25/360: running policy
    [frozen_flower] chain 66/200 task 1/5 step 25/360: policy 0.00s, stepping env
    [frozen_flower] chain 66/200 task 1/5 success at step 48
    [frozen_flower] chain 66/200 task 1/5 success: 48 steps, 2.1s
    [frozen_flower] chain 66/200 task 2/5 start: place_in_slider | instruction: store the grasped block in the sliding cabinet
    [frozen_flower] chain 66/200 task 2/5 step 1/360: running policy
    [frozen_flower] chain 66/200 task 2/5 step 1/360: policy 0.27s, stepping env
    [frozen_flower] chain 66/200 task 2/5 success at step 13
    [frozen_flower] chain 66/200 task 2/5 success: 13 steps, 0.8s
    [frozen_flower] chain 66/200 task 3/5 start: open_drawer | instruction: pull the handle to open the drawer
    [frozen_flower] chain 66/200 task 3/5 step 1/360: running policy
    [frozen_flower] chain 66/200 task 3/5 step 1/360: policy 0.27s, stepping env
    [frozen_flower] chain 66/200 task 3/5 step 25/360: running policy
    [frozen_flower] chain 66/200 task 3/5 step 25/360: policy 0.00s, stepping env
    [frozen_flower] chain 66/200 task 3/5 step 50/360: running policy
    [frozen_flower] chain 66/200 task 3/5 step 50/360: policy 0.00s, stepping env
    [frozen_flower] chain 66/200 task 3/5 success at step 69
    [frozen_flower] chain 66/200 task 3/5 success: 69 steps, 3.0s
    [frozen_flower] chain 66/200 task 4/5 start: push_blue_block_right | instruction: go push the blue block right
    [frozen_flower] chain 66/200 task 4/5 step 1/360: running policy
    [frozen_flower] chain 66/200 task 4/5 step 1/360: policy 0.27s, stepping env
    [frozen_flower] chain 66/200 task 4/5 step 25/360: running policy
    [frozen_flower] chain 66/200 task 4/5 step 25/360: policy 0.01s, stepping env
    [frozen_flower] chain 66/200 task 4/5 step 50/360: running policy
    [frozen_flower] chain 66/200 task 4/5 step 50/360: policy 0.00s, stepping env
    [frozen_flower] chain 66/200 task 4/5 step 75/360: running policy
    [frozen_flower] chain 66/200 task 4/5 step 75/360: policy 0.01s, stepping env
    [frozen_flower] chain 66/200 task 4/5 step 100/360: running policy
    [frozen_flower] chain 66/200 task 4/5 step 100/360: policy 0.00s, stepping env
    [frozen_flower] chain 66/200 task 4/5 success at step 115
    [frozen_flower] chain 66/200 task 4/5 success: 115 steps, 5.1s
    [frozen_flower] chain 66/200 task 5/5 start: move_slider_right | instruction: push the sliding door to the right side
    [frozen_flower] chain 66/200 task 5/5 step 1/360: running policy
    [frozen_flower] chain 66/200 task 5/5 step 1/360: policy 0.26s, stepping env
    [frozen_flower] chain 66/200 task 5/5 step 25/360: running policy
    [frozen_flower] chain 66/200 task 5/5 step 25/360: policy 0.00s, stepping env
    [frozen_flower] chain 66/200 task 5/5 step 50/360: running policy
    [frozen_flower] chain 66/200 task 5/5 step 50/360: policy 0.00s, stepping env
    [frozen_flower] chain 66/200 task 5/5 step 75/360: running policy
    [frozen_flower] chain 66/200 task 5/5 step 75/360: policy 0.01s, stepping env
    [frozen_flower] chain 66/200 task 5/5 success at step 85
    [frozen_flower] chain 66/200 task 5/5 success: 85 steps, 3.9s
    [frozen_flower] chain 67/200 start: ['close_drawer', 'lift_red_block_table', 'place_in_slider', 'move_slider_right', 'turn_off_led']
    [frozen_flower] chain 67/200 instructions: ['push the handle to close the drawer', 'grasp and lift the red block', 'store the grasped block in the sliding cabinet', 'push the sliding door to the right side', 'press the button to turn off the led light']
    [frozen_flower] chain 67/200 task 1/5 start: close_drawer | instruction: push the handle to close the drawer
    [frozen_flower] chain 67/200 task 1/5 step 1/360: running policy
    [frozen_flower] chain 67/200 task 1/5 step 1/360: policy 0.29s, stepping env
    [frozen_flower] chain 67/200 task 1/5 step 25/360: running policy
    [frozen_flower] chain 67/200 task 1/5 step 25/360: policy 0.01s, stepping env
    [frozen_flower] chain 67/200 task 1/5 step 50/360: running policy
    [frozen_flower] chain 67/200 task 1/5 step 50/360: policy 0.01s, stepping env
    [frozen_flower] chain 67/200 task 1/5 success at step 51
    [frozen_flower] chain 67/200 task 1/5 success: 51 steps, 2.6s
    [frozen_flower] chain 67/200 task 2/5 start: lift_red_block_table | instruction: grasp and lift the red block
    [frozen_flower] chain 67/200 task 2/5 step 1/360: running policy
    [frozen_flower] chain 67/200 task 2/5 step 1/360: policy 0.28s, stepping env
    [frozen_flower] chain 67/200 task 2/5 step 25/360: running policy
    [frozen_flower] chain 67/200 task 2/5 step 25/360: policy 0.01s, stepping env
    [frozen_flower] chain 67/200 task 2/5 step 50/360: running policy
    [frozen_flower] chain 67/200 task 2/5 step 50/360: policy 0.00s, stepping env
    [frozen_flower] chain 67/200 task 2/5 step 75/360: running policy
    [frozen_flower] chain 67/200 task 2/5 step 75/360: policy 0.01s, stepping env
    [frozen_flower] chain 67/200 task 2/5 success at step 83
    [frozen_flower] chain 67/200 task 2/5 success: 83 steps, 4.0s
    [frozen_flower] chain 67/200 task 3/5 start: place_in_slider | instruction: store the grasped block in the sliding cabinet
    [frozen_flower] chain 67/200 task 3/5 step 1/360: running policy
    [frozen_flower] chain 67/200 task 3/5 step 1/360: policy 0.28s, stepping env
    [frozen_flower] chain 67/200 task 3/5 step 25/360: running policy
    [frozen_flower] chain 67/200 task 3/5 step 25/360: policy 0.01s, stepping env
    [frozen_flower] chain 67/200 task 3/5 success at step 33
    [frozen_flower] chain 67/200 task 3/5 success: 33 steps, 1.7s
    [frozen_flower] chain 67/200 task 4/5 start: move_slider_right | instruction: push the sliding door to the right side
    [frozen_flower] chain 67/200 task 4/5 step 1/360: running policy
    [frozen_flower] chain 67/200 task 4/5 step 1/360: policy 0.29s, stepping env
    [frozen_flower] chain 67/200 task 4/5 step 25/360: running policy
    [frozen_flower] chain 67/200 task 4/5 step 25/360: policy 0.01s, stepping env
    [frozen_flower] chain 67/200 task 4/5 step 50/360: running policy
    [frozen_flower] chain 67/200 task 4/5 step 50/360: policy 0.00s, stepping env
    [frozen_flower] chain 67/200 task 4/5 success at step 73
    [frozen_flower] chain 67/200 task 4/5 success: 73 steps, 3.6s
    [frozen_flower] chain 67/200 task 5/5 start: turn_off_led | instruction: press the button to turn off the led light
    [frozen_flower] chain 67/200 task 5/5 step 1/360: running policy
    [frozen_flower] chain 67/200 task 5/5 step 1/360: policy 0.28s, stepping env
    [frozen_flower] chain 67/200 task 5/5 step 25/360: running policy
    [frozen_flower] chain 67/200 task 5/5 step 25/360: policy 0.01s, stepping env
    [frozen_flower] chain 67/200 task 5/5 step 50/360: running policy
    [frozen_flower] chain 67/200 task 5/5 step 50/360: policy 0.00s, stepping env
    [frozen_flower] chain 67/200 task 5/5 step 75/360: running policy
    [frozen_flower] chain 67/200 task 5/5 step 75/360: policy 0.01s, stepping env
    [frozen_flower] chain 67/200 task 5/5 success at step 76
    [frozen_flower] chain 67/200 task 5/5 success: 76 steps, 3.8s
    [frozen_flower] chain 68/200 start: ['push_red_block_left', 'turn_off_led', 'lift_red_block_table', 'stack_block', 'move_slider_right']
    [frozen_flower] chain 68/200 instructions: ['go push the red block left', 'press the button to turn off the led light', 'grasp and lift the red block', 'stack the grasped block', 'push the sliding door to the right side']
    [frozen_flower] chain 68/200 task 1/5 start: push_red_block_left | instruction: go push the red block left
    [frozen_flower] chain 68/200 task 1/5 step 1/360: running policy
    [frozen_flower] chain 68/200 task 1/5 step 1/360: policy 0.30s, stepping env
    [frozen_flower] chain 68/200 task 1/5 step 25/360: running policy
    [frozen_flower] chain 68/200 task 1/5 step 25/360: policy 0.05s, stepping env
    [frozen_flower] chain 68/200 task 1/5 step 50/360: running policy
    [frozen_flower] chain 68/200 task 1/5 step 50/360: policy 0.01s, stepping env
    [frozen_flower] chain 68/200 task 1/5 step 75/360: running policy
    [frozen_flower] chain 68/200 task 1/5 step 75/360: policy 0.01s, stepping env
    [frozen_flower] chain 68/200 task 1/5 step 100/360: running policy
    [frozen_flower] chain 68/200 task 1/5 step 100/360: policy 0.02s, stepping env
    [frozen_flower] chain 68/200 task 1/5 step 125/360: running policy
    [frozen_flower] chain 68/200 task 1/5 step 125/360: policy 0.01s, stepping env
    [frozen_flower] chain 68/200 task 1/5 step 150/360: running policy
    [frozen_flower] chain 68/200 task 1/5 step 150/360: policy 0.01s, stepping env
    [frozen_flower] chain 68/200 task 1/5 step 175/360: running policy
    [frozen_flower] chain 68/200 task 1/5 step 175/360: policy 0.01s, stepping env
    [frozen_flower] chain 68/200 task 1/5 step 200/360: running policy
    [frozen_flower] chain 68/200 task 1/5 step 200/360: policy 0.01s, stepping env
    [frozen_flower] chain 68/200 task 1/5 step 225/360: running policy
    [frozen_flower] chain 68/200 task 1/5 step 225/360: policy 0.01s, stepping env
    [frozen_flower] chain 68/200 task 1/5 step 250/360: running policy
    [frozen_flower] chain 68/200 task 1/5 step 250/360: policy 0.01s, stepping env
    [frozen_flower] chain 68/200 task 1/5 step 275/360: running policy
    [frozen_flower] chain 68/200 task 1/5 step 275/360: policy 0.01s, stepping env
    [frozen_flower] chain 68/200 task 1/5 step 300/360: running policy
    [frozen_flower] chain 68/200 task 1/5 step 300/360: policy 0.01s, stepping env
    [frozen_flower] chain 68/200 task 1/5 step 325/360: running policy
    [frozen_flower] chain 68/200 task 1/5 step 325/360: policy 0.00s, stepping env
    [frozen_flower] chain 68/200 task 1/5 step 350/360: running policy
    [frozen_flower] chain 68/200 task 1/5 step 350/360: policy 0.01s, stepping env
    [frozen_flower] chain 68/200 task 1/5 failed: 360 steps, 17.7s
    [frozen_flower] chain 69/200 start: ['move_slider_left', 'open_drawer', 'turn_on_lightbulb', 'push_blue_block_left', 'lift_blue_block_table']
    [frozen_flower] chain 69/200 instructions: ['push the sliding door to the left side', 'pull the handle to open the drawer', 'use the switch to turn on the light bulb', 'go push the blue block left', 'grasp and lift the blue block']
    [frozen_flower] chain 69/200 task 1/5 start: move_slider_left | instruction: push the sliding door to the left side
    [frozen_flower] chain 69/200 task 1/5 step 1/360: running policy
    [frozen_flower] chain 69/200 task 1/5 step 1/360: policy 0.30s, stepping env
    [frozen_flower] chain 69/200 task 1/5 step 25/360: running policy
    [frozen_flower] chain 69/200 task 1/5 step 25/360: policy 0.01s, stepping env
    [frozen_flower] chain 69/200 task 1/5 step 50/360: running policy
    [frozen_flower] chain 69/200 task 1/5 step 50/360: policy 0.01s, stepping env
    [frozen_flower] chain 69/200 task 1/5 success at step 54
    [frozen_flower] chain 69/200 task 1/5 success: 54 steps, 2.9s
    [frozen_flower] chain 69/200 task 2/5 start: open_drawer | instruction: pull the handle to open the drawer
    [frozen_flower] chain 69/200 task 2/5 step 1/360: running policy
    [frozen_flower] chain 69/200 task 2/5 step 1/360: policy 0.28s, stepping env
    [frozen_flower] chain 69/200 task 2/5 step 25/360: running policy
    [frozen_flower] chain 69/200 task 2/5 step 25/360: policy 0.01s, stepping env
    [frozen_flower] chain 69/200 task 2/5 step 50/360: running policy
    [frozen_flower] chain 69/200 task 2/5 step 50/360: policy 0.01s, stepping env
    [frozen_flower] chain 69/200 task 2/5 step 75/360: running policy
    [frozen_flower] chain 69/200 task 2/5 step 75/360: policy 0.01s, stepping env
    [frozen_flower] chain 69/200 task 2/5 success at step 75
    [frozen_flower] chain 69/200 task 2/5 success: 75 steps, 3.8s
    [frozen_flower] chain 69/200 task 3/5 start: turn_on_lightbulb | instruction: use the switch to turn on the light bulb
    [frozen_flower] chain 69/200 task 3/5 step 1/360: running policy
    [frozen_flower] chain 69/200 task 3/5 step 1/360: policy 0.27s, stepping env
    [frozen_flower] chain 69/200 task 3/5 step 25/360: running policy
    [frozen_flower] chain 69/200 task 3/5 step 25/360: policy 0.01s, stepping env
    [frozen_flower] chain 69/200 task 3/5 step 50/360: running policy
    [frozen_flower] chain 69/200 task 3/5 step 50/360: policy 0.01s, stepping env
    [frozen_flower] chain 69/200 task 3/5 success at step 66
    [frozen_flower] chain 69/200 task 3/5 success: 66 steps, 3.5s
    [frozen_flower] chain 69/200 task 4/5 start: push_blue_block_left | instruction: go push the blue block left
    [frozen_flower] chain 69/200 task 4/5 step 1/360: running policy
    [frozen_flower] chain 69/200 task 4/5 step 1/360: policy 0.31s, stepping env
    [frozen_flower] chain 69/200 task 4/5 step 25/360: running policy
    [frozen_flower] chain 69/200 task 4/5 step 25/360: policy 0.01s, stepping env
    [frozen_flower] chain 69/200 task 4/5 step 50/360: running policy
    [frozen_flower] chain 69/200 task 4/5 step 50/360: policy 0.01s, stepping env
    [frozen_flower] chain 69/200 task 4/5 success at step 61
    [frozen_flower] chain 69/200 task 4/5 success: 61 steps, 3.5s
    [frozen_flower] chain 69/200 task 5/5 start: lift_blue_block_table | instruction: grasp and lift the blue block
    [frozen_flower] chain 69/200 task 5/5 step 1/360: running policy
    [frozen_flower] chain 69/200 task 5/5 step 1/360: policy 0.31s, stepping env
    [frozen_flower] chain 69/200 task 5/5 step 25/360: running policy
    [frozen_flower] chain 69/200 task 5/5 step 25/360: policy 0.01s, stepping env
    [frozen_flower] chain 69/200 task 5/5 step 50/360: running policy
    [frozen_flower] chain 69/200 task 5/5 step 50/360: policy 0.01s, stepping env
    [frozen_flower] chain 69/200 task 5/5 success at step 51
    [frozen_flower] chain 69/200 task 5/5 success: 51 steps, 3.0s
    [frozen_flower] chain 70/200 start: ['rotate_blue_block_left', 'turn_off_led', 'lift_red_block_table', 'stack_block', 'unstack_block']
    [frozen_flower] chain 70/200 instructions: ['take the blue block and rotate it to the left', 'press the button to turn off the led light', 'grasp and lift the red block', 'stack the grasped block', 'remove the stacked block']
    [frozen_flower] chain 70/200 task 1/5 start: rotate_blue_block_left | instruction: take the blue block and rotate it to the left
    [frozen_flower] chain 70/200 task 1/5 step 1/360: running policy
    [frozen_flower] chain 70/200 task 1/5 step 1/360: policy 0.30s, stepping env
    [frozen_flower] chain 70/200 task 1/5 step 25/360: running policy
    [frozen_flower] chain 70/200 task 1/5 step 25/360: policy 0.01s, stepping env
    [frozen_flower] chain 70/200 task 1/5 step 50/360: running policy
    [frozen_flower] chain 70/200 task 1/5 step 50/360: policy 0.01s, stepping env
    [frozen_flower] chain 70/200 task 1/5 success at step 61
    [frozen_flower] chain 70/200 task 1/5 success: 61 steps, 3.3s
    [frozen_flower] chain 70/200 task 2/5 start: turn_off_led | instruction: press the button to turn off the led light
    [frozen_flower] chain 70/200 task 2/5 step 1/360: running policy
    [frozen_flower] chain 70/200 task 2/5 step 1/360: policy 0.23s, stepping env
    [frozen_flower] chain 70/200 task 2/5 step 25/360: running policy
    [frozen_flower] chain 70/200 task 2/5 step 25/360: policy 0.00s, stepping env
    [frozen_flower] chain 70/200 task 2/5 step 50/360: running policy
    [frozen_flower] chain 70/200 task 2/5 step 50/360: policy 0.00s, stepping env
    [frozen_flower] chain 70/200 task 2/5 step 75/360: running policy
    [frozen_flower] chain 70/200 task 2/5 step 75/360: policy 0.00s, stepping env
    [frozen_flower] chain 70/200 task 2/5 success at step 82
    [frozen_flower] chain 70/200 task 2/5 success: 82 steps, 3.6s
    [frozen_flower] chain 70/200 task 3/5 start: lift_red_block_table | instruction: grasp and lift the red block
    [frozen_flower] chain 70/200 task 3/5 step 1/360: running policy
    [frozen_flower] chain 70/200 task 3/5 step 1/360: policy 0.26s, stepping env
    [frozen_flower] chain 70/200 task 3/5 step 25/360: running policy
    [frozen_flower] chain 70/200 task 3/5 step 25/360: policy 0.01s, stepping env
    [frozen_flower] chain 70/200 task 3/5 step 50/360: running policy
    [frozen_flower] chain 70/200 task 3/5 step 50/360: policy 0.00s, stepping env
    [frozen_flower] chain 70/200 task 3/5 step 75/360: running policy
    [frozen_flower] chain 70/200 task 3/5 step 75/360: policy 0.00s, stepping env
    [frozen_flower] chain 70/200 task 3/5 step 100/360: running policy
    [frozen_flower] chain 70/200 task 3/5 step 100/360: policy 0.00s, stepping env
    [frozen_flower] chain 70/200 task 3/5 step 125/360: running policy
    [frozen_flower] chain 70/200 task 3/5 step 125/360: policy 0.00s, stepping env
    [frozen_flower] chain 70/200 task 3/5 step 150/360: running policy
    [frozen_flower] chain 70/200 task 3/5 step 150/360: policy 0.00s, stepping env
    [frozen_flower] chain 70/200 task 3/5 step 175/360: running policy
    [frozen_flower] chain 70/200 task 3/5 step 175/360: policy 0.01s, stepping env
    [frozen_flower] chain 70/200 task 3/5 step 200/360: running policy
    [frozen_flower] chain 70/200 task 3/5 step 200/360: policy 0.00s, stepping env
    [frozen_flower] chain 70/200 task 3/5 step 225/360: running policy
    [frozen_flower] chain 70/200 task 3/5 step 225/360: policy 0.00s, stepping env
    [frozen_flower] chain 70/200 task 3/5 step 250/360: running policy
    [frozen_flower] chain 70/200 task 3/5 step 250/360: policy 0.00s, stepping env
    [frozen_flower] chain 70/200 task 3/5 step 275/360: running policy
    [frozen_flower] chain 70/200 task 3/5 step 275/360: policy 0.00s, stepping env
    [frozen_flower] chain 70/200 task 3/5 step 300/360: running policy
    [frozen_flower] chain 70/200 task 3/5 step 300/360: policy 0.00s, stepping env
    [frozen_flower] chain 70/200 task 3/5 step 325/360: running policy
    [frozen_flower] chain 70/200 task 3/5 step 325/360: policy 0.01s, stepping env
    [frozen_flower] chain 70/200 task 3/5 step 350/360: running policy
    [frozen_flower] chain 70/200 task 3/5 step 350/360: policy 0.00s, stepping env
    [frozen_flower] chain 70/200 task 3/5 failed: 360 steps, 15.1s
    [frozen_flower] 70/200 chains, L1 success: 94.3%
    [frozen_flower] chain 71/200 start: ['push_pink_block_left', 'turn_off_lightbulb', 'close_drawer', 'lift_red_block_slider', 'stack_block']
    [frozen_flower] chain 71/200 instructions: ['go push the pink block left', 'use the switch to turn off the light bulb', 'push the handle to close the drawer', 'lift the red block from the sliding cabinet', 'stack the grasped block']
    [frozen_flower] chain 71/200 task 1/5 start: push_pink_block_left | instruction: go push the pink block left
    [frozen_flower] chain 71/200 task 1/5 step 1/360: running policy
    [frozen_flower] chain 71/200 task 1/5 step 1/360: policy 0.25s, stepping env
    [frozen_flower] chain 71/200 task 1/5 step 25/360: running policy
    [frozen_flower] chain 71/200 task 1/5 step 25/360: policy 0.00s, stepping env
    [frozen_flower] chain 71/200 task 1/5 step 50/360: running policy
    [frozen_flower] chain 71/200 task 1/5 step 50/360: policy 0.00s, stepping env
    [frozen_flower] chain 71/200 task 1/5 success at step 62
    [frozen_flower] chain 71/200 task 1/5 success: 62 steps, 2.7s
    [frozen_flower] chain 71/200 task 2/5 start: turn_off_lightbulb | instruction: use the switch to turn off the light bulb
    [frozen_flower] chain 71/200 task 2/5 step 1/360: running policy
    [frozen_flower] chain 71/200 task 2/5 step 1/360: policy 0.25s, stepping env
    [frozen_flower] chain 71/200 task 2/5 step 25/360: running policy
    [frozen_flower] chain 71/200 task 2/5 step 25/360: policy 0.00s, stepping env
    [frozen_flower] chain 71/200 task 2/5 step 50/360: running policy
    [frozen_flower] chain 71/200 task 2/5 step 50/360: policy 0.00s, stepping env
    [frozen_flower] chain 71/200 task 2/5 success at step 66
    [frozen_flower] chain 71/200 task 2/5 success: 66 steps, 3.0s
    [frozen_flower] chain 71/200 task 3/5 start: close_drawer | instruction: push the handle to close the drawer
    [frozen_flower] chain 71/200 task 3/5 step 1/360: running policy
    [frozen_flower] chain 71/200 task 3/5 step 1/360: policy 0.26s, stepping env
    [frozen_flower] chain 71/200 task 3/5 step 25/360: running policy
    [frozen_flower] chain 71/200 task 3/5 step 25/360: policy 0.00s, stepping env
    [frozen_flower] chain 71/200 task 3/5 step 50/360: running policy
    [frozen_flower] chain 71/200 task 3/5 step 50/360: policy 0.01s, stepping env
    [frozen_flower] chain 71/200 task 3/5 step 75/360: running policy
    [frozen_flower] chain 71/200 task 3/5 step 75/360: policy 0.00s, stepping env
    [frozen_flower] chain 71/200 task 3/5 success at step 89
    [frozen_flower] chain 71/200 task 3/5 success: 89 steps, 3.8s
    [frozen_flower] chain 71/200 task 4/5 start: lift_red_block_slider | instruction: lift the red block from the sliding cabinet
    [frozen_flower] chain 71/200 task 4/5 step 1/360: running policy
    [frozen_flower] chain 71/200 task 4/5 step 1/360: policy 0.25s, stepping env
    [frozen_flower] chain 71/200 task 4/5 step 25/360: running policy
    [frozen_flower] chain 71/200 task 4/5 step 25/360: policy 0.00s, stepping env
    [frozen_flower] chain 71/200 task 4/5 step 50/360: running policy
    [frozen_flower] chain 71/200 task 4/5 step 50/360: policy 0.00s, stepping env
    [frozen_flower] chain 71/200 task 4/5 step 75/360: running policy
    [frozen_flower] chain 71/200 task 4/5 step 75/360: policy 0.00s, stepping env
    [frozen_flower] chain 71/200 task 4/5 success at step 99
    [frozen_flower] chain 71/200 task 4/5 success: 99 steps, 3.9s
    [frozen_flower] chain 71/200 task 5/5 start: stack_block | instruction: stack the grasped block
    [frozen_flower] chain 71/200 task 5/5 step 1/360: running policy
    [frozen_flower] chain 71/200 task 5/5 step 1/360: policy 0.25s, stepping env
    [frozen_flower] chain 71/200 task 5/5 step 25/360: running policy
    [frozen_flower] chain 71/200 task 5/5 step 25/360: policy 0.00s, stepping env
    [frozen_flower] chain 71/200 task 5/5 success at step 49
    [frozen_flower] chain 71/200 task 5/5 success: 49 steps, 2.0s
    [frozen_flower] chain 72/200 start: ['rotate_red_block_right', 'lift_red_block_table', 'stack_block', 'open_drawer', 'turn_off_lightbulb']
    [frozen_flower] chain 72/200 instructions: ['take the red block and rotate it to the right', 'grasp and lift the red block', 'stack the grasped block', 'pull the handle to open the drawer', 'use the switch to turn off the light bulb']
    [frozen_flower] chain 72/200 task 1/5 start: rotate_red_block_right | instruction: take the red block and rotate it to the right
    [frozen_flower] chain 72/200 task 1/5 step 1/360: running policy
    [frozen_flower] chain 72/200 task 1/5 step 1/360: policy 0.25s, stepping env
    [frozen_flower] chain 72/200 task 1/5 step 25/360: running policy
    [frozen_flower] chain 72/200 task 1/5 step 25/360: policy 0.00s, stepping env
    [frozen_flower] chain 72/200 task 1/5 step 50/360: running policy
    [frozen_flower] chain 72/200 task 1/5 step 50/360: policy 0.00s, stepping env
    [frozen_flower] chain 72/200 task 1/5 step 75/360: running policy
    [frozen_flower] chain 72/200 task 1/5 step 75/360: policy 0.00s, stepping env
    [frozen_flower] chain 72/200 task 1/5 success at step 85
    [frozen_flower] chain 72/200 task 1/5 success: 85 steps, 3.8s
    [frozen_flower] chain 72/200 task 2/5 start: lift_red_block_table | instruction: grasp and lift the red block
    [frozen_flower] chain 72/200 task 2/5 step 1/360: running policy
    [frozen_flower] chain 72/200 task 2/5 step 1/360: policy 0.28s, stepping env
    [frozen_flower] chain 72/200 task 2/5 step 25/360: running policy
    [frozen_flower] chain 72/200 task 2/5 step 25/360: policy 0.00s, stepping env
    [frozen_flower] chain 72/200 task 2/5 step 50/360: running policy
    [frozen_flower] chain 72/200 task 2/5 step 50/360: policy 0.00s, stepping env
    [frozen_flower] chain 72/200 task 2/5 success at step 72
    [frozen_flower] chain 72/200 task 2/5 success: 72 steps, 3.3s
    [frozen_flower] chain 72/200 task 3/5 start: stack_block | instruction: stack the grasped block
    [frozen_flower] chain 72/200 task 3/5 step 1/360: running policy
    [frozen_flower] chain 72/200 task 3/5 step 1/360: policy 0.26s, stepping env
    [frozen_flower] chain 72/200 task 3/5 step 25/360: running policy
    [frozen_flower] chain 72/200 task 3/5 step 25/360: policy 0.01s, stepping env
    [frozen_flower] chain 72/200 task 3/5 success at step 49
    [frozen_flower] chain 72/200 task 3/5 success: 49 steps, 2.3s
    [frozen_flower] chain 72/200 task 4/5 start: open_drawer | instruction: pull the handle to open the drawer
    [frozen_flower] chain 72/200 task 4/5 step 1/360: running policy
    [frozen_flower] chain 72/200 task 4/5 step 1/360: policy 0.29s, stepping env
    [frozen_flower] chain 72/200 task 4/5 step 25/360: running policy
    [frozen_flower] chain 72/200 task 4/5 step 25/360: policy 0.00s, stepping env
    [frozen_flower] chain 72/200 task 4/5 step 50/360: running policy
    [frozen_flower] chain 72/200 task 4/5 step 50/360: policy 0.00s, stepping env
    [frozen_flower] chain 72/200 task 4/5 step 75/360: running policy
    [frozen_flower] chain 72/200 task 4/5 step 75/360: policy 0.01s, stepping env
    [frozen_flower] chain 72/200 task 4/5 success at step 78
    [frozen_flower] chain 72/200 task 4/5 success: 78 steps, 3.7s
    [frozen_flower] chain 72/200 task 5/5 start: turn_off_lightbulb | instruction: use the switch to turn off the light bulb
    [frozen_flower] chain 72/200 task 5/5 step 1/360: running policy
    [frozen_flower] chain 72/200 task 5/5 step 1/360: policy 0.28s, stepping env
    [frozen_flower] chain 72/200 task 5/5 step 25/360: running policy
    [frozen_flower] chain 72/200 task 5/5 step 25/360: policy 0.01s, stepping env
    [frozen_flower] chain 72/200 task 5/5 step 50/360: running policy
    [frozen_flower] chain 72/200 task 5/5 step 50/360: policy 0.01s, stepping env
    [frozen_flower] chain 72/200 task 5/5 success at step 73
    [frozen_flower] chain 72/200 task 5/5 success: 73 steps, 3.6s
    [frozen_flower] chain 73/200 start: ['move_slider_right', 'push_into_drawer', 'turn_on_led', 'lift_red_block_drawer', 'place_in_slider']
    [frozen_flower] chain 73/200 instructions: ['push the sliding door to the right side', 'slide the block that it falls into the drawer', 'press the button to turn on the led light', 'Take the red block from the drawer', 'store the grasped block in the sliding cabinet']
    [frozen_flower] chain 73/200 task 1/5 start: move_slider_right | instruction: push the sliding door to the right side
    [frozen_flower] chain 73/200 task 1/5 step 1/360: running policy
    [frozen_flower] chain 73/200 task 1/5 step 1/360: policy 0.28s, stepping env
    [frozen_flower] chain 73/200 task 1/5 step 25/360: running policy
    [frozen_flower] chain 73/200 task 1/5 step 25/360: policy 0.01s, stepping env
    [frozen_flower] chain 73/200 task 1/5 step 50/360: running policy
    [frozen_flower] chain 73/200 task 1/5 step 50/360: policy 0.01s, stepping env
    [frozen_flower] chain 73/200 task 1/5 success at step 59
    [frozen_flower] chain 73/200 task 1/5 success: 59 steps, 2.8s
    [frozen_flower] chain 73/200 task 2/5 start: push_into_drawer | instruction: slide the block that it falls into the drawer
    [frozen_flower] chain 73/200 task 2/5 step 1/360: running policy
    [frozen_flower] chain 73/200 task 2/5 step 1/360: policy 0.29s, stepping env
    [frozen_flower] chain 73/200 task 2/5 step 25/360: running policy
    [frozen_flower] chain 73/200 task 2/5 step 25/360: policy 0.01s, stepping env
    [frozen_flower] chain 73/200 task 2/5 step 50/360: running policy
    [frozen_flower] chain 73/200 task 2/5 step 50/360: policy 0.01s, stepping env
    [frozen_flower] chain 73/200 task 2/5 step 75/360: running policy
    [frozen_flower] chain 73/200 task 2/5 step 75/360: policy 0.01s, stepping env
    [frozen_flower] chain 73/200 task 2/5 success at step 79
    [frozen_flower] chain 73/200 task 2/5 success: 79 steps, 3.8s
    [frozen_flower] chain 73/200 task 3/5 start: turn_on_led | instruction: press the button to turn on the led light
    [frozen_flower] chain 73/200 task 3/5 step 1/360: running policy
    [frozen_flower] chain 73/200 task 3/5 step 1/360: policy 0.29s, stepping env
    [frozen_flower] chain 73/200 task 3/5 step 25/360: running policy
    [frozen_flower] chain 73/200 task 3/5 step 25/360: policy 0.01s, stepping env
    [frozen_flower] chain 73/200 task 3/5 success at step 42
    [frozen_flower] chain 73/200 task 3/5 success: 42 steps, 2.2s
    [frozen_flower] chain 73/200 task 4/5 start: lift_red_block_drawer | instruction: Take the red block from the drawer
    [frozen_flower] chain 73/200 task 4/5 step 1/360: running policy
    [frozen_flower] chain 73/200 task 4/5 step 1/360: policy 0.28s, stepping env
    [frozen_flower] chain 73/200 task 4/5 step 25/360: running policy
    [frozen_flower] chain 73/200 task 4/5 step 25/360: policy 0.01s, stepping env
    [frozen_flower] chain 73/200 task 4/5 step 50/360: running policy
    [frozen_flower] chain 73/200 task 4/5 step 50/360: policy 0.00s, stepping env
    [frozen_flower] chain 73/200 task 4/5 success at step 67
    [frozen_flower] chain 73/200 task 4/5 success: 67 steps, 3.3s
    [frozen_flower] chain 73/200 task 5/5 start: place_in_slider | instruction: store the grasped block in the sliding cabinet
    [frozen_flower] chain 73/200 task 5/5 step 1/360: running policy
    [frozen_flower] chain 73/200 task 5/5 step 1/360: policy 0.29s, stepping env
    [frozen_flower] chain 73/200 task 5/5 step 25/360: running policy
    [frozen_flower] chain 73/200 task 5/5 step 25/360: policy 0.00s, stepping env
    [frozen_flower] chain 73/200 task 5/5 step 50/360: running policy
    [frozen_flower] chain 73/200 task 5/5 step 50/360: policy 0.01s, stepping env
    [frozen_flower] chain 73/200 task 5/5 step 75/360: running policy
    [frozen_flower] chain 73/200 task 5/5 step 75/360: policy 0.01s, stepping env
    [frozen_flower] chain 73/200 task 5/5 step 100/360: running policy
    [frozen_flower] chain 73/200 task 5/5 step 100/360: policy 0.01s, stepping env
    [frozen_flower] chain 73/200 task 5/5 step 125/360: running policy
    [frozen_flower] chain 73/200 task 5/5 step 125/360: policy 0.01s, stepping env
    [frozen_flower] chain 73/200 task 5/5 step 150/360: running policy
    [frozen_flower] chain 73/200 task 5/5 step 150/360: policy 0.01s, stepping env
    [frozen_flower] chain 73/200 task 5/5 step 175/360: running policy
    [frozen_flower] chain 73/200 task 5/5 step 175/360: policy 0.01s, stepping env
    [frozen_flower] chain 73/200 task 5/5 step 200/360: running policy
    [frozen_flower] chain 73/200 task 5/5 step 200/360: policy 0.01s, stepping env
    [frozen_flower] chain 73/200 task 5/5 step 225/360: running policy
    [frozen_flower] chain 73/200 task 5/5 step 225/360: policy 0.01s, stepping env
    [frozen_flower] chain 73/200 task 5/5 step 250/360: running policy
    [frozen_flower] chain 73/200 task 5/5 step 250/360: policy 0.01s, stepping env
    [frozen_flower] chain 73/200 task 5/5 step 275/360: running policy
    [frozen_flower] chain 73/200 task 5/5 step 275/360: policy 0.01s, stepping env
    [frozen_flower] chain 73/200 task 5/5 step 300/360: running policy
    [frozen_flower] chain 73/200 task 5/5 step 300/360: policy 0.01s, stepping env
    [frozen_flower] chain 73/200 task 5/5 step 325/360: running policy
    [frozen_flower] chain 73/200 task 5/5 step 325/360: policy 0.01s, stepping env
    [frozen_flower] chain 73/200 task 5/5 step 350/360: running policy
    [frozen_flower] chain 73/200 task 5/5 step 350/360: policy 0.01s, stepping env
    [frozen_flower] chain 73/200 task 5/5 failed: 360 steps, 18.0s
    [frozen_flower] chain 74/200 start: ['move_slider_right', 'turn_on_lightbulb', 'push_blue_block_right', 'open_drawer', 'lift_pink_block_table']
    [frozen_flower] chain 74/200 instructions: ['push the sliding door to the right side', 'use the switch to turn on the light bulb', 'go push the blue block right', 'pull the handle to open the drawer', 'grasp and lift the pink block']
    [frozen_flower] chain 74/200 task 1/5 start: move_slider_right | instruction: push the sliding door to the right side
    [frozen_flower] chain 74/200 task 1/5 step 1/360: running policy
    [frozen_flower] chain 74/200 task 1/5 step 1/360: policy 0.31s, stepping env
    [frozen_flower] chain 74/200 task 1/5 step 25/360: running policy
    [frozen_flower] chain 74/200 task 1/5 step 25/360: policy 0.01s, stepping env
    [frozen_flower] chain 74/200 task 1/5 step 50/360: running policy
    [frozen_flower] chain 74/200 task 1/5 step 50/360: policy 0.01s, stepping env
    [frozen_flower] chain 74/200 task 1/5 success at step 67
    [frozen_flower] chain 74/200 task 1/5 success: 67 steps, 3.6s
    [frozen_flower] chain 74/200 task 2/5 start: turn_on_lightbulb | instruction: use the switch to turn on the light bulb
    [frozen_flower] chain 74/200 task 2/5 step 1/360: running policy
    [frozen_flower] chain 74/200 task 2/5 step 1/360: policy 0.30s, stepping env
    [frozen_flower] chain 74/200 task 2/5 step 25/360: running policy
    [frozen_flower] chain 74/200 task 2/5 step 25/360: policy 0.01s, stepping env
    [frozen_flower] chain 74/200 task 2/5 step 50/360: running policy
    [frozen_flower] chain 74/200 task 2/5 step 50/360: policy 0.01s, stepping env
    [frozen_flower] chain 74/200 task 2/5 success at step 56
    [frozen_flower] chain 74/200 task 2/5 success: 56 steps, 3.1s
    [frozen_flower] chain 74/200 task 3/5 start: push_blue_block_right | instruction: go push the blue block right
    [frozen_flower] chain 74/200 task 3/5 step 1/360: running policy
    [frozen_flower] chain 74/200 task 3/5 step 1/360: policy 0.31s, stepping env
    [frozen_flower] chain 74/200 task 3/5 step 25/360: running policy
    [frozen_flower] chain 74/200 task 3/5 step 25/360: policy 0.00s, stepping env
    [frozen_flower] chain 74/200 task 3/5 step 50/360: running policy
    [frozen_flower] chain 74/200 task 3/5 step 50/360: policy 0.00s, stepping env
    [frozen_flower] chain 74/200 task 3/5 step 75/360: running policy
    [frozen_flower] chain 74/200 task 3/5 step 75/360: policy 0.00s, stepping env
    [frozen_flower] chain 74/200 task 3/5 success at step 83
    [frozen_flower] chain 74/200 task 3/5 success: 83 steps, 3.5s
    [frozen_flower] chain 74/200 task 4/5 start: open_drawer | instruction: pull the handle to open the drawer
    [frozen_flower] chain 74/200 task 4/5 step 1/360: running policy
    [frozen_flower] chain 74/200 task 4/5 step 1/360: policy 0.24s, stepping env
    [frozen_flower] chain 74/200 task 4/5 step 25/360: running policy
    [frozen_flower] chain 74/200 task 4/5 step 25/360: policy 0.00s, stepping env
    [frozen_flower] chain 74/200 task 4/5 step 50/360: running policy
    [frozen_flower] chain 74/200 task 4/5 step 50/360: policy 0.00s, stepping env
    [frozen_flower] chain 74/200 task 4/5 success at step 66
    [frozen_flower] chain 74/200 task 4/5 success: 66 steps, 2.7s
    [frozen_flower] chain 74/200 task 5/5 start: lift_pink_block_table | instruction: grasp and lift the pink block
    [frozen_flower] chain 74/200 task 5/5 step 1/360: running policy
    [frozen_flower] chain 74/200 task 5/5 step 1/360: policy 0.26s, stepping env
    [frozen_flower] chain 74/200 task 5/5 step 25/360: running policy
    [frozen_flower] chain 74/200 task 5/5 step 25/360: policy 0.00s, stepping env
    [frozen_flower] chain 74/200 task 5/5 step 50/360: running policy
    [frozen_flower] chain 74/200 task 5/5 step 50/360: policy 0.00s, stepping env
    [frozen_flower] chain 74/200 task 5/5 success at step 65
    [frozen_flower] chain 74/200 task 5/5 success: 65 steps, 2.8s
    [frozen_flower] chain 75/200 start: ['rotate_red_block_right', 'open_drawer', 'move_slider_right', 'turn_off_led', 'lift_red_block_table']
    [frozen_flower] chain 75/200 instructions: ['take the red block and rotate it to the right', 'pull the handle to open the drawer', 'push the sliding door to the right side', 'press the button to turn off the led light', 'grasp and lift the red block']
    [frozen_flower] chain 75/200 task 1/5 start: rotate_red_block_right | instruction: take the red block and rotate it to the right
    [frozen_flower] chain 75/200 task 1/5 step 1/360: running policy
    [frozen_flower] chain 75/200 task 1/5 step 1/360: policy 0.26s, stepping env
    [frozen_flower] chain 75/200 task 1/5 step 25/360: running policy
    [frozen_flower] chain 75/200 task 1/5 step 25/360: policy 0.01s, stepping env
    [frozen_flower] chain 75/200 task 1/5 step 50/360: running policy
    [frozen_flower] chain 75/200 task 1/5 step 50/360: policy 0.00s, stepping env
    [frozen_flower] chain 75/200 task 1/5 step 75/360: running policy
    [frozen_flower] chain 75/200 task 1/5 step 75/360: policy 0.00s, stepping env
    [frozen_flower] chain 75/200 task 1/5 step 100/360: running policy
    [frozen_flower] chain 75/200 task 1/5 step 100/360: policy 0.00s, stepping env
    [frozen_flower] chain 75/200 task 1/5 step 125/360: running policy
    [frozen_flower] chain 75/200 task 1/5 step 125/360: policy 0.00s, stepping env
    [frozen_flower] chain 75/200 task 1/5 step 150/360: running policy
    [frozen_flower] chain 75/200 task 1/5 step 150/360: policy 0.00s, stepping env
    [frozen_flower] chain 75/200 task 1/5 step 175/360: running policy
    [frozen_flower] chain 75/200 task 1/5 step 175/360: policy 0.01s, stepping env
    [frozen_flower] chain 75/200 task 1/5 step 200/360: running policy
    [frozen_flower] chain 75/200 task 1/5 step 200/360: policy 0.00s, stepping env
    [frozen_flower] chain 75/200 task 1/5 step 225/360: running policy
    [frozen_flower] chain 75/200 task 1/5 step 225/360: policy 0.00s, stepping env
    [frozen_flower] chain 75/200 task 1/5 step 250/360: running policy
    [frozen_flower] chain 75/200 task 1/5 step 250/360: policy 0.00s, stepping env
    [frozen_flower] chain 75/200 task 1/5 success at step 255
    [frozen_flower] chain 75/200 task 1/5 success: 255 steps, 10.8s
    [frozen_flower] chain 75/200 task 2/5 start: open_drawer | instruction: pull the handle to open the drawer
    [frozen_flower] chain 75/200 task 2/5 step 1/360: running policy
    [frozen_flower] chain 75/200 task 2/5 step 1/360: policy 0.26s, stepping env
    [frozen_flower] chain 75/200 task 2/5 step 25/360: running policy
    [frozen_flower] chain 75/200 task 2/5 step 25/360: policy 0.00s, stepping env
    [frozen_flower] chain 75/200 task 2/5 step 50/360: running policy
    [frozen_flower] chain 75/200 task 2/5 step 50/360: policy 0.00s, stepping env
    [frozen_flower] chain 75/200 task 2/5 step 75/360: running policy
    [frozen_flower] chain 75/200 task 2/5 step 75/360: policy 0.00s, stepping env
    [frozen_flower] chain 75/200 task 2/5 success at step 78
    [frozen_flower] chain 75/200 task 2/5 success: 78 steps, 3.3s
    [frozen_flower] chain 75/200 task 3/5 start: move_slider_right | instruction: push the sliding door to the right side
    [frozen_flower] chain 75/200 task 3/5 step 1/360: running policy
    [frozen_flower] chain 75/200 task 3/5 step 1/360: policy 0.24s, stepping env
    [frozen_flower] chain 75/200 task 3/5 step 25/360: running policy
    [frozen_flower] chain 75/200 task 3/5 step 25/360: policy 0.00s, stepping env
    [frozen_flower] chain 75/200 task 3/5 step 50/360: running policy
    [frozen_flower] chain 75/200 task 3/5 step 50/360: policy 0.00s, stepping env
    [frozen_flower] chain 75/200 task 3/5 step 75/360: running policy
    [frozen_flower] chain 75/200 task 3/5 step 75/360: policy 0.01s, stepping env
    [frozen_flower] chain 75/200 task 3/5 success at step 91
    [frozen_flower] chain 75/200 task 3/5 success: 91 steps, 3.7s
    [frozen_flower] chain 75/200 task 4/5 start: turn_off_led | instruction: press the button to turn off the led light
    [frozen_flower] chain 75/200 task 4/5 step 1/360: running policy
    [frozen_flower] chain 75/200 task 4/5 step 1/360: policy 0.24s, stepping env
    [frozen_flower] chain 75/200 task 4/5 step 25/360: running policy
    [frozen_flower] chain 75/200 task 4/5 step 25/360: policy 0.00s, stepping env
    [frozen_flower] chain 75/200 task 4/5 step 50/360: running policy
    [frozen_flower] chain 75/200 task 4/5 step 50/360: policy 0.00s, stepping env
    [frozen_flower] chain 75/200 task 4/5 success at step 71
    [frozen_flower] chain 75/200 task 4/5 success: 71 steps, 3.0s
    [frozen_flower] chain 75/200 task 5/5 start: lift_red_block_table | instruction: grasp and lift the red block
    [frozen_flower] chain 75/200 task 5/5 step 1/360: running policy
    [frozen_flower] chain 75/200 task 5/5 step 1/360: policy 0.24s, stepping env
    [frozen_flower] chain 75/200 task 5/5 step 25/360: running policy
    [frozen_flower] chain 75/200 task 5/5 step 25/360: policy 0.01s, stepping env
    [frozen_flower] chain 75/200 task 5/5 step 50/360: running policy
    [frozen_flower] chain 75/200 task 5/5 step 50/360: policy 0.01s, stepping env
    [frozen_flower] chain 75/200 task 5/5 step 75/360: running policy
    [frozen_flower] chain 75/200 task 5/5 step 75/360: policy 0.01s, stepping env
    [frozen_flower] chain 75/200 task 5/5 step 100/360: running policy
    [frozen_flower] chain 75/200 task 5/5 step 100/360: policy 0.00s, stepping env
    [frozen_flower] chain 75/200 task 5/5 step 125/360: running policy
    [frozen_flower] chain 75/200 task 5/5 step 125/360: policy 0.00s, stepping env
    [frozen_flower] chain 75/200 task 5/5 step 150/360: running policy
    [frozen_flower] chain 75/200 task 5/5 step 150/360: policy 0.00s, stepping env
    [frozen_flower] chain 75/200 task 5/5 step 175/360: running policy
    [frozen_flower] chain 75/200 task 5/5 step 175/360: policy 0.01s, stepping env
    [frozen_flower] chain 75/200 task 5/5 step 200/360: running policy
    [frozen_flower] chain 75/200 task 5/5 step 200/360: policy 0.00s, stepping env
    [frozen_flower] chain 75/200 task 5/5 step 225/360: running policy
    [frozen_flower] chain 75/200 task 5/5 step 225/360: policy 0.00s, stepping env
    [frozen_flower] chain 75/200 task 5/5 step 250/360: running policy
    [frozen_flower] chain 75/200 task 5/5 step 250/360: policy 0.00s, stepping env
    [frozen_flower] chain 75/200 task 5/5 step 275/360: running policy
    [frozen_flower] chain 75/200 task 5/5 step 275/360: policy 0.00s, stepping env
    [frozen_flower] chain 75/200 task 5/5 step 300/360: running policy
    [frozen_flower] chain 75/200 task 5/5 step 300/360: policy 0.01s, stepping env
    [frozen_flower] chain 75/200 task 5/5 step 325/360: running policy
    [frozen_flower] chain 75/200 task 5/5 step 325/360: policy 0.00s, stepping env
    [frozen_flower] chain 75/200 task 5/5 step 350/360: running policy
    [frozen_flower] chain 75/200 task 5/5 step 350/360: policy 0.00s, stepping env
    [frozen_flower] chain 75/200 task 5/5 failed: 360 steps, 15.8s
    [frozen_flower] chain 76/200 start: ['lift_red_block_slider', 'stack_block', 'turn_off_led', 'open_drawer', 'move_slider_right']
    [frozen_flower] chain 76/200 instructions: ['lift the red block from the sliding cabinet', 'stack the grasped block', 'press the button to turn off the led light', 'pull the handle to open the drawer', 'push the sliding door to the right side']
    [frozen_flower] chain 76/200 task 1/5 start: lift_red_block_slider | instruction: lift the red block from the sliding cabinet
    [frozen_flower] chain 76/200 task 1/5 step 1/360: running policy
    [frozen_flower] chain 76/200 task 1/5 step 1/360: policy 0.25s, stepping env
    [frozen_flower] chain 76/200 task 1/5 step 25/360: running policy
    [frozen_flower] chain 76/200 task 1/5 step 25/360: policy 0.01s, stepping env
    [frozen_flower] chain 76/200 task 1/5 step 50/360: running policy
    [frozen_flower] chain 76/200 task 1/5 step 50/360: policy 0.00s, stepping env
    [frozen_flower] chain 76/200 task 1/5 step 75/360: running policy
    [frozen_flower] chain 76/200 task 1/5 step 75/360: policy 0.01s, stepping env
    [frozen_flower] chain 76/200 task 1/5 step 100/360: running policy
    [frozen_flower] chain 76/200 task 1/5 step 100/360: policy 0.01s, stepping env
    [frozen_flower] chain 76/200 task 1/5 step 125/360: running policy
    [frozen_flower] chain 76/200 task 1/5 step 125/360: policy 0.00s, stepping env
    [frozen_flower] chain 76/200 task 1/5 step 150/360: running policy
    [frozen_flower] chain 76/200 task 1/5 step 150/360: policy 0.01s, stepping env
    [frozen_flower] chain 76/200 task 1/5 step 175/360: running policy
    [frozen_flower] chain 76/200 task 1/5 step 175/360: policy 0.01s, stepping env
    [frozen_flower] chain 76/200 task 1/5 step 200/360: running policy
    [frozen_flower] chain 76/200 task 1/5 step 200/360: policy 0.00s, stepping env
    [frozen_flower] chain 76/200 task 1/5 step 225/360: running policy
    [frozen_flower] chain 76/200 task 1/5 step 225/360: policy 0.01s, stepping env
    [frozen_flower] chain 76/200 task 1/5 step 250/360: running policy
    [frozen_flower] chain 76/200 task 1/5 step 250/360: policy 0.01s, stepping env
    [frozen_flower] chain 76/200 task 1/5 step 275/360: running policy
    [frozen_flower] chain 76/200 task 1/5 step 275/360: policy 0.00s, stepping env
    [frozen_flower] chain 76/200 task 1/5 step 300/360: running policy
    [frozen_flower] chain 76/200 task 1/5 step 300/360: policy 0.00s, stepping env
    [frozen_flower] chain 76/200 task 1/5 step 325/360: running policy
    [frozen_flower] chain 76/200 task 1/5 step 325/360: policy 0.01s, stepping env
    [frozen_flower] chain 76/200 task 1/5 step 350/360: running policy
    [frozen_flower] chain 76/200 task 1/5 step 350/360: policy 0.00s, stepping env
    [frozen_flower] chain 76/200 task 1/5 failed: 360 steps, 16.9s
    [frozen_flower] chain 77/200 start: ['turn_on_led', 'lift_blue_block_slider', 'place_in_slider', 'move_slider_right', 'lift_red_block_table']
    [frozen_flower] chain 77/200 instructions: ['press the button to turn on the led light', 'lift the blue block from the sliding cabinet', 'store the grasped block in the sliding cabinet', 'push the sliding door to the right side', 'grasp and lift the red block']
    [frozen_flower] chain 77/200 task 1/5 start: turn_on_led | instruction: press the button to turn on the led light
    [frozen_flower] chain 77/200 task 1/5 step 1/360: running policy
    [frozen_flower] chain 77/200 task 1/5 step 1/360: policy 0.27s, stepping env
    [frozen_flower] chain 77/200 task 1/5 step 25/360: running policy
    [frozen_flower] chain 77/200 task 1/5 step 25/360: policy 0.01s, stepping env
    [frozen_flower] chain 77/200 task 1/5 success at step 36
    [frozen_flower] chain 77/200 task 1/5 success: 36 steps, 1.7s
    [frozen_flower] chain 77/200 task 2/5 start: lift_blue_block_slider | instruction: lift the blue block from the sliding cabinet
    [frozen_flower] chain 77/200 task 2/5 step 1/360: running policy
    [frozen_flower] chain 77/200 task 2/5 step 1/360: policy 0.28s, stepping env
    [frozen_flower] chain 77/200 task 2/5 step 25/360: running policy
    [frozen_flower] chain 77/200 task 2/5 step 25/360: policy 0.00s, stepping env
    [frozen_flower] chain 77/200 task 2/5 step 50/360: running policy
    [frozen_flower] chain 77/200 task 2/5 step 50/360: policy 0.01s, stepping env
    [frozen_flower] chain 77/200 task 2/5 success at step 66
    [frozen_flower] chain 77/200 task 2/5 success: 66 steps, 3.2s
    [frozen_flower] chain 77/200 task 3/5 start: place_in_slider | instruction: store the grasped block in the sliding cabinet
    [frozen_flower] chain 77/200 task 3/5 step 1/360: running policy
    [frozen_flower] chain 77/200 task 3/5 step 1/360: policy 0.26s, stepping env
    [frozen_flower] chain 77/200 task 3/5 success at step 12
    [frozen_flower] chain 77/200 task 3/5 success: 12 steps, 0.8s
    [frozen_flower] chain 77/200 task 4/5 start: move_slider_right | instruction: push the sliding door to the right side
    [frozen_flower] chain 77/200 task 4/5 step 1/360: running policy
    [frozen_flower] chain 77/200 task 4/5 step 1/360: policy 0.27s, stepping env
    [frozen_flower] chain 77/200 task 4/5 step 25/360: running policy
    [frozen_flower] chain 77/200 task 4/5 step 25/360: policy 0.01s, stepping env
    [frozen_flower] chain 77/200 task 4/5 step 50/360: running policy
    [frozen_flower] chain 77/200 task 4/5 step 50/360: policy 0.01s, stepping env
    [frozen_flower] chain 77/200 task 4/5 step 75/360: running policy
    [frozen_flower] chain 77/200 task 4/5 step 75/360: policy 0.01s, stepping env
    [frozen_flower] chain 77/200 task 4/5 success at step 79
    [frozen_flower] chain 77/200 task 4/5 success: 79 steps, 3.7s
    [frozen_flower] chain 77/200 task 5/5 start: lift_red_block_table | instruction: grasp and lift the red block
    [frozen_flower] chain 77/200 task 5/5 step 1/360: running policy
    [frozen_flower] chain 77/200 task 5/5 step 1/360: policy 0.29s, stepping env
    [frozen_flower] chain 77/200 task 5/5 step 25/360: running policy
    [frozen_flower] chain 77/200 task 5/5 step 25/360: policy 0.01s, stepping env
    [frozen_flower] chain 77/200 task 5/5 step 50/360: running policy
    [frozen_flower] chain 77/200 task 5/5 step 50/360: policy 0.01s, stepping env
    [frozen_flower] chain 77/200 task 5/5 success at step 68
    [frozen_flower] chain 77/200 task 5/5 success: 68 steps, 3.3s
    [frozen_flower] chain 78/200 start: ['turn_off_lightbulb', 'lift_pink_block_table', 'place_in_slider', 'push_into_drawer', 'move_slider_right']
    [frozen_flower] chain 78/200 instructions: ['use the switch to turn off the light bulb', 'grasp and lift the pink block', 'store the grasped block in the sliding cabinet', 'slide the block that it falls into the drawer', 'push the sliding door to the right side']
    [frozen_flower] chain 78/200 task 1/5 start: turn_off_lightbulb | instruction: use the switch to turn off the light bulb
    [frozen_flower] chain 78/200 task 1/5 step 1/360: running policy
    [frozen_flower] chain 78/200 task 1/5 step 1/360: policy 0.29s, stepping env
    [frozen_flower] chain 78/200 task 1/5 step 25/360: running policy
    [frozen_flower] chain 78/200 task 1/5 step 25/360: policy 0.00s, stepping env
    [frozen_flower] chain 78/200 task 1/5 step 50/360: running policy
    [frozen_flower] chain 78/200 task 1/5 step 50/360: policy 0.00s, stepping env
    [frozen_flower] chain 78/200 task 1/5 success at step 57
    [frozen_flower] chain 78/200 task 1/5 success: 57 steps, 2.8s
    [frozen_flower] chain 78/200 task 2/5 start: lift_pink_block_table | instruction: grasp and lift the pink block
    [frozen_flower] chain 78/200 task 2/5 step 1/360: running policy
    [frozen_flower] chain 78/200 task 2/5 step 1/360: policy 0.28s, stepping env
    [frozen_flower] chain 78/200 task 2/5 step 25/360: running policy
    [frozen_flower] chain 78/200 task 2/5 step 25/360: policy 0.01s, stepping env
    [frozen_flower] chain 78/200 task 2/5 step 50/360: running policy
    [frozen_flower] chain 78/200 task 2/5 step 50/360: policy 0.00s, stepping env
    [frozen_flower] chain 78/200 task 2/5 success at step 69
    [frozen_flower] chain 78/200 task 2/5 success: 69 steps, 3.3s
    [frozen_flower] chain 78/200 task 3/5 start: place_in_slider | instruction: store the grasped block in the sliding cabinet
    [frozen_flower] chain 78/200 task 3/5 step 1/360: running policy
    [frozen_flower] chain 78/200 task 3/5 step 1/360: policy 0.29s, stepping env
    [frozen_flower] chain 78/200 task 3/5 step 25/360: running policy
    [frozen_flower] chain 78/200 task 3/5 step 25/360: policy 0.00s, stepping env
    [frozen_flower] chain 78/200 task 3/5 success at step 29
    [frozen_flower] chain 78/200 task 3/5 success: 29 steps, 1.4s
    [frozen_flower] chain 78/200 task 4/5 start: push_into_drawer | instruction: slide the block that it falls into the drawer
    [frozen_flower] chain 78/200 task 4/5 step 1/360: running policy
    [frozen_flower] chain 78/200 task 4/5 step 1/360: policy 0.29s, stepping env
    [frozen_flower] chain 78/200 task 4/5 step 25/360: running policy
    [frozen_flower] chain 78/200 task 4/5 step 25/360: policy 0.01s, stepping env
    [frozen_flower] chain 78/200 task 4/5 step 50/360: running policy
    [frozen_flower] chain 78/200 task 4/5 step 50/360: policy 0.02s, stepping env
    [frozen_flower] chain 78/200 task 4/5 step 75/360: running policy
    [frozen_flower] chain 78/200 task 4/5 step 75/360: policy 0.00s, stepping env
    [frozen_flower] chain 78/200 task 4/5 success at step 86
    [frozen_flower] chain 78/200 task 4/5 success: 86 steps, 4.0s
    [frozen_flower] chain 78/200 task 5/5 start: move_slider_right | instruction: push the sliding door to the right side
    [frozen_flower] chain 78/200 task 5/5 step 1/360: running policy
    [frozen_flower] chain 78/200 task 5/5 step 1/360: policy 0.24s, stepping env
    [frozen_flower] chain 78/200 task 5/5 step 25/360: running policy
    [frozen_flower] chain 78/200 task 5/5 step 25/360: policy 0.00s, stepping env
    [frozen_flower] chain 78/200 task 5/5 step 50/360: running policy
    [frozen_flower] chain 78/200 task 5/5 step 50/360: policy 0.00s, stepping env
    [frozen_flower] chain 78/200 task 5/5 success at step 74
    [frozen_flower] chain 78/200 task 5/5 success: 74 steps, 3.1s
    [frozen_flower] chain 79/200 start: ['turn_on_led', 'rotate_pink_block_left', 'move_slider_right', 'lift_pink_block_table', 'place_in_drawer']
    [frozen_flower] chain 79/200 instructions: ['press the button to turn on the led light', 'take the pink block and rotate it to the left', 'push the sliding door to the right side', 'grasp and lift the pink block', 'store the grasped block in the drawer']
    [frozen_flower] chain 79/200 task 1/5 start: turn_on_led | instruction: press the button to turn on the led light
    [frozen_flower] chain 79/200 task 1/5 step 1/360: running policy
    [frozen_flower] chain 79/200 task 1/5 step 1/360: policy 0.26s, stepping env
    [frozen_flower] chain 79/200 task 1/5 step 25/360: running policy
    [frozen_flower] chain 79/200 task 1/5 step 25/360: policy 0.01s, stepping env
    [frozen_flower] chain 79/200 task 1/5 success at step 42
    [frozen_flower] chain 79/200 task 1/5 success: 42 steps, 2.0s
    [frozen_flower] chain 79/200 task 2/5 start: rotate_pink_block_left | instruction: take the pink block and rotate it to the left
    [frozen_flower] chain 79/200 task 2/5 step 1/360: running policy
    [frozen_flower] chain 79/200 task 2/5 step 1/360: policy 0.25s, stepping env
    [frozen_flower] chain 79/200 task 2/5 step 25/360: running policy
    [frozen_flower] chain 79/200 task 2/5 step 25/360: policy 0.00s, stepping env
    [frozen_flower] chain 79/200 task 2/5 step 50/360: running policy
    [frozen_flower] chain 79/200 task 2/5 step 50/360: policy 0.00s, stepping env
    [frozen_flower] chain 79/200 task 2/5 step 75/360: running policy
    [frozen_flower] chain 79/200 task 2/5 step 75/360: policy 0.00s, stepping env
    [frozen_flower] chain 79/200 task 2/5 success at step 89
    [frozen_flower] chain 79/200 task 2/5 success: 89 steps, 3.8s
    [frozen_flower] chain 79/200 task 3/5 start: move_slider_right | instruction: push the sliding door to the right side
    [frozen_flower] chain 79/200 task 3/5 step 1/360: running policy
    [frozen_flower] chain 79/200 task 3/5 step 1/360: policy 0.24s, stepping env
    [frozen_flower] chain 79/200 task 3/5 step 25/360: running policy
    [frozen_flower] chain 79/200 task 3/5 step 25/360: policy 0.01s, stepping env
    [frozen_flower] chain 79/200 task 3/5 step 50/360: running policy
    [frozen_flower] chain 79/200 task 3/5 step 50/360: policy 0.00s, stepping env
    [frozen_flower] chain 79/200 task 3/5 success at step 66
    [frozen_flower] chain 79/200 task 3/5 success: 66 steps, 2.8s
    [frozen_flower] chain 79/200 task 4/5 start: lift_pink_block_table | instruction: grasp and lift the pink block
    [frozen_flower] chain 79/200 task 4/5 step 1/360: running policy
    [frozen_flower] chain 79/200 task 4/5 step 1/360: policy 0.24s, stepping env
    [frozen_flower] chain 79/200 task 4/5 step 25/360: running policy
    [frozen_flower] chain 79/200 task 4/5 step 25/360: policy 0.01s, stepping env
    [frozen_flower] chain 79/200 task 4/5 step 50/360: running policy
    [frozen_flower] chain 79/200 task 4/5 step 50/360: policy 0.00s, stepping env
    [frozen_flower] chain 79/200 task 4/5 step 75/360: running policy
    [frozen_flower] chain 79/200 task 4/5 step 75/360: policy 0.00s, stepping env
    [frozen_flower] chain 79/200 task 4/5 step 100/360: running policy
    [frozen_flower] chain 79/200 task 4/5 step 100/360: policy 0.00s, stepping env
    [frozen_flower] chain 79/200 task 4/5 step 125/360: running policy
    [frozen_flower] chain 79/200 task 4/5 step 125/360: policy 0.00s, stepping env
    [frozen_flower] chain 79/200 task 4/5 success at step 148
    [frozen_flower] chain 79/200 task 4/5 success: 148 steps, 6.2s
    [frozen_flower] chain 79/200 task 5/5 start: place_in_drawer | instruction: store the grasped block in the drawer
    [frozen_flower] chain 79/200 task 5/5 step 1/360: running policy
    [frozen_flower] chain 79/200 task 5/5 step 1/360: policy 0.27s, stepping env
    [frozen_flower] chain 79/200 task 5/5 step 25/360: running policy
    [frozen_flower] chain 79/200 task 5/5 step 25/360: policy 0.00s, stepping env
    [frozen_flower] chain 79/200 task 5/5 success at step 29
    [frozen_flower] chain 79/200 task 5/5 success: 29 steps, 1.2s
    [frozen_flower] chain 80/200 start: ['move_slider_right', 'lift_pink_block_slider', 'stack_block', 'open_drawer', 'turn_off_lightbulb']
    [frozen_flower] chain 80/200 instructions: ['push the sliding door to the right side', 'lift the pink block from the sliding cabinet', 'stack the grasped block', 'pull the handle to open the drawer', 'use the switch to turn off the light bulb']
    [frozen_flower] chain 80/200 task 1/5 start: move_slider_right | instruction: push the sliding door to the right side
    [frozen_flower] chain 80/200 task 1/5 step 1/360: running policy
    [frozen_flower] chain 80/200 task 1/5 step 1/360: policy 0.25s, stepping env
    [frozen_flower] chain 80/200 task 1/5 step 25/360: running policy
    [frozen_flower] chain 80/200 task 1/5 step 25/360: policy 0.00s, stepping env
    [frozen_flower] chain 80/200 task 1/5 step 50/360: running policy
    [frozen_flower] chain 80/200 task 1/5 step 50/360: policy 0.01s, stepping env
    [frozen_flower] chain 80/200 task 1/5 success at step 53
    [frozen_flower] chain 80/200 task 1/5 success: 53 steps, 2.4s
    [frozen_flower] chain 80/200 task 2/5 start: lift_pink_block_slider | instruction: lift the pink block from the sliding cabinet
    [frozen_flower] chain 80/200 task 2/5 step 1/360: running policy
    [frozen_flower] chain 80/200 task 2/5 step 1/360: policy 0.27s, stepping env
    [frozen_flower] chain 80/200 task 2/5 step 25/360: running policy
    [frozen_flower] chain 80/200 task 2/5 step 25/360: policy 0.00s, stepping env
    [frozen_flower] chain 80/200 task 2/5 step 50/360: running policy
    [frozen_flower] chain 80/200 task 2/5 step 50/360: policy 0.00s, stepping env
    [frozen_flower] chain 80/200 task 2/5 step 75/360: running policy
    [frozen_flower] chain 80/200 task 2/5 step 75/360: policy 0.00s, stepping env
    [frozen_flower] chain 80/200 task 2/5 step 100/360: running policy
    [frozen_flower] chain 80/200 task 2/5 step 100/360: policy 0.01s, stepping env
    [frozen_flower] chain 80/200 task 2/5 step 125/360: running policy
    [frozen_flower] chain 80/200 task 2/5 step 125/360: policy 0.00s, stepping env
    [frozen_flower] chain 80/200 task 2/5 step 150/360: running policy
    [frozen_flower] chain 80/200 task 2/5 step 150/360: policy 0.01s, stepping env
    [frozen_flower] chain 80/200 task 2/5 step 175/360: running policy
    [frozen_flower] chain 80/200 task 2/5 step 175/360: policy 0.00s, stepping env
    [frozen_flower] chain 80/200 task 2/5 step 200/360: running policy
    [frozen_flower] chain 80/200 task 2/5 step 200/360: policy 0.00s, stepping env
    [frozen_flower] chain 80/200 task 2/5 step 225/360: running policy
    [frozen_flower] chain 80/200 task 2/5 step 225/360: policy 0.00s, stepping env
    [frozen_flower] chain 80/200 task 2/5 step 250/360: running policy
    [frozen_flower] chain 80/200 task 2/5 step 250/360: policy 0.00s, stepping env
    [frozen_flower] chain 80/200 task 2/5 step 275/360: running policy
    [frozen_flower] chain 80/200 task 2/5 step 275/360: policy 0.01s, stepping env
    [frozen_flower] chain 80/200 task 2/5 step 300/360: running policy
    [frozen_flower] chain 80/200 task 2/5 step 300/360: policy 0.01s, stepping env
    [frozen_flower] chain 80/200 task 2/5 step 325/360: running policy
    [frozen_flower] chain 80/200 task 2/5 step 325/360: policy 0.01s, stepping env
    [frozen_flower] chain 80/200 task 2/5 step 350/360: running policy
    [frozen_flower] chain 80/200 task 2/5 step 350/360: policy 0.01s, stepping env
    [frozen_flower] chain 80/200 task 2/5 failed: 360 steps, 16.2s
    [frozen_flower] 80/200 chains, L1 success: 93.8%
    [frozen_flower] chain 81/200 start: ['push_pink_block_right', 'open_drawer', 'lift_red_block_table', 'place_in_drawer', 'turn_off_led']
    [frozen_flower] chain 81/200 instructions: ['go push the pink block right', 'pull the handle to open the drawer', 'grasp and lift the red block', 'store the grasped block in the drawer', 'press the button to turn off the led light']
    [frozen_flower] chain 81/200 task 1/5 start: push_pink_block_right | instruction: go push the pink block right
    [frozen_flower] chain 81/200 task 1/5 step 1/360: running policy
    [frozen_flower] chain 81/200 task 1/5 step 1/360: policy 0.27s, stepping env
    [frozen_flower] chain 81/200 task 1/5 step 25/360: running policy
    [frozen_flower] chain 81/200 task 1/5 step 25/360: policy 0.00s, stepping env
    [frozen_flower] chain 81/200 task 1/5 step 50/360: running policy
    [frozen_flower] chain 81/200 task 1/5 step 50/360: policy 0.01s, stepping env
    [frozen_flower] chain 81/200 task 1/5 step 75/360: running policy
    [frozen_flower] chain 81/200 task 1/5 step 75/360: policy 0.01s, stepping env
    [frozen_flower] chain 81/200 task 1/5 success at step 94
    [frozen_flower] chain 81/200 task 1/5 success: 94 steps, 4.3s
    [frozen_flower] chain 81/200 task 2/5 start: open_drawer | instruction: pull the handle to open the drawer
    [frozen_flower] chain 81/200 task 2/5 step 1/360: running policy
    [frozen_flower] chain 81/200 task 2/5 step 1/360: policy 0.30s, stepping env
    [frozen_flower] chain 81/200 task 2/5 step 25/360: running policy
    [frozen_flower] chain 81/200 task 2/5 step 25/360: policy 0.00s, stepping env
    [frozen_flower] chain 81/200 task 2/5 step 50/360: running policy
    [frozen_flower] chain 81/200 task 2/5 step 50/360: policy 0.00s, stepping env
    [frozen_flower] chain 81/200 task 2/5 success at step 67
    [frozen_flower] chain 81/200 task 2/5 success: 67 steps, 3.2s
    [frozen_flower] chain 81/200 task 3/5 start: lift_red_block_table | instruction: grasp and lift the red block
    [frozen_flower] chain 81/200 task 3/5 step 1/360: running policy
    [frozen_flower] chain 81/200 task 3/5 step 1/360: policy 0.28s, stepping env
    [frozen_flower] chain 81/200 task 3/5 step 25/360: running policy
    [frozen_flower] chain 81/200 task 3/5 step 25/360: policy 0.01s, stepping env
    [frozen_flower] chain 81/200 task 3/5 step 50/360: running policy
    [frozen_flower] chain 81/200 task 3/5 step 50/360: policy 0.01s, stepping env
    [frozen_flower] chain 81/200 task 3/5 success at step 74
    [frozen_flower] chain 81/200 task 3/5 success: 74 steps, 3.6s
    [frozen_flower] chain 81/200 task 4/5 start: place_in_drawer | instruction: store the grasped block in the drawer
    [frozen_flower] chain 81/200 task 4/5 step 1/360: running policy
    [frozen_flower] chain 81/200 task 4/5 step 1/360: policy 0.29s, stepping env
    [frozen_flower] chain 81/200 task 4/5 step 25/360: running policy
    [frozen_flower] chain 81/200 task 4/5 step 25/360: policy 0.01s, stepping env
    [frozen_flower] chain 81/200 task 4/5 success at step 32
    [frozen_flower] chain 81/200 task 4/5 success: 32 steps, 1.8s
    [frozen_flower] chain 81/200 task 5/5 start: turn_off_led | instruction: press the button to turn off the led light
    [frozen_flower] chain 81/200 task 5/5 step 1/360: running policy
    [frozen_flower] chain 81/200 task 5/5 step 1/360: policy 0.28s, stepping env
    [frozen_flower] chain 81/200 task 5/5 step 25/360: running policy
    [frozen_flower] chain 81/200 task 5/5 step 25/360: policy 0.01s, stepping env
    [frozen_flower] chain 81/200 task 5/5 step 50/360: running policy
    [frozen_flower] chain 81/200 task 5/5 step 50/360: policy 0.01s, stepping env
    [frozen_flower] chain 81/200 task 5/5 success at step 65
    [frozen_flower] chain 81/200 task 5/5 success: 65 steps, 3.3s
    [frozen_flower] chain 82/200 start: ['rotate_red_block_left', 'lift_pink_block_slider', 'place_in_slider', 'open_drawer', 'lift_red_block_table']
    [frozen_flower] chain 82/200 instructions: ['take the red block and rotate it to the left', 'lift the pink block from the sliding cabinet', 'store the grasped block in the sliding cabinet', 'pull the handle to open the drawer', 'grasp and lift the red block']
    [frozen_flower] chain 82/200 task 1/5 start: rotate_red_block_left | instruction: take the red block and rotate it to the left
    [frozen_flower] chain 82/200 task 1/5 step 1/360: running policy
    [frozen_flower] chain 82/200 task 1/5 step 1/360: policy 0.28s, stepping env
    [frozen_flower] chain 82/200 task 1/5 step 25/360: running policy
    [frozen_flower] chain 82/200 task 1/5 step 25/360: policy 0.01s, stepping env
    [frozen_flower] chain 82/200 task 1/5 step 50/360: running policy
    [frozen_flower] chain 82/200 task 1/5 step 50/360: policy 0.01s, stepping env
    [frozen_flower] chain 82/200 task 1/5 success at step 70
    [frozen_flower] chain 82/200 task 1/5 success: 70 steps, 3.4s
    [frozen_flower] chain 82/200 task 2/5 start: lift_pink_block_slider | instruction: lift the pink block from the sliding cabinet
    [frozen_flower] chain 82/200 task 2/5 step 1/360: running policy
    [frozen_flower] chain 82/200 task 2/5 step 1/360: policy 0.29s, stepping env
    [frozen_flower] chain 82/200 task 2/5 step 25/360: running policy
    [frozen_flower] chain 82/200 task 2/5 step 25/360: policy 0.01s, stepping env
    [frozen_flower] chain 82/200 task 2/5 step 50/360: running policy
    [frozen_flower] chain 82/200 task 2/5 step 50/360: policy 0.01s, stepping env
    [frozen_flower] chain 82/200 task 2/5 step 75/360: running policy
    [frozen_flower] chain 82/200 task 2/5 step 75/360: policy 0.01s, stepping env
    [frozen_flower] chain 82/200 task 2/5 success at step 76
    [frozen_flower] chain 82/200 task 2/5 success: 76 steps, 3.8s
    [frozen_flower] chain 82/200 task 3/5 start: place_in_slider | instruction: store the grasped block in the sliding cabinet
    [frozen_flower] chain 82/200 task 3/5 step 1/360: running policy
    [frozen_flower] chain 82/200 task 3/5 step 1/360: policy 0.29s, stepping env
    [frozen_flower] chain 82/200 task 3/5 success at step 8
    [frozen_flower] chain 82/200 task 3/5 success: 8 steps, 0.5s
    [frozen_flower] chain 82/200 task 4/5 start: open_drawer | instruction: pull the handle to open the drawer
    [frozen_flower] chain 82/200 task 4/5 step 1/360: running policy
    [frozen_flower] chain 82/200 task 4/5 step 1/360: policy 0.30s, stepping env
    [frozen_flower] chain 82/200 task 4/5 step 25/360: running policy
    [frozen_flower] chain 82/200 task 4/5 step 25/360: policy 0.01s, stepping env
    [frozen_flower] chain 82/200 task 4/5 step 50/360: running policy
    [frozen_flower] chain 82/200 task 4/5 step 50/360: policy 0.01s, stepping env
    [frozen_flower] chain 82/200 task 4/5 success at step 74
    [frozen_flower] chain 82/200 task 4/5 success: 74 steps, 3.9s
    [frozen_flower] chain 82/200 task 5/5 start: lift_red_block_table | instruction: grasp and lift the red block
    [frozen_flower] chain 82/200 task 5/5 step 1/360: running policy
    [frozen_flower] chain 82/200 task 5/5 step 1/360: policy 0.28s, stepping env
    [frozen_flower] chain 82/200 task 5/5 step 25/360: running policy
    [frozen_flower] chain 82/200 task 5/5 step 25/360: policy 0.01s, stepping env
    [frozen_flower] chain 82/200 task 5/5 step 50/360: running policy
    [frozen_flower] chain 82/200 task 5/5 step 50/360: policy 0.01s, stepping env
    [frozen_flower] chain 82/200 task 5/5 success at step 72
    [frozen_flower] chain 82/200 task 5/5 success: 72 steps, 3.8s
    [frozen_flower] chain 83/200 start: ['open_drawer', 'rotate_red_block_right', 'turn_off_led', 'move_slider_left', 'lift_pink_block_table']
    [frozen_flower] chain 83/200 instructions: ['pull the handle to open the drawer', 'take the red block and rotate it to the right', 'press the button to turn off the led light', 'push the sliding door to the left side', 'grasp and lift the pink block']
    [frozen_flower] chain 83/200 task 1/5 start: open_drawer | instruction: pull the handle to open the drawer
    [frozen_flower] chain 83/200 task 1/5 step 1/360: running policy
    [frozen_flower] chain 83/200 task 1/5 step 1/360: policy 0.30s, stepping env
    [frozen_flower] chain 83/200 task 1/5 step 25/360: running policy
    [frozen_flower] chain 83/200 task 1/5 step 25/360: policy 0.01s, stepping env
    [frozen_flower] chain 83/200 task 1/5 step 50/360: running policy
    [frozen_flower] chain 83/200 task 1/5 step 50/360: policy 0.01s, stepping env
    [frozen_flower] chain 83/200 task 1/5 success at step 57
    [frozen_flower] chain 83/200 task 1/5 success: 57 steps, 3.0s
    [frozen_flower] chain 83/200 task 2/5 start: rotate_red_block_right | instruction: take the red block and rotate it to the right
    [frozen_flower] chain 83/200 task 2/5 step 1/360: running policy
    [frozen_flower] chain 83/200 task 2/5 step 1/360: policy 0.29s, stepping env
    [frozen_flower] chain 83/200 task 2/5 step 25/360: running policy
    [frozen_flower] chain 83/200 task 2/5 step 25/360: policy 0.01s, stepping env
    [frozen_flower] chain 83/200 task 2/5 step 50/360: running policy
    [frozen_flower] chain 83/200 task 2/5 step 50/360: policy 0.01s, stepping env
    [frozen_flower] chain 83/200 task 2/5 step 75/360: running policy
    [frozen_flower] chain 83/200 task 2/5 step 75/360: policy 0.01s, stepping env
    [frozen_flower] chain 83/200 task 2/5 step 100/360: running policy
    [frozen_flower] chain 83/200 task 2/5 step 100/360: policy 0.01s, stepping env
    [frozen_flower] chain 83/200 task 2/5 success at step 105
    [frozen_flower] chain 83/200 task 2/5 success: 105 steps, 5.6s
    [frozen_flower] chain 83/200 task 3/5 start: turn_off_led | instruction: press the button to turn off the led light
    [frozen_flower] chain 83/200 task 3/5 step 1/360: running policy
    [frozen_flower] chain 83/200 task 3/5 step 1/360: policy 0.30s, stepping env
    [frozen_flower] chain 83/200 task 3/5 step 25/360: running policy
    [frozen_flower] chain 83/200 task 3/5 step 25/360: policy 0.01s, stepping env
    [frozen_flower] chain 83/200 task 3/5 step 50/360: running policy
    [frozen_flower] chain 83/200 task 3/5 step 50/360: policy 0.00s, stepping env
    [frozen_flower] chain 83/200 task 3/5 step 75/360: running policy
    [frozen_flower] chain 83/200 task 3/5 step 75/360: policy 0.01s, stepping env
    [frozen_flower] chain 83/200 task 3/5 success at step 90
    [frozen_flower] chain 83/200 task 3/5 success: 90 steps, 4.7s
    [frozen_flower] chain 83/200 task 4/5 start: move_slider_left | instruction: push the sliding door to the left side
    [frozen_flower] chain 83/200 task 4/5 step 1/360: running policy
    [frozen_flower] chain 83/200 task 4/5 step 1/360: policy 0.31s, stepping env
    [frozen_flower] chain 83/200 task 4/5 step 25/360: running policy
    [frozen_flower] chain 83/200 task 4/5 step 25/360: policy 0.01s, stepping env
    [frozen_flower] chain 83/200 task 4/5 step 50/360: running policy
    [frozen_flower] chain 83/200 task 4/5 step 50/360: policy 0.01s, stepping env
    [frozen_flower] chain 83/200 task 4/5 step 75/360: running policy
    [frozen_flower] chain 83/200 task 4/5 step 75/360: policy 0.01s, stepping env
    [frozen_flower] chain 83/200 task 4/5 step 100/360: running policy
    [frozen_flower] chain 83/200 task 4/5 step 100/360: policy 0.02s, stepping env
    [frozen_flower] chain 83/200 task 4/5 step 125/360: running policy
    [frozen_flower] chain 83/200 task 4/5 step 125/360: policy 0.00s, stepping env
    [frozen_flower] chain 83/200 task 4/5 step 150/360: running policy
    [frozen_flower] chain 83/200 task 4/5 step 150/360: policy 0.00s, stepping env
    [frozen_flower] chain 83/200 task 4/5 success at step 160
    [frozen_flower] chain 83/200 task 4/5 success: 160 steps, 7.8s
    [frozen_flower] chain 83/200 task 5/5 start: lift_pink_block_table | instruction: grasp and lift the pink block
    [frozen_flower] chain 83/200 task 5/5 step 1/360: running policy
    [frozen_flower] chain 83/200 task 5/5 step 1/360: policy 0.24s, stepping env
    [frozen_flower] chain 83/200 task 5/5 step 25/360: running policy
    [frozen_flower] chain 83/200 task 5/5 step 25/360: policy 0.00s, stepping env
    [frozen_flower] chain 83/200 task 5/5 step 50/360: running policy
    [frozen_flower] chain 83/200 task 5/5 step 50/360: policy 0.00s, stepping env
    [frozen_flower] chain 83/200 task 5/5 success at step 58
    [frozen_flower] chain 83/200 task 5/5 success: 58 steps, 2.4s
    [frozen_flower] chain 84/200 start: ['rotate_red_block_right', 'lift_blue_block_table', 'stack_block', 'lift_pink_block_slider', 'place_in_slider']
    [frozen_flower] chain 84/200 instructions: ['take the red block and rotate it to the right', 'grasp and lift the blue block', 'stack the grasped block', 'lift the pink block from the sliding cabinet', 'store the grasped block in the sliding cabinet']
    [frozen_flower] chain 84/200 task 1/5 start: rotate_red_block_right | instruction: take the red block and rotate it to the right
    [frozen_flower] chain 84/200 task 1/5 step 1/360: running policy
    [frozen_flower] chain 84/200 task 1/5 step 1/360: policy 0.24s, stepping env
    [frozen_flower] chain 84/200 task 1/5 step 25/360: running policy
    [frozen_flower] chain 84/200 task 1/5 step 25/360: policy 0.00s, stepping env
    [frozen_flower] chain 84/200 task 1/5 step 50/360: running policy
    [frozen_flower] chain 84/200 task 1/5 step 50/360: policy 0.00s, stepping env
    [frozen_flower] chain 84/200 task 1/5 step 75/360: running policy
    [frozen_flower] chain 84/200 task 1/5 step 75/360: policy 0.00s, stepping env
    [frozen_flower] chain 84/200 task 1/5 step 100/360: running policy
    [frozen_flower] chain 84/200 task 1/5 step 100/360: policy 0.01s, stepping env
    [frozen_flower] chain 84/200 task 1/5 step 125/360: running policy
    [frozen_flower] chain 84/200 task 1/5 step 125/360: policy 0.00s, stepping env
    [frozen_flower] chain 84/200 task 1/5 step 150/360: running policy
    [frozen_flower] chain 84/200 task 1/5 step 150/360: policy 0.00s, stepping env
    [frozen_flower] chain 84/200 task 1/5 step 175/360: running policy
    [frozen_flower] chain 84/200 task 1/5 step 175/360: policy 0.00s, stepping env
    [frozen_flower] chain 84/200 task 1/5 step 200/360: running policy
    [frozen_flower] chain 84/200 task 1/5 step 200/360: policy 0.00s, stepping env
    [frozen_flower] chain 84/200 task 1/5 step 225/360: running policy
    [frozen_flower] chain 84/200 task 1/5 step 225/360: policy 0.00s, stepping env
    [frozen_flower] chain 84/200 task 1/5 step 250/360: running policy
    [frozen_flower] chain 84/200 task 1/5 step 250/360: policy 0.00s, stepping env
    [frozen_flower] chain 84/200 task 1/5 step 275/360: running policy
    [frozen_flower] chain 84/200 task 1/5 step 275/360: policy 0.00s, stepping env
    [frozen_flower] chain 84/200 task 1/5 step 300/360: running policy
    [frozen_flower] chain 84/200 task 1/5 step 300/360: policy 0.01s, stepping env
    [frozen_flower] chain 84/200 task 1/5 step 325/360: running policy
    [frozen_flower] chain 84/200 task 1/5 step 325/360: policy 0.00s, stepping env
    [frozen_flower] chain 84/200 task 1/5 step 350/360: running policy
    [frozen_flower] chain 84/200 task 1/5 step 350/360: policy 0.00s, stepping env
    [frozen_flower] chain 84/200 task 1/5 failed: 360 steps, 15.5s
    [frozen_flower] chain 85/200 start: ['lift_pink_block_table', 'place_in_slider', 'turn_off_lightbulb', 'open_drawer', 'move_slider_right']
    [frozen_flower] chain 85/200 instructions: ['grasp and lift the pink block', 'store the grasped block in the sliding cabinet', 'use the switch to turn off the light bulb', 'pull the handle to open the drawer', 'push the sliding door to the right side']
    [frozen_flower] chain 85/200 task 1/5 start: lift_pink_block_table | instruction: grasp and lift the pink block
    [frozen_flower] chain 85/200 task 1/5 step 1/360: running policy
    [frozen_flower] chain 85/200 task 1/5 step 1/360: policy 0.27s, stepping env
    [frozen_flower] chain 85/200 task 1/5 step 25/360: running policy
    [frozen_flower] chain 85/200 task 1/5 step 25/360: policy 0.00s, stepping env
    [frozen_flower] chain 85/200 task 1/5 success at step 49
    [frozen_flower] chain 85/200 task 1/5 success: 49 steps, 2.3s
    [frozen_flower] chain 85/200 task 2/5 start: place_in_slider | instruction: store the grasped block in the sliding cabinet
    [frozen_flower] chain 85/200 task 2/5 step 1/360: running policy
    [frozen_flower] chain 85/200 task 2/5 step 1/360: policy 0.27s, stepping env
    [frozen_flower] chain 85/200 task 2/5 step 25/360: running policy
    [frozen_flower] chain 85/200 task 2/5 step 25/360: policy 0.01s, stepping env
    [frozen_flower] chain 85/200 task 2/5 success at step 37
    [frozen_flower] chain 85/200 task 2/5 success: 37 steps, 1.8s
    [frozen_flower] chain 85/200 task 3/5 start: turn_off_lightbulb | instruction: use the switch to turn off the light bulb
    [frozen_flower] chain 85/200 task 3/5 step 1/360: running policy
    [frozen_flower] chain 85/200 task 3/5 step 1/360: policy 0.26s, stepping env
    [frozen_flower] chain 85/200 task 3/5 step 25/360: running policy
    [frozen_flower] chain 85/200 task 3/5 step 25/360: policy 0.02s, stepping env
    [frozen_flower] chain 85/200 task 3/5 step 50/360: running policy
    [frozen_flower] chain 85/200 task 3/5 step 50/360: policy 0.00s, stepping env
    [frozen_flower] chain 85/200 task 3/5 success at step 65
    [frozen_flower] chain 85/200 task 3/5 success: 65 steps, 3.1s
    [frozen_flower] chain 85/200 task 4/5 start: open_drawer | instruction: pull the handle to open the drawer
    [frozen_flower] chain 85/200 task 4/5 step 1/360: running policy
    [frozen_flower] chain 85/200 task 4/5 step 1/360: policy 0.26s, stepping env
    [frozen_flower] chain 85/200 task 4/5 step 25/360: running policy
    [frozen_flower] chain 85/200 task 4/5 step 25/360: policy 0.00s, stepping env
    [frozen_flower] chain 85/200 task 4/5 step 50/360: running policy
    [frozen_flower] chain 85/200 task 4/5 step 50/360: policy 0.00s, stepping env
    [frozen_flower] chain 85/200 task 4/5 step 75/360: running policy
    [frozen_flower] chain 85/200 task 4/5 step 75/360: policy 0.01s, stepping env
    [frozen_flower] chain 85/200 task 4/5 success at step 82
    [frozen_flower] chain 85/200 task 4/5 success: 82 steps, 4.0s
    [frozen_flower] chain 85/200 task 5/5 start: move_slider_right | instruction: push the sliding door to the right side
    [frozen_flower] chain 85/200 task 5/5 step 1/360: running policy
    [frozen_flower] chain 85/200 task 5/5 step 1/360: policy 0.27s, stepping env
    [frozen_flower] chain 85/200 task 5/5 step 25/360: running policy
    [frozen_flower] chain 85/200 task 5/5 step 25/360: policy 0.01s, stepping env
    [frozen_flower] chain 85/200 task 5/5 step 50/360: running policy
    [frozen_flower] chain 85/200 task 5/5 step 50/360: policy 0.01s, stepping env
    [frozen_flower] chain 85/200 task 5/5 step 75/360: running policy
    [frozen_flower] chain 85/200 task 5/5 step 75/360: policy 0.01s, stepping env
    [frozen_flower] chain 85/200 task 5/5 success at step 99
    [frozen_flower] chain 85/200 task 5/5 success: 99 steps, 4.5s
    [frozen_flower] chain 86/200 start: ['rotate_red_block_right', 'move_slider_right', 'turn_off_led', 'lift_pink_block_slider', 'place_in_slider']
    [frozen_flower] chain 86/200 instructions: ['take the red block and rotate it to the right', 'push the sliding door to the right side', 'press the button to turn off the led light', 'lift the pink block from the sliding cabinet', 'store the grasped block in the sliding cabinet']
    [frozen_flower] chain 86/200 task 1/5 start: rotate_red_block_right | instruction: take the red block and rotate it to the right
    [frozen_flower] chain 86/200 task 1/5 step 1/360: running policy
    [frozen_flower] chain 86/200 task 1/5 step 1/360: policy 0.28s, stepping env
    [frozen_flower] chain 86/200 task 1/5 step 25/360: running policy
    [frozen_flower] chain 86/200 task 1/5 step 25/360: policy 0.01s, stepping env
    [frozen_flower] chain 86/200 task 1/5 step 50/360: running policy
    [frozen_flower] chain 86/200 task 1/5 step 50/360: policy 0.01s, stepping env
    [frozen_flower] chain 86/200 task 1/5 step 75/360: running policy
    [frozen_flower] chain 86/200 task 1/5 step 75/360: policy 0.00s, stepping env
    [frozen_flower] chain 86/200 task 1/5 success at step 85
    [frozen_flower] chain 86/200 task 1/5 success: 85 steps, 4.1s
    [frozen_flower] chain 86/200 task 2/5 start: move_slider_right | instruction: push the sliding door to the right side
    [frozen_flower] chain 86/200 task 2/5 step 1/360: running policy
    [frozen_flower] chain 86/200 task 2/5 step 1/360: policy 0.28s, stepping env
    [frozen_flower] chain 86/200 task 2/5 step 25/360: running policy
    [frozen_flower] chain 86/200 task 2/5 step 25/360: policy 0.01s, stepping env
    [frozen_flower] chain 86/200 task 2/5 step 50/360: running policy
    [frozen_flower] chain 86/200 task 2/5 step 50/360: policy 0.00s, stepping env
    [frozen_flower] chain 86/200 task 2/5 step 75/360: running policy
    [frozen_flower] chain 86/200 task 2/5 step 75/360: policy 0.00s, stepping env
    [frozen_flower] chain 86/200 task 2/5 success at step 99
    [frozen_flower] chain 86/200 task 2/5 success: 99 steps, 4.7s
    [frozen_flower] chain 86/200 task 3/5 start: turn_off_led | instruction: press the button to turn off the led light
    [frozen_flower] chain 86/200 task 3/5 step 1/360: running policy
    [frozen_flower] chain 86/200 task 3/5 step 1/360: policy 0.29s, stepping env
    [frozen_flower] chain 86/200 task 3/5 step 25/360: running policy
    [frozen_flower] chain 86/200 task 3/5 step 25/360: policy 0.01s, stepping env
    [frozen_flower] chain 86/200 task 3/5 step 50/360: running policy
    [frozen_flower] chain 86/200 task 3/5 step 50/360: policy 0.01s, stepping env
    [frozen_flower] chain 86/200 task 3/5 step 75/360: running policy
    [frozen_flower] chain 86/200 task 3/5 step 75/360: policy 0.01s, stepping env
    [frozen_flower] chain 86/200 task 3/5 success at step 93
    [frozen_flower] chain 86/200 task 3/5 success: 93 steps, 4.7s
    [frozen_flower] chain 86/200 task 4/5 start: lift_pink_block_slider | instruction: lift the pink block from the sliding cabinet
    [frozen_flower] chain 86/200 task 4/5 step 1/360: running policy
    [frozen_flower] chain 86/200 task 4/5 step 1/360: policy 0.29s, stepping env
    [frozen_flower] chain 86/200 task 4/5 step 25/360: running policy
    [frozen_flower] chain 86/200 task 4/5 step 25/360: policy 0.01s, stepping env
    [frozen_flower] chain 86/200 task 4/5 step 50/360: running policy
    [frozen_flower] chain 86/200 task 4/5 step 50/360: policy 0.01s, stepping env
    [frozen_flower] chain 86/200 task 4/5 success at step 66
    [frozen_flower] chain 86/200 task 4/5 success: 66 steps, 3.3s
    [frozen_flower] chain 86/200 task 5/5 start: place_in_slider | instruction: store the grasped block in the sliding cabinet
    [frozen_flower] chain 86/200 task 5/5 step 1/360: running policy
    [frozen_flower] chain 86/200 task 5/5 step 1/360: policy 0.27s, stepping env
    [frozen_flower] chain 86/200 task 5/5 success at step 11
    [frozen_flower] chain 86/200 task 5/5 success: 11 steps, 0.8s
    [frozen_flower] chain 87/200 start: ['lift_blue_block_slider', 'place_in_slider', 'rotate_red_block_right', 'move_slider_left', 'lift_red_block_table']
    [frozen_flower] chain 87/200 instructions: ['lift the blue block from the sliding cabinet', 'store the grasped block in the sliding cabinet', 'take the red block and rotate it to the right', 'push the sliding door to the left side', 'grasp and lift the red block']
    [frozen_flower] chain 87/200 task 1/5 start: lift_blue_block_slider | instruction: lift the blue block from the sliding cabinet
    [frozen_flower] chain 87/200 task 1/5 step 1/360: running policy
    [frozen_flower] chain 87/200 task 1/5 step 1/360: policy 0.28s, stepping env
    [frozen_flower] chain 87/200 task 1/5 step 25/360: running policy
    [frozen_flower] chain 87/200 task 1/5 step 25/360: policy 0.01s, stepping env
    [frozen_flower] chain 87/200 task 1/5 step 50/360: running policy
    [frozen_flower] chain 87/200 task 1/5 step 50/360: policy 0.01s, stepping env
    [frozen_flower] chain 87/200 task 1/5 success at step 61
    [frozen_flower] chain 87/200 task 1/5 success: 61 steps, 3.2s
    [frozen_flower] chain 87/200 task 2/5 start: place_in_slider | instruction: store the grasped block in the sliding cabinet
    [frozen_flower] chain 87/200 task 2/5 step 1/360: running policy
    [frozen_flower] chain 87/200 task 2/5 step 1/360: policy 0.29s, stepping env
    [frozen_flower] chain 87/200 task 2/5 success at step 9
    [frozen_flower] chain 87/200 task 2/5 success: 9 steps, 0.5s
    [frozen_flower] chain 87/200 task 3/5 start: rotate_red_block_right | instruction: take the red block and rotate it to the right
    [frozen_flower] chain 87/200 task 3/5 step 1/360: running policy
    [frozen_flower] chain 87/200 task 3/5 step 1/360: policy 0.28s, stepping env
    [frozen_flower] chain 87/200 task 3/5 step 25/360: running policy
    [frozen_flower] chain 87/200 task 3/5 step 25/360: policy 0.01s, stepping env
    [frozen_flower] chain 87/200 task 3/5 step 50/360: running policy
    [frozen_flower] chain 87/200 task 3/5 step 50/360: policy 0.01s, stepping env
    [frozen_flower] chain 87/200 task 3/5 step 75/360: running policy
    [frozen_flower] chain 87/200 task 3/5 step 75/360: policy 0.01s, stepping env
    [frozen_flower] chain 87/200 task 3/5 success at step 97
    [frozen_flower] chain 87/200 task 3/5 success: 97 steps, 4.8s
    [frozen_flower] chain 87/200 task 4/5 start: move_slider_left | instruction: push the sliding door to the left side
    [frozen_flower] chain 87/200 task 4/5 step 1/360: running policy
    [frozen_flower] chain 87/200 task 4/5 step 1/360: policy 0.29s, stepping env
    [frozen_flower] chain 87/200 task 4/5 step 25/360: running policy
    [frozen_flower] chain 87/200 task 4/5 step 25/360: policy 0.01s, stepping env
    [frozen_flower] chain 87/200 task 4/5 step 50/360: running policy
    [frozen_flower] chain 87/200 task 4/5 step 50/360: policy 0.01s, stepping env
    [frozen_flower] chain 87/200 task 4/5 step 75/360: running policy
    [frozen_flower] chain 87/200 task 4/5 step 75/360: policy 0.01s, stepping env
    [frozen_flower] chain 87/200 task 4/5 step 100/360: running policy
    [frozen_flower] chain 87/200 task 4/5 step 100/360: policy 0.01s, stepping env
    [frozen_flower] chain 87/200 task 4/5 success at step 100
    [frozen_flower] chain 87/200 task 4/5 success: 100 steps, 5.1s
    [frozen_flower] chain 87/200 task 5/5 start: lift_red_block_table | instruction: grasp and lift the red block
    [frozen_flower] chain 87/200 task 5/5 step 1/360: running policy
    [frozen_flower] chain 87/200 task 5/5 step 1/360: policy 0.30s, stepping env
    [frozen_flower] chain 87/200 task 5/5 step 25/360: running policy
    [frozen_flower] chain 87/200 task 5/5 step 25/360: policy 0.00s, stepping env
    [frozen_flower] chain 87/200 task 5/5 step 50/360: running policy
    [frozen_flower] chain 87/200 task 5/5 step 50/360: policy 0.01s, stepping env
    [frozen_flower] chain 87/200 task 5/5 success at step 69
    [frozen_flower] chain 87/200 task 5/5 success: 69 steps, 3.5s
    [frozen_flower] chain 88/200 start: ['lift_blue_block_table', 'place_in_slider', 'rotate_pink_block_left', 'turn_on_led', 'lift_red_block_slider']
    [frozen_flower] chain 88/200 instructions: ['grasp and lift the blue block', 'store the grasped block in the sliding cabinet', 'take the pink block and rotate it to the left', 'press the button to turn on the led light', 'lift the red block from the sliding cabinet']
    [frozen_flower] chain 88/200 task 1/5 start: lift_blue_block_table | instruction: grasp and lift the blue block
    [frozen_flower] chain 88/200 task 1/5 step 1/360: running policy
    [frozen_flower] chain 88/200 task 1/5 step 1/360: policy 0.30s, stepping env
    [frozen_flower] chain 88/200 task 1/5 step 25/360: running policy
    [frozen_flower] chain 88/200 task 1/5 step 25/360: policy 0.01s, stepping env
    [frozen_flower] chain 88/200 task 1/5 step 50/360: running policy
    [frozen_flower] chain 88/200 task 1/5 step 50/360: policy 0.01s, stepping env
    [frozen_flower] chain 88/200 task 1/5 step 75/360: running policy
    [frozen_flower] chain 88/200 task 1/5 step 75/360: policy 0.01s, stepping env
    [frozen_flower] chain 88/200 task 1/5 success at step 92
    [frozen_flower] chain 88/200 task 1/5 success: 92 steps, 4.9s
    [frozen_flower] chain 88/200 task 2/5 start: place_in_slider | instruction: store the grasped block in the sliding cabinet
    [frozen_flower] chain 88/200 task 2/5 step 1/360: running policy
    [frozen_flower] chain 88/200 task 2/5 step 1/360: policy 0.29s, stepping env
    [frozen_flower] chain 88/200 task 2/5 step 25/360: running policy
    [frozen_flower] chain 88/200 task 2/5 step 25/360: policy 0.01s, stepping env
    [frozen_flower] chain 88/200 task 2/5 success at step 35
    [frozen_flower] chain 88/200 task 2/5 success: 35 steps, 2.0s
    [frozen_flower] chain 88/200 task 3/5 start: rotate_pink_block_left | instruction: take the pink block and rotate it to the left
    [frozen_flower] chain 88/200 task 3/5 step 1/360: running policy
    [frozen_flower] chain 88/200 task 3/5 step 1/360: policy 0.30s, stepping env
    [frozen_flower] chain 88/200 task 3/5 step 25/360: running policy
    [frozen_flower] chain 88/200 task 3/5 step 25/360: policy 0.01s, stepping env
    [frozen_flower] chain 88/200 task 3/5 step 50/360: running policy
    [frozen_flower] chain 88/200 task 3/5 step 50/360: policy 0.01s, stepping env
    [frozen_flower] chain 88/200 task 3/5 step 75/360: running policy
    [frozen_flower] chain 88/200 task 3/5 step 75/360: policy 0.01s, stepping env
    [frozen_flower] chain 88/200 task 3/5 success at step 80
    [frozen_flower] chain 88/200 task 3/5 success: 80 steps, 4.3s
    [frozen_flower] chain 88/200 task 4/5 start: turn_on_led | instruction: press the button to turn on the led light
    [frozen_flower] chain 88/200 task 4/5 step 1/360: running policy
    [frozen_flower] chain 88/200 task 4/5 step 1/360: policy 0.30s, stepping env
    [frozen_flower] chain 88/200 task 4/5 step 25/360: running policy
    [frozen_flower] chain 88/200 task 4/5 step 25/360: policy 0.01s, stepping env
    [frozen_flower] chain 88/200 task 4/5 step 50/360: running policy
    [frozen_flower] chain 88/200 task 4/5 step 50/360: policy 0.01s, stepping env
    [frozen_flower] chain 88/200 task 4/5 success at step 50
    [frozen_flower] chain 88/200 task 4/5 success: 50 steps, 2.7s
    [frozen_flower] chain 88/200 task 5/5 start: lift_red_block_slider | instruction: lift the red block from the sliding cabinet
    [frozen_flower] chain 88/200 task 5/5 step 1/360: running policy
    [frozen_flower] chain 88/200 task 5/5 step 1/360: policy 0.32s, stepping env
    [frozen_flower] chain 88/200 task 5/5 step 25/360: running policy
    [frozen_flower] chain 88/200 task 5/5 step 25/360: policy 0.01s, stepping env
    [frozen_flower] chain 88/200 task 5/5 step 50/360: running policy
    [frozen_flower] chain 88/200 task 5/5 step 50/360: policy 0.01s, stepping env
    [frozen_flower] chain 88/200 task 5/5 step 75/360: running policy
    [frozen_flower] chain 88/200 task 5/5 step 75/360: policy 0.00s, stepping env
    [frozen_flower] chain 88/200 task 5/5 step 100/360: running policy
    [frozen_flower] chain 88/200 task 5/5 step 100/360: policy 0.00s, stepping env
    [frozen_flower] chain 88/200 task 5/5 step 125/360: running policy
    [frozen_flower] chain 88/200 task 5/5 step 125/360: policy 0.00s, stepping env
    [frozen_flower] chain 88/200 task 5/5 step 150/360: running policy
    [frozen_flower] chain 88/200 task 5/5 step 150/360: policy 0.00s, stepping env
    [frozen_flower] chain 88/200 task 5/5 step 175/360: running policy
    [frozen_flower] chain 88/200 task 5/5 step 175/360: policy 0.00s, stepping env
    [frozen_flower] chain 88/200 task 5/5 step 200/360: running policy
    [frozen_flower] chain 88/200 task 5/5 step 200/360: policy 0.00s, stepping env
    [frozen_flower] chain 88/200 task 5/5 step 225/360: running policy
    [frozen_flower] chain 88/200 task 5/5 step 225/360: policy 0.01s, stepping env
    [frozen_flower] chain 88/200 task 5/5 step 250/360: running policy
    [frozen_flower] chain 88/200 task 5/5 step 250/360: policy 0.00s, stepping env
    [frozen_flower] chain 88/200 task 5/5 step 275/360: running policy
    [frozen_flower] chain 88/200 task 5/5 step 275/360: policy 0.00s, stepping env
    [frozen_flower] chain 88/200 task 5/5 step 300/360: running policy
    [frozen_flower] chain 88/200 task 5/5 step 300/360: policy 0.00s, stepping env
    [frozen_flower] chain 88/200 task 5/5 step 325/360: running policy
    [frozen_flower] chain 88/200 task 5/5 step 325/360: policy 0.00s, stepping env
    [frozen_flower] chain 88/200 task 5/5 step 350/360: running policy
    [frozen_flower] chain 88/200 task 5/5 step 350/360: policy 0.00s, stepping env
    [frozen_flower] chain 88/200 task 5/5 failed: 360 steps, 16.1s
    [frozen_flower] chain 89/200 start: ['turn_on_led', 'rotate_blue_block_left', 'open_drawer', 'lift_blue_block_table', 'place_in_drawer']
    [frozen_flower] chain 89/200 instructions: ['press the button to turn on the led light', 'take the blue block and rotate it to the left', 'pull the handle to open the drawer', 'grasp and lift the blue block', 'store the grasped block in the drawer']
    [frozen_flower] chain 89/200 task 1/5 start: turn_on_led | instruction: press the button to turn on the led light
    [frozen_flower] chain 89/200 task 1/5 step 1/360: running policy
    [frozen_flower] chain 89/200 task 1/5 step 1/360: policy 0.26s, stepping env
    [frozen_flower] chain 89/200 task 1/5 step 25/360: running policy
    [frozen_flower] chain 89/200 task 1/5 step 25/360: policy 0.00s, stepping env
    [frozen_flower] chain 89/200 task 1/5 success at step 33
    [frozen_flower] chain 89/200 task 1/5 success: 33 steps, 1.6s
    [frozen_flower] chain 89/200 task 2/5 start: rotate_blue_block_left | instruction: take the blue block and rotate it to the left
    [frozen_flower] chain 89/200 task 2/5 step 1/360: running policy
    [frozen_flower] chain 89/200 task 2/5 step 1/360: policy 0.26s, stepping env
    [frozen_flower] chain 89/200 task 2/5 step 25/360: running policy
    [frozen_flower] chain 89/200 task 2/5 step 25/360: policy 0.00s, stepping env
    [frozen_flower] chain 89/200 task 2/5 step 50/360: running policy
    [frozen_flower] chain 89/200 task 2/5 step 50/360: policy 0.00s, stepping env
    [frozen_flower] chain 89/200 task 2/5 step 75/360: running policy
    [frozen_flower] chain 89/200 task 2/5 step 75/360: policy 0.00s, stepping env
    [frozen_flower] chain 89/200 task 2/5 success at step 98
    [frozen_flower] chain 89/200 task 2/5 success: 98 steps, 4.4s
    [frozen_flower] chain 89/200 task 3/5 start: open_drawer | instruction: pull the handle to open the drawer
    [frozen_flower] chain 89/200 task 3/5 step 1/360: running policy
    [frozen_flower] chain 89/200 task 3/5 step 1/360: policy 0.26s, stepping env
    [frozen_flower] chain 89/200 task 3/5 step 25/360: running policy
    [frozen_flower] chain 89/200 task 3/5 step 25/360: policy 0.00s, stepping env
    [frozen_flower] chain 89/200 task 3/5 step 50/360: running policy
    [frozen_flower] chain 89/200 task 3/5 step 50/360: policy 0.00s, stepping env
    [frozen_flower] chain 89/200 task 3/5 step 75/360: running policy
    [frozen_flower] chain 89/200 task 3/5 step 75/360: policy 0.00s, stepping env
    [frozen_flower] chain 89/200 task 3/5 success at step 75
    [frozen_flower] chain 89/200 task 3/5 success: 75 steps, 3.4s
    [frozen_flower] chain 89/200 task 4/5 start: lift_blue_block_table | instruction: grasp and lift the blue block
    [frozen_flower] chain 89/200 task 4/5 step 1/360: running policy
    [frozen_flower] chain 89/200 task 4/5 step 1/360: policy 0.26s, stepping env
    [frozen_flower] chain 89/200 task 4/5 step 25/360: running policy
    [frozen_flower] chain 89/200 task 4/5 step 25/360: policy 0.00s, stepping env
    [frozen_flower] chain 89/200 task 4/5 step 50/360: running policy
    [frozen_flower] chain 89/200 task 4/5 step 50/360: policy 0.00s, stepping env
    [frozen_flower] chain 89/200 task 4/5 success at step 74
    [frozen_flower] chain 89/200 task 4/5 success: 74 steps, 3.4s
    [frozen_flower] chain 89/200 task 5/5 start: place_in_drawer | instruction: store the grasped block in the drawer
    [frozen_flower] chain 89/200 task 5/5 step 1/360: running policy
    [frozen_flower] chain 89/200 task 5/5 step 1/360: policy 0.26s, stepping env
    [frozen_flower] chain 89/200 task 5/5 step 25/360: running policy
    [frozen_flower] chain 89/200 task 5/5 step 25/360: policy 0.01s, stepping env
    [frozen_flower] chain 89/200 task 5/5 success at step 35
    [frozen_flower] chain 89/200 task 5/5 success: 35 steps, 1.7s
    [frozen_flower] chain 90/200 start: ['move_slider_left', 'push_pink_block_right', 'lift_pink_block_table', 'place_in_drawer', 'turn_off_led']
    [frozen_flower] chain 90/200 instructions: ['push the sliding door to the left side', 'go push the pink block right', 'grasp and lift the pink block', 'store the grasped block in the drawer', 'press the button to turn off the led light']
    [frozen_flower] chain 90/200 task 1/5 start: move_slider_left | instruction: push the sliding door to the left side
    [frozen_flower] chain 90/200 task 1/5 step 1/360: running policy
    [frozen_flower] chain 90/200 task 1/5 step 1/360: policy 0.28s, stepping env
    [frozen_flower] chain 90/200 task 1/5 step 25/360: running policy
    [frozen_flower] chain 90/200 task 1/5 step 25/360: policy 0.00s, stepping env
    [frozen_flower] chain 90/200 task 1/5 step 50/360: running policy
    [frozen_flower] chain 90/200 task 1/5 step 50/360: policy 0.00s, stepping env
    [frozen_flower] chain 90/200 task 1/5 success at step 53
    [frozen_flower] chain 90/200 task 1/5 success: 53 steps, 2.6s
    [frozen_flower] chain 90/200 task 2/5 start: push_pink_block_right | instruction: go push the pink block right
    [frozen_flower] chain 90/200 task 2/5 step 1/360: running policy
    [frozen_flower] chain 90/200 task 2/5 step 1/360: policy 0.27s, stepping env
    [frozen_flower] chain 90/200 task 2/5 step 25/360: running policy
    [frozen_flower] chain 90/200 task 2/5 step 25/360: policy 0.01s, stepping env
    [frozen_flower] chain 90/200 task 2/5 step 50/360: running policy
    [frozen_flower] chain 90/200 task 2/5 step 50/360: policy 0.00s, stepping env
    [frozen_flower] chain 90/200 task 2/5 step 75/360: running policy
    [frozen_flower] chain 90/200 task 2/5 step 75/360: policy 0.00s, stepping env
    [frozen_flower] chain 90/200 task 2/5 step 100/360: running policy
    [frozen_flower] chain 90/200 task 2/5 step 100/360: policy 0.01s, stepping env
    [frozen_flower] chain 90/200 task 2/5 success at step 116
    [frozen_flower] chain 90/200 task 2/5 success: 116 steps, 5.4s
    [frozen_flower] chain 90/200 task 3/5 start: lift_pink_block_table | instruction: grasp and lift the pink block
    [frozen_flower] chain 90/200 task 3/5 step 1/360: running policy
    [frozen_flower] chain 90/200 task 3/5 step 1/360: policy 0.27s, stepping env
    [frozen_flower] chain 90/200 task 3/5 step 25/360: running policy
    [frozen_flower] chain 90/200 task 3/5 step 25/360: policy 0.01s, stepping env
    [frozen_flower] chain 90/200 task 3/5 step 50/360: running policy
    [frozen_flower] chain 90/200 task 3/5 step 50/360: policy 0.00s, stepping env
    [frozen_flower] chain 90/200 task 3/5 success at step 52
    [frozen_flower] chain 90/200 task 3/5 success: 52 steps, 2.6s
    [frozen_flower] chain 90/200 task 4/5 start: place_in_drawer | instruction: store the grasped block in the drawer
    [frozen_flower] chain 90/200 task 4/5 step 1/360: running policy
    [frozen_flower] chain 90/200 task 4/5 step 1/360: policy 0.27s, stepping env
    [frozen_flower] chain 90/200 task 4/5 step 25/360: running policy
    [frozen_flower] chain 90/200 task 4/5 step 25/360: policy 0.01s, stepping env
    [frozen_flower] chain 90/200 task 4/5 success at step 31
    [frozen_flower] chain 90/200 task 4/5 success: 31 steps, 1.7s
    [frozen_flower] chain 90/200 task 5/5 start: turn_off_led | instruction: press the button to turn off the led light
    [frozen_flower] chain 90/200 task 5/5 step 1/360: running policy
    [frozen_flower] chain 90/200 task 5/5 step 1/360: policy 0.28s, stepping env
    [frozen_flower] chain 90/200 task 5/5 step 25/360: running policy
    [frozen_flower] chain 90/200 task 5/5 step 25/360: policy 0.02s, stepping env
    [frozen_flower] chain 90/200 task 5/5 step 50/360: running policy
    [frozen_flower] chain 90/200 task 5/5 step 50/360: policy 0.00s, stepping env
    [frozen_flower] chain 90/200 task 5/5 step 75/360: running policy
    [frozen_flower] chain 90/200 task 5/5 step 75/360: policy 0.01s, stepping env
    [frozen_flower] chain 90/200 task 5/5 success at step 95
    [frozen_flower] chain 90/200 task 5/5 success: 95 steps, 4.6s
    [frozen_flower] 90/200 chains, L1 success: 93.3%
    [frozen_flower] chain 91/200 start: ['push_into_drawer', 'turn_on_lightbulb', 'lift_blue_block_slider', 'place_in_drawer', 'move_slider_left']
    [frozen_flower] chain 91/200 instructions: ['slide the block that it falls into the drawer', 'use the switch to turn on the light bulb', 'lift the blue block from the sliding cabinet', 'store the grasped block in the drawer', 'push the sliding door to the left side']
    [frozen_flower] chain 91/200 task 1/5 start: push_into_drawer | instruction: slide the block that it falls into the drawer
    [frozen_flower] chain 91/200 task 1/5 step 1/360: running policy
    [frozen_flower] chain 91/200 task 1/5 step 1/360: policy 0.28s, stepping env
    [frozen_flower] chain 91/200 task 1/5 step 25/360: running policy
    [frozen_flower] chain 91/200 task 1/5 step 25/360: policy 0.01s, stepping env
    [frozen_flower] chain 91/200 task 1/5 step 50/360: running policy
    [frozen_flower] chain 91/200 task 1/5 step 50/360: policy 0.01s, stepping env
    [frozen_flower] chain 91/200 task 1/5 step 75/360: running policy
    [frozen_flower] chain 91/200 task 1/5 step 75/360: policy 0.01s, stepping env
    [frozen_flower] chain 91/200 task 1/5 success at step 77
    [frozen_flower] chain 91/200 task 1/5 success: 77 steps, 3.7s
    [frozen_flower] chain 91/200 task 2/5 start: turn_on_lightbulb | instruction: use the switch to turn on the light bulb
    [frozen_flower] chain 91/200 task 2/5 step 1/360: running policy
    [frozen_flower] chain 91/200 task 2/5 step 1/360: policy 0.29s, stepping env
    [frozen_flower] chain 91/200 task 2/5 step 25/360: running policy
    [frozen_flower] chain 91/200 task 2/5 step 25/360: policy 0.01s, stepping env
    [frozen_flower] chain 91/200 task 2/5 step 50/360: running policy
    [frozen_flower] chain 91/200 task 2/5 step 50/360: policy 0.01s, stepping env
    [frozen_flower] chain 91/200 task 2/5 step 75/360: running policy
    [frozen_flower] chain 91/200 task 2/5 step 75/360: policy 0.01s, stepping env
    [frozen_flower] chain 91/200 task 2/5 success at step 78
    [frozen_flower] chain 91/200 task 2/5 success: 78 steps, 3.7s
    [frozen_flower] chain 91/200 task 3/5 start: lift_blue_block_slider | instruction: lift the blue block from the sliding cabinet
    [frozen_flower] chain 91/200 task 3/5 step 1/360: running policy
    [frozen_flower] chain 91/200 task 3/5 step 1/360: policy 0.28s, stepping env
    [frozen_flower] chain 91/200 task 3/5 step 25/360: running policy
    [frozen_flower] chain 91/200 task 3/5 step 25/360: policy 0.01s, stepping env
    [frozen_flower] chain 91/200 task 3/5 step 50/360: running policy
    [frozen_flower] chain 91/200 task 3/5 step 50/360: policy 0.01s, stepping env
    [frozen_flower] chain 91/200 task 3/5 step 75/360: running policy
    [frozen_flower] chain 91/200 task 3/5 step 75/360: policy 0.01s, stepping env
    [frozen_flower] chain 91/200 task 3/5 success at step 98
    [frozen_flower] chain 91/200 task 3/5 success: 98 steps, 4.6s
    [frozen_flower] chain 91/200 task 4/5 start: place_in_drawer | instruction: store the grasped block in the drawer
    [frozen_flower] chain 91/200 task 4/5 step 1/360: running policy
    [frozen_flower] chain 91/200 task 4/5 step 1/360: policy 0.28s, stepping env
    [frozen_flower] chain 91/200 task 4/5 step 25/360: running policy
    [frozen_flower] chain 91/200 task 4/5 step 25/360: policy 0.01s, stepping env
    [frozen_flower] chain 91/200 task 4/5 success at step 49
    [frozen_flower] chain 91/200 task 4/5 success: 49 steps, 2.4s
    [frozen_flower] chain 91/200 task 5/5 start: move_slider_left | instruction: push the sliding door to the left side
    [frozen_flower] chain 91/200 task 5/5 step 1/360: running policy
    [frozen_flower] chain 91/200 task 5/5 step 1/360: policy 0.29s, stepping env
    [frozen_flower] chain 91/200 task 5/5 step 25/360: running policy
    [frozen_flower] chain 91/200 task 5/5 step 25/360: policy 0.01s, stepping env
    [frozen_flower] chain 91/200 task 5/5 step 50/360: running policy
    [frozen_flower] chain 91/200 task 5/5 step 50/360: policy 0.01s, stepping env
    [frozen_flower] chain 91/200 task 5/5 step 75/360: running policy
    [frozen_flower] chain 91/200 task 5/5 step 75/360: policy 0.01s, stepping env
    [frozen_flower] chain 91/200 task 5/5 step 100/360: running policy
    [frozen_flower] chain 91/200 task 5/5 step 100/360: policy 0.01s, stepping env
    [frozen_flower] chain 91/200 task 5/5 success at step 103
    [frozen_flower] chain 91/200 task 5/5 success: 103 steps, 5.3s
    [frozen_flower] chain 92/200 start: ['turn_on_lightbulb', 'push_pink_block_left', 'close_drawer', 'move_slider_left', 'lift_red_block_slider']
    [frozen_flower] chain 92/200 instructions: ['use the switch to turn on the light bulb', 'go push the pink block left', 'push the handle to close the drawer', 'push the sliding door to the left side', 'lift the red block from the sliding cabinet']
    [frozen_flower] chain 92/200 task 1/5 start: turn_on_lightbulb | instruction: use the switch to turn on the light bulb
    [frozen_flower] chain 92/200 task 1/5 step 1/360: running policy
    [frozen_flower] chain 92/200 task 1/5 step 1/360: policy 0.29s, stepping env
    [frozen_flower] chain 92/200 task 1/5 step 25/360: running policy
    [frozen_flower] chain 92/200 task 1/5 step 25/360: policy 0.00s, stepping env
    [frozen_flower] chain 92/200 task 1/5 step 50/360: running policy
    [frozen_flower] chain 92/200 task 1/5 step 50/360: policy 0.01s, stepping env
    [frozen_flower] chain 92/200 task 1/5 success at step 62
    [frozen_flower] chain 92/200 task 1/5 success: 62 steps, 3.3s
    [frozen_flower] chain 92/200 task 2/5 start: push_pink_block_left | instruction: go push the pink block left
    [frozen_flower] chain 92/200 task 2/5 step 1/360: running policy
    [frozen_flower] chain 92/200 task 2/5 step 1/360: policy 0.28s, stepping env
    [frozen_flower] chain 92/200 task 2/5 step 25/360: running policy
    [frozen_flower] chain 92/200 task 2/5 step 25/360: policy 0.01s, stepping env
    [frozen_flower] chain 92/200 task 2/5 step 50/360: running policy
    [frozen_flower] chain 92/200 task 2/5 step 50/360: policy 0.01s, stepping env
    [frozen_flower] chain 92/200 task 2/5 success at step 56
    [frozen_flower] chain 92/200 task 2/5 success: 56 steps, 2.9s
    [frozen_flower] chain 92/200 task 3/5 start: close_drawer | instruction: push the handle to close the drawer
    [frozen_flower] chain 92/200 task 3/5 step 1/360: running policy
    [frozen_flower] chain 92/200 task 3/5 step 1/360: policy 0.30s, stepping env
    [frozen_flower] chain 92/200 task 3/5 step 25/360: running policy
    [frozen_flower] chain 92/200 task 3/5 step 25/360: policy 0.01s, stepping env
    [frozen_flower] chain 92/200 task 3/5 step 50/360: running policy
    [frozen_flower] chain 92/200 task 3/5 step 50/360: policy 0.01s, stepping env
    [frozen_flower] chain 92/200 task 3/5 step 75/360: running policy
    [frozen_flower] chain 92/200 task 3/5 step 75/360: policy 0.01s, stepping env
    [frozen_flower] chain 92/200 task 3/5 success at step 75
    [frozen_flower] chain 92/200 task 3/5 success: 75 steps, 3.8s
    [frozen_flower] chain 92/200 task 4/5 start: move_slider_left | instruction: push the sliding door to the left side
    [frozen_flower] chain 92/200 task 4/5 step 1/360: running policy
    [frozen_flower] chain 92/200 task 4/5 step 1/360: policy 0.28s, stepping env
    [frozen_flower] chain 92/200 task 4/5 step 25/360: running policy
    [frozen_flower] chain 92/200 task 4/5 step 25/360: policy 0.01s, stepping env
    [frozen_flower] chain 92/200 task 4/5 step 50/360: running policy
    [frozen_flower] chain 92/200 task 4/5 step 50/360: policy 0.01s, stepping env
    [frozen_flower] chain 92/200 task 4/5 step 75/360: running policy
    [frozen_flower] chain 92/200 task 4/5 step 75/360: policy 0.00s, stepping env
    [frozen_flower] chain 92/200 task 4/5 success at step 80
    [frozen_flower] chain 92/200 task 4/5 success: 80 steps, 3.9s
    [frozen_flower] chain 92/200 task 5/5 start: lift_red_block_slider | instruction: lift the red block from the sliding cabinet
    [frozen_flower] chain 92/200 task 5/5 step 1/360: running policy
    [frozen_flower] chain 92/200 task 5/5 step 1/360: policy 0.30s, stepping env
    [frozen_flower] chain 92/200 task 5/5 step 25/360: running policy
    [frozen_flower] chain 92/200 task 5/5 step 25/360: policy 0.01s, stepping env
    [frozen_flower] chain 92/200 task 5/5 step 50/360: running policy
    [frozen_flower] chain 92/200 task 5/5 step 50/360: policy 0.01s, stepping env
    [frozen_flower] chain 92/200 task 5/5 step 75/360: running policy
    [frozen_flower] chain 92/200 task 5/5 step 75/360: policy 0.01s, stepping env
    [frozen_flower] chain 92/200 task 5/5 step 100/360: running policy
    [frozen_flower] chain 92/200 task 5/5 step 100/360: policy 0.01s, stepping env
    [frozen_flower] chain 92/200 task 5/5 step 125/360: running policy
    [frozen_flower] chain 92/200 task 5/5 step 125/360: policy 0.01s, stepping env
    [frozen_flower] chain 92/200 task 5/5 success at step 149
    [frozen_flower] chain 92/200 task 5/5 success: 149 steps, 7.8s
    [frozen_flower] chain 93/200 start: ['push_blue_block_right', 'move_slider_left', 'lift_blue_block_table', 'place_in_slider', 'turn_off_led']
    [frozen_flower] chain 93/200 instructions: ['go push the blue block right', 'push the sliding door to the left side', 'grasp and lift the blue block', 'store the grasped block in the sliding cabinet', 'press the button to turn off the led light']
    [frozen_flower] chain 93/200 task 1/5 start: push_blue_block_right | instruction: go push the blue block right
    [frozen_flower] chain 93/200 task 1/5 step 1/360: running policy
    [frozen_flower] chain 93/200 task 1/5 step 1/360: policy 0.30s, stepping env
    [frozen_flower] chain 93/200 task 1/5 step 25/360: running policy
    [frozen_flower] chain 93/200 task 1/5 step 25/360: policy 0.01s, stepping env
    [frozen_flower] chain 93/200 task 1/5 step 50/360: running policy
    [frozen_flower] chain 93/200 task 1/5 step 50/360: policy 0.00s, stepping env
    [frozen_flower] chain 93/200 task 1/5 step 75/360: running policy
    [frozen_flower] chain 93/200 task 1/5 step 75/360: policy 0.00s, stepping env
    [frozen_flower] chain 93/200 task 1/5 step 100/360: running policy
    [frozen_flower] chain 93/200 task 1/5 step 100/360: policy 0.00s, stepping env
    [frozen_flower] chain 93/200 task 1/5 step 125/360: running policy
    [frozen_flower] chain 93/200 task 1/5 step 125/360: policy 0.00s, stepping env
    [frozen_flower] chain 93/200 task 1/5 step 150/360: running policy
    [frozen_flower] chain 93/200 task 1/5 step 150/360: policy 0.00s, stepping env
    [frozen_flower] chain 93/200 task 1/5 step 175/360: running policy
    [frozen_flower] chain 93/200 task 1/5 step 175/360: policy 0.01s, stepping env
    [frozen_flower] chain 93/200 task 1/5 step 200/360: running policy
    [frozen_flower] chain 93/200 task 1/5 step 200/360: policy 0.00s, stepping env
    [frozen_flower] chain 93/200 task 1/5 success at step 215
    [frozen_flower] chain 93/200 task 1/5 success: 215 steps, 9.2s
    [frozen_flower] chain 93/200 task 2/5 start: move_slider_left | instruction: push the sliding door to the left side
    [frozen_flower] chain 93/200 task 2/5 step 1/360: running policy
    [frozen_flower] chain 93/200 task 2/5 step 1/360: policy 0.26s, stepping env
    [frozen_flower] chain 93/200 task 2/5 step 25/360: running policy
    [frozen_flower] chain 93/200 task 2/5 step 25/360: policy 0.00s, stepping env
    [frozen_flower] chain 93/200 task 2/5 step 50/360: running policy
    [frozen_flower] chain 93/200 task 2/5 step 50/360: policy 0.00s, stepping env
    [frozen_flower] chain 93/200 task 2/5 step 75/360: running policy
    [frozen_flower] chain 93/200 task 2/5 step 75/360: policy 0.00s, stepping env
    [frozen_flower] chain 93/200 task 2/5 step 100/360: running policy
    [frozen_flower] chain 93/200 task 2/5 step 100/360: policy 0.00s, stepping env
    [frozen_flower] chain 93/200 task 2/5 success at step 121
    [frozen_flower] chain 93/200 task 2/5 success: 121 steps, 5.3s
    [frozen_flower] chain 93/200 task 3/5 start: lift_blue_block_table | instruction: grasp and lift the blue block
    [frozen_flower] chain 93/200 task 3/5 step 1/360: running policy
    [frozen_flower] chain 93/200 task 3/5 step 1/360: policy 0.27s, stepping env
    [frozen_flower] chain 93/200 task 3/5 step 25/360: running policy
    [frozen_flower] chain 93/200 task 3/5 step 25/360: policy 0.00s, stepping env
    [frozen_flower] chain 93/200 task 3/5 step 50/360: running policy
    [frozen_flower] chain 93/200 task 3/5 step 50/360: policy 0.00s, stepping env
    [frozen_flower] chain 93/200 task 3/5 success at step 74
    [frozen_flower] chain 93/200 task 3/5 success: 74 steps, 3.4s
    [frozen_flower] chain 93/200 task 4/5 start: place_in_slider | instruction: store the grasped block in the sliding cabinet
    [frozen_flower] chain 93/200 task 4/5 step 1/360: running policy
    [frozen_flower] chain 93/200 task 4/5 step 1/360: policy 0.27s, stepping env
    [frozen_flower] chain 93/200 task 4/5 step 25/360: running policy
    [frozen_flower] chain 93/200 task 4/5 step 25/360: policy 0.00s, stepping env
    [frozen_flower] chain 93/200 task 4/5 step 50/360: running policy
    [frozen_flower] chain 93/200 task 4/5 step 50/360: policy 0.01s, stepping env
    [frozen_flower] chain 93/200 task 4/5 step 75/360: running policy
    [frozen_flower] chain 93/200 task 4/5 step 75/360: policy 0.01s, stepping env
    [frozen_flower] chain 93/200 task 4/5 step 100/360: running policy
    [frozen_flower] chain 93/200 task 4/5 step 100/360: policy 0.01s, stepping env
    [frozen_flower] chain 93/200 task 4/5 step 125/360: running policy
    [frozen_flower] chain 93/200 task 4/5 step 125/360: policy 0.01s, stepping env
    [frozen_flower] chain 93/200 task 4/5 step 150/360: running policy
    [frozen_flower] chain 93/200 task 4/5 step 150/360: policy 0.01s, stepping env
    [frozen_flower] chain 93/200 task 4/5 step 175/360: running policy
    [frozen_flower] chain 93/200 task 4/5 step 175/360: policy 0.00s, stepping env
    [frozen_flower] chain 93/200 task 4/5 step 200/360: running policy
    [frozen_flower] chain 93/200 task 4/5 step 200/360: policy 0.00s, stepping env
    [frozen_flower] chain 93/200 task 4/5 step 225/360: running policy
    [frozen_flower] chain 93/200 task 4/5 step 225/360: policy 0.01s, stepping env
    [frozen_flower] chain 93/200 task 4/5 step 250/360: running policy
    [frozen_flower] chain 93/200 task 4/5 step 250/360: policy 0.01s, stepping env
    [frozen_flower] chain 93/200 task 4/5 step 275/360: running policy
    [frozen_flower] chain 93/200 task 4/5 step 275/360: policy 0.01s, stepping env
    [frozen_flower] chain 93/200 task 4/5 step 300/360: running policy
    [frozen_flower] chain 93/200 task 4/5 step 300/360: policy 0.01s, stepping env
    [frozen_flower] chain 93/200 task 4/5 step 325/360: running policy
    [frozen_flower] chain 93/200 task 4/5 step 325/360: policy 0.01s, stepping env
    [frozen_flower] chain 93/200 task 4/5 step 350/360: running policy
    [frozen_flower] chain 93/200 task 4/5 step 350/360: policy 0.01s, stepping env
    [frozen_flower] chain 93/200 task 4/5 failed: 360 steps, 16.9s
    [frozen_flower] chain 94/200 start: ['rotate_pink_block_left', 'move_slider_right', 'turn_on_led', 'open_drawer', 'push_into_drawer']
    [frozen_flower] chain 94/200 instructions: ['take the pink block and rotate it to the left', 'push the sliding door to the right side', 'press the button to turn on the led light', 'pull the handle to open the drawer', 'slide the block that it falls into the drawer']
    [frozen_flower] chain 94/200 task 1/5 start: rotate_pink_block_left | instruction: take the pink block and rotate it to the left
    [frozen_flower] chain 94/200 task 1/5 step 1/360: running policy
    [frozen_flower] chain 94/200 task 1/5 step 1/360: policy 0.28s, stepping env
    [frozen_flower] chain 94/200 task 1/5 step 25/360: running policy
    [frozen_flower] chain 94/200 task 1/5 step 25/360: policy 0.01s, stepping env
    [frozen_flower] chain 94/200 task 1/5 step 50/360: running policy
    [frozen_flower] chain 94/200 task 1/5 step 50/360: policy 0.01s, stepping env
    [frozen_flower] chain 94/200 task 1/5 success at step 71
    [frozen_flower] chain 94/200 task 1/5 success: 71 steps, 3.5s
    [frozen_flower] chain 94/200 task 2/5 start: move_slider_right | instruction: push the sliding door to the right side
    [frozen_flower] chain 94/200 task 2/5 step 1/360: running policy
    [frozen_flower] chain 94/200 task 2/5 step 1/360: policy 0.28s, stepping env
    [frozen_flower] chain 94/200 task 2/5 step 25/360: running policy
    [frozen_flower] chain 94/200 task 2/5 step 25/360: policy 0.01s, stepping env
    [frozen_flower] chain 94/200 task 2/5 step 50/360: running policy
    [frozen_flower] chain 94/200 task 2/5 step 50/360: policy 0.01s, stepping env
    [frozen_flower] chain 94/200 task 2/5 success at step 67
    [frozen_flower] chain 94/200 task 2/5 success: 67 steps, 3.3s
    [frozen_flower] chain 94/200 task 3/5 start: turn_on_led | instruction: press the button to turn on the led light
    [frozen_flower] chain 94/200 task 3/5 step 1/360: running policy
    [frozen_flower] chain 94/200 task 3/5 step 1/360: policy 0.29s, stepping env
    [frozen_flower] chain 94/200 task 3/5 step 25/360: running policy
    [frozen_flower] chain 94/200 task 3/5 step 25/360: policy 0.01s, stepping env
    [frozen_flower] chain 94/200 task 3/5 success at step 46
    [frozen_flower] chain 94/200 task 3/5 success: 46 steps, 2.3s
    [frozen_flower] chain 94/200 task 4/5 start: open_drawer | instruction: pull the handle to open the drawer
    [frozen_flower] chain 94/200 task 4/5 step 1/360: running policy
    [frozen_flower] chain 94/200 task 4/5 step 1/360: policy 0.27s, stepping env
    [frozen_flower] chain 94/200 task 4/5 step 25/360: running policy
    [frozen_flower] chain 94/200 task 4/5 step 25/360: policy 0.01s, stepping env
    [frozen_flower] chain 94/200 task 4/5 step 50/360: running policy
    [frozen_flower] chain 94/200 task 4/5 step 50/360: policy 0.01s, stepping env
    [frozen_flower] chain 94/200 task 4/5 success at step 69
    [frozen_flower] chain 94/200 task 4/5 success: 69 steps, 3.2s
    [frozen_flower] chain 94/200 task 5/5 start: push_into_drawer | instruction: slide the block that it falls into the drawer
    [frozen_flower] chain 94/200 task 5/5 step 1/360: running policy
    [frozen_flower] chain 94/200 task 5/5 step 1/360: policy 0.27s, stepping env
    [frozen_flower] chain 94/200 task 5/5 step 25/360: running policy
    [frozen_flower] chain 94/200 task 5/5 step 25/360: policy 0.01s, stepping env
    [frozen_flower] chain 94/200 task 5/5 step 50/360: running policy
    [frozen_flower] chain 94/200 task 5/5 step 50/360: policy 0.01s, stepping env
    [frozen_flower] chain 94/200 task 5/5 step 75/360: running policy
    [frozen_flower] chain 94/200 task 5/5 step 75/360: policy 0.01s, stepping env
    [frozen_flower] chain 94/200 task 5/5 success at step 84
    [frozen_flower] chain 94/200 task 5/5 success: 84 steps, 3.9s
    [frozen_flower] chain 95/200 start: ['push_blue_block_right', 'move_slider_left', 'lift_blue_block_table', 'place_in_slider', 'close_drawer']
    [frozen_flower] chain 95/200 instructions: ['go push the blue block right', 'push the sliding door to the left side', 'grasp and lift the blue block', 'store the grasped block in the sliding cabinet', 'push the handle to close the drawer']
    [frozen_flower] chain 95/200 task 1/5 start: push_blue_block_right | instruction: go push the blue block right
    [frozen_flower] chain 95/200 task 1/5 step 1/360: running policy
    [frozen_flower] chain 95/200 task 1/5 step 1/360: policy 0.27s, stepping env
    [frozen_flower] chain 95/200 task 1/5 step 25/360: running policy
    [frozen_flower] chain 95/200 task 1/5 step 25/360: policy 0.01s, stepping env
    [frozen_flower] chain 95/200 task 1/5 step 50/360: running policy
    [frozen_flower] chain 95/200 task 1/5 step 50/360: policy 0.01s, stepping env
    [frozen_flower] chain 95/200 task 1/5 step 75/360: running policy
    [frozen_flower] chain 95/200 task 1/5 step 75/360: policy 0.01s, stepping env
    [frozen_flower] chain 95/200 task 1/5 step 100/360: running policy
    [frozen_flower] chain 95/200 task 1/5 step 100/360: policy 0.01s, stepping env
    [frozen_flower] chain 95/200 task 1/5 step 125/360: running policy
    [frozen_flower] chain 95/200 task 1/5 step 125/360: policy 0.01s, stepping env
    [frozen_flower] chain 95/200 task 1/5 step 150/360: running policy
    [frozen_flower] chain 95/200 task 1/5 step 150/360: policy 0.01s, stepping env
    [frozen_flower] chain 95/200 task 1/5 step 175/360: running policy
    [frozen_flower] chain 95/200 task 1/5 step 175/360: policy 0.01s, stepping env
    [frozen_flower] chain 95/200 task 1/5 step 200/360: running policy
    [frozen_flower] chain 95/200 task 1/5 step 200/360: policy 0.01s, stepping env
    [frozen_flower] chain 95/200 task 1/5 step 225/360: running policy
    [frozen_flower] chain 95/200 task 1/5 step 225/360: policy 0.01s, stepping env
    [frozen_flower] chain 95/200 task 1/5 step 250/360: running policy
    [frozen_flower] chain 95/200 task 1/5 step 250/360: policy 0.01s, stepping env
    [frozen_flower] chain 95/200 task 1/5 step 275/360: running policy
    [frozen_flower] chain 95/200 task 1/5 step 275/360: policy 0.01s, stepping env
    [frozen_flower] chain 95/200 task 1/5 step 300/360: running policy
    [frozen_flower] chain 95/200 task 1/5 step 300/360: policy 0.01s, stepping env
    [frozen_flower] chain 95/200 task 1/5 step 325/360: running policy
    [frozen_flower] chain 95/200 task 1/5 step 325/360: policy 0.01s, stepping env
    [frozen_flower] chain 95/200 task 1/5 step 350/360: running policy
    [frozen_flower] chain 95/200 task 1/5 step 350/360: policy 0.01s, stepping env
    [frozen_flower] chain 95/200 task 1/5 failed: 360 steps, 17.3s
    [frozen_flower] chain 96/200 start: ['turn_on_lightbulb', 'rotate_pink_block_left', 'move_slider_left', 'lift_red_block_table', 'place_in_slider']
    [frozen_flower] chain 96/200 instructions: ['use the switch to turn on the light bulb', 'take the pink block and rotate it to the left', 'push the sliding door to the left side', 'grasp and lift the red block', 'store the grasped block in the sliding cabinet']
    [frozen_flower] chain 96/200 task 1/5 start: turn_on_lightbulb | instruction: use the switch to turn on the light bulb
    [frozen_flower] chain 96/200 task 1/5 step 1/360: running policy
    [frozen_flower] chain 96/200 task 1/5 step 1/360: policy 0.30s, stepping env
    [frozen_flower] chain 96/200 task 1/5 step 25/360: running policy
    [frozen_flower] chain 96/200 task 1/5 step 25/360: policy 0.01s, stepping env
    [frozen_flower] chain 96/200 task 1/5 success at step 49
    [frozen_flower] chain 96/200 task 1/5 success: 49 steps, 2.5s
    [frozen_flower] chain 96/200 task 2/5 start: rotate_pink_block_left | instruction: take the pink block and rotate it to the left
    [frozen_flower] chain 96/200 task 2/5 step 1/360: running policy
    [frozen_flower] chain 96/200 task 2/5 step 1/360: policy 0.28s, stepping env
    [frozen_flower] chain 96/200 task 2/5 step 25/360: running policy
    [frozen_flower] chain 96/200 task 2/5 step 25/360: policy 0.01s, stepping env
    [frozen_flower] chain 96/200 task 2/5 step 50/360: running policy
    [frozen_flower] chain 96/200 task 2/5 step 50/360: policy 0.01s, stepping env
    [frozen_flower] chain 96/200 task 2/5 step 75/360: running policy
    [frozen_flower] chain 96/200 task 2/5 step 75/360: policy 0.01s, stepping env
    [frozen_flower] chain 96/200 task 2/5 success at step 76
    [frozen_flower] chain 96/200 task 2/5 success: 76 steps, 4.1s
    [frozen_flower] chain 96/200 task 3/5 start: move_slider_left | instruction: push the sliding door to the left side
    [frozen_flower] chain 96/200 task 3/5 step 1/360: running policy
    [frozen_flower] chain 96/200 task 3/5 step 1/360: policy 0.28s, stepping env
    [frozen_flower] chain 96/200 task 3/5 step 25/360: running policy
    [frozen_flower] chain 96/200 task 3/5 step 25/360: policy 0.01s, stepping env
    [frozen_flower] chain 96/200 task 3/5 step 50/360: running policy
    [frozen_flower] chain 96/200 task 3/5 step 50/360: policy 0.01s, stepping env
    [frozen_flower] chain 96/200 task 3/5 success at step 67
    [frozen_flower] chain 96/200 task 3/5 success: 67 steps, 3.5s
    [frozen_flower] chain 96/200 task 4/5 start: lift_red_block_table | instruction: grasp and lift the red block
    [frozen_flower] chain 96/200 task 4/5 step 1/360: running policy
    [frozen_flower] chain 96/200 task 4/5 step 1/360: policy 0.31s, stepping env
    [frozen_flower] chain 96/200 task 4/5 step 25/360: running policy
    [frozen_flower] chain 96/200 task 4/5 step 25/360: policy 0.01s, stepping env
    [frozen_flower] chain 96/200 task 4/5 step 50/360: running policy
    [frozen_flower] chain 96/200 task 4/5 step 50/360: policy 0.01s, stepping env
    [frozen_flower] chain 96/200 task 4/5 success at step 56
    [frozen_flower] chain 96/200 task 4/5 success: 56 steps, 3.1s
    [frozen_flower] chain 96/200 task 5/5 start: place_in_slider | instruction: store the grasped block in the sliding cabinet
    [frozen_flower] chain 96/200 task 5/5 step 1/360: running policy
    [frozen_flower] chain 96/200 task 5/5 step 1/360: policy 0.31s, stepping env
    [frozen_flower] chain 96/200 task 5/5 step 25/360: running policy
    [frozen_flower] chain 96/200 task 5/5 step 25/360: policy 0.01s, stepping env
    [frozen_flower] chain 96/200 task 5/5 success at step 34
    [frozen_flower] chain 96/200 task 5/5 success: 34 steps, 2.0s
    [frozen_flower] chain 97/200 start: ['rotate_pink_block_right', 'move_slider_right', 'turn_off_lightbulb', 'close_drawer', 'lift_blue_block_table']
    [frozen_flower] chain 97/200 instructions: ['take the pink block and rotate it to the right', 'push the sliding door to the right side', 'use the switch to turn off the light bulb', 'push the handle to close the drawer', 'grasp and lift the blue block']
    [frozen_flower] chain 97/200 task 1/5 start: rotate_pink_block_right | instruction: take the pink block and rotate it to the right
    [frozen_flower] chain 97/200 task 1/5 step 1/360: running policy
    [frozen_flower] chain 97/200 task 1/5 step 1/360: policy 0.29s, stepping env
    [frozen_flower] chain 97/200 task 1/5 step 25/360: running policy
    [frozen_flower] chain 97/200 task 1/5 step 25/360: policy 0.01s, stepping env
    [frozen_flower] chain 97/200 task 1/5 step 50/360: running policy
    [frozen_flower] chain 97/200 task 1/5 step 50/360: policy 0.01s, stepping env
    [frozen_flower] chain 97/200 task 1/5 success at step 67
    [frozen_flower] chain 97/200 task 1/5 success: 67 steps, 3.3s
    [frozen_flower] chain 97/200 task 2/5 start: move_slider_right | instruction: push the sliding door to the right side
    [frozen_flower] chain 97/200 task 2/5 step 1/360: running policy
    [frozen_flower] chain 97/200 task 2/5 step 1/360: policy 0.28s, stepping env
    [frozen_flower] chain 97/200 task 2/5 step 25/360: running policy
    [frozen_flower] chain 97/200 task 2/5 step 25/360: policy 0.01s, stepping env
    [frozen_flower] chain 97/200 task 2/5 step 50/360: running policy
    [frozen_flower] chain 97/200 task 2/5 step 50/360: policy 0.01s, stepping env
    [frozen_flower] chain 97/200 task 2/5 success at step 70
    [frozen_flower] chain 97/200 task 2/5 success: 70 steps, 3.5s
    [frozen_flower] chain 97/200 task 3/5 start: turn_off_lightbulb | instruction: use the switch to turn off the light bulb
    [frozen_flower] chain 97/200 task 3/5 step 1/360: running policy
    [frozen_flower] chain 97/200 task 3/5 step 1/360: policy 0.27s, stepping env
    [frozen_flower] chain 97/200 task 3/5 step 25/360: running policy
    [frozen_flower] chain 97/200 task 3/5 step 25/360: policy 0.00s, stepping env
    [frozen_flower] chain 97/200 task 3/5 step 50/360: running policy
    [frozen_flower] chain 97/200 task 3/5 step 50/360: policy 0.01s, stepping env
    [frozen_flower] chain 97/200 task 3/5 success at step 64
    [frozen_flower] chain 97/200 task 3/5 success: 64 steps, 2.9s
    [frozen_flower] chain 97/200 task 4/5 start: close_drawer | instruction: push the handle to close the drawer
    [frozen_flower] chain 97/200 task 4/5 step 1/360: running policy
    [frozen_flower] chain 97/200 task 4/5 step 1/360: policy 0.26s, stepping env
    [frozen_flower] chain 97/200 task 4/5 step 25/360: running policy
    [frozen_flower] chain 97/200 task 4/5 step 25/360: policy 0.01s, stepping env
    [frozen_flower] chain 97/200 task 4/5 step 50/360: running policy
    [frozen_flower] chain 97/200 task 4/5 step 50/360: policy 0.00s, stepping env
    [frozen_flower] chain 97/200 task 4/5 step 75/360: running policy
    [frozen_flower] chain 97/200 task 4/5 step 75/360: policy 0.00s, stepping env
    [frozen_flower] chain 97/200 task 4/5 success at step 88
    [frozen_flower] chain 97/200 task 4/5 success: 88 steps, 3.8s
    [frozen_flower] chain 97/200 task 5/5 start: lift_blue_block_table | instruction: grasp and lift the blue block
    [frozen_flower] chain 97/200 task 5/5 step 1/360: running policy
    [frozen_flower] chain 97/200 task 5/5 step 1/360: policy 0.26s, stepping env
    [frozen_flower] chain 97/200 task 5/5 step 25/360: running policy
    [frozen_flower] chain 97/200 task 5/5 step 25/360: policy 0.01s, stepping env
    [frozen_flower] chain 97/200 task 5/5 step 50/360: running policy
    [frozen_flower] chain 97/200 task 5/5 step 50/360: policy 0.00s, stepping env
    [frozen_flower] chain 97/200 task 5/5 step 75/360: running policy
    [frozen_flower] chain 97/200 task 5/5 step 75/360: policy 0.00s, stepping env
    [frozen_flower] chain 97/200 task 5/5 success at step 88
    [frozen_flower] chain 97/200 task 5/5 success: 88 steps, 3.7s
    [frozen_flower] chain 98/200 start: ['lift_pink_block_table', 'place_in_slider', 'turn_off_lightbulb', 'push_red_block_left', 'open_drawer']
    [frozen_flower] chain 98/200 instructions: ['grasp and lift the pink block', 'store the grasped block in the sliding cabinet', 'use the switch to turn off the light bulb', 'go push the red block left', 'pull the handle to open the drawer']
    [frozen_flower] chain 98/200 task 1/5 start: lift_pink_block_table | instruction: grasp and lift the pink block
    [frozen_flower] chain 98/200 task 1/5 step 1/360: running policy
    [frozen_flower] chain 98/200 task 1/5 step 1/360: policy 0.26s, stepping env
    [frozen_flower] chain 98/200 task 1/5 step 25/360: running policy
    [frozen_flower] chain 98/200 task 1/5 step 25/360: policy 0.00s, stepping env
    [frozen_flower] chain 98/200 task 1/5 success at step 41
    [frozen_flower] chain 98/200 task 1/5 success: 41 steps, 2.0s
    [frozen_flower] chain 98/200 task 2/5 start: place_in_slider | instruction: store the grasped block in the sliding cabinet
    [frozen_flower] chain 98/200 task 2/5 step 1/360: running policy
    [frozen_flower] chain 98/200 task 2/5 step 1/360: policy 0.27s, stepping env
    [frozen_flower] chain 98/200 task 2/5 step 25/360: running policy
    [frozen_flower] chain 98/200 task 2/5 step 25/360: policy 0.00s, stepping env
    [frozen_flower] chain 98/200 task 2/5 success at step 38
    [frozen_flower] chain 98/200 task 2/5 success: 38 steps, 1.7s
    [frozen_flower] chain 98/200 task 3/5 start: turn_off_lightbulb | instruction: use the switch to turn off the light bulb
    [frozen_flower] chain 98/200 task 3/5 step 1/360: running policy
    [frozen_flower] chain 98/200 task 3/5 step 1/360: policy 0.27s, stepping env
    [frozen_flower] chain 98/200 task 3/5 step 25/360: running policy
    [frozen_flower] chain 98/200 task 3/5 step 25/360: policy 0.01s, stepping env
    [frozen_flower] chain 98/200 task 3/5 step 50/360: running policy
    [frozen_flower] chain 98/200 task 3/5 step 50/360: policy 0.00s, stepping env
    [frozen_flower] chain 98/200 task 3/5 success at step 74
    [frozen_flower] chain 98/200 task 3/5 success: 74 steps, 3.4s
    [frozen_flower] chain 98/200 task 4/5 start: push_red_block_left | instruction: go push the red block left
    [frozen_flower] chain 98/200 task 4/5 step 1/360: running policy
    [frozen_flower] chain 98/200 task 4/5 step 1/360: policy 0.27s, stepping env
    [frozen_flower] chain 98/200 task 4/5 step 25/360: running policy
    [frozen_flower] chain 98/200 task 4/5 step 25/360: policy 0.00s, stepping env
    [frozen_flower] chain 98/200 task 4/5 step 50/360: running policy
    [frozen_flower] chain 98/200 task 4/5 step 50/360: policy 0.01s, stepping env
    [frozen_flower] chain 98/200 task 4/5 success at step 71
    [frozen_flower] chain 98/200 task 4/5 success: 71 steps, 3.4s
    [frozen_flower] chain 98/200 task 5/5 start: open_drawer | instruction: pull the handle to open the drawer
    [frozen_flower] chain 98/200 task 5/5 step 1/360: running policy
    [frozen_flower] chain 98/200 task 5/5 step 1/360: policy 0.26s, stepping env
    [frozen_flower] chain 98/200 task 5/5 step 25/360: running policy
    [frozen_flower] chain 98/200 task 5/5 step 25/360: policy 0.01s, stepping env
    [frozen_flower] chain 98/200 task 5/5 step 50/360: running policy
    [frozen_flower] chain 98/200 task 5/5 step 50/360: policy 0.01s, stepping env
    [frozen_flower] chain 98/200 task 5/5 step 75/360: running policy
    [frozen_flower] chain 98/200 task 5/5 step 75/360: policy 0.01s, stepping env
    [frozen_flower] chain 98/200 task 5/5 success at step 79
    [frozen_flower] chain 98/200 task 5/5 success: 79 steps, 3.7s
    [frozen_flower] chain 99/200 start: ['push_blue_block_left', 'lift_red_block_slider', 'stack_block', 'turn_off_led', 'move_slider_right']
    [frozen_flower] chain 99/200 instructions: ['go push the blue block left', 'lift the red block from the sliding cabinet', 'stack the grasped block', 'press the button to turn off the led light', 'push the sliding door to the right side']
    [frozen_flower] chain 99/200 task 1/5 start: push_blue_block_left | instruction: go push the blue block left
    [frozen_flower] chain 99/200 task 1/5 step 1/360: running policy
    [frozen_flower] chain 99/200 task 1/5 step 1/360: policy 0.27s, stepping env
    [frozen_flower] chain 99/200 task 1/5 step 25/360: running policy
    [frozen_flower] chain 99/200 task 1/5 step 25/360: policy 0.01s, stepping env
    [frozen_flower] chain 99/200 task 1/5 step 50/360: running policy
    [frozen_flower] chain 99/200 task 1/5 step 50/360: policy 0.00s, stepping env
    [frozen_flower] chain 99/200 task 1/5 success at step 70
    [frozen_flower] chain 99/200 task 1/5 success: 70 steps, 3.1s
    [frozen_flower] chain 99/200 task 2/5 start: lift_red_block_slider | instruction: lift the red block from the sliding cabinet
    [frozen_flower] chain 99/200 task 2/5 step 1/360: running policy
    [frozen_flower] chain 99/200 task 2/5 step 1/360: policy 0.26s, stepping env
    [frozen_flower] chain 99/200 task 2/5 step 25/360: running policy
    [frozen_flower] chain 99/200 task 2/5 step 25/360: policy 0.00s, stepping env
    [frozen_flower] chain 99/200 task 2/5 success at step 49
    [frozen_flower] chain 99/200 task 2/5 success: 49 steps, 2.2s
    [frozen_flower] chain 99/200 task 3/5 start: stack_block | instruction: stack the grasped block
    [frozen_flower] chain 99/200 task 3/5 step 1/360: running policy
    [frozen_flower] chain 99/200 task 3/5 step 1/360: policy 0.26s, stepping env
    [frozen_flower] chain 99/200 task 3/5 step 25/360: running policy
    [frozen_flower] chain 99/200 task 3/5 step 25/360: policy 0.01s, stepping env
    [frozen_flower] chain 99/200 task 3/5 success at step 27
    [frozen_flower] chain 99/200 task 3/5 success: 27 steps, 1.2s
    [frozen_flower] chain 99/200 task 4/5 start: turn_off_led | instruction: press the button to turn off the led light
    [frozen_flower] chain 99/200 task 4/5 step 1/360: running policy
    [frozen_flower] chain 99/200 task 4/5 step 1/360: policy 0.26s, stepping env
    [frozen_flower] chain 99/200 task 4/5 step 25/360: running policy
    [frozen_flower] chain 99/200 task 4/5 step 25/360: policy 0.01s, stepping env
    [frozen_flower] chain 99/200 task 4/5 step 50/360: running policy
    [frozen_flower] chain 99/200 task 4/5 step 50/360: policy 0.00s, stepping env
    [frozen_flower] chain 99/200 task 4/5 success at step 63
    [frozen_flower] chain 99/200 task 4/5 success: 63 steps, 2.8s
    [frozen_flower] chain 99/200 task 5/5 start: move_slider_right | instruction: push the sliding door to the right side
    [frozen_flower] chain 99/200 task 5/5 step 1/360: running policy
    [frozen_flower] chain 99/200 task 5/5 step 1/360: policy 0.26s, stepping env
    [frozen_flower] chain 99/200 task 5/5 step 25/360: running policy
    [frozen_flower] chain 99/200 task 5/5 step 25/360: policy 0.01s, stepping env
    [frozen_flower] chain 99/200 task 5/5 step 50/360: running policy
    [frozen_flower] chain 99/200 task 5/5 step 50/360: policy 0.00s, stepping env
    [frozen_flower] chain 99/200 task 5/5 success at step 62
    [frozen_flower] chain 99/200 task 5/5 success: 62 steps, 3.0s
    [frozen_flower] chain 100/200 start: ['lift_pink_block_table', 'place_in_slider', 'push_red_block_left', 'turn_on_lightbulb', 'move_slider_left']
    [frozen_flower] chain 100/200 instructions: ['grasp and lift the pink block', 'store the grasped block in the sliding cabinet', 'go push the red block left', 'use the switch to turn on the light bulb', 'push the sliding door to the left side']
    [frozen_flower] chain 100/200 task 1/5 start: lift_pink_block_table | instruction: grasp and lift the pink block
    [frozen_flower] chain 100/200 task 1/5 step 1/360: running policy
    [frozen_flower] chain 100/200 task 1/5 step 1/360: policy 0.26s, stepping env
    [frozen_flower] chain 100/200 task 1/5 step 25/360: running policy
    [frozen_flower] chain 100/200 task 1/5 step 25/360: policy 0.01s, stepping env
    [frozen_flower] chain 100/200 task 1/5 step 50/360: running policy
    [frozen_flower] chain 100/200 task 1/5 step 50/360: policy 0.01s, stepping env
    [frozen_flower] chain 100/200 task 1/5 success at step 50
    [frozen_flower] chain 100/200 task 1/5 success: 50 steps, 2.1s
    [frozen_flower] chain 100/200 task 2/5 start: place_in_slider | instruction: store the grasped block in the sliding cabinet
    [frozen_flower] chain 100/200 task 2/5 step 1/360: running policy
    [frozen_flower] chain 100/200 task 2/5 step 1/360: policy 0.26s, stepping env
    [frozen_flower] chain 100/200 task 2/5 step 25/360: running policy
    [frozen_flower] chain 100/200 task 2/5 step 25/360: policy 0.01s, stepping env
    [frozen_flower] chain 100/200 task 2/5 step 50/360: running policy
    [frozen_flower] chain 100/200 task 2/5 step 50/360: policy 0.00s, stepping env
    [frozen_flower] chain 100/200 task 2/5 step 75/360: running policy
    [frozen_flower] chain 100/200 task 2/5 step 75/360: policy 0.01s, stepping env
    [frozen_flower] chain 100/200 task 2/5 step 100/360: running policy
    [frozen_flower] chain 100/200 task 2/5 step 100/360: policy 0.01s, stepping env
    [frozen_flower] chain 100/200 task 2/5 step 125/360: running policy
    [frozen_flower] chain 100/200 task 2/5 step 125/360: policy 0.01s, stepping env
    [frozen_flower] chain 100/200 task 2/5 step 150/360: running policy
    [frozen_flower] chain 100/200 task 2/5 step 150/360: policy 0.00s, stepping env
    [frozen_flower] chain 100/200 task 2/5 step 175/360: running policy
    [frozen_flower] chain 100/200 task 2/5 step 175/360: policy 0.01s, stepping env
    [frozen_flower] chain 100/200 task 2/5 step 200/360: running policy
    [frozen_flower] chain 100/200 task 2/5 step 200/360: policy 0.01s, stepping env
    [frozen_flower] chain 100/200 task 2/5 step 225/360: running policy
    [frozen_flower] chain 100/200 task 2/5 step 225/360: policy 0.01s, stepping env
    [frozen_flower] chain 100/200 task 2/5 step 250/360: running policy
    [frozen_flower] chain 100/200 task 2/5 step 250/360: policy 0.00s, stepping env
    [frozen_flower] chain 100/200 task 2/5 step 275/360: running policy
    [frozen_flower] chain 100/200 task 2/5 step 275/360: policy 0.00s, stepping env
    [frozen_flower] chain 100/200 task 2/5 step 300/360: running policy
    [frozen_flower] chain 100/200 task 2/5 step 300/360: policy 0.01s, stepping env
    [frozen_flower] chain 100/200 task 2/5 step 325/360: running policy
    [frozen_flower] chain 100/200 task 2/5 step 325/360: policy 0.01s, stepping env
    [frozen_flower] chain 100/200 task 2/5 step 350/360: running policy
    [frozen_flower] chain 100/200 task 2/5 step 350/360: policy 0.01s, stepping env
    [frozen_flower] chain 100/200 task 2/5 failed: 360 steps, 17.0s
    [frozen_flower] 100/200 chains, L1 success: 93.0%
    [frozen_flower] chain 101/200 start: ['push_pink_block_right', 'move_slider_left', 'turn_on_led', 'open_drawer', 'lift_pink_block_table']
    [frozen_flower] chain 101/200 instructions: ['go push the pink block right', 'push the sliding door to the left side', 'press the button to turn on the led light', 'pull the handle to open the drawer', 'grasp and lift the pink block']
    [frozen_flower] chain 101/200 task 1/5 start: push_pink_block_right | instruction: go push the pink block right
    [frozen_flower] chain 101/200 task 1/5 step 1/360: running policy
    [frozen_flower] chain 101/200 task 1/5 step 1/360: policy 0.28s, stepping env
    [frozen_flower] chain 101/200 task 1/5 step 25/360: running policy
    [frozen_flower] chain 101/200 task 1/5 step 25/360: policy 0.01s, stepping env
    [frozen_flower] chain 101/200 task 1/5 step 50/360: running policy
    [frozen_flower] chain 101/200 task 1/5 step 50/360: policy 0.01s, stepping env
    [frozen_flower] chain 101/200 task 1/5 step 75/360: running policy
    [frozen_flower] chain 101/200 task 1/5 step 75/360: policy 0.01s, stepping env
    [frozen_flower] chain 101/200 task 1/5 step 100/360: running policy
    [frozen_flower] chain 101/200 task 1/5 step 100/360: policy 0.01s, stepping env
    [frozen_flower] chain 101/200 task 1/5 step 125/360: running policy
    [frozen_flower] chain 101/200 task 1/5 step 125/360: policy 0.01s, stepping env
    [frozen_flower] chain 101/200 task 1/5 success at step 135
    [frozen_flower] chain 101/200 task 1/5 success: 135 steps, 6.6s
    [frozen_flower] chain 101/200 task 2/5 start: move_slider_left | instruction: push the sliding door to the left side
    [frozen_flower] chain 101/200 task 2/5 step 1/360: running policy
    [frozen_flower] chain 101/200 task 2/5 step 1/360: policy 0.29s, stepping env
    [frozen_flower] chain 101/200 task 2/5 step 25/360: running policy
    [frozen_flower] chain 101/200 task 2/5 step 25/360: policy 0.01s, stepping env
    [frozen_flower] chain 101/200 task 2/5 step 50/360: running policy
    [frozen_flower] chain 101/200 task 2/5 step 50/360: policy 0.01s, stepping env
    [frozen_flower] chain 101/200 task 2/5 step 75/360: running policy
    [frozen_flower] chain 101/200 task 2/5 step 75/360: policy 0.02s, stepping env
    [frozen_flower] chain 101/200 task 2/5 step 100/360: running policy
    [frozen_flower] chain 101/200 task 2/5 step 100/360: policy 0.01s, stepping env
    [frozen_flower] chain 101/200 task 2/5 step 125/360: running policy
    [frozen_flower] chain 101/200 task 2/5 step 125/360: policy 0.01s, stepping env
    [frozen_flower] chain 101/200 task 2/5 success at step 130
    [frozen_flower] chain 101/200 task 2/5 success: 130 steps, 6.6s
    [frozen_flower] chain 101/200 task 3/5 start: turn_on_led | instruction: press the button to turn on the led light
    [frozen_flower] chain 101/200 task 3/5 step 1/360: running policy
    [frozen_flower] chain 101/200 task 3/5 step 1/360: policy 0.29s, stepping env
    [frozen_flower] chain 101/200 task 3/5 step 25/360: running policy
    [frozen_flower] chain 101/200 task 3/5 step 25/360: policy 0.01s, stepping env
    [frozen_flower] chain 101/200 task 3/5 success at step 40
    [frozen_flower] chain 101/200 task 3/5 success: 40 steps, 2.0s
    [frozen_flower] chain 101/200 task 4/5 start: open_drawer | instruction: pull the handle to open the drawer
    [frozen_flower] chain 101/200 task 4/5 step 1/360: running policy
    [frozen_flower] chain 101/200 task 4/5 step 1/360: policy 0.29s, stepping env
    [frozen_flower] chain 101/200 task 4/5 step 25/360: running policy
    [frozen_flower] chain 101/200 task 4/5 step 25/360: policy 0.01s, stepping env
    [frozen_flower] chain 101/200 task 4/5 step 50/360: running policy
    [frozen_flower] chain 101/200 task 4/5 step 50/360: policy 0.00s, stepping env
    [frozen_flower] chain 101/200 task 4/5 success at step 71
    [frozen_flower] chain 101/200 task 4/5 success: 71 steps, 3.9s
    [frozen_flower] chain 101/200 task 5/5 start: lift_pink_block_table | instruction: grasp and lift the pink block
    [frozen_flower] chain 101/200 task 5/5 step 1/360: running policy
    [frozen_flower] chain 101/200 task 5/5 step 1/360: policy 0.31s, stepping env
    [frozen_flower] chain 101/200 task 5/5 step 25/360: running policy
    [frozen_flower] chain 101/200 task 5/5 step 25/360: policy 0.01s, stepping env
    [frozen_flower] chain 101/200 task 5/5 step 50/360: running policy
    [frozen_flower] chain 101/200 task 5/5 step 50/360: policy 0.01s, stepping env
    [frozen_flower] chain 101/200 task 5/5 step 75/360: running policy
    [frozen_flower] chain 101/200 task 5/5 step 75/360: policy 0.01s, stepping env
    [frozen_flower] chain 101/200 task 5/5 success at step 75
    [frozen_flower] chain 101/200 task 5/5 success: 75 steps, 4.1s
    [frozen_flower] chain 102/200 start: ['lift_red_block_table', 'place_in_drawer', 'close_drawer', 'move_slider_right', 'turn_off_led']
    [frozen_flower] chain 102/200 instructions: ['grasp and lift the red block', 'store the grasped block in the drawer', 'push the handle to close the drawer', 'push the sliding door to the right side', 'press the button to turn off the led light']
    [frozen_flower] chain 102/200 task 1/5 start: lift_red_block_table | instruction: grasp and lift the red block
    [frozen_flower] chain 102/200 task 1/5 step 1/360: running policy
    [frozen_flower] chain 102/200 task 1/5 step 1/360: policy 0.31s, stepping env
    [frozen_flower] chain 102/200 task 1/5 step 25/360: running policy
    [frozen_flower] chain 102/200 task 1/5 step 25/360: policy 0.01s, stepping env
    [frozen_flower] chain 102/200 task 1/5 success at step 43
    [frozen_flower] chain 102/200 task 1/5 success: 43 steps, 2.5s
    [frozen_flower] chain 102/200 task 2/5 start: place_in_drawer | instruction: store the grasped block in the drawer
    [frozen_flower] chain 102/200 task 2/5 step 1/360: running policy
    [frozen_flower] chain 102/200 task 2/5 step 1/360: policy 0.30s, stepping env
    [frozen_flower] chain 102/200 task 2/5 step 25/360: running policy
    [frozen_flower] chain 102/200 task 2/5 step 25/360: policy 0.01s, stepping env
    [frozen_flower] chain 102/200 task 2/5 success at step 31
    [frozen_flower] chain 102/200 task 2/5 success: 31 steps, 1.9s
    [frozen_flower] chain 102/200 task 3/5 start: close_drawer | instruction: push the handle to close the drawer
    [frozen_flower] chain 102/200 task 3/5 step 1/360: running policy
    [frozen_flower] chain 102/200 task 3/5 step 1/360: policy 0.31s, stepping env
    [frozen_flower] chain 102/200 task 3/5 step 25/360: running policy
    [frozen_flower] chain 102/200 task 3/5 step 25/360: policy 0.01s, stepping env
    [frozen_flower] chain 102/200 task 3/5 step 50/360: running policy
    [frozen_flower] chain 102/200 task 3/5 step 50/360: policy 0.01s, stepping env
    [frozen_flower] chain 102/200 task 3/5 success at step 50
    [frozen_flower] chain 102/200 task 3/5 success: 50 steps, 2.8s
    [frozen_flower] chain 102/200 task 4/5 start: move_slider_right | instruction: push the sliding door to the right side
    [frozen_flower] chain 102/200 task 4/5 step 1/360: running policy
    [frozen_flower] chain 102/200 task 4/5 step 1/360: policy 0.26s, stepping env
    [frozen_flower] chain 102/200 task 4/5 step 25/360: running policy
    [frozen_flower] chain 102/200 task 4/5 step 25/360: policy 0.00s, stepping env
    [frozen_flower] chain 102/200 task 4/5 step 50/360: running policy
    [frozen_flower] chain 102/200 task 4/5 step 50/360: policy 0.00s, stepping env
    [frozen_flower] chain 102/200 task 4/5 step 75/360: running policy
    [frozen_flower] chain 102/200 task 4/5 step 75/360: policy 0.01s, stepping env
    [frozen_flower] chain 102/200 task 4/5 success at step 82
    [frozen_flower] chain 102/200 task 4/5 success: 82 steps, 3.4s
    [frozen_flower] chain 102/200 task 5/5 start: turn_off_led | instruction: press the button to turn off the led light
    [frozen_flower] chain 102/200 task 5/5 step 1/360: running policy
    [frozen_flower] chain 102/200 task 5/5 step 1/360: policy 0.24s, stepping env
    [frozen_flower] chain 102/200 task 5/5 step 25/360: running policy
    [frozen_flower] chain 102/200 task 5/5 step 25/360: policy 0.01s, stepping env
    [frozen_flower] chain 102/200 task 5/5 step 50/360: running policy
    [frozen_flower] chain 102/200 task 5/5 step 50/360: policy 0.00s, stepping env
    [frozen_flower] chain 102/200 task 5/5 success at step 64
    [frozen_flower] chain 102/200 task 5/5 success: 64 steps, 2.8s
    [frozen_flower] chain 103/200 start: ['rotate_red_block_left', 'turn_on_led', 'lift_blue_block_slider', 'place_in_slider', 'open_drawer']
    [frozen_flower] chain 103/200 instructions: ['take the red block and rotate it to the left', 'press the button to turn on the led light', 'lift the blue block from the sliding cabinet', 'store the grasped block in the sliding cabinet', 'pull the handle to open the drawer']
    [frozen_flower] chain 103/200 task 1/5 start: rotate_red_block_left | instruction: take the red block and rotate it to the left
    [frozen_flower] chain 103/200 task 1/5 step 1/360: running policy
    [frozen_flower] chain 103/200 task 1/5 step 1/360: policy 0.26s, stepping env
    [frozen_flower] chain 103/200 task 1/5 step 25/360: running policy
    [frozen_flower] chain 103/200 task 1/5 step 25/360: policy 0.00s, stepping env
    [frozen_flower] chain 103/200 task 1/5 step 50/360: running policy
    [frozen_flower] chain 103/200 task 1/5 step 50/360: policy 0.00s, stepping env
    [frozen_flower] chain 103/200 task 1/5 success at step 73
    [frozen_flower] chain 103/200 task 1/5 success: 73 steps, 3.4s
    [frozen_flower] chain 103/200 task 2/5 start: turn_on_led | instruction: press the button to turn on the led light
    [frozen_flower] chain 103/200 task 2/5 step 1/360: running policy
    [frozen_flower] chain 103/200 task 2/5 step 1/360: policy 0.26s, stepping env
    [frozen_flower] chain 103/200 task 2/5 step 25/360: running policy
    [frozen_flower] chain 103/200 task 2/5 step 25/360: policy 0.01s, stepping env
    [frozen_flower] chain 103/200 task 2/5 success at step 41
    [frozen_flower] chain 103/200 task 2/5 success: 41 steps, 2.0s
    [frozen_flower] chain 103/200 task 3/5 start: lift_blue_block_slider | instruction: lift the blue block from the sliding cabinet
    [frozen_flower] chain 103/200 task 3/5 step 1/360: running policy
    [frozen_flower] chain 103/200 task 3/5 step 1/360: policy 0.26s, stepping env
    [frozen_flower] chain 103/200 task 3/5 step 25/360: running policy
    [frozen_flower] chain 103/200 task 3/5 step 25/360: policy 0.00s, stepping env
    [frozen_flower] chain 103/200 task 3/5 step 50/360: running policy
    [frozen_flower] chain 103/200 task 3/5 step 50/360: policy 0.01s, stepping env
    [frozen_flower] chain 103/200 task 3/5 step 75/360: running policy
    [frozen_flower] chain 103/200 task 3/5 step 75/360: policy 0.01s, stepping env
    [frozen_flower] chain 103/200 task 3/5 step 100/360: running policy
    [frozen_flower] chain 103/200 task 3/5 step 100/360: policy 0.00s, stepping env
    [frozen_flower] chain 103/200 task 3/5 success at step 110
    [frozen_flower] chain 103/200 task 3/5 success: 110 steps, 4.7s
    [frozen_flower] chain 103/200 task 4/5 start: place_in_slider | instruction: store the grasped block in the sliding cabinet
    [frozen_flower] chain 103/200 task 4/5 step 1/360: running policy
    [frozen_flower] chain 103/200 task 4/5 step 1/360: policy 0.25s, stepping env
    [frozen_flower] chain 103/200 task 4/5 success at step 14
    [frozen_flower] chain 103/200 task 4/5 success: 14 steps, 0.7s
    [frozen_flower] chain 103/200 task 5/5 start: open_drawer | instruction: pull the handle to open the drawer
    [frozen_flower] chain 103/200 task 5/5 step 1/360: running policy
    [frozen_flower] chain 103/200 task 5/5 step 1/360: policy 0.25s, stepping env
    [frozen_flower] chain 103/200 task 5/5 step 25/360: running policy
    [frozen_flower] chain 103/200 task 5/5 step 25/360: policy 0.00s, stepping env
    [frozen_flower] chain 103/200 task 5/5 step 50/360: running policy
    [frozen_flower] chain 103/200 task 5/5 step 50/360: policy 0.00s, stepping env
    [frozen_flower] chain 103/200 task 5/5 step 75/360: running policy
    [frozen_flower] chain 103/200 task 5/5 step 75/360: policy 0.00s, stepping env
    [frozen_flower] chain 103/200 task 5/5 success at step 78
    [frozen_flower] chain 103/200 task 5/5 success: 78 steps, 3.3s
    [frozen_flower] chain 104/200 start: ['rotate_red_block_right', 'turn_off_lightbulb', 'push_into_drawer', 'lift_pink_block_slider', 'place_in_drawer']
    [frozen_flower] chain 104/200 instructions: ['take the red block and rotate it to the right', 'use the switch to turn off the light bulb', 'slide the block that it falls into the drawer', 'lift the pink block from the sliding cabinet', 'store the grasped block in the drawer']
    [frozen_flower] chain 104/200 task 1/5 start: rotate_red_block_right | instruction: take the red block and rotate it to the right
    [frozen_flower] chain 104/200 task 1/5 step 1/360: running policy
    [frozen_flower] chain 104/200 task 1/5 step 1/360: policy 0.26s, stepping env
    [frozen_flower] chain 104/200 task 1/5 step 25/360: running policy
    [frozen_flower] chain 104/200 task 1/5 step 25/360: policy 0.00s, stepping env
    [frozen_flower] chain 104/200 task 1/5 step 50/360: running policy
    [frozen_flower] chain 104/200 task 1/5 step 50/360: policy 0.00s, stepping env
    [frozen_flower] chain 104/200 task 1/5 success at step 72
    [frozen_flower] chain 104/200 task 1/5 success: 72 steps, 3.4s
    [frozen_flower] chain 104/200 task 2/5 start: turn_off_lightbulb | instruction: use the switch to turn off the light bulb
    [frozen_flower] chain 104/200 task 2/5 step 1/360: running policy
    [frozen_flower] chain 104/200 task 2/5 step 1/360: policy 0.27s, stepping env
    [frozen_flower] chain 104/200 task 2/5 step 25/360: running policy
    [frozen_flower] chain 104/200 task 2/5 step 25/360: policy 0.00s, stepping env
    [frozen_flower] chain 104/200 task 2/5 step 50/360: running policy
    [frozen_flower] chain 104/200 task 2/5 step 50/360: policy 0.00s, stepping env
    [frozen_flower] chain 104/200 task 2/5 success at step 63
    [frozen_flower] chain 104/200 task 2/5 success: 63 steps, 3.0s
    [frozen_flower] chain 104/200 task 3/5 start: push_into_drawer | instruction: slide the block that it falls into the drawer
    [frozen_flower] chain 104/200 task 3/5 step 1/360: running policy
    [frozen_flower] chain 104/200 task 3/5 step 1/360: policy 0.28s, stepping env
    [frozen_flower] chain 104/200 task 3/5 step 25/360: running policy
    [frozen_flower] chain 104/200 task 3/5 step 25/360: policy 0.00s, stepping env
    [frozen_flower] chain 104/200 task 3/5 step 50/360: running policy
    [frozen_flower] chain 104/200 task 3/5 step 50/360: policy 0.00s, stepping env
    [frozen_flower] chain 104/200 task 3/5 success at step 60
    [frozen_flower] chain 104/200 task 3/5 success: 60 steps, 2.7s
    [frozen_flower] chain 104/200 task 4/5 start: lift_pink_block_slider | instruction: lift the pink block from the sliding cabinet
    [frozen_flower] chain 104/200 task 4/5 step 1/360: running policy
    [frozen_flower] chain 104/200 task 4/5 step 1/360: policy 0.27s, stepping env
    [frozen_flower] chain 104/200 task 4/5 step 25/360: running policy
    [frozen_flower] chain 104/200 task 4/5 step 25/360: policy 0.00s, stepping env
    [frozen_flower] chain 104/200 task 4/5 step 50/360: running policy
    [frozen_flower] chain 104/200 task 4/5 step 50/360: policy 0.01s, stepping env
    [frozen_flower] chain 104/200 task 4/5 success at step 60
    [frozen_flower] chain 104/200 task 4/5 success: 60 steps, 2.7s
    [frozen_flower] chain 104/200 task 5/5 start: place_in_drawer | instruction: store the grasped block in the drawer
    [frozen_flower] chain 104/200 task 5/5 step 1/360: running policy
    [frozen_flower] chain 104/200 task 5/5 step 1/360: policy 0.28s, stepping env
    [frozen_flower] chain 104/200 task 5/5 step 25/360: running policy
    [frozen_flower] chain 104/200 task 5/5 step 25/360: policy 0.01s, stepping env
    [frozen_flower] chain 104/200 task 5/5 success at step 44
    [frozen_flower] chain 104/200 task 5/5 success: 44 steps, 2.2s
    [frozen_flower] chain 105/200 start: ['rotate_red_block_left', 'lift_red_block_table', 'place_in_drawer', 'close_drawer', 'move_slider_right']
    [frozen_flower] chain 105/200 instructions: ['take the red block and rotate it to the left', 'grasp and lift the red block', 'store the grasped block in the drawer', 'push the handle to close the drawer', 'push the sliding door to the right side']
    [frozen_flower] chain 105/200 task 1/5 start: rotate_red_block_left | instruction: take the red block and rotate it to the left
    [frozen_flower] chain 105/200 task 1/5 step 1/360: running policy
    [frozen_flower] chain 105/200 task 1/5 step 1/360: policy 0.26s, stepping env
    [frozen_flower] chain 105/200 task 1/5 step 25/360: running policy
    [frozen_flower] chain 105/200 task 1/5 step 25/360: policy 0.01s, stepping env
    [frozen_flower] chain 105/200 task 1/5 step 50/360: running policy
    [frozen_flower] chain 105/200 task 1/5 step 50/360: policy 0.00s, stepping env
    [frozen_flower] chain 105/200 task 1/5 success at step 68
    [frozen_flower] chain 105/200 task 1/5 success: 68 steps, 3.2s
    [frozen_flower] chain 105/200 task 2/5 start: lift_red_block_table | instruction: grasp and lift the red block
    [frozen_flower] chain 105/200 task 2/5 step 1/360: running policy
    [frozen_flower] chain 105/200 task 2/5 step 1/360: policy 0.27s, stepping env
    [frozen_flower] chain 105/200 task 2/5 step 25/360: running policy
    [frozen_flower] chain 105/200 task 2/5 step 25/360: policy 0.01s, stepping env
    [frozen_flower] chain 105/200 task 2/5 step 50/360: running policy
    [frozen_flower] chain 105/200 task 2/5 step 50/360: policy 0.01s, stepping env
    [frozen_flower] chain 105/200 task 2/5 success at step 53
    [frozen_flower] chain 105/200 task 2/5 success: 53 steps, 2.6s
    [frozen_flower] chain 105/200 task 3/5 start: place_in_drawer | instruction: store the grasped block in the drawer
    [frozen_flower] chain 105/200 task 3/5 step 1/360: running policy
    [frozen_flower] chain 105/200 task 3/5 step 1/360: policy 0.28s, stepping env
    [frozen_flower] chain 105/200 task 3/5 step 25/360: running policy
    [frozen_flower] chain 105/200 task 3/5 step 25/360: policy 0.01s, stepping env
    [frozen_flower] chain 105/200 task 3/5 success at step 41
    [frozen_flower] chain 105/200 task 3/5 success: 41 steps, 2.2s
    [frozen_flower] chain 105/200 task 4/5 start: close_drawer | instruction: push the handle to close the drawer
    [frozen_flower] chain 105/200 task 4/5 step 1/360: running policy
    [frozen_flower] chain 105/200 task 4/5 step 1/360: policy 0.28s, stepping env
    [frozen_flower] chain 105/200 task 4/5 step 25/360: running policy
    [frozen_flower] chain 105/200 task 4/5 step 25/360: policy 0.00s, stepping env
    [frozen_flower] chain 105/200 task 4/5 step 50/360: running policy
    [frozen_flower] chain 105/200 task 4/5 step 50/360: policy 0.00s, stepping env
    [frozen_flower] chain 105/200 task 4/5 success at step 61
    [frozen_flower] chain 105/200 task 4/5 success: 61 steps, 3.1s
    [frozen_flower] chain 105/200 task 5/5 start: move_slider_right | instruction: push the sliding door to the right side
    [frozen_flower] chain 105/200 task 5/5 step 1/360: running policy
    [frozen_flower] chain 105/200 task 5/5 step 1/360: policy 0.29s, stepping env
    [frozen_flower] chain 105/200 task 5/5 step 25/360: running policy
    [frozen_flower] chain 105/200 task 5/5 step 25/360: policy 0.01s, stepping env
    [frozen_flower] chain 105/200 task 5/5 step 50/360: running policy
    [frozen_flower] chain 105/200 task 5/5 step 50/360: policy 0.00s, stepping env
    [frozen_flower] chain 105/200 task 5/5 step 75/360: running policy
    [frozen_flower] chain 105/200 task 5/5 step 75/360: policy 0.01s, stepping env
    [frozen_flower] chain 105/200 task 5/5 success at step 94
    [frozen_flower] chain 105/200 task 5/5 success: 94 steps, 4.6s
    [frozen_flower] chain 106/200 start: ['push_red_block_right', 'turn_on_led', 'lift_red_block_table', 'stack_block', 'move_slider_right']
    [frozen_flower] chain 106/200 instructions: ['go push the red block right', 'press the button to turn on the led light', 'grasp and lift the red block', 'stack the grasped block', 'push the sliding door to the right side']
    [frozen_flower] chain 106/200 task 1/5 start: push_red_block_right | instruction: go push the red block right
    [frozen_flower] chain 106/200 task 1/5 step 1/360: running policy
    [frozen_flower] chain 106/200 task 1/5 step 1/360: policy 0.29s, stepping env
    [frozen_flower] chain 106/200 task 1/5 step 25/360: running policy
    [frozen_flower] chain 106/200 task 1/5 step 25/360: policy 0.01s, stepping env
    [frozen_flower] chain 106/200 task 1/5 step 50/360: running policy
    [frozen_flower] chain 106/200 task 1/5 step 50/360: policy 0.01s, stepping env
    [frozen_flower] chain 106/200 task 1/5 step 75/360: running policy
    [frozen_flower] chain 106/200 task 1/5 step 75/360: policy 0.01s, stepping env
    [frozen_flower] chain 106/200 task 1/5 step 100/360: running policy
    [frozen_flower] chain 106/200 task 1/5 step 100/360: policy 0.00s, stepping env
    [frozen_flower] chain 106/200 task 1/5 step 125/360: running policy
    [frozen_flower] chain 106/200 task 1/5 step 125/360: policy 0.00s, stepping env
    [frozen_flower] chain 106/200 task 1/5 success at step 135
    [frozen_flower] chain 106/200 task 1/5 success: 135 steps, 6.1s
    [frozen_flower] chain 106/200 task 2/5 start: turn_on_led | instruction: press the button to turn on the led light
    [frozen_flower] chain 106/200 task 2/5 step 1/360: running policy
    [frozen_flower] chain 106/200 task 2/5 step 1/360: policy 0.30s, stepping env
    [frozen_flower] chain 106/200 task 2/5 step 25/360: running policy
    [frozen_flower] chain 106/200 task 2/5 step 25/360: policy 0.01s, stepping env
    [frozen_flower] chain 106/200 task 2/5 success at step 42
    [frozen_flower] chain 106/200 task 2/5 success: 42 steps, 2.2s
    [frozen_flower] chain 106/200 task 3/5 start: lift_red_block_table | instruction: grasp and lift the red block
    [frozen_flower] chain 106/200 task 3/5 step 1/360: running policy
    [frozen_flower] chain 106/200 task 3/5 step 1/360: policy 0.28s, stepping env
    [frozen_flower] chain 106/200 task 3/5 step 25/360: running policy
    [frozen_flower] chain 106/200 task 3/5 step 25/360: policy 0.01s, stepping env
    [frozen_flower] chain 106/200 task 3/5 step 50/360: running policy
    [frozen_flower] chain 106/200 task 3/5 step 50/360: policy 0.01s, stepping env
    [frozen_flower] chain 106/200 task 3/5 success at step 59
    [frozen_flower] chain 106/200 task 3/5 success: 59 steps, 2.8s
    [frozen_flower] chain 106/200 task 4/5 start: stack_block | instruction: stack the grasped block
    [frozen_flower] chain 106/200 task 4/5 step 1/360: running policy
    [frozen_flower] chain 106/200 task 4/5 step 1/360: policy 0.27s, stepping env
    [frozen_flower] chain 106/200 task 4/5 step 25/360: running policy
    [frozen_flower] chain 106/200 task 4/5 step 25/360: policy 0.00s, stepping env
    [frozen_flower] chain 106/200 task 4/5 success at step 27
    [frozen_flower] chain 106/200 task 4/5 success: 27 steps, 1.4s
    [frozen_flower] chain 106/200 task 5/5 start: move_slider_right | instruction: push the sliding door to the right side
    [frozen_flower] chain 106/200 task 5/5 step 1/360: running policy
    [frozen_flower] chain 106/200 task 5/5 step 1/360: policy 0.30s, stepping env
    [frozen_flower] chain 106/200 task 5/5 step 25/360: running policy
    [frozen_flower] chain 106/200 task 5/5 step 25/360: policy 0.01s, stepping env
    [frozen_flower] chain 106/200 task 5/5 step 50/360: running policy
    [frozen_flower] chain 106/200 task 5/5 step 50/360: policy 0.01s, stepping env
    [frozen_flower] chain 106/200 task 5/5 step 75/360: running policy
    [frozen_flower] chain 106/200 task 5/5 step 75/360: policy 0.01s, stepping env
    [frozen_flower] chain 106/200 task 5/5 success at step 82
    [frozen_flower] chain 106/200 task 5/5 success: 82 steps, 4.2s
    [frozen_flower] chain 107/200 start: ['push_red_block_left', 'lift_blue_block_slider', 'place_in_slider', 'move_slider_left', 'turn_on_led']
    [frozen_flower] chain 107/200 instructions: ['go push the red block left', 'lift the blue block from the sliding cabinet', 'store the grasped block in the sliding cabinet', 'push the sliding door to the left side', 'press the button to turn on the led light']
    [frozen_flower] chain 107/200 task 1/5 start: push_red_block_left | instruction: go push the red block left
    [frozen_flower] chain 107/200 task 1/5 step 1/360: running policy
    [frozen_flower] chain 107/200 task 1/5 step 1/360: policy 0.30s, stepping env
    [frozen_flower] chain 107/200 task 1/5 step 25/360: running policy
    [frozen_flower] chain 107/200 task 1/5 step 25/360: policy 0.01s, stepping env
    [frozen_flower] chain 107/200 task 1/5 step 50/360: running policy
    [frozen_flower] chain 107/200 task 1/5 step 50/360: policy 0.01s, stepping env
    [frozen_flower] chain 107/200 task 1/5 success at step 56
    [frozen_flower] chain 107/200 task 1/5 success: 56 steps, 2.9s
    [frozen_flower] chain 107/200 task 2/5 start: lift_blue_block_slider | instruction: lift the blue block from the sliding cabinet
    [frozen_flower] chain 107/200 task 2/5 step 1/360: running policy
    [frozen_flower] chain 107/200 task 2/5 step 1/360: policy 0.31s, stepping env
    [frozen_flower] chain 107/200 task 2/5 step 25/360: running policy
    [frozen_flower] chain 107/200 task 2/5 step 25/360: policy 0.01s, stepping env
    [frozen_flower] chain 107/200 task 2/5 step 50/360: running policy
    [frozen_flower] chain 107/200 task 2/5 step 50/360: policy 0.01s, stepping env
    [frozen_flower] chain 107/200 task 2/5 success at step 70
    [frozen_flower] chain 107/200 task 2/5 success: 70 steps, 3.5s
    [frozen_flower] chain 107/200 task 3/5 start: place_in_slider | instruction: store the grasped block in the sliding cabinet
    [frozen_flower] chain 107/200 task 3/5 step 1/360: running policy
    [frozen_flower] chain 107/200 task 3/5 step 1/360: policy 0.27s, stepping env
    [frozen_flower] chain 107/200 task 3/5 success at step 10
    [frozen_flower] chain 107/200 task 3/5 success: 10 steps, 0.5s
    [frozen_flower] chain 107/200 task 4/5 start: move_slider_left | instruction: push the sliding door to the left side
    [frozen_flower] chain 107/200 task 4/5 step 1/360: running policy
    [frozen_flower] chain 107/200 task 4/5 step 1/360: policy 0.28s, stepping env
    [frozen_flower] chain 107/200 task 4/5 step 25/360: running policy
    [frozen_flower] chain 107/200 task 4/5 step 25/360: policy 0.01s, stepping env
    [frozen_flower] chain 107/200 task 4/5 step 50/360: running policy
    [frozen_flower] chain 107/200 task 4/5 step 50/360: policy 0.00s, stepping env
    [frozen_flower] chain 107/200 task 4/5 success at step 74
    [frozen_flower] chain 107/200 task 4/5 success: 74 steps, 4.0s
    [frozen_flower] chain 107/200 task 5/5 start: turn_on_led | instruction: press the button to turn on the led light
    [frozen_flower] chain 107/200 task 5/5 step 1/360: running policy
    [frozen_flower] chain 107/200 task 5/5 step 1/360: policy 0.31s, stepping env
    [frozen_flower] chain 107/200 task 5/5 step 25/360: running policy
    [frozen_flower] chain 107/200 task 5/5 step 25/360: policy 0.01s, stepping env
    [frozen_flower] chain 107/200 task 5/5 success at step 49
    [frozen_flower] chain 107/200 task 5/5 success: 49 steps, 2.6s
    [frozen_flower] chain 108/200 start: ['push_pink_block_left', 'turn_off_led', 'lift_pink_block_table', 'place_in_slider', 'lift_blue_block_slider']
    [frozen_flower] chain 108/200 instructions: ['go push the pink block left', 'press the button to turn off the led light', 'grasp and lift the pink block', 'store the grasped block in the sliding cabinet', 'lift the blue block from the sliding cabinet']
    [frozen_flower] chain 108/200 task 1/5 start: push_pink_block_left | instruction: go push the pink block left
    [frozen_flower] chain 108/200 task 1/5 step 1/360: running policy
    [frozen_flower] chain 108/200 task 1/5 step 1/360: policy 0.31s, stepping env
    [frozen_flower] chain 108/200 task 1/5 step 25/360: running policy
    [frozen_flower] chain 108/200 task 1/5 step 25/360: policy 0.01s, stepping env
    [frozen_flower] chain 108/200 task 1/5 step 50/360: running policy
    [frozen_flower] chain 108/200 task 1/5 step 50/360: policy 0.01s, stepping env
    [frozen_flower] chain 108/200 task 1/5 success at step 58
    [frozen_flower] chain 108/200 task 1/5 success: 58 steps, 3.2s
    [frozen_flower] chain 108/200 task 2/5 start: turn_off_led | instruction: press the button to turn off the led light
    [frozen_flower] chain 108/200 task 2/5 step 1/360: running policy
    [frozen_flower] chain 108/200 task 2/5 step 1/360: policy 0.31s, stepping env
    [frozen_flower] chain 108/200 task 2/5 step 25/360: running policy
    [frozen_flower] chain 108/200 task 2/5 step 25/360: policy 0.01s, stepping env
    [frozen_flower] chain 108/200 task 2/5 step 50/360: running policy
    [frozen_flower] chain 108/200 task 2/5 step 50/360: policy 0.01s, stepping env
    [frozen_flower] chain 108/200 task 2/5 step 75/360: running policy
    [frozen_flower] chain 108/200 task 2/5 step 75/360: policy 0.01s, stepping env
    [frozen_flower] chain 108/200 task 2/5 success at step 87
    [frozen_flower] chain 108/200 task 2/5 success: 87 steps, 4.8s
    [frozen_flower] chain 108/200 task 3/5 start: lift_pink_block_table | instruction: grasp and lift the pink block
    [frozen_flower] chain 108/200 task 3/5 step 1/360: running policy
    [frozen_flower] chain 108/200 task 3/5 step 1/360: policy 0.30s, stepping env
    [frozen_flower] chain 108/200 task 3/5 step 25/360: running policy
    [frozen_flower] chain 108/200 task 3/5 step 25/360: policy 0.00s, stepping env
    [frozen_flower] chain 108/200 task 3/5 step 50/360: running policy
    [frozen_flower] chain 108/200 task 3/5 step 50/360: policy 0.00s, stepping env
    [frozen_flower] chain 108/200 task 3/5 success at step 54
    [frozen_flower] chain 108/200 task 3/5 success: 54 steps, 2.5s
    [frozen_flower] chain 108/200 task 4/5 start: place_in_slider | instruction: store the grasped block in the sliding cabinet
    [frozen_flower] chain 108/200 task 4/5 step 1/360: running policy
    [frozen_flower] chain 108/200 task 4/5 step 1/360: policy 0.25s, stepping env
    [frozen_flower] chain 108/200 task 4/5 step 25/360: running policy
    [frozen_flower] chain 108/200 task 4/5 step 25/360: policy 0.01s, stepping env
    [frozen_flower] chain 108/200 task 4/5 step 50/360: running policy
    [frozen_flower] chain 108/200 task 4/5 step 50/360: policy 0.00s, stepping env
    [frozen_flower] chain 108/200 task 4/5 step 75/360: running policy
    [frozen_flower] chain 108/200 task 4/5 step 75/360: policy 0.00s, stepping env
    [frozen_flower] chain 108/200 task 4/5 step 100/360: running policy
    [frozen_flower] chain 108/200 task 4/5 step 100/360: policy 0.00s, stepping env
    [frozen_flower] chain 108/200 task 4/5 step 125/360: running policy
    [frozen_flower] chain 108/200 task 4/5 step 125/360: policy 0.00s, stepping env
    [frozen_flower] chain 108/200 task 4/5 step 150/360: running policy
    [frozen_flower] chain 108/200 task 4/5 step 150/360: policy 0.00s, stepping env
    [frozen_flower] chain 108/200 task 4/5 step 175/360: running policy
    [frozen_flower] chain 108/200 task 4/5 step 175/360: policy 0.01s, stepping env
    [frozen_flower] chain 108/200 task 4/5 step 200/360: running policy
    [frozen_flower] chain 108/200 task 4/5 step 200/360: policy 0.00s, stepping env
    [frozen_flower] chain 108/200 task 4/5 step 225/360: running policy
    [frozen_flower] chain 108/200 task 4/5 step 225/360: policy 0.00s, stepping env
    [frozen_flower] chain 108/200 task 4/5 step 250/360: running policy
    [frozen_flower] chain 108/200 task 4/5 step 250/360: policy 0.00s, stepping env
    [frozen_flower] chain 108/200 task 4/5 step 275/360: running policy
    [frozen_flower] chain 108/200 task 4/5 step 275/360: policy 0.00s, stepping env
    [frozen_flower] chain 108/200 task 4/5 step 300/360: running policy
    [frozen_flower] chain 108/200 task 4/5 step 300/360: policy 0.00s, stepping env
    [frozen_flower] chain 108/200 task 4/5 step 325/360: running policy
    [frozen_flower] chain 108/200 task 4/5 step 325/360: policy 0.00s, stepping env
    [frozen_flower] chain 108/200 task 4/5 success at step 330
    [frozen_flower] chain 108/200 task 4/5 success: 330 steps, 14.5s
    [frozen_flower] chain 108/200 task 5/5 start: lift_blue_block_slider | instruction: lift the blue block from the sliding cabinet
    [frozen_flower] chain 108/200 task 5/5 step 1/360: running policy
    [frozen_flower] chain 108/200 task 5/5 step 1/360: policy 0.26s, stepping env
    [frozen_flower] chain 108/200 task 5/5 step 25/360: running policy
    [frozen_flower] chain 108/200 task 5/5 step 25/360: policy 0.00s, stepping env
    [frozen_flower] chain 108/200 task 5/5 step 50/360: running policy
    [frozen_flower] chain 108/200 task 5/5 step 50/360: policy 0.00s, stepping env
    [frozen_flower] chain 108/200 task 5/5 step 75/360: running policy
    [frozen_flower] chain 108/200 task 5/5 step 75/360: policy 0.00s, stepping env
    [frozen_flower] chain 108/200 task 5/5 step 100/360: running policy
    [frozen_flower] chain 108/200 task 5/5 step 100/360: policy 0.00s, stepping env
    [frozen_flower] chain 108/200 task 5/5 step 125/360: running policy
    [frozen_flower] chain 108/200 task 5/5 step 125/360: policy 0.00s, stepping env
    [frozen_flower] chain 108/200 task 5/5 step 150/360: running policy
    [frozen_flower] chain 108/200 task 5/5 step 150/360: policy 0.00s, stepping env
    [frozen_flower] chain 108/200 task 5/5 step 175/360: running policy
    [frozen_flower] chain 108/200 task 5/5 step 175/360: policy 0.00s, stepping env
    [frozen_flower] chain 108/200 task 5/5 step 200/360: running policy
    [frozen_flower] chain 108/200 task 5/5 step 200/360: policy 0.00s, stepping env
    [frozen_flower] chain 108/200 task 5/5 step 225/360: running policy
    [frozen_flower] chain 108/200 task 5/5 step 225/360: policy 0.01s, stepping env
    [frozen_flower] chain 108/200 task 5/5 step 250/360: running policy
    [frozen_flower] chain 108/200 task 5/5 step 250/360: policy 0.00s, stepping env
    [frozen_flower] chain 108/200 task 5/5 step 275/360: running policy
    [frozen_flower] chain 108/200 task 5/5 step 275/360: policy 0.00s, stepping env
    [frozen_flower] chain 108/200 task 5/5 step 300/360: running policy
    [frozen_flower] chain 108/200 task 5/5 step 300/360: policy 0.00s, stepping env
    [frozen_flower] chain 108/200 task 5/5 step 325/360: running policy
    [frozen_flower] chain 108/200 task 5/5 step 325/360: policy 0.00s, stepping env
    [frozen_flower] chain 108/200 task 5/5 step 350/360: running policy
    [frozen_flower] chain 108/200 task 5/5 step 350/360: policy 0.00s, stepping env
    [frozen_flower] chain 108/200 task 5/5 failed: 360 steps, 15.9s
    [frozen_flower] chain 109/200 start: ['turn_on_lightbulb', 'lift_pink_block_table', 'place_in_drawer', 'lift_pink_block_drawer', 'stack_block']
    [frozen_flower] chain 109/200 instructions: ['use the switch to turn on the light bulb', 'grasp and lift the pink block', 'store the grasped block in the drawer', 'Take the pink block from the drawer', 'stack the grasped block']
    [frozen_flower] chain 109/200 task 1/5 start: turn_on_lightbulb | instruction: use the switch to turn on the light bulb
    [frozen_flower] chain 109/200 task 1/5 step 1/360: running policy
    [frozen_flower] chain 109/200 task 1/5 step 1/360: policy 0.28s, stepping env
    [frozen_flower] chain 109/200 task 1/5 step 25/360: running policy
    [frozen_flower] chain 109/200 task 1/5 step 25/360: policy 0.00s, stepping env
    [frozen_flower] chain 109/200 task 1/5 step 50/360: running policy
    [frozen_flower] chain 109/200 task 1/5 step 50/360: policy 0.00s, stepping env
    [frozen_flower] chain 109/200 task 1/5 success at step 52
    [frozen_flower] chain 109/200 task 1/5 success: 52 steps, 2.6s
    [frozen_flower] chain 109/200 task 2/5 start: lift_pink_block_table | instruction: grasp and lift the pink block
    [frozen_flower] chain 109/200 task 2/5 step 1/360: running policy
    [frozen_flower] chain 109/200 task 2/5 step 1/360: policy 0.27s, stepping env
    [frozen_flower] chain 109/200 task 2/5 step 25/360: running policy
    [frozen_flower] chain 109/200 task 2/5 step 25/360: policy 0.00s, stepping env
    [frozen_flower] chain 109/200 task 2/5 step 50/360: running policy
    [frozen_flower] chain 109/200 task 2/5 step 50/360: policy 0.01s, stepping env
    [frozen_flower] chain 109/200 task 2/5 success at step 62
    [frozen_flower] chain 109/200 task 2/5 success: 62 steps, 3.0s
    [frozen_flower] chain 109/200 task 3/5 start: place_in_drawer | instruction: store the grasped block in the drawer
    [frozen_flower] chain 109/200 task 3/5 step 1/360: running policy
    [frozen_flower] chain 109/200 task 3/5 step 1/360: policy 0.27s, stepping env
    [frozen_flower] chain 109/200 task 3/5 step 25/360: running policy
    [frozen_flower] chain 109/200 task 3/5 step 25/360: policy 0.01s, stepping env
    [frozen_flower] chain 109/200 task 3/5 success at step 35
    [frozen_flower] chain 109/200 task 3/5 success: 35 steps, 1.8s
    [frozen_flower] chain 109/200 task 4/5 start: lift_pink_block_drawer | instruction: Take the pink block from the drawer
    [frozen_flower] chain 109/200 task 4/5 step 1/360: running policy
    [frozen_flower] chain 109/200 task 4/5 step 1/360: policy 0.28s, stepping env
    [frozen_flower] chain 109/200 task 4/5 step 25/360: running policy
    [frozen_flower] chain 109/200 task 4/5 step 25/360: policy 0.01s, stepping env
    [frozen_flower] chain 109/200 task 4/5 success at step 47
    [frozen_flower] chain 109/200 task 4/5 success: 47 steps, 2.3s
    [frozen_flower] chain 109/200 task 5/5 start: stack_block | instruction: stack the grasped block
    [frozen_flower] chain 109/200 task 5/5 step 1/360: running policy
    [frozen_flower] chain 109/200 task 5/5 step 1/360: policy 0.28s, stepping env
    [frozen_flower] chain 109/200 task 5/5 step 25/360: running policy
    [frozen_flower] chain 109/200 task 5/5 step 25/360: policy 0.00s, stepping env
    [frozen_flower] chain 109/200 task 5/5 success at step 43
    [frozen_flower] chain 109/200 task 5/5 success: 43 steps, 2.1s
    [frozen_flower] chain 110/200 start: ['close_drawer', 'lift_red_block_slider', 'place_in_slider', 'push_pink_block_right', 'lift_pink_block_table']
    [frozen_flower] chain 110/200 instructions: ['push the handle to close the drawer', 'lift the red block from the sliding cabinet', 'store the grasped block in the sliding cabinet', 'go push the pink block right', 'grasp and lift the pink block']
    [frozen_flower] chain 110/200 task 1/5 start: close_drawer | instruction: push the handle to close the drawer
    [frozen_flower] chain 110/200 task 1/5 step 1/360: running policy
    [frozen_flower] chain 110/200 task 1/5 step 1/360: policy 0.28s, stepping env
    [frozen_flower] chain 110/200 task 1/5 step 25/360: running policy
    [frozen_flower] chain 110/200 task 1/5 step 25/360: policy 0.00s, stepping env
    [frozen_flower] chain 110/200 task 1/5 step 50/360: running policy
    [frozen_flower] chain 110/200 task 1/5 step 50/360: policy 0.01s, stepping env
    [frozen_flower] chain 110/200 task 1/5 success at step 51
    [frozen_flower] chain 110/200 task 1/5 success: 51 steps, 2.5s
    [frozen_flower] chain 110/200 task 2/5 start: lift_red_block_slider | instruction: lift the red block from the sliding cabinet
    [frozen_flower] chain 110/200 task 2/5 step 1/360: running policy
    [frozen_flower] chain 110/200 task 2/5 step 1/360: policy 0.28s, stepping env
    [frozen_flower] chain 110/200 task 2/5 step 25/360: running policy
    [frozen_flower] chain 110/200 task 2/5 step 25/360: policy 0.01s, stepping env
    [frozen_flower] chain 110/200 task 2/5 step 50/360: running policy
    [frozen_flower] chain 110/200 task 2/5 step 50/360: policy 0.00s, stepping env
    [frozen_flower] chain 110/200 task 2/5 step 75/360: running policy
    [frozen_flower] chain 110/200 task 2/5 step 75/360: policy 0.00s, stepping env
    [frozen_flower] chain 110/200 task 2/5 success at step 80
    [frozen_flower] chain 110/200 task 2/5 success: 80 steps, 3.6s
    [frozen_flower] chain 110/200 task 3/5 start: place_in_slider | instruction: store the grasped block in the sliding cabinet
    [frozen_flower] chain 110/200 task 3/5 step 1/360: running policy
    [frozen_flower] chain 110/200 task 3/5 step 1/360: policy 0.28s, stepping env
    [frozen_flower] chain 110/200 task 3/5 success at step 10
    [frozen_flower] chain 110/200 task 3/5 success: 10 steps, 0.4s
    [frozen_flower] chain 110/200 task 4/5 start: push_pink_block_right | instruction: go push the pink block right
    [frozen_flower] chain 110/200 task 4/5 step 1/360: running policy
    [frozen_flower] chain 110/200 task 4/5 step 1/360: policy 0.27s, stepping env
    [frozen_flower] chain 110/200 task 4/5 step 25/360: running policy
    [frozen_flower] chain 110/200 task 4/5 step 25/360: policy 0.01s, stepping env
    [frozen_flower] chain 110/200 task 4/5 step 50/360: running policy
    [frozen_flower] chain 110/200 task 4/5 step 50/360: policy 0.01s, stepping env
    [frozen_flower] chain 110/200 task 4/5 success at step 64
    [frozen_flower] chain 110/200 task 4/5 success: 64 steps, 3.1s
    [frozen_flower] chain 110/200 task 5/5 start: lift_pink_block_table | instruction: grasp and lift the pink block
    [frozen_flower] chain 110/200 task 5/5 step 1/360: running policy
    [frozen_flower] chain 110/200 task 5/5 step 1/360: policy 0.28s, stepping env
    [frozen_flower] chain 110/200 task 5/5 step 25/360: running policy
    [frozen_flower] chain 110/200 task 5/5 step 25/360: policy 0.01s, stepping env
    [frozen_flower] chain 110/200 task 5/5 success at step 41
    [frozen_flower] chain 110/200 task 5/5 success: 41 steps, 2.2s
    [frozen_flower] 110/200 chains, L1 success: 93.6%
    [frozen_flower] chain 111/200 start: ['turn_off_lightbulb', 'rotate_red_block_left', 'lift_pink_block_table', 'stack_block', 'open_drawer']
    [frozen_flower] chain 111/200 instructions: ['use the switch to turn off the light bulb', 'take the red block and rotate it to the left', 'grasp and lift the pink block', 'stack the grasped block', 'pull the handle to open the drawer']
    [frozen_flower] chain 111/200 task 1/5 start: turn_off_lightbulb | instruction: use the switch to turn off the light bulb
    [frozen_flower] chain 111/200 task 1/5 step 1/360: running policy
    [frozen_flower] chain 111/200 task 1/5 step 1/360: policy 0.29s, stepping env
    [frozen_flower] chain 111/200 task 1/5 step 25/360: running policy
    [frozen_flower] chain 111/200 task 1/5 step 25/360: policy 0.01s, stepping env
    [frozen_flower] chain 111/200 task 1/5 step 50/360: running policy
    [frozen_flower] chain 111/200 task 1/5 step 50/360: policy 0.01s, stepping env
    [frozen_flower] chain 111/200 task 1/5 success at step 52
    [frozen_flower] chain 111/200 task 1/5 success: 52 steps, 2.7s
    [frozen_flower] chain 111/200 task 2/5 start: rotate_red_block_left | instruction: take the red block and rotate it to the left
    [frozen_flower] chain 111/200 task 2/5 step 1/360: running policy
    [frozen_flower] chain 111/200 task 2/5 step 1/360: policy 0.28s, stepping env
    [frozen_flower] chain 111/200 task 2/5 step 25/360: running policy
    [frozen_flower] chain 111/200 task 2/5 step 25/360: policy 0.01s, stepping env
    [frozen_flower] chain 111/200 task 2/5 step 50/360: running policy
    [frozen_flower] chain 111/200 task 2/5 step 50/360: policy 0.01s, stepping env
    [frozen_flower] chain 111/200 task 2/5 step 75/360: running policy
    [frozen_flower] chain 111/200 task 2/5 step 75/360: policy 0.01s, stepping env
    [frozen_flower] chain 111/200 task 2/5 success at step 92
    [frozen_flower] chain 111/200 task 2/5 success: 92 steps, 4.6s
    [frozen_flower] chain 111/200 task 3/5 start: lift_pink_block_table | instruction: grasp and lift the pink block
    [frozen_flower] chain 111/200 task 3/5 step 1/360: running policy
    [frozen_flower] chain 111/200 task 3/5 step 1/360: policy 0.29s, stepping env
    [frozen_flower] chain 111/200 task 3/5 step 25/360: running policy
    [frozen_flower] chain 111/200 task 3/5 step 25/360: policy 0.01s, stepping env
    [frozen_flower] chain 111/200 task 3/5 step 50/360: running policy
    [frozen_flower] chain 111/200 task 3/5 step 50/360: policy 0.01s, stepping env
    [frozen_flower] chain 111/200 task 3/5 success at step 62
    [frozen_flower] chain 111/200 task 3/5 success: 62 steps, 3.2s
    [frozen_flower] chain 111/200 task 4/5 start: stack_block | instruction: stack the grasped block
    [frozen_flower] chain 111/200 task 4/5 step 1/360: running policy
    [frozen_flower] chain 111/200 task 4/5 step 1/360: policy 0.29s, stepping env
    [frozen_flower] chain 111/200 task 4/5 step 25/360: running policy
    [frozen_flower] chain 111/200 task 4/5 step 25/360: policy 0.01s, stepping env
    [frozen_flower] chain 111/200 task 4/5 success at step 35
    [frozen_flower] chain 111/200 task 4/5 success: 35 steps, 1.9s
    [frozen_flower] chain 111/200 task 5/5 start: open_drawer | instruction: pull the handle to open the drawer
    [frozen_flower] chain 111/200 task 5/5 step 1/360: running policy
    [frozen_flower] chain 111/200 task 5/5 step 1/360: policy 0.29s, stepping env
    [frozen_flower] chain 111/200 task 5/5 step 25/360: running policy
    [frozen_flower] chain 111/200 task 5/5 step 25/360: policy 0.01s, stepping env
    [frozen_flower] chain 111/200 task 5/5 step 50/360: running policy
    [frozen_flower] chain 111/200 task 5/5 step 50/360: policy 0.01s, stepping env
    [frozen_flower] chain 111/200 task 5/5 success at step 62
    [frozen_flower] chain 111/200 task 5/5 success: 62 steps, 3.2s
    [frozen_flower] chain 112/200 start: ['rotate_blue_block_right', 'turn_on_lightbulb', 'lift_blue_block_table', 'stack_block', 'move_slider_left']
    [frozen_flower] chain 112/200 instructions: ['take the blue block and rotate it to the right', 'use the switch to turn on the light bulb', 'grasp and lift the blue block', 'stack the grasped block', 'push the sliding door to the left side']
    [frozen_flower] chain 112/200 task 1/5 start: rotate_blue_block_right | instruction: take the blue block and rotate it to the right
    [frozen_flower] chain 112/200 task 1/5 step 1/360: running policy
    [frozen_flower] chain 112/200 task 1/5 step 1/360: policy 0.28s, stepping env
    [frozen_flower] chain 112/200 task 1/5 step 25/360: running policy
    [frozen_flower] chain 112/200 task 1/5 step 25/360: policy 0.01s, stepping env
    [frozen_flower] chain 112/200 task 1/5 step 50/360: running policy
    [frozen_flower] chain 112/200 task 1/5 step 50/360: policy 0.01s, stepping env
    [frozen_flower] chain 112/200 task 1/5 step 75/360: running policy
    [frozen_flower] chain 112/200 task 1/5 step 75/360: policy 0.01s, stepping env
    [frozen_flower] chain 112/200 task 1/5 success at step 95
    [frozen_flower] chain 112/200 task 1/5 success: 95 steps, 4.9s
    [frozen_flower] chain 112/200 task 2/5 start: turn_on_lightbulb | instruction: use the switch to turn on the light bulb
    [frozen_flower] chain 112/200 task 2/5 step 1/360: running policy
    [frozen_flower] chain 112/200 task 2/5 step 1/360: policy 0.29s, stepping env
    [frozen_flower] chain 112/200 task 2/5 step 25/360: running policy
    [frozen_flower] chain 112/200 task 2/5 step 25/360: policy 0.01s, stepping env
    [frozen_flower] chain 112/200 task 2/5 step 50/360: running policy
    [frozen_flower] chain 112/200 task 2/5 step 50/360: policy 0.01s, stepping env
    [frozen_flower] chain 112/200 task 2/5 success at step 66
    [frozen_flower] chain 112/200 task 2/5 success: 66 steps, 3.3s
    [frozen_flower] chain 112/200 task 3/5 start: lift_blue_block_table | instruction: grasp and lift the blue block
    [frozen_flower] chain 112/200 task 3/5 step 1/360: running policy
    [frozen_flower] chain 112/200 task 3/5 step 1/360: policy 0.28s, stepping env
    [frozen_flower] chain 112/200 task 3/5 step 25/360: running policy
    [frozen_flower] chain 112/200 task 3/5 step 25/360: policy 0.01s, stepping env
    [frozen_flower] chain 112/200 task 3/5 step 50/360: running policy
    [frozen_flower] chain 112/200 task 3/5 step 50/360: policy 0.01s, stepping env
    [frozen_flower] chain 112/200 task 3/5 step 75/360: running policy
    [frozen_flower] chain 112/200 task 3/5 step 75/360: policy 0.01s, stepping env
    [frozen_flower] chain 112/200 task 3/5 step 100/360: running policy
    [frozen_flower] chain 112/200 task 3/5 step 100/360: policy 0.01s, stepping env
    [frozen_flower] chain 112/200 task 3/5 step 125/360: running policy
    [frozen_flower] chain 112/200 task 3/5 step 125/360: policy 0.01s, stepping env
    [frozen_flower] chain 112/200 task 3/5 step 150/360: running policy
    [frozen_flower] chain 112/200 task 3/5 step 150/360: policy 0.01s, stepping env
    [frozen_flower] chain 112/200 task 3/5 step 175/360: running policy
    [frozen_flower] chain 112/200 task 3/5 step 175/360: policy 0.00s, stepping env
    [frozen_flower] chain 112/200 task 3/5 step 200/360: running policy
    [frozen_flower] chain 112/200 task 3/5 step 200/360: policy 0.00s, stepping env
    [frozen_flower] chain 112/200 task 3/5 step 225/360: running policy
    [frozen_flower] chain 112/200 task 3/5 step 225/360: policy 0.00s, stepping env
    [frozen_flower] chain 112/200 task 3/5 step 250/360: running policy
    [frozen_flower] chain 112/200 task 3/5 step 250/360: policy 0.00s, stepping env
    [frozen_flower] chain 112/200 task 3/5 step 275/360: running policy
    [frozen_flower] chain 112/200 task 3/5 step 275/360: policy 0.00s, stepping env
    [frozen_flower] chain 112/200 task 3/5 step 300/360: running policy
    [frozen_flower] chain 112/200 task 3/5 step 300/360: policy 0.00s, stepping env
    [frozen_flower] chain 112/200 task 3/5 step 325/360: running policy
    [frozen_flower] chain 112/200 task 3/5 step 325/360: policy 0.00s, stepping env
    [frozen_flower] chain 112/200 task 3/5 step 350/360: running policy
    [frozen_flower] chain 112/200 task 3/5 step 350/360: policy 0.00s, stepping env
    [frozen_flower] chain 112/200 task 3/5 failed: 360 steps, 15.9s
    [frozen_flower] chain 113/200 start: ['rotate_blue_block_right', 'move_slider_right', 'close_drawer', 'lift_blue_block_table', 'place_in_slider']
    [frozen_flower] chain 113/200 instructions: ['take the blue block and rotate it to the right', 'push the sliding door to the right side', 'push the handle to close the drawer', 'grasp and lift the blue block', 'store the grasped block in the sliding cabinet']
    [frozen_flower] chain 113/200 task 1/5 start: rotate_blue_block_right | instruction: take the blue block and rotate it to the right
    [frozen_flower] chain 113/200 task 1/5 step 1/360: running policy
    [frozen_flower] chain 113/200 task 1/5 step 1/360: policy 0.24s, stepping env
    [frozen_flower] chain 113/200 task 1/5 step 25/360: running policy
    [frozen_flower] chain 113/200 task 1/5 step 25/360: policy 0.00s, stepping env
    [frozen_flower] chain 113/200 task 1/5 step 50/360: running policy
    [frozen_flower] chain 113/200 task 1/5 step 50/360: policy 0.00s, stepping env
    [frozen_flower] chain 113/200 task 1/5 step 75/360: running policy
    [frozen_flower] chain 113/200 task 1/5 step 75/360: policy 0.00s, stepping env
    [frozen_flower] chain 113/200 task 1/5 success at step 81
    [frozen_flower] chain 113/200 task 1/5 success: 81 steps, 3.3s
    [frozen_flower] chain 113/200 task 2/5 start: move_slider_right | instruction: push the sliding door to the right side
    [frozen_flower] chain 113/200 task 2/5 step 1/360: running policy
    [frozen_flower] chain 113/200 task 2/5 step 1/360: policy 0.23s, stepping env
    [frozen_flower] chain 113/200 task 2/5 step 25/360: running policy
    [frozen_flower] chain 113/200 task 2/5 step 25/360: policy 0.00s, stepping env
    [frozen_flower] chain 113/200 task 2/5 step 50/360: running policy
    [frozen_flower] chain 113/200 task 2/5 step 50/360: policy 0.00s, stepping env
    [frozen_flower] chain 113/200 task 2/5 step 75/360: running policy
    [frozen_flower] chain 113/200 task 2/5 step 75/360: policy 0.00s, stepping env
    [frozen_flower] chain 113/200 task 2/5 success at step 80
    [frozen_flower] chain 113/200 task 2/5 success: 80 steps, 3.1s
    [frozen_flower] chain 113/200 task 3/5 start: close_drawer | instruction: push the handle to close the drawer
    [frozen_flower] chain 113/200 task 3/5 step 1/360: running policy
    [frozen_flower] chain 113/200 task 3/5 step 1/360: policy 0.24s, stepping env
    [frozen_flower] chain 113/200 task 3/5 step 25/360: running policy
    [frozen_flower] chain 113/200 task 3/5 step 25/360: policy 0.00s, stepping env
    [frozen_flower] chain 113/200 task 3/5 step 50/360: running policy
    [frozen_flower] chain 113/200 task 3/5 step 50/360: policy 0.01s, stepping env
    [frozen_flower] chain 113/200 task 3/5 success at step 72
    [frozen_flower] chain 113/200 task 3/5 success: 72 steps, 3.0s
    [frozen_flower] chain 113/200 task 4/5 start: lift_blue_block_table | instruction: grasp and lift the blue block
    [frozen_flower] chain 113/200 task 4/5 step 1/360: running policy
    [frozen_flower] chain 113/200 task 4/5 step 1/360: policy 0.25s, stepping env
    [frozen_flower] chain 113/200 task 4/5 step 25/360: running policy
    [frozen_flower] chain 113/200 task 4/5 step 25/360: policy 0.00s, stepping env
    [frozen_flower] chain 113/200 task 4/5 step 50/360: running policy
    [frozen_flower] chain 113/200 task 4/5 step 50/360: policy 0.00s, stepping env
    [frozen_flower] chain 113/200 task 4/5 step 75/360: running policy
    [frozen_flower] chain 113/200 task 4/5 step 75/360: policy 0.00s, stepping env
    [frozen_flower] chain 113/200 task 4/5 success at step 81
    [frozen_flower] chain 113/200 task 4/5 success: 81 steps, 3.5s
    [frozen_flower] chain 113/200 task 5/5 start: place_in_slider | instruction: store the grasped block in the sliding cabinet
    [frozen_flower] chain 113/200 task 5/5 step 1/360: running policy
    [frozen_flower] chain 113/200 task 5/5 step 1/360: policy 0.24s, stepping env
    [frozen_flower] chain 113/200 task 5/5 step 25/360: running policy
    [frozen_flower] chain 113/200 task 5/5 step 25/360: policy 0.00s, stepping env
    [frozen_flower] chain 113/200 task 5/5 step 50/360: running policy
    [frozen_flower] chain 113/200 task 5/5 step 50/360: policy 0.00s, stepping env
    [frozen_flower] chain 113/200 task 5/5 step 75/360: running policy
    [frozen_flower] chain 113/200 task 5/5 step 75/360: policy 0.00s, stepping env
    [frozen_flower] chain 113/200 task 5/5 step 100/360: running policy
    [frozen_flower] chain 113/200 task 5/5 step 100/360: policy 0.01s, stepping env
    [frozen_flower] chain 113/200 task 5/5 step 125/360: running policy
    [frozen_flower] chain 113/200 task 5/5 step 125/360: policy 0.00s, stepping env
    [frozen_flower] chain 113/200 task 5/5 step 150/360: running policy
    [frozen_flower] chain 113/200 task 5/5 step 150/360: policy 0.00s, stepping env
    [frozen_flower] chain 113/200 task 5/5 step 175/360: running policy
    [frozen_flower] chain 113/200 task 5/5 step 175/360: policy 0.00s, stepping env
    [frozen_flower] chain 113/200 task 5/5 step 200/360: running policy
    [frozen_flower] chain 113/200 task 5/5 step 200/360: policy 0.00s, stepping env
    [frozen_flower] chain 113/200 task 5/5 step 225/360: running policy
    [frozen_flower] chain 113/200 task 5/5 step 225/360: policy 0.00s, stepping env
    [frozen_flower] chain 113/200 task 5/5 step 250/360: running policy
    [frozen_flower] chain 113/200 task 5/5 step 250/360: policy 0.00s, stepping env
    [frozen_flower] chain 113/200 task 5/5 step 275/360: running policy
    [frozen_flower] chain 113/200 task 5/5 step 275/360: policy 0.00s, stepping env
    [frozen_flower] chain 113/200 task 5/5 step 300/360: running policy
    [frozen_flower] chain 113/200 task 5/5 step 300/360: policy 0.00s, stepping env
    [frozen_flower] chain 113/200 task 5/5 step 325/360: running policy
    [frozen_flower] chain 113/200 task 5/5 step 325/360: policy 0.00s, stepping env
    [frozen_flower] chain 113/200 task 5/5 step 350/360: running policy
    [frozen_flower] chain 113/200 task 5/5 step 350/360: policy 0.00s, stepping env
    [frozen_flower] chain 113/200 task 5/5 failed: 360 steps, 15.3s
    [frozen_flower] chain 114/200 start: ['close_drawer', 'move_slider_left', 'turn_off_led', 'lift_pink_block_table', 'place_in_slider']
    [frozen_flower] chain 114/200 instructions: ['push the handle to close the drawer', 'push the sliding door to the left side', 'press the button to turn off the led light', 'grasp and lift the pink block', 'store the grasped block in the sliding cabinet']
    [frozen_flower] chain 114/200 task 1/5 start: close_drawer | instruction: push the handle to close the drawer
    [frozen_flower] chain 114/200 task 1/5 step 1/360: running policy
    [frozen_flower] chain 114/200 task 1/5 step 1/360: policy 0.27s, stepping env
    [frozen_flower] chain 114/200 task 1/5 step 25/360: running policy
    [frozen_flower] chain 114/200 task 1/5 step 25/360: policy 0.01s, stepping env
    [frozen_flower] chain 114/200 task 1/5 success at step 49
    [frozen_flower] chain 114/200 task 1/5 success: 49 steps, 2.1s
    [frozen_flower] chain 114/200 task 2/5 start: move_slider_left | instruction: push the sliding door to the left side
    [frozen_flower] chain 114/200 task 2/5 step 1/360: running policy
    [frozen_flower] chain 114/200 task 2/5 step 1/360: policy 0.26s, stepping env
    [frozen_flower] chain 114/200 task 2/5 step 25/360: running policy
    [frozen_flower] chain 114/200 task 2/5 step 25/360: policy 0.01s, stepping env
    [frozen_flower] chain 114/200 task 2/5 step 50/360: running policy
    [frozen_flower] chain 114/200 task 2/5 step 50/360: policy 0.00s, stepping env
    [frozen_flower] chain 114/200 task 2/5 step 75/360: running policy
    [frozen_flower] chain 114/200 task 2/5 step 75/360: policy 0.00s, stepping env
    [frozen_flower] chain 114/200 task 2/5 success at step 90
    [frozen_flower] chain 114/200 task 2/5 success: 90 steps, 3.8s
    [frozen_flower] chain 114/200 task 3/5 start: turn_off_led | instruction: press the button to turn off the led light
    [frozen_flower] chain 114/200 task 3/5 step 1/360: running policy
    [frozen_flower] chain 114/200 task 3/5 step 1/360: policy 0.26s, stepping env
    [frozen_flower] chain 114/200 task 3/5 step 25/360: running policy
    [frozen_flower] chain 114/200 task 3/5 step 25/360: policy 0.00s, stepping env
    [frozen_flower] chain 114/200 task 3/5 step 50/360: running policy
    [frozen_flower] chain 114/200 task 3/5 step 50/360: policy 0.00s, stepping env
    [frozen_flower] chain 114/200 task 3/5 success at step 63
    [frozen_flower] chain 114/200 task 3/5 success: 63 steps, 2.8s
    [frozen_flower] chain 114/200 task 4/5 start: lift_pink_block_table | instruction: grasp and lift the pink block
    [frozen_flower] chain 114/200 task 4/5 step 1/360: running policy
    [frozen_flower] chain 114/200 task 4/5 step 1/360: policy 0.24s, stepping env
    [frozen_flower] chain 114/200 task 4/5 step 25/360: running policy
    [frozen_flower] chain 114/200 task 4/5 step 25/360: policy 0.00s, stepping env
    [frozen_flower] chain 114/200 task 4/5 step 50/360: running policy
    [frozen_flower] chain 114/200 task 4/5 step 50/360: policy 0.00s, stepping env
    [frozen_flower] chain 114/200 task 4/5 step 75/360: running policy
    [frozen_flower] chain 114/200 task 4/5 step 75/360: policy 0.00s, stepping env
    [frozen_flower] chain 114/200 task 4/5 success at step 86
    [frozen_flower] chain 114/200 task 4/5 success: 86 steps, 3.8s
    [frozen_flower] chain 114/200 task 5/5 start: place_in_slider | instruction: store the grasped block in the sliding cabinet
    [frozen_flower] chain 114/200 task 5/5 step 1/360: running policy
    [frozen_flower] chain 114/200 task 5/5 step 1/360: policy 0.27s, stepping env
    [frozen_flower] chain 114/200 task 5/5 step 25/360: running policy
    [frozen_flower] chain 114/200 task 5/5 step 25/360: policy 0.01s, stepping env
    [frozen_flower] chain 114/200 task 5/5 success at step 37
    [frozen_flower] chain 114/200 task 5/5 success: 37 steps, 1.8s
    [frozen_flower] chain 115/200 start: ['push_blue_block_right', 'lift_blue_block_table', 'place_in_drawer', 'move_slider_left', 'lift_red_block_slider']
    [frozen_flower] chain 115/200 instructions: ['go push the blue block right', 'grasp and lift the blue block', 'store the grasped block in the drawer', 'push the sliding door to the left side', 'lift the red block from the sliding cabinet']
    [frozen_flower] chain 115/200 task 1/5 start: push_blue_block_right | instruction: go push the blue block right
    [frozen_flower] chain 115/200 task 1/5 step 1/360: running policy
    [frozen_flower] chain 115/200 task 1/5 step 1/360: policy 0.27s, stepping env
    [frozen_flower] chain 115/200 task 1/5 step 25/360: running policy
    [frozen_flower] chain 115/200 task 1/5 step 25/360: policy 0.01s, stepping env
    [frozen_flower] chain 115/200 task 1/5 step 50/360: running policy
    [frozen_flower] chain 115/200 task 1/5 step 50/360: policy 0.00s, stepping env
    [frozen_flower] chain 115/200 task 1/5 step 75/360: running policy
    [frozen_flower] chain 115/200 task 1/5 step 75/360: policy 0.00s, stepping env
    [frozen_flower] chain 115/200 task 1/5 step 100/360: running policy
    [frozen_flower] chain 115/200 task 1/5 step 100/360: policy 0.00s, stepping env
    [frozen_flower] chain 115/200 task 1/5 step 125/360: running policy
    [frozen_flower] chain 115/200 task 1/5 step 125/360: policy 0.00s, stepping env
    [frozen_flower] chain 115/200 task 1/5 success at step 128
    [frozen_flower] chain 115/200 task 1/5 success: 128 steps, 5.4s
    [frozen_flower] chain 115/200 task 2/5 start: lift_blue_block_table | instruction: grasp and lift the blue block
    [frozen_flower] chain 115/200 task 2/5 step 1/360: running policy
    [frozen_flower] chain 115/200 task 2/5 step 1/360: policy 0.25s, stepping env
    [frozen_flower] chain 115/200 task 2/5 step 25/360: running policy
    [frozen_flower] chain 115/200 task 2/5 step 25/360: policy 0.00s, stepping env
    [frozen_flower] chain 115/200 task 2/5 step 50/360: running policy
    [frozen_flower] chain 115/200 task 2/5 step 50/360: policy 0.00s, stepping env
    [frozen_flower] chain 115/200 task 2/5 success at step 51
    [frozen_flower] chain 115/200 task 2/5 success: 51 steps, 2.3s
    [frozen_flower] chain 115/200 task 3/5 start: place_in_drawer | instruction: store the grasped block in the drawer
    [frozen_flower] chain 115/200 task 3/5 step 1/360: running policy
    [frozen_flower] chain 115/200 task 3/5 step 1/360: policy 0.25s, stepping env
    [frozen_flower] chain 115/200 task 3/5 step 25/360: running policy
    [frozen_flower] chain 115/200 task 3/5 step 25/360: policy 0.01s, stepping env
    [frozen_flower] chain 115/200 task 3/5 success at step 38
    [frozen_flower] chain 115/200 task 3/5 success: 38 steps, 1.6s
    [frozen_flower] chain 115/200 task 4/5 start: move_slider_left | instruction: push the sliding door to the left side
    [frozen_flower] chain 115/200 task 4/5 step 1/360: running policy
    [frozen_flower] chain 115/200 task 4/5 step 1/360: policy 0.25s, stepping env
    [frozen_flower] chain 115/200 task 4/5 step 25/360: running policy
    [frozen_flower] chain 115/200 task 4/5 step 25/360: policy 0.01s, stepping env
    [frozen_flower] chain 115/200 task 4/5 step 50/360: running policy
    [frozen_flower] chain 115/200 task 4/5 step 50/360: policy 0.00s, stepping env
    [frozen_flower] chain 115/200 task 4/5 success at step 63
    [frozen_flower] chain 115/200 task 4/5 success: 63 steps, 3.0s
    [frozen_flower] chain 115/200 task 5/5 start: lift_red_block_slider | instruction: lift the red block from the sliding cabinet
    [frozen_flower] chain 115/200 task 5/5 step 1/360: running policy
    [frozen_flower] chain 115/200 task 5/5 step 1/360: policy 0.25s, stepping env
    [frozen_flower] chain 115/200 task 5/5 step 25/360: running policy
    [frozen_flower] chain 115/200 task 5/5 step 25/360: policy 0.01s, stepping env
    [frozen_flower] chain 115/200 task 5/5 step 50/360: running policy
    [frozen_flower] chain 115/200 task 5/5 step 50/360: policy 0.00s, stepping env
    [frozen_flower] chain 115/200 task 5/5 step 75/360: running policy
    [frozen_flower] chain 115/200 task 5/5 step 75/360: policy 0.00s, stepping env
    [frozen_flower] chain 115/200 task 5/5 step 100/360: running policy
    [frozen_flower] chain 115/200 task 5/5 step 100/360: policy 0.00s, stepping env
    [frozen_flower] chain 115/200 task 5/5 step 125/360: running policy
    [frozen_flower] chain 115/200 task 5/5 step 125/360: policy 0.01s, stepping env
    [frozen_flower] chain 115/200 task 5/5 step 150/360: running policy
    [frozen_flower] chain 115/200 task 5/5 step 150/360: policy 0.01s, stepping env
    [frozen_flower] chain 115/200 task 5/5 step 175/360: running policy
    [frozen_flower] chain 115/200 task 5/5 step 175/360: policy 0.01s, stepping env
    [frozen_flower] chain 115/200 task 5/5 step 200/360: running policy
    [frozen_flower] chain 115/200 task 5/5 step 200/360: policy 0.01s, stepping env
    [frozen_flower] chain 115/200 task 5/5 step 225/360: running policy
    [frozen_flower] chain 115/200 task 5/5 step 225/360: policy 0.00s, stepping env
    [frozen_flower] chain 115/200 task 5/5 step 250/360: running policy
    [frozen_flower] chain 115/200 task 5/5 step 250/360: policy 0.00s, stepping env
    [frozen_flower] chain 115/200 task 5/5 step 275/360: running policy
    [frozen_flower] chain 115/200 task 5/5 step 275/360: policy 0.00s, stepping env
    [frozen_flower] chain 115/200 task 5/5 step 300/360: running policy
    [frozen_flower] chain 115/200 task 5/5 step 300/360: policy 0.01s, stepping env
    [frozen_flower] chain 115/200 task 5/5 step 325/360: running policy
    [frozen_flower] chain 115/200 task 5/5 step 325/360: policy 0.01s, stepping env
    [frozen_flower] chain 115/200 task 5/5 step 350/360: running policy
    [frozen_flower] chain 115/200 task 5/5 step 350/360: policy 0.01s, stepping env
    [frozen_flower] chain 115/200 task 5/5 failed: 360 steps, 16.0s
    [frozen_flower] chain 116/200 start: ['turn_on_lightbulb', 'rotate_blue_block_right', 'move_slider_right', 'close_drawer', 'lift_blue_block_table']
    [frozen_flower] chain 116/200 instructions: ['use the switch to turn on the light bulb', 'take the blue block and rotate it to the right', 'push the sliding door to the right side', 'push the handle to close the drawer', 'grasp and lift the blue block']
    [frozen_flower] chain 116/200 task 1/5 start: turn_on_lightbulb | instruction: use the switch to turn on the light bulb
    [frozen_flower] chain 116/200 task 1/5 step 1/360: running policy
    [frozen_flower] chain 116/200 task 1/5 step 1/360: policy 0.29s, stepping env
    [frozen_flower] chain 116/200 task 1/5 step 25/360: running policy
    [frozen_flower] chain 116/200 task 1/5 step 25/360: policy 0.01s, stepping env
    [frozen_flower] chain 116/200 task 1/5 success at step 43
    [frozen_flower] chain 116/200 task 1/5 success: 43 steps, 2.2s
    [frozen_flower] chain 116/200 task 2/5 start: rotate_blue_block_right | instruction: take the blue block and rotate it to the right
    [frozen_flower] chain 116/200 task 2/5 step 1/360: running policy
    [frozen_flower] chain 116/200 task 2/5 step 1/360: policy 0.28s, stepping env
    [frozen_flower] chain 116/200 task 2/5 step 25/360: running policy
    [frozen_flower] chain 116/200 task 2/5 step 25/360: policy 0.01s, stepping env
    [frozen_flower] chain 116/200 task 2/5 step 50/360: running policy
    [frozen_flower] chain 116/200 task 2/5 step 50/360: policy 0.01s, stepping env
    [frozen_flower] chain 116/200 task 2/5 step 75/360: running policy
    [frozen_flower] chain 116/200 task 2/5 step 75/360: policy 0.01s, stepping env
    [frozen_flower] chain 116/200 task 2/5 step 100/360: running policy
    [frozen_flower] chain 116/200 task 2/5 step 100/360: policy 0.01s, stepping env
    [frozen_flower] chain 116/200 task 2/5 step 125/360: running policy
    [frozen_flower] chain 116/200 task 2/5 step 125/360: policy 0.01s, stepping env
    [frozen_flower] chain 116/200 task 2/5 step 150/360: running policy
    [frozen_flower] chain 116/200 task 2/5 step 150/360: policy 0.01s, stepping env
    [frozen_flower] chain 116/200 task 2/5 step 175/360: running policy
    [frozen_flower] chain 116/200 task 2/5 step 175/360: policy 0.01s, stepping env
    [frozen_flower] chain 116/200 task 2/5 step 200/360: running policy
    [frozen_flower] chain 116/200 task 2/5 step 200/360: policy 0.00s, stepping env
    [frozen_flower] chain 116/200 task 2/5 step 225/360: running policy
    [frozen_flower] chain 116/200 task 2/5 step 225/360: policy 0.02s, stepping env
    [frozen_flower] chain 116/200 task 2/5 step 250/360: running policy
    [frozen_flower] chain 116/200 task 2/5 step 250/360: policy 0.00s, stepping env
    [frozen_flower] chain 116/200 task 2/5 step 275/360: running policy
    [frozen_flower] chain 116/200 task 2/5 step 275/360: policy 0.00s, stepping env
    [frozen_flower] chain 116/200 task 2/5 success at step 278
    [frozen_flower] chain 116/200 task 2/5 success: 278 steps, 13.1s
    [frozen_flower] chain 116/200 task 3/5 start: move_slider_right | instruction: push the sliding door to the right side
    [frozen_flower] chain 116/200 task 3/5 step 1/360: running policy
    [frozen_flower] chain 116/200 task 3/5 step 1/360: policy 0.23s, stepping env
    [frozen_flower] chain 116/200 task 3/5 step 25/360: running policy
    [frozen_flower] chain 116/200 task 3/5 step 25/360: policy 0.00s, stepping env
    [frozen_flower] chain 116/200 task 3/5 step 50/360: running policy
    [frozen_flower] chain 116/200 task 3/5 step 50/360: policy 0.01s, stepping env
    [frozen_flower] chain 116/200 task 3/5 success at step 73
    [frozen_flower] chain 116/200 task 3/5 success: 73 steps, 3.0s
    [frozen_flower] chain 116/200 task 4/5 start: close_drawer | instruction: push the handle to close the drawer
    [frozen_flower] chain 116/200 task 4/5 step 1/360: running policy
    [frozen_flower] chain 116/200 task 4/5 step 1/360: policy 0.23s, stepping env
    [frozen_flower] chain 116/200 task 4/5 step 25/360: running policy
    [frozen_flower] chain 116/200 task 4/5 step 25/360: policy 0.00s, stepping env
    [frozen_flower] chain 116/200 task 4/5 step 50/360: running policy
    [frozen_flower] chain 116/200 task 4/5 step 50/360: policy 0.00s, stepping env
    [frozen_flower] chain 116/200 task 4/5 success at step 73
    [frozen_flower] chain 116/200 task 4/5 success: 73 steps, 3.1s
    [frozen_flower] chain 116/200 task 5/5 start: lift_blue_block_table | instruction: grasp and lift the blue block
    [frozen_flower] chain 116/200 task 5/5 step 1/360: running policy
    [frozen_flower] chain 116/200 task 5/5 step 1/360: policy 0.25s, stepping env
    [frozen_flower] chain 116/200 task 5/5 step 25/360: running policy
    [frozen_flower] chain 116/200 task 5/5 step 25/360: policy 0.00s, stepping env
    [frozen_flower] chain 116/200 task 5/5 step 50/360: running policy
    [frozen_flower] chain 116/200 task 5/5 step 50/360: policy 0.01s, stepping env
    [frozen_flower] chain 116/200 task 5/5 success at step 65
    [frozen_flower] chain 116/200 task 5/5 success: 65 steps, 2.9s
    [frozen_flower] chain 117/200 start: ['rotate_pink_block_right', 'turn_off_led', 'move_slider_left', 'lift_pink_block_table', 'place_in_drawer']
    [frozen_flower] chain 117/200 instructions: ['take the pink block and rotate it to the right', 'press the button to turn off the led light', 'push the sliding door to the left side', 'grasp and lift the pink block', 'store the grasped block in the drawer']
    [frozen_flower] chain 117/200 task 1/5 start: rotate_pink_block_right | instruction: take the pink block and rotate it to the right
    [frozen_flower] chain 117/200 task 1/5 step 1/360: running policy
    [frozen_flower] chain 117/200 task 1/5 step 1/360: policy 0.26s, stepping env
    [frozen_flower] chain 117/200 task 1/5 step 25/360: running policy
    [frozen_flower] chain 117/200 task 1/5 step 25/360: policy 0.00s, stepping env
    [frozen_flower] chain 117/200 task 1/5 step 50/360: running policy
    [frozen_flower] chain 117/200 task 1/5 step 50/360: policy 0.01s, stepping env
    [frozen_flower] chain 117/200 task 1/5 step 75/360: running policy
    [frozen_flower] chain 117/200 task 1/5 step 75/360: policy 0.01s, stepping env
    [frozen_flower] chain 117/200 task 1/5 step 100/360: running policy
    [frozen_flower] chain 117/200 task 1/5 step 100/360: policy 0.00s, stepping env
    [frozen_flower] chain 117/200 task 1/5 step 125/360: running policy
    [frozen_flower] chain 117/200 task 1/5 step 125/360: policy 0.00s, stepping env
    [frozen_flower] chain 117/200 task 1/5 step 150/360: running policy
    [frozen_flower] chain 117/200 task 1/5 step 150/360: policy 0.00s, stepping env
    [frozen_flower] chain 117/200 task 1/5 success at step 171
    [frozen_flower] chain 117/200 task 1/5 success: 171 steps, 7.5s
    [frozen_flower] chain 117/200 task 2/5 start: turn_off_led | instruction: press the button to turn off the led light
    [frozen_flower] chain 117/200 task 2/5 step 1/360: running policy
    [frozen_flower] chain 117/200 task 2/5 step 1/360: policy 0.25s, stepping env
    [frozen_flower] chain 117/200 task 2/5 step 25/360: running policy
    [frozen_flower] chain 117/200 task 2/5 step 25/360: policy 0.00s, stepping env
    [frozen_flower] chain 117/200 task 2/5 step 50/360: running policy
    [frozen_flower] chain 117/200 task 2/5 step 50/360: policy 0.00s, stepping env
    [frozen_flower] chain 117/200 task 2/5 step 75/360: running policy
    [frozen_flower] chain 117/200 task 2/5 step 75/360: policy 0.01s, stepping env
    [frozen_flower] chain 117/200 task 2/5 success at step 93
    [frozen_flower] chain 117/200 task 2/5 success: 93 steps, 3.9s
    [frozen_flower] chain 117/200 task 3/5 start: move_slider_left | instruction: push the sliding door to the left side
    [frozen_flower] chain 117/200 task 3/5 step 1/360: running policy
    [frozen_flower] chain 117/200 task 3/5 step 1/360: policy 0.25s, stepping env
    [frozen_flower] chain 117/200 task 3/5 step 25/360: running policy
    [frozen_flower] chain 117/200 task 3/5 step 25/360: policy 0.00s, stepping env
    [frozen_flower] chain 117/200 task 3/5 step 50/360: running policy
    [frozen_flower] chain 117/200 task 3/5 step 50/360: policy 0.00s, stepping env
    [frozen_flower] chain 117/200 task 3/5 step 75/360: running policy
    [frozen_flower] chain 117/200 task 3/5 step 75/360: policy 0.01s, stepping env
    [frozen_flower] chain 117/200 task 3/5 success at step 91
    [frozen_flower] chain 117/200 task 3/5 success: 91 steps, 4.3s
    [frozen_flower] chain 117/200 task 4/5 start: lift_pink_block_table | instruction: grasp and lift the pink block
    [frozen_flower] chain 117/200 task 4/5 step 1/360: running policy
    [frozen_flower] chain 117/200 task 4/5 step 1/360: policy 0.27s, stepping env
    [frozen_flower] chain 117/200 task 4/5 step 25/360: running policy
    [frozen_flower] chain 117/200 task 4/5 step 25/360: policy 0.00s, stepping env
    [frozen_flower] chain 117/200 task 4/5 step 50/360: running policy
    [frozen_flower] chain 117/200 task 4/5 step 50/360: policy 0.00s, stepping env
    [frozen_flower] chain 117/200 task 4/5 step 75/360: running policy
    [frozen_flower] chain 117/200 task 4/5 step 75/360: policy 0.00s, stepping env
    [frozen_flower] chain 117/200 task 4/5 step 100/360: running policy
    [frozen_flower] chain 117/200 task 4/5 step 100/360: policy 0.00s, stepping env
    [frozen_flower] chain 117/200 task 4/5 step 125/360: running policy
    [frozen_flower] chain 117/200 task 4/5 step 125/360: policy 0.00s, stepping env
    [frozen_flower] chain 117/200 task 4/5 step 150/360: running policy
    [frozen_flower] chain 117/200 task 4/5 step 150/360: policy 0.01s, stepping env
    [frozen_flower] chain 117/200 task 4/5 step 175/360: running policy
    [frozen_flower] chain 117/200 task 4/5 step 175/360: policy 0.01s, stepping env
    [frozen_flower] chain 117/200 task 4/5 success at step 194
    [frozen_flower] chain 117/200 task 4/5 success: 194 steps, 8.8s
    [frozen_flower] chain 117/200 task 5/5 start: place_in_drawer | instruction: store the grasped block in the drawer
    [frozen_flower] chain 117/200 task 5/5 step 1/360: running policy
    [frozen_flower] chain 117/200 task 5/5 step 1/360: policy 0.29s, stepping env
    [frozen_flower] chain 117/200 task 5/5 step 25/360: running policy
    [frozen_flower] chain 117/200 task 5/5 step 25/360: policy 0.01s, stepping env
    [frozen_flower] chain 117/200 task 5/5 success at step 33
    [frozen_flower] chain 117/200 task 5/5 success: 33 steps, 1.7s
    [frozen_flower] chain 118/200 start: ['lift_pink_block_slider', 'place_in_drawer', 'lift_pink_block_drawer', 'stack_block', 'turn_on_lightbulb']
    [frozen_flower] chain 118/200 instructions: ['lift the pink block from the sliding cabinet', 'store the grasped block in the drawer', 'Take the pink block from the drawer', 'stack the grasped block', 'use the switch to turn on the light bulb']
    [frozen_flower] chain 118/200 task 1/5 start: lift_pink_block_slider | instruction: lift the pink block from the sliding cabinet
    [frozen_flower] chain 118/200 task 1/5 step 1/360: running policy
    [frozen_flower] chain 118/200 task 1/5 step 1/360: policy 0.25s, stepping env
    [frozen_flower] chain 118/200 task 1/5 step 25/360: running policy
    [frozen_flower] chain 118/200 task 1/5 step 25/360: policy 0.00s, stepping env
    [frozen_flower] chain 118/200 task 1/5 step 50/360: running policy
    [frozen_flower] chain 118/200 task 1/5 step 50/360: policy 0.01s, stepping env
    [frozen_flower] chain 118/200 task 1/5 success at step 65
    [frozen_flower] chain 118/200 task 1/5 success: 65 steps, 2.9s
    [frozen_flower] chain 118/200 task 2/5 start: place_in_drawer | instruction: store the grasped block in the drawer
    [frozen_flower] chain 118/200 task 2/5 step 1/360: running policy
    [frozen_flower] chain 118/200 task 2/5 step 1/360: policy 0.26s, stepping env
    [frozen_flower] chain 118/200 task 2/5 step 25/360: running policy
    [frozen_flower] chain 118/200 task 2/5 step 25/360: policy 0.01s, stepping env
    [frozen_flower] chain 118/200 task 2/5 step 50/360: running policy
    [frozen_flower] chain 118/200 task 2/5 step 50/360: policy 0.01s, stepping env
    [frozen_flower] chain 118/200 task 2/5 success at step 50
    [frozen_flower] chain 118/200 task 2/5 success: 50 steps, 2.3s
    [frozen_flower] chain 118/200 task 3/5 start: lift_pink_block_drawer | instruction: Take the pink block from the drawer
    [frozen_flower] chain 118/200 task 3/5 step 1/360: running policy
    [frozen_flower] chain 118/200 task 3/5 step 1/360: policy 0.27s, stepping env
    [frozen_flower] chain 118/200 task 3/5 success at step 7
    [frozen_flower] chain 118/200 task 3/5 success: 7 steps, 0.4s
    [frozen_flower] chain 118/200 task 4/5 start: stack_block | instruction: stack the grasped block
    [frozen_flower] chain 118/200 task 4/5 step 1/360: running policy
    [frozen_flower] chain 118/200 task 4/5 step 1/360: policy 0.28s, stepping env
    [frozen_flower] chain 118/200 task 4/5 step 25/360: running policy
    [frozen_flower] chain 118/200 task 4/5 step 25/360: policy 0.01s, stepping env
    [frozen_flower] chain 118/200 task 4/5 success at step 42
    [frozen_flower] chain 118/200 task 4/5 success: 42 steps, 2.3s
    [frozen_flower] chain 118/200 task 5/5 start: turn_on_lightbulb | instruction: use the switch to turn on the light bulb
    [frozen_flower] chain 118/200 task 5/5 step 1/360: running policy
    [frozen_flower] chain 118/200 task 5/5 step 1/360: policy 0.29s, stepping env
    [frozen_flower] chain 118/200 task 5/5 step 25/360: running policy
    [frozen_flower] chain 118/200 task 5/5 step 25/360: policy 0.01s, stepping env
    [frozen_flower] chain 118/200 task 5/5 success at step 49
    [frozen_flower] chain 118/200 task 5/5 success: 49 steps, 2.4s
    [frozen_flower] chain 119/200 start: ['turn_off_led', 'lift_pink_block_slider', 'place_in_drawer', 'push_blue_block_left', 'close_drawer']
    [frozen_flower] chain 119/200 instructions: ['press the button to turn off the led light', 'lift the pink block from the sliding cabinet', 'store the grasped block in the drawer', 'go push the blue block left', 'push the handle to close the drawer']
    [frozen_flower] chain 119/200 task 1/5 start: turn_off_led | instruction: press the button to turn off the led light
    [frozen_flower] chain 119/200 task 1/5 step 1/360: running policy
    [frozen_flower] chain 119/200 task 1/5 step 1/360: policy 0.29s, stepping env
    [frozen_flower] chain 119/200 task 1/5 step 25/360: running policy
    [frozen_flower] chain 119/200 task 1/5 step 25/360: policy 0.01s, stepping env
    [frozen_flower] chain 119/200 task 1/5 step 50/360: running policy
    [frozen_flower] chain 119/200 task 1/5 step 50/360: policy 0.00s, stepping env
    [frozen_flower] chain 119/200 task 1/5 success at step 68
    [frozen_flower] chain 119/200 task 1/5 success: 68 steps, 2.9s
    [frozen_flower] chain 119/200 task 2/5 start: lift_pink_block_slider | instruction: lift the pink block from the sliding cabinet
    [frozen_flower] chain 119/200 task 2/5 step 1/360: running policy
    [frozen_flower] chain 119/200 task 2/5 step 1/360: policy 0.24s, stepping env
    [frozen_flower] chain 119/200 task 2/5 step 25/360: running policy
    [frozen_flower] chain 119/200 task 2/5 step 25/360: policy 0.01s, stepping env
    [frozen_flower] chain 119/200 task 2/5 step 50/360: running policy
    [frozen_flower] chain 119/200 task 2/5 step 50/360: policy 0.01s, stepping env
    [frozen_flower] chain 119/200 task 2/5 success at step 62
    [frozen_flower] chain 119/200 task 2/5 success: 62 steps, 3.1s
    [frozen_flower] chain 119/200 task 3/5 start: place_in_drawer | instruction: store the grasped block in the drawer
    [frozen_flower] chain 119/200 task 3/5 step 1/360: running policy
    [frozen_flower] chain 119/200 task 3/5 step 1/360: policy 0.28s, stepping env
    [frozen_flower] chain 119/200 task 3/5 step 25/360: running policy
    [frozen_flower] chain 119/200 task 3/5 step 25/360: policy 0.01s, stepping env
    [frozen_flower] chain 119/200 task 3/5 step 50/360: running policy
    [frozen_flower] chain 119/200 task 3/5 step 50/360: policy 0.01s, stepping env
    [frozen_flower] chain 119/200 task 3/5 success at step 53
    [frozen_flower] chain 119/200 task 3/5 success: 53 steps, 2.7s
    [frozen_flower] chain 119/200 task 4/5 start: push_blue_block_left | instruction: go push the blue block left
    [frozen_flower] chain 119/200 task 4/5 step 1/360: running policy
    [frozen_flower] chain 119/200 task 4/5 step 1/360: policy 0.26s, stepping env
    [frozen_flower] chain 119/200 task 4/5 step 25/360: running policy
    [frozen_flower] chain 119/200 task 4/5 step 25/360: policy 0.01s, stepping env
    [frozen_flower] chain 119/200 task 4/5 step 50/360: running policy
    [frozen_flower] chain 119/200 task 4/5 step 50/360: policy 0.01s, stepping env
    [frozen_flower] chain 119/200 task 4/5 step 75/360: running policy
    [frozen_flower] chain 119/200 task 4/5 step 75/360: policy 0.01s, stepping env
    [frozen_flower] chain 119/200 task 4/5 success at step 80
    [frozen_flower] chain 119/200 task 4/5 success: 80 steps, 3.9s
    [frozen_flower] chain 119/200 task 5/5 start: close_drawer | instruction: push the handle to close the drawer
    [frozen_flower] chain 119/200 task 5/5 step 1/360: running policy
    [frozen_flower] chain 119/200 task 5/5 step 1/360: policy 0.28s, stepping env
    [frozen_flower] chain 119/200 task 5/5 step 25/360: running policy
    [frozen_flower] chain 119/200 task 5/5 step 25/360: policy 0.01s, stepping env
    [frozen_flower] chain 119/200 task 5/5 step 50/360: running policy
    [frozen_flower] chain 119/200 task 5/5 step 50/360: policy 0.01s, stepping env
    [frozen_flower] chain 119/200 task 5/5 success at step 72
    [frozen_flower] chain 119/200 task 5/5 success: 72 steps, 3.7s
    [frozen_flower] chain 120/200 start: ['move_slider_right', 'turn_on_led', 'push_red_block_left', 'lift_pink_block_slider', 'stack_block']
    [frozen_flower] chain 120/200 instructions: ['push the sliding door to the right side', 'press the button to turn on the led light', 'go push the red block left', 'lift the pink block from the sliding cabinet', 'stack the grasped block']
    [frozen_flower] chain 120/200 task 1/5 start: move_slider_right | instruction: push the sliding door to the right side
    [frozen_flower] chain 120/200 task 1/5 step 1/360: running policy
    [frozen_flower] chain 120/200 task 1/5 step 1/360: policy 0.30s, stepping env
    [frozen_flower] chain 120/200 task 1/5 step 25/360: running policy
    [frozen_flower] chain 120/200 task 1/5 step 25/360: policy 0.01s, stepping env
    [frozen_flower] chain 120/200 task 1/5 step 50/360: running policy
    [frozen_flower] chain 120/200 task 1/5 step 50/360: policy 0.01s, stepping env
    [frozen_flower] chain 120/200 task 1/5 success at step 60
    [frozen_flower] chain 120/200 task 1/5 success: 60 steps, 3.0s
    [frozen_flower] chain 120/200 task 2/5 start: turn_on_led | instruction: press the button to turn on the led light
    [frozen_flower] chain 120/200 task 2/5 step 1/360: running policy
    [frozen_flower] chain 120/200 task 2/5 step 1/360: policy 0.29s, stepping env
    [frozen_flower] chain 120/200 task 2/5 step 25/360: running policy
    [frozen_flower] chain 120/200 task 2/5 step 25/360: policy 0.00s, stepping env
    [frozen_flower] chain 120/200 task 2/5 success at step 44
    [frozen_flower] chain 120/200 task 2/5 success: 44 steps, 2.3s
    [frozen_flower] chain 120/200 task 3/5 start: push_red_block_left | instruction: go push the red block left
    [frozen_flower] chain 120/200 task 3/5 step 1/360: running policy
    [frozen_flower] chain 120/200 task 3/5 step 1/360: policy 0.28s, stepping env
    [frozen_flower] chain 120/200 task 3/5 step 25/360: running policy
    [frozen_flower] chain 120/200 task 3/5 step 25/360: policy 0.01s, stepping env
    [frozen_flower] chain 120/200 task 3/5 step 50/360: running policy
    [frozen_flower] chain 120/200 task 3/5 step 50/360: policy 0.01s, stepping env
    [frozen_flower] chain 120/200 task 3/5 step 75/360: running policy
    [frozen_flower] chain 120/200 task 3/5 step 75/360: policy 0.01s, stepping env
    [frozen_flower] chain 120/200 task 3/5 success at step 89
    [frozen_flower] chain 120/200 task 3/5 success: 89 steps, 4.4s
    [frozen_flower] chain 120/200 task 4/5 start: lift_pink_block_slider | instruction: lift the pink block from the sliding cabinet
    [frozen_flower] chain 120/200 task 4/5 step 1/360: running policy
    [frozen_flower] chain 120/200 task 4/5 step 1/360: policy 0.27s, stepping env
    [frozen_flower] chain 120/200 task 4/5 step 25/360: running policy
    [frozen_flower] chain 120/200 task 4/5 step 25/360: policy 0.01s, stepping env
    [frozen_flower] chain 120/200 task 4/5 step 50/360: running policy
    [frozen_flower] chain 120/200 task 4/5 step 50/360: policy 0.01s, stepping env
    [frozen_flower] chain 120/200 task 4/5 success at step 71
    [frozen_flower] chain 120/200 task 4/5 success: 71 steps, 3.8s
    [frozen_flower] chain 120/200 task 5/5 start: stack_block | instruction: stack the grasped block
    [frozen_flower] chain 120/200 task 5/5 step 1/360: running policy
    [frozen_flower] chain 120/200 task 5/5 step 1/360: policy 0.31s, stepping env
    [frozen_flower] chain 120/200 task 5/5 step 25/360: running policy
    [frozen_flower] chain 120/200 task 5/5 step 25/360: policy 0.01s, stepping env
    [frozen_flower] chain 120/200 task 5/5 success at step 48
    [frozen_flower] chain 120/200 task 5/5 success: 48 steps, 2.6s
    [frozen_flower] 120/200 chains, L1 success: 94.2%
    [frozen_flower] chain 121/200 start: ['rotate_blue_block_right', 'move_slider_right', 'close_drawer', 'lift_red_block_slider', 'stack_block']
    [frozen_flower] chain 121/200 instructions: ['take the blue block and rotate it to the right', 'push the sliding door to the right side', 'push the handle to close the drawer', 'lift the red block from the sliding cabinet', 'stack the grasped block']
    [frozen_flower] chain 121/200 task 1/5 start: rotate_blue_block_right | instruction: take the blue block and rotate it to the right
    [frozen_flower] chain 121/200 task 1/5 step 1/360: running policy
    [frozen_flower] chain 121/200 task 1/5 step 1/360: policy 0.29s, stepping env
    [frozen_flower] chain 121/200 task 1/5 step 25/360: running policy
    [frozen_flower] chain 121/200 task 1/5 step 25/360: policy 0.01s, stepping env
    [frozen_flower] chain 121/200 task 1/5 step 50/360: running policy
    [frozen_flower] chain 121/200 task 1/5 step 50/360: policy 0.01s, stepping env
    [frozen_flower] chain 121/200 task 1/5 step 75/360: running policy
    [frozen_flower] chain 121/200 task 1/5 step 75/360: policy 0.01s, stepping env
    [frozen_flower] chain 121/200 task 1/5 success at step 84
    [frozen_flower] chain 121/200 task 1/5 success: 84 steps, 4.6s
    [frozen_flower] chain 121/200 task 2/5 start: move_slider_right | instruction: push the sliding door to the right side
    [frozen_flower] chain 121/200 task 2/5 step 1/360: running policy
    [frozen_flower] chain 121/200 task 2/5 step 1/360: policy 0.32s, stepping env
    [frozen_flower] chain 121/200 task 2/5 step 25/360: running policy
    [frozen_flower] chain 121/200 task 2/5 step 25/360: policy 0.01s, stepping env
    [frozen_flower] chain 121/200 task 2/5 step 50/360: running policy
    [frozen_flower] chain 121/200 task 2/5 step 50/360: policy 0.01s, stepping env
    [frozen_flower] chain 121/200 task 2/5 step 75/360: running policy
    [frozen_flower] chain 121/200 task 2/5 step 75/360: policy 0.01s, stepping env
    [frozen_flower] chain 121/200 task 2/5 success at step 80
    [frozen_flower] chain 121/200 task 2/5 success: 80 steps, 4.2s
    [frozen_flower] chain 121/200 task 3/5 start: close_drawer | instruction: push the handle to close the drawer
    [frozen_flower] chain 121/200 task 3/5 step 1/360: running policy
    [frozen_flower] chain 121/200 task 3/5 step 1/360: policy 0.29s, stepping env
    [frozen_flower] chain 121/200 task 3/5 step 25/360: running policy
    [frozen_flower] chain 121/200 task 3/5 step 25/360: policy 0.00s, stepping env
    [frozen_flower] chain 121/200 task 3/5 step 50/360: running policy
    [frozen_flower] chain 121/200 task 3/5 step 50/360: policy 0.00s, stepping env
    [frozen_flower] chain 121/200 task 3/5 step 75/360: running policy
    [frozen_flower] chain 121/200 task 3/5 step 75/360: policy 0.00s, stepping env
    [frozen_flower] chain 121/200 task 3/5 success at step 81
    [frozen_flower] chain 121/200 task 3/5 success: 81 steps, 3.5s
    [frozen_flower] chain 121/200 task 4/5 start: lift_red_block_slider | instruction: lift the red block from the sliding cabinet
    [frozen_flower] chain 121/200 task 4/5 step 1/360: running policy
    [frozen_flower] chain 121/200 task 4/5 step 1/360: policy 0.24s, stepping env
    [frozen_flower] chain 121/200 task 4/5 step 25/360: running policy
    [frozen_flower] chain 121/200 task 4/5 step 25/360: policy 0.00s, stepping env
    [frozen_flower] chain 121/200 task 4/5 step 50/360: running policy
    [frozen_flower] chain 121/200 task 4/5 step 50/360: policy 0.00s, stepping env
    [frozen_flower] chain 121/200 task 4/5 step 75/360: running policy
    [frozen_flower] chain 121/200 task 4/5 step 75/360: policy 0.00s, stepping env
    [frozen_flower] chain 121/200 task 4/5 step 100/360: running policy
    [frozen_flower] chain 121/200 task 4/5 step 100/360: policy 0.00s, stepping env
    [frozen_flower] chain 121/200 task 4/5 success at step 108
    [frozen_flower] chain 121/200 task 4/5 success: 108 steps, 4.4s
    [frozen_flower] chain 121/200 task 5/5 start: stack_block | instruction: stack the grasped block
    [frozen_flower] chain 121/200 task 5/5 step 1/360: running policy
    [frozen_flower] chain 121/200 task 5/5 step 1/360: policy 0.26s, stepping env
    [frozen_flower] chain 121/200 task 5/5 step 25/360: running policy
    [frozen_flower] chain 121/200 task 5/5 step 25/360: policy 0.00s, stepping env
    [frozen_flower] chain 121/200 task 5/5 step 50/360: running policy
    [frozen_flower] chain 121/200 task 5/5 step 50/360: policy 0.00s, stepping env
    [frozen_flower] chain 121/200 task 5/5 success at step 69
    [frozen_flower] chain 121/200 task 5/5 success: 69 steps, 3.0s
    [frozen_flower] chain 122/200 start: ['turn_off_lightbulb', 'rotate_blue_block_right', 'move_slider_left', 'lift_red_block_table', 'place_in_drawer']
    [frozen_flower] chain 122/200 instructions: ['use the switch to turn off the light bulb', 'take the blue block and rotate it to the right', 'push the sliding door to the left side', 'grasp and lift the red block', 'store the grasped block in the drawer']
    [frozen_flower] chain 122/200 task 1/5 start: turn_off_lightbulb | instruction: use the switch to turn off the light bulb
    [frozen_flower] chain 122/200 task 1/5 step 1/360: running policy
    [frozen_flower] chain 122/200 task 1/5 step 1/360: policy 0.26s, stepping env
    [frozen_flower] chain 122/200 task 1/5 step 25/360: running policy
    [frozen_flower] chain 122/200 task 1/5 step 25/360: policy 0.00s, stepping env
    [frozen_flower] chain 122/200 task 1/5 step 50/360: running policy
    [frozen_flower] chain 122/200 task 1/5 step 50/360: policy 0.00s, stepping env
    [frozen_flower] chain 122/200 task 1/5 success at step 54
    [frozen_flower] chain 122/200 task 1/5 success: 54 steps, 2.4s
    [frozen_flower] chain 122/200 task 2/5 start: rotate_blue_block_right | instruction: take the blue block and rotate it to the right
    [frozen_flower] chain 122/200 task 2/5 step 1/360: running policy
    [frozen_flower] chain 122/200 task 2/5 step 1/360: policy 0.26s, stepping env
    [frozen_flower] chain 122/200 task 2/5 step 25/360: running policy
    [frozen_flower] chain 122/200 task 2/5 step 25/360: policy 0.00s, stepping env
    [frozen_flower] chain 122/200 task 2/5 step 50/360: running policy
    [frozen_flower] chain 122/200 task 2/5 step 50/360: policy 0.00s, stepping env
    [frozen_flower] chain 122/200 task 2/5 step 75/360: running policy
    [frozen_flower] chain 122/200 task 2/5 step 75/360: policy 0.00s, stepping env
    [frozen_flower] chain 122/200 task 2/5 step 100/360: running policy
    [frozen_flower] chain 122/200 task 2/5 step 100/360: policy 0.00s, stepping env
    [frozen_flower] chain 122/200 task 2/5 success at step 110
    [frozen_flower] chain 122/200 task 2/5 success: 110 steps, 4.4s
    [frozen_flower] chain 122/200 task 3/5 start: move_slider_left | instruction: push the sliding door to the left side
    [frozen_flower] chain 122/200 task 3/5 step 1/360: running policy
    [frozen_flower] chain 122/200 task 3/5 step 1/360: policy 0.25s, stepping env
    [frozen_flower] chain 122/200 task 3/5 step 25/360: running policy
    [frozen_flower] chain 122/200 task 3/5 step 25/360: policy 0.00s, stepping env
    [frozen_flower] chain 122/200 task 3/5 step 50/360: running policy
    [frozen_flower] chain 122/200 task 3/5 step 50/360: policy 0.01s, stepping env
    [frozen_flower] chain 122/200 task 3/5 success at step 66
    [frozen_flower] chain 122/200 task 3/5 success: 66 steps, 2.8s
    [frozen_flower] chain 122/200 task 4/5 start: lift_red_block_table | instruction: grasp and lift the red block
    [frozen_flower] chain 122/200 task 4/5 step 1/360: running policy
    [frozen_flower] chain 122/200 task 4/5 step 1/360: policy 0.27s, stepping env
    [frozen_flower] chain 122/200 task 4/5 step 25/360: running policy
    [frozen_flower] chain 122/200 task 4/5 step 25/360: policy 0.00s, stepping env
    [frozen_flower] chain 122/200 task 4/5 step 50/360: running policy
    [frozen_flower] chain 122/200 task 4/5 step 50/360: policy 0.00s, stepping env
    [frozen_flower] chain 122/200 task 4/5 step 75/360: running policy
    [frozen_flower] chain 122/200 task 4/5 step 75/360: policy 0.01s, stepping env
    [frozen_flower] chain 122/200 task 4/5 step 100/360: running policy
    [frozen_flower] chain 122/200 task 4/5 step 100/360: policy 0.00s, stepping env
    [frozen_flower] chain 122/200 task 4/5 step 125/360: running policy
    [frozen_flower] chain 122/200 task 4/5 step 125/360: policy 0.01s, stepping env
    [frozen_flower] chain 122/200 task 4/5 success at step 130
    [frozen_flower] chain 122/200 task 4/5 success: 130 steps, 5.6s
    [frozen_flower] chain 122/200 task 5/5 start: place_in_drawer | instruction: store the grasped block in the drawer
    [frozen_flower] chain 122/200 task 5/5 step 1/360: running policy
    [frozen_flower] chain 122/200 task 5/5 step 1/360: policy 0.26s, stepping env
    [frozen_flower] chain 122/200 task 5/5 step 25/360: running policy
    [frozen_flower] chain 122/200 task 5/5 step 25/360: policy 0.01s, stepping env
    [frozen_flower] chain 122/200 task 5/5 success at step 34
    [frozen_flower] chain 122/200 task 5/5 success: 34 steps, 1.7s
    [frozen_flower] chain 123/200 start: ['push_blue_block_right', 'move_slider_left', 'lift_red_block_slider', 'place_in_drawer', 'turn_off_led']
    [frozen_flower] chain 123/200 instructions: ['go push the blue block right', 'push the sliding door to the left side', 'lift the red block from the sliding cabinet', 'store the grasped block in the drawer', 'press the button to turn off the led light']
    [frozen_flower] chain 123/200 task 1/5 start: push_blue_block_right | instruction: go push the blue block right
    [frozen_flower] chain 123/200 task 1/5 step 1/360: running policy
    [frozen_flower] chain 123/200 task 1/5 step 1/360: policy 0.28s, stepping env
    [frozen_flower] chain 123/200 task 1/5 step 25/360: running policy
    [frozen_flower] chain 123/200 task 1/5 step 25/360: policy 0.01s, stepping env
    [frozen_flower] chain 123/200 task 1/5 step 50/360: running policy
    [frozen_flower] chain 123/200 task 1/5 step 50/360: policy 0.01s, stepping env
    [frozen_flower] chain 123/200 task 1/5 step 75/360: running policy
    [frozen_flower] chain 123/200 task 1/5 step 75/360: policy 0.01s, stepping env
    [frozen_flower] chain 123/200 task 1/5 step 100/360: running policy
    [frozen_flower] chain 123/200 task 1/5 step 100/360: policy 0.00s, stepping env
    [frozen_flower] chain 123/200 task 1/5 step 125/360: running policy
    [frozen_flower] chain 123/200 task 1/5 step 125/360: policy 0.00s, stepping env
    [frozen_flower] chain 123/200 task 1/5 success at step 127
    [frozen_flower] chain 123/200 task 1/5 success: 127 steps, 5.8s
    [frozen_flower] chain 123/200 task 2/5 start: move_slider_left | instruction: push the sliding door to the left side
    [frozen_flower] chain 123/200 task 2/5 step 1/360: running policy
    [frozen_flower] chain 123/200 task 2/5 step 1/360: policy 0.29s, stepping env
    [frozen_flower] chain 123/200 task 2/5 step 25/360: running policy
    [frozen_flower] chain 123/200 task 2/5 step 25/360: policy 0.01s, stepping env
    [frozen_flower] chain 123/200 task 2/5 step 50/360: running policy
    [frozen_flower] chain 123/200 task 2/5 step 50/360: policy 0.00s, stepping env
    [frozen_flower] chain 123/200 task 2/5 success at step 54
    [frozen_flower] chain 123/200 task 2/5 success: 54 steps, 2.7s
    [frozen_flower] chain 123/200 task 3/5 start: lift_red_block_slider | instruction: lift the red block from the sliding cabinet
    [frozen_flower] chain 123/200 task 3/5 step 1/360: running policy
    [frozen_flower] chain 123/200 task 3/5 step 1/360: policy 0.29s, stepping env
    [frozen_flower] chain 123/200 task 3/5 step 25/360: running policy
    [frozen_flower] chain 123/200 task 3/5 step 25/360: policy 0.01s, stepping env
    [frozen_flower] chain 123/200 task 3/5 step 50/360: running policy
    [frozen_flower] chain 123/200 task 3/5 step 50/360: policy 0.01s, stepping env
    [frozen_flower] chain 123/200 task 3/5 step 75/360: running policy
    [frozen_flower] chain 123/200 task 3/5 step 75/360: policy 0.01s, stepping env
    [frozen_flower] chain 123/200 task 3/5 step 100/360: running policy
    [frozen_flower] chain 123/200 task 3/5 step 100/360: policy 0.01s, stepping env
    [frozen_flower] chain 123/200 task 3/5 success at step 124
    [frozen_flower] chain 123/200 task 3/5 success: 124 steps, 5.9s
    [frozen_flower] chain 123/200 task 4/5 start: place_in_drawer | instruction: store the grasped block in the drawer
    [frozen_flower] chain 123/200 task 4/5 step 1/360: running policy
    [frozen_flower] chain 123/200 task 4/5 step 1/360: policy 0.29s, stepping env
    [frozen_flower] chain 123/200 task 4/5 step 25/360: running policy
    [frozen_flower] chain 123/200 task 4/5 step 25/360: policy 0.01s, stepping env
    [frozen_flower] chain 123/200 task 4/5 step 50/360: running policy
    [frozen_flower] chain 123/200 task 4/5 step 50/360: policy 0.00s, stepping env
    [frozen_flower] chain 123/200 task 4/5 success at step 52
    [frozen_flower] chain 123/200 task 4/5 success: 52 steps, 2.6s
    [frozen_flower] chain 123/200 task 5/5 start: turn_off_led | instruction: press the button to turn off the led light
    [frozen_flower] chain 123/200 task 5/5 step 1/360: running policy
    [frozen_flower] chain 123/200 task 5/5 step 1/360: policy 0.28s, stepping env
    [frozen_flower] chain 123/200 task 5/5 step 25/360: running policy
    [frozen_flower] chain 123/200 task 5/5 step 25/360: policy 0.01s, stepping env
    [frozen_flower] chain 123/200 task 5/5 step 50/360: running policy
    [frozen_flower] chain 123/200 task 5/5 step 50/360: policy 0.01s, stepping env
    [frozen_flower] chain 123/200 task 5/5 success at step 74
    [frozen_flower] chain 123/200 task 5/5 success: 74 steps, 3.6s
    [frozen_flower] chain 124/200 start: ['push_red_block_right', 'move_slider_left', 'turn_off_led', 'close_drawer', 'lift_blue_block_table']
    [frozen_flower] chain 124/200 instructions: ['go push the red block right', 'push the sliding door to the left side', 'press the button to turn off the led light', 'push the handle to close the drawer', 'grasp and lift the blue block']
    [frozen_flower] chain 124/200 task 1/5 start: push_red_block_right | instruction: go push the red block right
    [frozen_flower] chain 124/200 task 1/5 step 1/360: running policy
    [frozen_flower] chain 124/200 task 1/5 step 1/360: policy 0.30s, stepping env
    [frozen_flower] chain 124/200 task 1/5 step 25/360: running policy
    [frozen_flower] chain 124/200 task 1/5 step 25/360: policy 0.01s, stepping env
    [frozen_flower] chain 124/200 task 1/5 step 50/360: running policy
    [frozen_flower] chain 124/200 task 1/5 step 50/360: policy 0.01s, stepping env
    [frozen_flower] chain 124/200 task 1/5 step 75/360: running policy
    [frozen_flower] chain 124/200 task 1/5 step 75/360: policy 0.01s, stepping env
    [frozen_flower] chain 124/200 task 1/5 step 100/360: running policy
    [frozen_flower] chain 124/200 task 1/5 step 100/360: policy 0.01s, stepping env
    [frozen_flower] chain 124/200 task 1/5 step 125/360: running policy
    [frozen_flower] chain 124/200 task 1/5 step 125/360: policy 0.01s, stepping env
    [frozen_flower] chain 124/200 task 1/5 step 150/360: running policy
    [frozen_flower] chain 124/200 task 1/5 step 150/360: policy 0.01s, stepping env
    [frozen_flower] chain 124/200 task 1/5 step 175/360: running policy
    [frozen_flower] chain 124/200 task 1/5 step 175/360: policy 0.01s, stepping env
    [frozen_flower] chain 124/200 task 1/5 step 200/360: running policy
    [frozen_flower] chain 124/200 task 1/5 step 200/360: policy 0.00s, stepping env
    [frozen_flower] chain 124/200 task 1/5 success at step 200
    [frozen_flower] chain 124/200 task 1/5 success: 200 steps, 9.2s
    [frozen_flower] chain 124/200 task 2/5 start: move_slider_left | instruction: push the sliding door to the left side
    [frozen_flower] chain 124/200 task 2/5 step 1/360: running policy
    [frozen_flower] chain 124/200 task 2/5 step 1/360: policy 0.26s, stepping env
    [frozen_flower] chain 124/200 task 2/5 step 25/360: running policy
    [frozen_flower] chain 124/200 task 2/5 step 25/360: policy 0.01s, stepping env
    [frozen_flower] chain 124/200 task 2/5 step 50/360: running policy
    [frozen_flower] chain 124/200 task 2/5 step 50/360: policy 0.01s, stepping env
    [frozen_flower] chain 124/200 task 2/5 step 75/360: running policy
    [frozen_flower] chain 124/200 task 2/5 step 75/360: policy 0.01s, stepping env
    [frozen_flower] chain 124/200 task 2/5 success at step 92
    [frozen_flower] chain 124/200 task 2/5 success: 92 steps, 4.6s
    [frozen_flower] chain 124/200 task 3/5 start: turn_off_led | instruction: press the button to turn off the led light
    [frozen_flower] chain 124/200 task 3/5 step 1/360: running policy
    [frozen_flower] chain 124/200 task 3/5 step 1/360: policy 0.28s, stepping env
    [frozen_flower] chain 124/200 task 3/5 step 25/360: running policy
    [frozen_flower] chain 124/200 task 3/5 step 25/360: policy 0.01s, stepping env
    [frozen_flower] chain 124/200 task 3/5 step 50/360: running policy
    [frozen_flower] chain 124/200 task 3/5 step 50/360: policy 0.01s, stepping env
    [frozen_flower] chain 124/200 task 3/5 success at step 62
    [frozen_flower] chain 124/200 task 3/5 success: 62 steps, 3.1s
    [frozen_flower] chain 124/200 task 4/5 start: close_drawer | instruction: push the handle to close the drawer
    [frozen_flower] chain 124/200 task 4/5 step 1/360: running policy
    [frozen_flower] chain 124/200 task 4/5 step 1/360: policy 0.28s, stepping env
    [frozen_flower] chain 124/200 task 4/5 step 25/360: running policy
    [frozen_flower] chain 124/200 task 4/5 step 25/360: policy 0.01s, stepping env
    [frozen_flower] chain 124/200 task 4/5 step 50/360: running policy
    [frozen_flower] chain 124/200 task 4/5 step 50/360: policy 0.01s, stepping env
    [frozen_flower] chain 124/200 task 4/5 success at step 74
    [frozen_flower] chain 124/200 task 4/5 success: 74 steps, 3.8s
    [frozen_flower] chain 124/200 task 5/5 start: lift_blue_block_table | instruction: grasp and lift the blue block
    [frozen_flower] chain 124/200 task 5/5 step 1/360: running policy
    [frozen_flower] chain 124/200 task 5/5 step 1/360: policy 0.28s, stepping env
    [frozen_flower] chain 124/200 task 5/5 step 25/360: running policy
    [frozen_flower] chain 124/200 task 5/5 step 25/360: policy 0.01s, stepping env
    [frozen_flower] chain 124/200 task 5/5 step 50/360: running policy
    [frozen_flower] chain 124/200 task 5/5 step 50/360: policy 0.01s, stepping env
    [frozen_flower] chain 124/200 task 5/5 step 75/360: running policy
    [frozen_flower] chain 124/200 task 5/5 step 75/360: policy 0.00s, stepping env
    [frozen_flower] chain 124/200 task 5/5 success at step 76
    [frozen_flower] chain 124/200 task 5/5 success: 76 steps, 3.9s
    [frozen_flower] chain 125/200 start: ['move_slider_right', 'turn_off_led', 'lift_blue_block_slider', 'place_in_slider', 'push_pink_block_right']
    [frozen_flower] chain 125/200 instructions: ['push the sliding door to the right side', 'press the button to turn off the led light', 'lift the blue block from the sliding cabinet', 'store the grasped block in the sliding cabinet', 'go push the pink block right']
    [frozen_flower] chain 125/200 task 1/5 start: move_slider_right | instruction: push the sliding door to the right side
    [frozen_flower] chain 125/200 task 1/5 step 1/360: running policy
    [frozen_flower] chain 125/200 task 1/5 step 1/360: policy 0.31s, stepping env
    [frozen_flower] chain 125/200 task 1/5 step 25/360: running policy
    [frozen_flower] chain 125/200 task 1/5 step 25/360: policy 0.01s, stepping env
    [frozen_flower] chain 125/200 task 1/5 step 50/360: running policy
    [frozen_flower] chain 125/200 task 1/5 step 50/360: policy 0.01s, stepping env
    [frozen_flower] chain 125/200 task 1/5 success at step 60
    [frozen_flower] chain 125/200 task 1/5 success: 60 steps, 3.1s
    [frozen_flower] chain 125/200 task 2/5 start: turn_off_led | instruction: press the button to turn off the led light
    [frozen_flower] chain 125/200 task 2/5 step 1/360: running policy
    [frozen_flower] chain 125/200 task 2/5 step 1/360: policy 0.31s, stepping env
    [frozen_flower] chain 125/200 task 2/5 step 25/360: running policy
    [frozen_flower] chain 125/200 task 2/5 step 25/360: policy 0.01s, stepping env
    [frozen_flower] chain 125/200 task 2/5 step 50/360: running policy
    [frozen_flower] chain 125/200 task 2/5 step 50/360: policy 0.01s, stepping env
    [frozen_flower] chain 125/200 task 2/5 success at step 63
    [frozen_flower] chain 125/200 task 2/5 success: 63 steps, 3.5s
    [frozen_flower] chain 125/200 task 3/5 start: lift_blue_block_slider | instruction: lift the blue block from the sliding cabinet
    [frozen_flower] chain 125/200 task 3/5 step 1/360: running policy
    [frozen_flower] chain 125/200 task 3/5 step 1/360: policy 0.30s, stepping env
    [frozen_flower] chain 125/200 task 3/5 step 25/360: running policy
    [frozen_flower] chain 125/200 task 3/5 step 25/360: policy 0.01s, stepping env
    [frozen_flower] chain 125/200 task 3/5 step 50/360: running policy
    [frozen_flower] chain 125/200 task 3/5 step 50/360: policy 0.01s, stepping env
    [frozen_flower] chain 125/200 task 3/5 success at step 69
    [frozen_flower] chain 125/200 task 3/5 success: 69 steps, 3.7s
    [frozen_flower] chain 125/200 task 4/5 start: place_in_slider | instruction: store the grasped block in the sliding cabinet
    [frozen_flower] chain 125/200 task 4/5 step 1/360: running policy
    [frozen_flower] chain 125/200 task 4/5 step 1/360: policy 0.31s, stepping env
    [frozen_flower] chain 125/200 task 4/5 success at step 9
    [frozen_flower] chain 125/200 task 4/5 success: 9 steps, 0.5s
    [frozen_flower] chain 125/200 task 5/5 start: push_pink_block_right | instruction: go push the pink block right
    [frozen_flower] chain 125/200 task 5/5 step 1/360: running policy
    [frozen_flower] chain 125/200 task 5/5 step 1/360: policy 0.30s, stepping env
    [frozen_flower] chain 125/200 task 5/5 step 25/360: running policy
    [frozen_flower] chain 125/200 task 5/5 step 25/360: policy 0.01s, stepping env
    [frozen_flower] chain 125/200 task 5/5 step 50/360: running policy
    [frozen_flower] chain 125/200 task 5/5 step 50/360: policy 0.01s, stepping env
    [frozen_flower] chain 125/200 task 5/5 step 75/360: running policy
    [frozen_flower] chain 125/200 task 5/5 step 75/360: policy 0.01s, stepping env
    [frozen_flower] chain 125/200 task 5/5 step 100/360: running policy
    [frozen_flower] chain 125/200 task 5/5 step 100/360: policy 0.01s, stepping env
    [frozen_flower] chain 125/200 task 5/5 step 125/360: running policy
    [frozen_flower] chain 125/200 task 5/5 step 125/360: policy 0.00s, stepping env
    [frozen_flower] chain 125/200 task 5/5 step 150/360: running policy
    [frozen_flower] chain 125/200 task 5/5 step 150/360: policy 0.01s, stepping env
    [frozen_flower] chain 125/200 task 5/5 step 175/360: running policy
    [frozen_flower] chain 125/200 task 5/5 step 175/360: policy 0.00s, stepping env
    [frozen_flower] chain 125/200 task 5/5 step 200/360: running policy
    [frozen_flower] chain 125/200 task 5/5 step 200/360: policy 0.00s, stepping env
    [frozen_flower] chain 125/200 task 5/5 success at step 224
    [frozen_flower] chain 125/200 task 5/5 success: 224 steps, 10.9s
    [frozen_flower] chain 126/200 start: ['rotate_pink_block_right', 'open_drawer', 'move_slider_right', 'turn_off_lightbulb', 'push_into_drawer']
    [frozen_flower] chain 126/200 instructions: ['take the pink block and rotate it to the right', 'pull the handle to open the drawer', 'push the sliding door to the right side', 'use the switch to turn off the light bulb', 'slide the block that it falls into the drawer']
    [frozen_flower] chain 126/200 task 1/5 start: rotate_pink_block_right | instruction: take the pink block and rotate it to the right
    [frozen_flower] chain 126/200 task 1/5 step 1/360: running policy
    [frozen_flower] chain 126/200 task 1/5 step 1/360: policy 0.26s, stepping env
    [frozen_flower] chain 126/200 task 1/5 step 25/360: running policy
    [frozen_flower] chain 126/200 task 1/5 step 25/360: policy 0.00s, stepping env
    [frozen_flower] chain 126/200 task 1/5 step 50/360: running policy
    [frozen_flower] chain 126/200 task 1/5 step 50/360: policy 0.00s, stepping env
    [frozen_flower] chain 126/200 task 1/5 step 75/360: running policy
    [frozen_flower] chain 126/200 task 1/5 step 75/360: policy 0.00s, stepping env
    [frozen_flower] chain 126/200 task 1/5 step 100/360: running policy
    [frozen_flower] chain 126/200 task 1/5 step 100/360: policy 0.00s, stepping env
    [frozen_flower] chain 126/200 task 1/5 success at step 112
    [frozen_flower] chain 126/200 task 1/5 success: 112 steps, 4.8s
    [frozen_flower] chain 126/200 task 2/5 start: open_drawer | instruction: pull the handle to open the drawer
    [frozen_flower] chain 126/200 task 2/5 step 1/360: running policy
    [frozen_flower] chain 126/200 task 2/5 step 1/360: policy 0.27s, stepping env
    [frozen_flower] chain 126/200 task 2/5 step 25/360: running policy
    [frozen_flower] chain 126/200 task 2/5 step 25/360: policy 0.00s, stepping env
    [frozen_flower] chain 126/200 task 2/5 step 50/360: running policy
    [frozen_flower] chain 126/200 task 2/5 step 50/360: policy 0.00s, stepping env
    [frozen_flower] chain 126/200 task 2/5 step 75/360: running policy
    [frozen_flower] chain 126/200 task 2/5 step 75/360: policy 0.00s, stepping env
    [frozen_flower] chain 126/200 task 2/5 success at step 82
    [frozen_flower] chain 126/200 task 2/5 success: 82 steps, 3.6s
    [frozen_flower] chain 126/200 task 3/5 start: move_slider_right | instruction: push the sliding door to the right side
    [frozen_flower] chain 126/200 task 3/5 step 1/360: running policy
    [frozen_flower] chain 126/200 task 3/5 step 1/360: policy 0.26s, stepping env
    [frozen_flower] chain 126/200 task 3/5 step 25/360: running policy
    [frozen_flower] chain 126/200 task 3/5 step 25/360: policy 0.00s, stepping env
    [frozen_flower] chain 126/200 task 3/5 step 50/360: running policy
    [frozen_flower] chain 126/200 task 3/5 step 50/360: policy 0.00s, stepping env
    [frozen_flower] chain 126/200 task 3/5 step 75/360: running policy
    [frozen_flower] chain 126/200 task 3/5 step 75/360: policy 0.00s, stepping env
    [frozen_flower] chain 126/200 task 3/5 success at step 88
    [frozen_flower] chain 126/200 task 3/5 success: 88 steps, 3.7s
    [frozen_flower] chain 126/200 task 4/5 start: turn_off_lightbulb | instruction: use the switch to turn off the light bulb
    [frozen_flower] chain 126/200 task 4/5 step 1/360: running policy
    [frozen_flower] chain 126/200 task 4/5 step 1/360: policy 0.27s, stepping env
    [frozen_flower] chain 126/200 task 4/5 step 25/360: running policy
    [frozen_flower] chain 126/200 task 4/5 step 25/360: policy 0.01s, stepping env
    [frozen_flower] chain 126/200 task 4/5 step 50/360: running policy
    [frozen_flower] chain 126/200 task 4/5 step 50/360: policy 0.01s, stepping env
    [frozen_flower] chain 126/200 task 4/5 success at step 69
    [frozen_flower] chain 126/200 task 4/5 success: 69 steps, 3.0s
    [frozen_flower] chain 126/200 task 5/5 start: push_into_drawer | instruction: slide the block that it falls into the drawer
    [frozen_flower] chain 126/200 task 5/5 step 1/360: running policy
    [frozen_flower] chain 126/200 task 5/5 step 1/360: policy 0.25s, stepping env
    [frozen_flower] chain 126/200 task 5/5 step 25/360: running policy
    [frozen_flower] chain 126/200 task 5/5 step 25/360: policy 0.00s, stepping env
    [frozen_flower] chain 126/200 task 5/5 step 50/360: running policy
    [frozen_flower] chain 126/200 task 5/5 step 50/360: policy 0.00s, stepping env
    [frozen_flower] chain 126/200 task 5/5 success at step 71
    [frozen_flower] chain 126/200 task 5/5 success: 71 steps, 3.1s
    [frozen_flower] chain 127/200 start: ['move_slider_right', 'lift_red_block_slider', 'stack_block', 'close_drawer', 'turn_on_led']
    [frozen_flower] chain 127/200 instructions: ['push the sliding door to the right side', 'lift the red block from the sliding cabinet', 'stack the grasped block', 'push the handle to close the drawer', 'press the button to turn on the led light']
    [frozen_flower] chain 127/200 task 1/5 start: move_slider_right | instruction: push the sliding door to the right side
    [frozen_flower] chain 127/200 task 1/5 step 1/360: running policy
    [frozen_flower] chain 127/200 task 1/5 step 1/360: policy 0.22s, stepping env
    [frozen_flower] chain 127/200 task 1/5 step 25/360: running policy
    [frozen_flower] chain 127/200 task 1/5 step 25/360: policy 0.00s, stepping env
    [frozen_flower] chain 127/200 task 1/5 step 50/360: running policy
    [frozen_flower] chain 127/200 task 1/5 step 50/360: policy 0.00s, stepping env
    [frozen_flower] chain 127/200 task 1/5 success at step 61
    [frozen_flower] chain 127/200 task 1/5 success: 61 steps, 2.6s
    [frozen_flower] chain 127/200 task 2/5 start: lift_red_block_slider | instruction: lift the red block from the sliding cabinet
    [frozen_flower] chain 127/200 task 2/5 step 1/360: running policy
    [frozen_flower] chain 127/200 task 2/5 step 1/360: policy 0.25s, stepping env
    [frozen_flower] chain 127/200 task 2/5 step 25/360: running policy
    [frozen_flower] chain 127/200 task 2/5 step 25/360: policy 0.00s, stepping env
    [frozen_flower] chain 127/200 task 2/5 step 50/360: running policy
    [frozen_flower] chain 127/200 task 2/5 step 50/360: policy 0.00s, stepping env
    [frozen_flower] chain 127/200 task 2/5 step 75/360: running policy
    [frozen_flower] chain 127/200 task 2/5 step 75/360: policy 0.01s, stepping env
    [frozen_flower] chain 127/200 task 2/5 success at step 83
    [frozen_flower] chain 127/200 task 2/5 success: 83 steps, 3.8s
    [frozen_flower] chain 127/200 task 3/5 start: stack_block | instruction: stack the grasped block
    [frozen_flower] chain 127/200 task 3/5 step 1/360: running policy
    [frozen_flower] chain 127/200 task 3/5 step 1/360: policy 0.28s, stepping env
    [frozen_flower] chain 127/200 task 3/5 step 25/360: running policy
    [frozen_flower] chain 127/200 task 3/5 step 25/360: policy 0.01s, stepping env
    [frozen_flower] chain 127/200 task 3/5 step 50/360: running policy
    [frozen_flower] chain 127/200 task 3/5 step 50/360: policy 0.00s, stepping env
    [frozen_flower] chain 127/200 task 3/5 step 75/360: running policy
    [frozen_flower] chain 127/200 task 3/5 step 75/360: policy 0.01s, stepping env
    [frozen_flower] chain 127/200 task 3/5 step 100/360: running policy
    [frozen_flower] chain 127/200 task 3/5 step 100/360: policy 0.00s, stepping env
    [frozen_flower] chain 127/200 task 3/5 step 125/360: running policy
    [frozen_flower] chain 127/200 task 3/5 step 125/360: policy 0.00s, stepping env
    [frozen_flower] chain 127/200 task 3/5 step 150/360: running policy
    [frozen_flower] chain 127/200 task 3/5 step 150/360: policy 0.00s, stepping env
    [frozen_flower] chain 127/200 task 3/5 step 175/360: running policy
    [frozen_flower] chain 127/200 task 3/5 step 175/360: policy 0.00s, stepping env
    [frozen_flower] chain 127/200 task 3/5 step 200/360: running policy
    [frozen_flower] chain 127/200 task 3/5 step 200/360: policy 0.00s, stepping env
    [frozen_flower] chain 127/200 task 3/5 success at step 202
    [frozen_flower] chain 127/200 task 3/5 success: 202 steps, 9.2s
    [frozen_flower] chain 127/200 task 4/5 start: close_drawer | instruction: push the handle to close the drawer
    [frozen_flower] chain 127/200 task 4/5 step 1/360: running policy
    [frozen_flower] chain 127/200 task 4/5 step 1/360: policy 0.27s, stepping env
    [frozen_flower] chain 127/200 task 4/5 step 25/360: running policy
    [frozen_flower] chain 127/200 task 4/5 step 25/360: policy 0.00s, stepping env
    [frozen_flower] chain 127/200 task 4/5 step 50/360: running policy
    [frozen_flower] chain 127/200 task 4/5 step 50/360: policy 0.01s, stepping env
    [frozen_flower] chain 127/200 task 4/5 success at step 74
    [frozen_flower] chain 127/200 task 4/5 success: 74 steps, 3.5s
    [frozen_flower] chain 127/200 task 5/5 start: turn_on_led | instruction: press the button to turn on the led light
    [frozen_flower] chain 127/200 task 5/5 step 1/360: running policy
    [frozen_flower] chain 127/200 task 5/5 step 1/360: policy 0.27s, stepping env
    [frozen_flower] chain 127/200 task 5/5 step 25/360: running policy
    [frozen_flower] chain 127/200 task 5/5 step 25/360: policy 0.01s, stepping env
    [frozen_flower] chain 127/200 task 5/5 step 50/360: running policy
    [frozen_flower] chain 127/200 task 5/5 step 50/360: policy 0.01s, stepping env
    [frozen_flower] chain 127/200 task 5/5 step 75/360: running policy
    [frozen_flower] chain 127/200 task 5/5 step 75/360: policy 0.01s, stepping env
    [frozen_flower] chain 127/200 task 5/5 success at step 83
    [frozen_flower] chain 127/200 task 5/5 success: 83 steps, 4.0s
    [frozen_flower] chain 128/200 start: ['push_red_block_right', 'open_drawer', 'lift_red_block_table', 'stack_block', 'move_slider_left']
    [frozen_flower] chain 128/200 instructions: ['go push the red block right', 'pull the handle to open the drawer', 'grasp and lift the red block', 'stack the grasped block', 'push the sliding door to the left side']
    [frozen_flower] chain 128/200 task 1/5 start: push_red_block_right | instruction: go push the red block right
    [frozen_flower] chain 128/200 task 1/5 step 1/360: running policy
    [frozen_flower] chain 128/200 task 1/5 step 1/360: policy 0.28s, stepping env
    [frozen_flower] chain 128/200 task 1/5 step 25/360: running policy
    [frozen_flower] chain 128/200 task 1/5 step 25/360: policy 0.01s, stepping env
    [frozen_flower] chain 128/200 task 1/5 step 50/360: running policy
    [frozen_flower] chain 128/200 task 1/5 step 50/360: policy 0.01s, stepping env
    [frozen_flower] chain 128/200 task 1/5 step 75/360: running policy
    [frozen_flower] chain 128/200 task 1/5 step 75/360: policy 0.01s, stepping env
    [frozen_flower] chain 128/200 task 1/5 step 100/360: running policy
    [frozen_flower] chain 128/200 task 1/5 step 100/360: policy 0.01s, stepping env
    [frozen_flower] chain 128/200 task 1/5 step 125/360: running policy
    [frozen_flower] chain 128/200 task 1/5 step 125/360: policy 0.00s, stepping env
    [frozen_flower] chain 128/200 task 1/5 step 150/360: running policy
    [frozen_flower] chain 128/200 task 1/5 step 150/360: policy 0.01s, stepping env
    [frozen_flower] chain 128/200 task 1/5 success at step 157
    [frozen_flower] chain 128/200 task 1/5 success: 157 steps, 7.5s
    [frozen_flower] chain 128/200 task 2/5 start: open_drawer | instruction: pull the handle to open the drawer
    [frozen_flower] chain 128/200 task 2/5 step 1/360: running policy
    [frozen_flower] chain 128/200 task 2/5 step 1/360: policy 0.29s, stepping env
    [frozen_flower] chain 128/200 task 2/5 step 25/360: running policy
    [frozen_flower] chain 128/200 task 2/5 step 25/360: policy 0.01s, stepping env
    [frozen_flower] chain 128/200 task 2/5 step 50/360: running policy
    [frozen_flower] chain 128/200 task 2/5 step 50/360: policy 0.01s, stepping env
    [frozen_flower] chain 128/200 task 2/5 success at step 73
    [frozen_flower] chain 128/200 task 2/5 success: 73 steps, 3.5s
    [frozen_flower] chain 128/200 task 3/5 start: lift_red_block_table | instruction: grasp and lift the red block
    [frozen_flower] chain 128/200 task 3/5 step 1/360: running policy
    [frozen_flower] chain 128/200 task 3/5 step 1/360: policy 0.27s, stepping env
    [frozen_flower] chain 128/200 task 3/5 step 25/360: running policy
    [frozen_flower] chain 128/200 task 3/5 step 25/360: policy 0.01s, stepping env
    [frozen_flower] chain 128/200 task 3/5 step 50/360: running policy
    [frozen_flower] chain 128/200 task 3/5 step 50/360: policy 0.01s, stepping env
    [frozen_flower] chain 128/200 task 3/5 success at step 74
    [frozen_flower] chain 128/200 task 3/5 success: 74 steps, 3.6s
    [frozen_flower] chain 128/200 task 4/5 start: stack_block | instruction: stack the grasped block
    [frozen_flower] chain 128/200 task 4/5 step 1/360: running policy
    [frozen_flower] chain 128/200 task 4/5 step 1/360: policy 0.28s, stepping env
    [frozen_flower] chain 128/200 task 4/5 step 25/360: running policy
    [frozen_flower] chain 128/200 task 4/5 step 25/360: policy 0.01s, stepping env
    [frozen_flower] chain 128/200 task 4/5 success at step 29
    [frozen_flower] chain 128/200 task 4/5 success: 29 steps, 1.4s
    [frozen_flower] chain 128/200 task 5/5 start: move_slider_left | instruction: push the sliding door to the left side
    [frozen_flower] chain 128/200 task 5/5 step 1/360: running policy
    [frozen_flower] chain 128/200 task 5/5 step 1/360: policy 0.29s, stepping env
    [frozen_flower] chain 128/200 task 5/5 step 25/360: running policy
    [frozen_flower] chain 128/200 task 5/5 step 25/360: policy 0.01s, stepping env
    [frozen_flower] chain 128/200 task 5/5 step 50/360: running policy
    [frozen_flower] chain 128/200 task 5/5 step 50/360: policy 0.01s, stepping env
    [frozen_flower] chain 128/200 task 5/5 success at step 64
    [frozen_flower] chain 128/200 task 5/5 success: 64 steps, 3.3s
    [frozen_flower] chain 129/200 start: ['turn_off_lightbulb', 'move_slider_right', 'rotate_red_block_right', 'lift_blue_block_table', 'place_in_slider']
    [frozen_flower] chain 129/200 instructions: ['use the switch to turn off the light bulb', 'push the sliding door to the right side', 'take the red block and rotate it to the right', 'grasp and lift the blue block', 'store the grasped block in the sliding cabinet']
    [frozen_flower] chain 129/200 task 1/5 start: turn_off_lightbulb | instruction: use the switch to turn off the light bulb
    [frozen_flower] chain 129/200 task 1/5 step 1/360: running policy
    [frozen_flower] chain 129/200 task 1/5 step 1/360: policy 0.27s, stepping env
    [frozen_flower] chain 129/200 task 1/5 step 25/360: running policy
    [frozen_flower] chain 129/200 task 1/5 step 25/360: policy 0.01s, stepping env
    [frozen_flower] chain 129/200 task 1/5 step 50/360: running policy
    [frozen_flower] chain 129/200 task 1/5 step 50/360: policy 0.01s, stepping env
    [frozen_flower] chain 129/200 task 1/5 success at step 59
    [frozen_flower] chain 129/200 task 1/5 success: 59 steps, 2.9s
    [frozen_flower] chain 129/200 task 2/5 start: move_slider_right | instruction: push the sliding door to the right side
    [frozen_flower] chain 129/200 task 2/5 step 1/360: running policy
    [frozen_flower] chain 129/200 task 2/5 step 1/360: policy 0.29s, stepping env
    [frozen_flower] chain 129/200 task 2/5 step 25/360: running policy
    [frozen_flower] chain 129/200 task 2/5 step 25/360: policy 0.01s, stepping env
    [frozen_flower] chain 129/200 task 2/5 step 50/360: running policy
    [frozen_flower] chain 129/200 task 2/5 step 50/360: policy 0.01s, stepping env
    [frozen_flower] chain 129/200 task 2/5 step 75/360: running policy
    [frozen_flower] chain 129/200 task 2/5 step 75/360: policy 0.01s, stepping env
    [frozen_flower] chain 129/200 task 2/5 success at step 81
    [frozen_flower] chain 129/200 task 2/5 success: 81 steps, 4.3s
    [frozen_flower] chain 129/200 task 3/5 start: rotate_red_block_right | instruction: take the red block and rotate it to the right
    [frozen_flower] chain 129/200 task 3/5 step 1/360: running policy
    [frozen_flower] chain 129/200 task 3/5 step 1/360: policy 0.30s, stepping env
    [frozen_flower] chain 129/200 task 3/5 step 25/360: running policy
    [frozen_flower] chain 129/200 task 3/5 step 25/360: policy 0.01s, stepping env
    [frozen_flower] chain 129/200 task 3/5 step 50/360: running policy
    [frozen_flower] chain 129/200 task 3/5 step 50/360: policy 0.01s, stepping env
    [frozen_flower] chain 129/200 task 3/5 step 75/360: running policy
    [frozen_flower] chain 129/200 task 3/5 step 75/360: policy 0.01s, stepping env
    [frozen_flower] chain 129/200 task 3/5 step 100/360: running policy
    [frozen_flower] chain 129/200 task 3/5 step 100/360: policy 0.01s, stepping env
    [frozen_flower] chain 129/200 task 3/5 step 125/360: running policy
    [frozen_flower] chain 129/200 task 3/5 step 125/360: policy 0.01s, stepping env
    [frozen_flower] chain 129/200 task 3/5 step 150/360: running policy
    [frozen_flower] chain 129/200 task 3/5 step 150/360: policy 0.01s, stepping env
    [frozen_flower] chain 129/200 task 3/5 step 175/360: running policy
    [frozen_flower] chain 129/200 task 3/5 step 175/360: policy 0.01s, stepping env
    [frozen_flower] chain 129/200 task 3/5 step 200/360: running policy
    [frozen_flower] chain 129/200 task 3/5 step 200/360: policy 0.01s, stepping env
    [frozen_flower] chain 129/200 task 3/5 step 225/360: running policy
    [frozen_flower] chain 129/200 task 3/5 step 225/360: policy 0.01s, stepping env
    [frozen_flower] chain 129/200 task 3/5 success at step 245
    [frozen_flower] chain 129/200 task 3/5 success: 245 steps, 12.6s
    [frozen_flower] chain 129/200 task 4/5 start: lift_blue_block_table | instruction: grasp and lift the blue block
    [frozen_flower] chain 129/200 task 4/5 step 1/360: running policy
    [frozen_flower] chain 129/200 task 4/5 step 1/360: policy 0.28s, stepping env
    [frozen_flower] chain 129/200 task 4/5 step 25/360: running policy
    [frozen_flower] chain 129/200 task 4/5 step 25/360: policy 0.01s, stepping env
    [frozen_flower] chain 129/200 task 4/5 step 50/360: running policy
    [frozen_flower] chain 129/200 task 4/5 step 50/360: policy 0.01s, stepping env
    [frozen_flower] chain 129/200 task 4/5 success at step 74
    [frozen_flower] chain 129/200 task 4/5 success: 74 steps, 3.9s
    [frozen_flower] chain 129/200 task 5/5 start: place_in_slider | instruction: store the grasped block in the sliding cabinet
    [frozen_flower] chain 129/200 task 5/5 step 1/360: running policy
    [frozen_flower] chain 129/200 task 5/5 step 1/360: policy 0.25s, stepping env
    [frozen_flower] chain 129/200 task 5/5 step 25/360: running policy
    [frozen_flower] chain 129/200 task 5/5 step 25/360: policy 0.00s, stepping env
    [frozen_flower] chain 129/200 task 5/5 step 50/360: running policy
    [frozen_flower] chain 129/200 task 5/5 step 50/360: policy 0.00s, stepping env
    [frozen_flower] chain 129/200 task 5/5 step 75/360: running policy
    [frozen_flower] chain 129/200 task 5/5 step 75/360: policy 0.00s, stepping env
    [frozen_flower] chain 129/200 task 5/5 step 100/360: running policy
    [frozen_flower] chain 129/200 task 5/5 step 100/360: policy 0.00s, stepping env
    [frozen_flower] chain 129/200 task 5/5 step 125/360: running policy
    [frozen_flower] chain 129/200 task 5/5 step 125/360: policy 0.00s, stepping env
    [frozen_flower] chain 129/200 task 5/5 step 150/360: running policy
    [frozen_flower] chain 129/200 task 5/5 step 150/360: policy 0.00s, stepping env
    [frozen_flower] chain 129/200 task 5/5 step 175/360: running policy
    [frozen_flower] chain 129/200 task 5/5 step 175/360: policy 0.00s, stepping env
    [frozen_flower] chain 129/200 task 5/5 step 200/360: running policy
    [frozen_flower] chain 129/200 task 5/5 step 200/360: policy 0.00s, stepping env
    [frozen_flower] chain 129/200 task 5/5 step 225/360: running policy
    [frozen_flower] chain 129/200 task 5/5 step 225/360: policy 0.00s, stepping env
    [frozen_flower] chain 129/200 task 5/5 step 250/360: running policy
    [frozen_flower] chain 129/200 task 5/5 step 250/360: policy 0.00s, stepping env
    [frozen_flower] chain 129/200 task 5/5 step 275/360: running policy
    [frozen_flower] chain 129/200 task 5/5 step 275/360: policy 0.01s, stepping env
    [frozen_flower] chain 129/200 task 5/5 step 300/360: running policy
    [frozen_flower] chain 129/200 task 5/5 step 300/360: policy 0.00s, stepping env
    [frozen_flower] chain 129/200 task 5/5 step 325/360: running policy
    [frozen_flower] chain 129/200 task 5/5 step 325/360: policy 0.00s, stepping env
    [frozen_flower] chain 129/200 task 5/5 step 350/360: running policy
    [frozen_flower] chain 129/200 task 5/5 step 350/360: policy 0.01s, stepping env
    [frozen_flower] chain 129/200 task 5/5 failed: 360 steps, 15.3s
    [frozen_flower] chain 130/200 start: ['rotate_red_block_right', 'move_slider_left', 'lift_red_block_table', 'place_in_slider', 'turn_on_led']
    [frozen_flower] chain 130/200 instructions: ['take the red block and rotate it to the right', 'push the sliding door to the left side', 'grasp and lift the red block', 'store the grasped block in the sliding cabinet', 'press the button to turn on the led light']
    [frozen_flower] chain 130/200 task 1/5 start: rotate_red_block_right | instruction: take the red block and rotate it to the right
    [frozen_flower] chain 130/200 task 1/5 step 1/360: running policy
    [frozen_flower] chain 130/200 task 1/5 step 1/360: policy 0.26s, stepping env
    [frozen_flower] chain 130/200 task 1/5 step 25/360: running policy
    [frozen_flower] chain 130/200 task 1/5 step 25/360: policy 0.01s, stepping env
    [frozen_flower] chain 130/200 task 1/5 step 50/360: running policy
    [frozen_flower] chain 130/200 task 1/5 step 50/360: policy 0.00s, stepping env
    [frozen_flower] chain 130/200 task 1/5 success at step 74
    [frozen_flower] chain 130/200 task 1/5 success: 74 steps, 3.4s
    [frozen_flower] chain 130/200 task 2/5 start: move_slider_left | instruction: push the sliding door to the left side
    [frozen_flower] chain 130/200 task 2/5 step 1/360: running policy
    [frozen_flower] chain 130/200 task 2/5 step 1/360: policy 0.27s, stepping env
    [frozen_flower] chain 130/200 task 2/5 step 25/360: running policy
    [frozen_flower] chain 130/200 task 2/5 step 25/360: policy 0.00s, stepping env
    [frozen_flower] chain 130/200 task 2/5 step 50/360: running policy
    [frozen_flower] chain 130/200 task 2/5 step 50/360: policy 0.01s, stepping env
    [frozen_flower] chain 130/200 task 2/5 success at step 69
    [frozen_flower] chain 130/200 task 2/5 success: 69 steps, 3.1s
    [frozen_flower] chain 130/200 task 3/5 start: lift_red_block_table | instruction: grasp and lift the red block
    [frozen_flower] chain 130/200 task 3/5 step 1/360: running policy
    [frozen_flower] chain 130/200 task 3/5 step 1/360: policy 0.27s, stepping env
    [frozen_flower] chain 130/200 task 3/5 step 25/360: running policy
    [frozen_flower] chain 130/200 task 3/5 step 25/360: policy 0.00s, stepping env
    [frozen_flower] chain 130/200 task 3/5 step 50/360: running policy
    [frozen_flower] chain 130/200 task 3/5 step 50/360: policy 0.00s, stepping env
    [frozen_flower] chain 130/200 task 3/5 success at step 69
    [frozen_flower] chain 130/200 task 3/5 success: 69 steps, 3.1s
    [frozen_flower] chain 130/200 task 4/5 start: place_in_slider | instruction: store the grasped block in the sliding cabinet
    [frozen_flower] chain 130/200 task 4/5 step 1/360: running policy
    [frozen_flower] chain 130/200 task 4/5 step 1/360: policy 0.27s, stepping env
    [frozen_flower] chain 130/200 task 4/5 step 25/360: running policy
    [frozen_flower] chain 130/200 task 4/5 step 25/360: policy 0.01s, stepping env
    [frozen_flower] chain 130/200 task 4/5 step 50/360: running policy
    [frozen_flower] chain 130/200 task 4/5 step 50/360: policy 0.00s, stepping env
    [frozen_flower] chain 130/200 task 4/5 step 75/360: running policy
    [frozen_flower] chain 130/200 task 4/5 step 75/360: policy 0.01s, stepping env
    [frozen_flower] chain 130/200 task 4/5 step 100/360: running policy
    [frozen_flower] chain 130/200 task 4/5 step 100/360: policy 0.00s, stepping env
    [frozen_flower] chain 130/200 task 4/5 step 125/360: running policy
    [frozen_flower] chain 130/200 task 4/5 step 125/360: policy 0.01s, stepping env
    [frozen_flower] chain 130/200 task 4/5 step 150/360: running policy
    [frozen_flower] chain 130/200 task 4/5 step 150/360: policy 0.01s, stepping env
    [frozen_flower] chain 130/200 task 4/5 step 175/360: running policy
    [frozen_flower] chain 130/200 task 4/5 step 175/360: policy 0.00s, stepping env
    [frozen_flower] chain 130/200 task 4/5 step 200/360: running policy
    [frozen_flower] chain 130/200 task 4/5 step 200/360: policy 0.01s, stepping env
    [frozen_flower] chain 130/200 task 4/5 step 225/360: running policy
    [frozen_flower] chain 130/200 task 4/5 step 225/360: policy 0.01s, stepping env
    [frozen_flower] chain 130/200 task 4/5 step 250/360: running policy
    [frozen_flower] chain 130/200 task 4/5 step 250/360: policy 0.00s, stepping env
    [frozen_flower] chain 130/200 task 4/5 step 275/360: running policy
    [frozen_flower] chain 130/200 task 4/5 step 275/360: policy 0.01s, stepping env
    [frozen_flower] chain 130/200 task 4/5 step 300/360: running policy
    [frozen_flower] chain 130/200 task 4/5 step 300/360: policy 0.01s, stepping env
    [frozen_flower] chain 130/200 task 4/5 step 325/360: running policy
    [frozen_flower] chain 130/200 task 4/5 step 325/360: policy 0.01s, stepping env
    [frozen_flower] chain 130/200 task 4/5 step 350/360: running policy
    [frozen_flower] chain 130/200 task 4/5 step 350/360: policy 0.00s, stepping env
    [frozen_flower] chain 130/200 task 4/5 failed: 360 steps, 17.0s
    [frozen_flower] 130/200 chains, L1 success: 94.6%
    [frozen_flower] chain 131/200 start: ['lift_pink_block_slider', 'stack_block', 'close_drawer', 'unstack_block', 'rotate_blue_block_left']
    [frozen_flower] chain 131/200 instructions: ['lift the pink block from the sliding cabinet', 'stack the grasped block', 'push the handle to close the drawer', 'remove the stacked block', 'take the blue block and rotate it to the left']
    [frozen_flower] chain 131/200 task 1/5 start: lift_pink_block_slider | instruction: lift the pink block from the sliding cabinet
    [frozen_flower] chain 131/200 task 1/5 step 1/360: running policy
    [frozen_flower] chain 131/200 task 1/5 step 1/360: policy 0.27s, stepping env
    [frozen_flower] chain 131/200 task 1/5 step 25/360: running policy
    [frozen_flower] chain 131/200 task 1/5 step 25/360: policy 0.01s, stepping env
    [frozen_flower] chain 131/200 task 1/5 step 50/360: running policy
    [frozen_flower] chain 131/200 task 1/5 step 50/360: policy 0.01s, stepping env
    [frozen_flower] chain 131/200 task 1/5 success at step 50
    [frozen_flower] chain 131/200 task 1/5 success: 50 steps, 2.3s
    [frozen_flower] chain 131/200 task 2/5 start: stack_block | instruction: stack the grasped block
    [frozen_flower] chain 131/200 task 2/5 step 1/360: running policy
    [frozen_flower] chain 131/200 task 2/5 step 1/360: policy 0.27s, stepping env
    [frozen_flower] chain 131/200 task 2/5 step 25/360: running policy
    [frozen_flower] chain 131/200 task 2/5 step 25/360: policy 0.00s, stepping env
    [frozen_flower] chain 131/200 task 2/5 success at step 39
    [frozen_flower] chain 131/200 task 2/5 success: 39 steps, 1.6s
    [frozen_flower] chain 131/200 task 3/5 start: close_drawer | instruction: push the handle to close the drawer
    [frozen_flower] chain 131/200 task 3/5 step 1/360: running policy
    [frozen_flower] chain 131/200 task 3/5 step 1/360: policy 0.23s, stepping env
    [frozen_flower] chain 131/200 task 3/5 step 25/360: running policy
    [frozen_flower] chain 131/200 task 3/5 step 25/360: policy 0.00s, stepping env
    [frozen_flower] chain 131/200 task 3/5 step 50/360: running policy
    [frozen_flower] chain 131/200 task 3/5 step 50/360: policy 0.01s, stepping env
    [frozen_flower] chain 131/200 task 3/5 success at step 72
    [frozen_flower] chain 131/200 task 3/5 success: 72 steps, 3.4s
    [frozen_flower] chain 131/200 task 4/5 start: unstack_block | instruction: remove the stacked block
    [frozen_flower] chain 131/200 task 4/5 step 1/360: running policy
    [frozen_flower] chain 131/200 task 4/5 step 1/360: policy 0.27s, stepping env
    [frozen_flower] chain 131/200 task 4/5 step 25/360: running policy
    [frozen_flower] chain 131/200 task 4/5 step 25/360: policy 0.01s, stepping env
    [frozen_flower] chain 131/200 task 4/5 step 50/360: running policy
    [frozen_flower] chain 131/200 task 4/5 step 50/360: policy 0.01s, stepping env
    [frozen_flower] chain 131/200 task 4/5 step 75/360: running policy
    [frozen_flower] chain 131/200 task 4/5 step 75/360: policy 0.01s, stepping env
    [frozen_flower] chain 131/200 task 4/5 step 100/360: running policy
    [frozen_flower] chain 131/200 task 4/5 step 100/360: policy 0.01s, stepping env
    [frozen_flower] chain 131/200 task 4/5 step 125/360: running policy
    [frozen_flower] chain 131/200 task 4/5 step 125/360: policy 0.01s, stepping env
    [frozen_flower] chain 131/200 task 4/5 success at step 143
    [frozen_flower] chain 131/200 task 4/5 success: 143 steps, 6.7s
    [frozen_flower] chain 131/200 task 5/5 start: rotate_blue_block_left | instruction: take the blue block and rotate it to the left
    [frozen_flower] chain 131/200 task 5/5 step 1/360: running policy
    [frozen_flower] chain 131/200 task 5/5 step 1/360: policy 0.29s, stepping env
    [frozen_flower] chain 131/200 task 5/5 step 25/360: running policy
    [frozen_flower] chain 131/200 task 5/5 step 25/360: policy 0.01s, stepping env
    [frozen_flower] chain 131/200 task 5/5 step 50/360: running policy
    [frozen_flower] chain 131/200 task 5/5 step 50/360: policy 0.01s, stepping env
    [frozen_flower] chain 131/200 task 5/5 step 75/360: running policy
    [frozen_flower] chain 131/200 task 5/5 step 75/360: policy 0.00s, stepping env
    [frozen_flower] chain 131/200 task 5/5 success at step 79
    [frozen_flower] chain 131/200 task 5/5 success: 79 steps, 3.8s
    [frozen_flower] chain 132/200 start: ['push_red_block_left', 'lift_red_block_table', 'stack_block', 'close_drawer', 'turn_off_led']
    [frozen_flower] chain 132/200 instructions: ['go push the red block left', 'grasp and lift the red block', 'stack the grasped block', 'push the handle to close the drawer', 'press the button to turn off the led light']
    [frozen_flower] chain 132/200 task 1/5 start: push_red_block_left | instruction: go push the red block left
    [frozen_flower] chain 132/200 task 1/5 step 1/360: running policy
    [frozen_flower] chain 132/200 task 1/5 step 1/360: policy 0.29s, stepping env
    [frozen_flower] chain 132/200 task 1/5 step 25/360: running policy
    [frozen_flower] chain 132/200 task 1/5 step 25/360: policy 0.01s, stepping env
    [frozen_flower] chain 132/200 task 1/5 step 50/360: running policy
    [frozen_flower] chain 132/200 task 1/5 step 50/360: policy 0.01s, stepping env
    [frozen_flower] chain 132/200 task 1/5 step 75/360: running policy
    [frozen_flower] chain 132/200 task 1/5 step 75/360: policy 0.01s, stepping env
    [frozen_flower] chain 132/200 task 1/5 step 100/360: running policy
    [frozen_flower] chain 132/200 task 1/5 step 100/360: policy 0.01s, stepping env
    [frozen_flower] chain 132/200 task 1/5 success at step 101
    [frozen_flower] chain 132/200 task 1/5 success: 101 steps, 5.2s
    [frozen_flower] chain 132/200 task 2/5 start: lift_red_block_table | instruction: grasp and lift the red block
    [frozen_flower] chain 132/200 task 2/5 step 1/360: running policy
    [frozen_flower] chain 132/200 task 2/5 step 1/360: policy 0.27s, stepping env
    [frozen_flower] chain 132/200 task 2/5 step 25/360: running policy
    [frozen_flower] chain 132/200 task 2/5 step 25/360: policy 0.01s, stepping env
    [frozen_flower] chain 132/200 task 2/5 step 50/360: running policy
    [frozen_flower] chain 132/200 task 2/5 step 50/360: policy 0.01s, stepping env
    [frozen_flower] chain 132/200 task 2/5 success at step 58
    [frozen_flower] chain 132/200 task 2/5 success: 58 steps, 2.9s
    [frozen_flower] chain 132/200 task 3/5 start: stack_block | instruction: stack the grasped block
    [frozen_flower] chain 132/200 task 3/5 step 1/360: running policy
    [frozen_flower] chain 132/200 task 3/5 step 1/360: policy 0.30s, stepping env
    [frozen_flower] chain 132/200 task 3/5 step 25/360: running policy
    [frozen_flower] chain 132/200 task 3/5 step 25/360: policy 0.01s, stepping env
    [frozen_flower] chain 132/200 task 3/5 step 50/360: running policy
    [frozen_flower] chain 132/200 task 3/5 step 50/360: policy 0.01s, stepping env
    [frozen_flower] chain 132/200 task 3/5 step 75/360: running policy
    [frozen_flower] chain 132/200 task 3/5 step 75/360: policy 0.01s, stepping env
    [frozen_flower] chain 132/200 task 3/5 step 100/360: running policy
    [frozen_flower] chain 132/200 task 3/5 step 100/360: policy 0.01s, stepping env
    [frozen_flower] chain 132/200 task 3/5 step 125/360: running policy
    [frozen_flower] chain 132/200 task 3/5 step 125/360: policy 0.01s, stepping env
    [frozen_flower] chain 132/200 task 3/5 step 150/360: running policy
    [frozen_flower] chain 132/200 task 3/5 step 150/360: policy 0.01s, stepping env
    [frozen_flower] chain 132/200 task 3/5 step 175/360: running policy
    [frozen_flower] chain 132/200 task 3/5 step 175/360: policy 0.02s, stepping env
    [frozen_flower] chain 132/200 task 3/5 step 200/360: running policy
    [frozen_flower] chain 132/200 task 3/5 step 200/360: policy 0.01s, stepping env
    [frozen_flower] chain 132/200 task 3/5 step 225/360: running policy
    [frozen_flower] chain 132/200 task 3/5 step 225/360: policy 0.01s, stepping env
    [frozen_flower] chain 132/200 task 3/5 step 250/360: running policy
    [frozen_flower] chain 132/200 task 3/5 step 250/360: policy 0.01s, stepping env
    [frozen_flower] chain 132/200 task 3/5 step 275/360: running policy
    [frozen_flower] chain 132/200 task 3/5 step 275/360: policy 0.01s, stepping env
    [frozen_flower] chain 132/200 task 3/5 step 300/360: running policy
    [frozen_flower] chain 132/200 task 3/5 step 300/360: policy 0.01s, stepping env
    [frozen_flower] chain 132/200 task 3/5 step 325/360: running policy
    [frozen_flower] chain 132/200 task 3/5 step 325/360: policy 0.01s, stepping env
    [frozen_flower] chain 132/200 task 3/5 step 350/360: running policy
    [frozen_flower] chain 132/200 task 3/5 step 350/360: policy 0.01s, stepping env
    [frozen_flower] chain 132/200 task 3/5 failed: 360 steps, 18.5s
    [frozen_flower] chain 133/200 start: ['move_slider_left', 'turn_on_led', 'rotate_red_block_right', 'lift_pink_block_slider', 'place_in_slider']
    [frozen_flower] chain 133/200 instructions: ['push the sliding door to the left side', 'press the button to turn on the led light', 'take the red block and rotate it to the right', 'lift the pink block from the sliding cabinet', 'store the grasped block in the sliding cabinet']
    [frozen_flower] chain 133/200 task 1/5 start: move_slider_left | instruction: push the sliding door to the left side
    [frozen_flower] chain 133/200 task 1/5 step 1/360: running policy
    [frozen_flower] chain 133/200 task 1/5 step 1/360: policy 0.32s, stepping env
    [frozen_flower] chain 133/200 task 1/5 step 25/360: running policy
    [frozen_flower] chain 133/200 task 1/5 step 25/360: policy 0.01s, stepping env
    [frozen_flower] chain 133/200 task 1/5 step 50/360: running policy
    [frozen_flower] chain 133/200 task 1/5 step 50/360: policy 0.00s, stepping env
    [frozen_flower] chain 133/200 task 1/5 step 75/360: running policy
    [frozen_flower] chain 133/200 task 1/5 step 75/360: policy 0.00s, stepping env
    [frozen_flower] chain 133/200 task 1/5 success at step 89
    [frozen_flower] chain 133/200 task 1/5 success: 89 steps, 4.2s
    [frozen_flower] chain 133/200 task 2/5 start: turn_on_led | instruction: press the button to turn on the led light
    [frozen_flower] chain 133/200 task 2/5 step 1/360: running policy
    [frozen_flower] chain 133/200 task 2/5 step 1/360: policy 0.25s, stepping env
    [frozen_flower] chain 133/200 task 2/5 step 25/360: running policy
    [frozen_flower] chain 133/200 task 2/5 step 25/360: policy 0.00s, stepping env
    [frozen_flower] chain 133/200 task 2/5 step 50/360: running policy
    [frozen_flower] chain 133/200 task 2/5 step 50/360: policy 0.00s, stepping env
    [frozen_flower] chain 133/200 task 2/5 success at step 53
    [frozen_flower] chain 133/200 task 2/5 success: 53 steps, 2.3s
    [frozen_flower] chain 133/200 task 3/5 start: rotate_red_block_right | instruction: take the red block and rotate it to the right
    [frozen_flower] chain 133/200 task 3/5 step 1/360: running policy
    [frozen_flower] chain 133/200 task 3/5 step 1/360: policy 0.26s, stepping env
    [frozen_flower] chain 133/200 task 3/5 step 25/360: running policy
    [frozen_flower] chain 133/200 task 3/5 step 25/360: policy 0.00s, stepping env
    [frozen_flower] chain 133/200 task 3/5 step 50/360: running policy
    [frozen_flower] chain 133/200 task 3/5 step 50/360: policy 0.00s, stepping env
    [frozen_flower] chain 133/200 task 3/5 step 75/360: running policy
    [frozen_flower] chain 133/200 task 3/5 step 75/360: policy 0.01s, stepping env
    [frozen_flower] chain 133/200 task 3/5 step 100/360: running policy
    [frozen_flower] chain 133/200 task 3/5 step 100/360: policy 0.00s, stepping env
    [frozen_flower] chain 133/200 task 3/5 success at step 100
    [frozen_flower] chain 133/200 task 3/5 success: 100 steps, 4.1s
    [frozen_flower] chain 133/200 task 4/5 start: lift_pink_block_slider | instruction: lift the pink block from the sliding cabinet
    [frozen_flower] chain 133/200 task 4/5 step 1/360: running policy
    [frozen_flower] chain 133/200 task 4/5 step 1/360: policy 0.21s, stepping env
    [frozen_flower] chain 133/200 task 4/5 step 25/360: running policy
    [frozen_flower] chain 133/200 task 4/5 step 25/360: policy 0.00s, stepping env
    [frozen_flower] chain 133/200 task 4/5 step 50/360: running policy
    [frozen_flower] chain 133/200 task 4/5 step 50/360: policy 0.00s, stepping env
    [frozen_flower] chain 133/200 task 4/5 success at step 61
    [frozen_flower] chain 133/200 task 4/5 success: 61 steps, 2.3s
    [frozen_flower] chain 133/200 task 5/5 start: place_in_slider | instruction: store the grasped block in the sliding cabinet
    [frozen_flower] chain 133/200 task 5/5 step 1/360: running policy
    [frozen_flower] chain 133/200 task 5/5 step 1/360: policy 0.22s, stepping env
    [frozen_flower] chain 133/200 task 5/5 success at step 13
    [frozen_flower] chain 133/200 task 5/5 success: 13 steps, 0.6s
    [frozen_flower] chain 134/200 start: ['push_blue_block_right', 'turn_off_lightbulb', 'open_drawer', 'lift_blue_block_table', 'stack_block']
    [frozen_flower] chain 134/200 instructions: ['go push the blue block right', 'use the switch to turn off the light bulb', 'pull the handle to open the drawer', 'grasp and lift the blue block', 'stack the grasped block']
    [frozen_flower] chain 134/200 task 1/5 start: push_blue_block_right | instruction: go push the blue block right
    [frozen_flower] chain 134/200 task 1/5 step 1/360: running policy
    [frozen_flower] chain 134/200 task 1/5 step 1/360: policy 0.22s, stepping env
    [frozen_flower] chain 134/200 task 1/5 step 25/360: running policy
    [frozen_flower] chain 134/200 task 1/5 step 25/360: policy 0.06s, stepping env
    [frozen_flower] chain 134/200 task 1/5 step 50/360: running policy
    [frozen_flower] chain 134/200 task 1/5 step 50/360: policy 0.00s, stepping env
    [frozen_flower] chain 134/200 task 1/5 step 75/360: running policy
    [frozen_flower] chain 134/200 task 1/5 step 75/360: policy 0.00s, stepping env
    [frozen_flower] chain 134/200 task 1/5 step 100/360: running policy
    [frozen_flower] chain 134/200 task 1/5 step 100/360: policy 0.00s, stepping env
    [frozen_flower] chain 134/200 task 1/5 success at step 103
    [frozen_flower] chain 134/200 task 1/5 success: 103 steps, 4.4s
    [frozen_flower] chain 134/200 task 2/5 start: turn_off_lightbulb | instruction: use the switch to turn off the light bulb
    [frozen_flower] chain 134/200 task 2/5 step 1/360: running policy
    [frozen_flower] chain 134/200 task 2/5 step 1/360: policy 0.26s, stepping env
    [frozen_flower] chain 134/200 task 2/5 step 25/360: running policy
    [frozen_flower] chain 134/200 task 2/5 step 25/360: policy 0.00s, stepping env
    [frozen_flower] chain 134/200 task 2/5 step 50/360: running policy
    [frozen_flower] chain 134/200 task 2/5 step 50/360: policy 0.00s, stepping env
    [frozen_flower] chain 134/200 task 2/5 success at step 58
    [frozen_flower] chain 134/200 task 2/5 success: 58 steps, 2.6s
    [frozen_flower] chain 134/200 task 3/5 start: open_drawer | instruction: pull the handle to open the drawer
    [frozen_flower] chain 134/200 task 3/5 step 1/360: running policy
    [frozen_flower] chain 134/200 task 3/5 step 1/360: policy 0.26s, stepping env
    [frozen_flower] chain 134/200 task 3/5 step 25/360: running policy
    [frozen_flower] chain 134/200 task 3/5 step 25/360: policy 0.00s, stepping env
    [frozen_flower] chain 134/200 task 3/5 step 50/360: running policy
    [frozen_flower] chain 134/200 task 3/5 step 50/360: policy 0.00s, stepping env
    [frozen_flower] chain 134/200 task 3/5 step 75/360: running policy
    [frozen_flower] chain 134/200 task 3/5 step 75/360: policy 0.00s, stepping env
    [frozen_flower] chain 134/200 task 3/5 success at step 80
    [frozen_flower] chain 134/200 task 3/5 success: 80 steps, 3.5s
    [frozen_flower] chain 134/200 task 4/5 start: lift_blue_block_table | instruction: grasp and lift the blue block
    [frozen_flower] chain 134/200 task 4/5 step 1/360: running policy
    [frozen_flower] chain 134/200 task 4/5 step 1/360: policy 0.26s, stepping env
    [frozen_flower] chain 134/200 task 4/5 step 25/360: running policy
    [frozen_flower] chain 134/200 task 4/5 step 25/360: policy 0.00s, stepping env
    [frozen_flower] chain 134/200 task 4/5 step 50/360: running policy
    [frozen_flower] chain 134/200 task 4/5 step 50/360: policy 0.00s, stepping env
    [frozen_flower] chain 134/200 task 4/5 step 75/360: running policy
    [frozen_flower] chain 134/200 task 4/5 step 75/360: policy 0.00s, stepping env
    [frozen_flower] chain 134/200 task 4/5 success at step 94
    [frozen_flower] chain 134/200 task 4/5 success: 94 steps, 4.0s
    [frozen_flower] chain 134/200 task 5/5 start: stack_block | instruction: stack the grasped block
    [frozen_flower] chain 134/200 task 5/5 step 1/360: running policy
    [frozen_flower] chain 134/200 task 5/5 step 1/360: policy 0.26s, stepping env
    [frozen_flower] chain 134/200 task 5/5 success at step 24
    [frozen_flower] chain 134/200 task 5/5 success: 24 steps, 1.2s
    [frozen_flower] chain 135/200 start: ['lift_blue_block_table', 'place_in_slider', 'turn_off_lightbulb', 'open_drawer', 'lift_pink_block_slider']
    [frozen_flower] chain 135/200 instructions: ['grasp and lift the blue block', 'store the grasped block in the sliding cabinet', 'use the switch to turn off the light bulb', 'pull the handle to open the drawer', 'lift the pink block from the sliding cabinet']
    [frozen_flower] chain 135/200 task 1/5 start: lift_blue_block_table | instruction: grasp and lift the blue block
    [frozen_flower] chain 135/200 task 1/5 step 1/360: running policy
    [frozen_flower] chain 135/200 task 1/5 step 1/360: policy 0.26s, stepping env
    [frozen_flower] chain 135/200 task 1/5 step 25/360: running policy
    [frozen_flower] chain 135/200 task 1/5 step 25/360: policy 0.00s, stepping env
    [frozen_flower] chain 135/200 task 1/5 step 50/360: running policy
    [frozen_flower] chain 135/200 task 1/5 step 50/360: policy 0.00s, stepping env
    [frozen_flower] chain 135/200 task 1/5 success at step 67
    [frozen_flower] chain 135/200 task 1/5 success: 67 steps, 2.9s
    [frozen_flower] chain 135/200 task 2/5 start: place_in_slider | instruction: store the grasped block in the sliding cabinet
    [frozen_flower] chain 135/200 task 2/5 step 1/360: running policy
    [frozen_flower] chain 135/200 task 2/5 step 1/360: policy 0.26s, stepping env
    [frozen_flower] chain 135/200 task 2/5 step 25/360: running policy
    [frozen_flower] chain 135/200 task 2/5 step 25/360: policy 0.01s, stepping env
    [frozen_flower] chain 135/200 task 2/5 step 50/360: running policy
    [frozen_flower] chain 135/200 task 2/5 step 50/360: policy 0.01s, stepping env
    [frozen_flower] chain 135/200 task 2/5 step 75/360: running policy
    [frozen_flower] chain 135/200 task 2/5 step 75/360: policy 0.01s, stepping env
    [frozen_flower] chain 135/200 task 2/5 step 100/360: running policy
    [frozen_flower] chain 135/200 task 2/5 step 100/360: policy 0.01s, stepping env
    [frozen_flower] chain 135/200 task 2/5 step 125/360: running policy
    [frozen_flower] chain 135/200 task 2/5 step 125/360: policy 0.01s, stepping env
    [frozen_flower] chain 135/200 task 2/5 step 150/360: running policy
    [frozen_flower] chain 135/200 task 2/5 step 150/360: policy 0.01s, stepping env
    [frozen_flower] chain 135/200 task 2/5 step 175/360: running policy
    [frozen_flower] chain 135/200 task 2/5 step 175/360: policy 0.01s, stepping env
    [frozen_flower] chain 135/200 task 2/5 step 200/360: running policy
    [frozen_flower] chain 135/200 task 2/5 step 200/360: policy 0.00s, stepping env
    [frozen_flower] chain 135/200 task 2/5 step 225/360: running policy
    [frozen_flower] chain 135/200 task 2/5 step 225/360: policy 0.01s, stepping env
    [frozen_flower] chain 135/200 task 2/5 step 250/360: running policy
    [frozen_flower] chain 135/200 task 2/5 step 250/360: policy 0.01s, stepping env
    [frozen_flower] chain 135/200 task 2/5 step 275/360: running policy
    [frozen_flower] chain 135/200 task 2/5 step 275/360: policy 0.01s, stepping env
    [frozen_flower] chain 135/200 task 2/5 step 300/360: running policy
    [frozen_flower] chain 135/200 task 2/5 step 300/360: policy 0.01s, stepping env
    [frozen_flower] chain 135/200 task 2/5 step 325/360: running policy
    [frozen_flower] chain 135/200 task 2/5 step 325/360: policy 0.01s, stepping env
    [frozen_flower] chain 135/200 task 2/5 step 350/360: running policy
    [frozen_flower] chain 135/200 task 2/5 step 350/360: policy 0.01s, stepping env
    [frozen_flower] chain 135/200 task 2/5 failed: 360 steps, 16.8s
    [frozen_flower] chain 136/200 start: ['rotate_red_block_left', 'open_drawer', 'turn_on_led', 'lift_blue_block_table', 'stack_block']
    [frozen_flower] chain 136/200 instructions: ['take the red block and rotate it to the left', 'pull the handle to open the drawer', 'press the button to turn on the led light', 'grasp and lift the blue block', 'stack the grasped block']
    [frozen_flower] chain 136/200 task 1/5 start: rotate_red_block_left | instruction: take the red block and rotate it to the left
    [frozen_flower] chain 136/200 task 1/5 step 1/360: running policy
    [frozen_flower] chain 136/200 task 1/5 step 1/360: policy 0.27s, stepping env
    [frozen_flower] chain 136/200 task 1/5 step 25/360: running policy
    [frozen_flower] chain 136/200 task 1/5 step 25/360: policy 0.01s, stepping env
    [frozen_flower] chain 136/200 task 1/5 step 50/360: running policy
    [frozen_flower] chain 136/200 task 1/5 step 50/360: policy 0.01s, stepping env
    [frozen_flower] chain 136/200 task 1/5 step 75/360: running policy
    [frozen_flower] chain 136/200 task 1/5 step 75/360: policy 0.01s, stepping env
    [frozen_flower] chain 136/200 task 1/5 step 100/360: running policy
    [frozen_flower] chain 136/200 task 1/5 step 100/360: policy 0.01s, stepping env
    [frozen_flower] chain 136/200 task 1/5 step 125/360: running policy
    [frozen_flower] chain 136/200 task 1/5 step 125/360: policy 0.01s, stepping env
    [frozen_flower] chain 136/200 task 1/5 step 150/360: running policy
    [frozen_flower] chain 136/200 task 1/5 step 150/360: policy 0.01s, stepping env
    [frozen_flower] chain 136/200 task 1/5 success at step 172
    [frozen_flower] chain 136/200 task 1/5 success: 172 steps, 8.5s
    [frozen_flower] chain 136/200 task 2/5 start: open_drawer | instruction: pull the handle to open the drawer
    [frozen_flower] chain 136/200 task 2/5 step 1/360: running policy
    [frozen_flower] chain 136/200 task 2/5 step 1/360: policy 0.28s, stepping env
    [frozen_flower] chain 136/200 task 2/5 step 25/360: running policy
    [frozen_flower] chain 136/200 task 2/5 step 25/360: policy 0.01s, stepping env
    [frozen_flower] chain 136/200 task 2/5 step 50/360: running policy
    [frozen_flower] chain 136/200 task 2/5 step 50/360: policy 0.01s, stepping env
    [frozen_flower] chain 136/200 task 2/5 step 75/360: running policy
    [frozen_flower] chain 136/200 task 2/5 step 75/360: policy 0.01s, stepping env
    [frozen_flower] chain 136/200 task 2/5 success at step 75
    [frozen_flower] chain 136/200 task 2/5 success: 75 steps, 3.7s
    [frozen_flower] chain 136/200 task 3/5 start: turn_on_led | instruction: press the button to turn on the led light
    [frozen_flower] chain 136/200 task 3/5 step 1/360: running policy
    [frozen_flower] chain 136/200 task 3/5 step 1/360: policy 0.30s, stepping env
    [frozen_flower] chain 136/200 task 3/5 step 25/360: running policy
    [frozen_flower] chain 136/200 task 3/5 step 25/360: policy 0.01s, stepping env
    [frozen_flower] chain 136/200 task 3/5 step 50/360: running policy
    [frozen_flower] chain 136/200 task 3/5 step 50/360: policy 0.00s, stepping env
    [frozen_flower] chain 136/200 task 3/5 success at step 64
    [frozen_flower] chain 136/200 task 3/5 success: 64 steps, 3.3s
    [frozen_flower] chain 136/200 task 4/5 start: lift_blue_block_table | instruction: grasp and lift the blue block
    [frozen_flower] chain 136/200 task 4/5 step 1/360: running policy
    [frozen_flower] chain 136/200 task 4/5 step 1/360: policy 0.30s, stepping env
    [frozen_flower] chain 136/200 task 4/5 step 25/360: running policy
    [frozen_flower] chain 136/200 task 4/5 step 25/360: policy 0.00s, stepping env
    [frozen_flower] chain 136/200 task 4/5 step 50/360: running policy
    [frozen_flower] chain 136/200 task 4/5 step 50/360: policy 0.01s, stepping env
    [frozen_flower] chain 136/200 task 4/5 step 75/360: running policy
    [frozen_flower] chain 136/200 task 4/5 step 75/360: policy 0.01s, stepping env
    [frozen_flower] chain 136/200 task 4/5 step 100/360: running policy
    [frozen_flower] chain 136/200 task 4/5 step 100/360: policy 0.01s, stepping env
    [frozen_flower] chain 136/200 task 4/5 step 125/360: running policy
    [frozen_flower] chain 136/200 task 4/5 step 125/360: policy 0.01s, stepping env
    [frozen_flower] chain 136/200 task 4/5 step 150/360: running policy
    [frozen_flower] chain 136/200 task 4/5 step 150/360: policy 0.01s, stepping env
    [frozen_flower] chain 136/200 task 4/5 step 175/360: running policy
    [frozen_flower] chain 136/200 task 4/5 step 175/360: policy 0.01s, stepping env
    [frozen_flower] chain 136/200 task 4/5 step 200/360: running policy
    [frozen_flower] chain 136/200 task 4/5 step 200/360: policy 0.01s, stepping env
    [frozen_flower] chain 136/200 task 4/5 step 225/360: running policy
    [frozen_flower] chain 136/200 task 4/5 step 225/360: policy 0.00s, stepping env
    [frozen_flower] chain 136/200 task 4/5 step 250/360: running policy
    [frozen_flower] chain 136/200 task 4/5 step 250/360: policy 0.01s, stepping env
    [frozen_flower] chain 136/200 task 4/5 step 275/360: running policy
    [frozen_flower] chain 136/200 task 4/5 step 275/360: policy 0.01s, stepping env
    [frozen_flower] chain 136/200 task 4/5 step 300/360: running policy
    [frozen_flower] chain 136/200 task 4/5 step 300/360: policy 0.01s, stepping env
    [frozen_flower] chain 136/200 task 4/5 step 325/360: running policy
    [frozen_flower] chain 136/200 task 4/5 step 325/360: policy 0.01s, stepping env
    [frozen_flower] chain 136/200 task 4/5 step 350/360: running policy
    [frozen_flower] chain 136/200 task 4/5 step 350/360: policy 0.01s, stepping env
    [frozen_flower] chain 136/200 task 4/5 failed: 360 steps, 18.7s
    [frozen_flower] chain 137/200 start: ['rotate_blue_block_left', 'lift_pink_block_slider', 'place_in_slider', 'move_slider_right', 'turn_off_led']
    [frozen_flower] chain 137/200 instructions: ['take the blue block and rotate it to the left', 'lift the pink block from the sliding cabinet', 'store the grasped block in the sliding cabinet', 'push the sliding door to the right side', 'press the button to turn off the led light']
    [frozen_flower] chain 137/200 task 1/5 start: rotate_blue_block_left | instruction: take the blue block and rotate it to the left
    [frozen_flower] chain 137/200 task 1/5 step 1/360: running policy
    [frozen_flower] chain 137/200 task 1/5 step 1/360: policy 0.30s, stepping env
    [frozen_flower] chain 137/200 task 1/5 step 25/360: running policy
    [frozen_flower] chain 137/200 task 1/5 step 25/360: policy 0.01s, stepping env
    [frozen_flower] chain 137/200 task 1/5 step 50/360: running policy
    [frozen_flower] chain 137/200 task 1/5 step 50/360: policy 0.01s, stepping env
    [frozen_flower] chain 137/200 task 1/5 success at step 71
    [frozen_flower] chain 137/200 task 1/5 success: 71 steps, 4.1s
    [frozen_flower] chain 137/200 task 2/5 start: lift_pink_block_slider | instruction: lift the pink block from the sliding cabinet
    [frozen_flower] chain 137/200 task 2/5 step 1/360: running policy
    [frozen_flower] chain 137/200 task 2/5 step 1/360: policy 0.31s, stepping env
    [frozen_flower] chain 137/200 task 2/5 step 25/360: running policy
    [frozen_flower] chain 137/200 task 2/5 step 25/360: policy 0.01s, stepping env
    [frozen_flower] chain 137/200 task 2/5 step 50/360: running policy
    [frozen_flower] chain 137/200 task 2/5 step 50/360: policy 0.00s, stepping env
    [frozen_flower] chain 137/200 task 2/5 success at step 58
    [frozen_flower] chain 137/200 task 2/5 success: 58 steps, 3.1s
    [frozen_flower] chain 137/200 task 3/5 start: place_in_slider | instruction: store the grasped block in the sliding cabinet
    [frozen_flower] chain 137/200 task 3/5 step 1/360: running policy
    [frozen_flower] chain 137/200 task 3/5 step 1/360: policy 0.24s, stepping env
    [frozen_flower] chain 137/200 task 3/5 success at step 14
    [frozen_flower] chain 137/200 task 3/5 success: 14 steps, 0.7s
    [frozen_flower] chain 137/200 task 4/5 start: move_slider_right | instruction: push the sliding door to the right side
    [frozen_flower] chain 137/200 task 4/5 step 1/360: running policy
    [frozen_flower] chain 137/200 task 4/5 step 1/360: policy 0.24s, stepping env
    [frozen_flower] chain 137/200 task 4/5 step 25/360: running policy
    [frozen_flower] chain 137/200 task 4/5 step 25/360: policy 0.00s, stepping env
    [frozen_flower] chain 137/200 task 4/5 step 50/360: running policy
    [frozen_flower] chain 137/200 task 4/5 step 50/360: policy 0.00s, stepping env
    [frozen_flower] chain 137/200 task 4/5 success at step 69
    [frozen_flower] chain 137/200 task 4/5 success: 69 steps, 2.8s
    [frozen_flower] chain 137/200 task 5/5 start: turn_off_led | instruction: press the button to turn off the led light
    [frozen_flower] chain 137/200 task 5/5 step 1/360: running policy
    [frozen_flower] chain 137/200 task 5/5 step 1/360: policy 0.26s, stepping env
    [frozen_flower] chain 137/200 task 5/5 step 25/360: running policy
    [frozen_flower] chain 137/200 task 5/5 step 25/360: policy 0.00s, stepping env
    [frozen_flower] chain 137/200 task 5/5 step 50/360: running policy
    [frozen_flower] chain 137/200 task 5/5 step 50/360: policy 0.00s, stepping env
    [frozen_flower] chain 137/200 task 5/5 step 75/360: running policy
    [frozen_flower] chain 137/200 task 5/5 step 75/360: policy 0.00s, stepping env
    [frozen_flower] chain 137/200 task 5/5 success at step 75
    [frozen_flower] chain 137/200 task 5/5 success: 75 steps, 3.3s
    [frozen_flower] chain 138/200 start: ['lift_blue_block_table', 'stack_block', 'open_drawer', 'unstack_block', 'rotate_blue_block_right']
    [frozen_flower] chain 138/200 instructions: ['grasp and lift the blue block', 'stack the grasped block', 'pull the handle to open the drawer', 'remove the stacked block', 'take the blue block and rotate it to the right']
    [frozen_flower] chain 138/200 task 1/5 start: lift_blue_block_table | instruction: grasp and lift the blue block
    [frozen_flower] chain 138/200 task 1/5 step 1/360: running policy
    [frozen_flower] chain 138/200 task 1/5 step 1/360: policy 0.26s, stepping env
    [frozen_flower] chain 138/200 task 1/5 step 25/360: running policy
    [frozen_flower] chain 138/200 task 1/5 step 25/360: policy 0.01s, stepping env
    [frozen_flower] chain 138/200 task 1/5 step 50/360: running policy
    [frozen_flower] chain 138/200 task 1/5 step 50/360: policy 0.01s, stepping env
    [frozen_flower] chain 138/200 task 1/5 success at step 53
    [frozen_flower] chain 138/200 task 1/5 success: 53 steps, 2.6s
    [frozen_flower] chain 138/200 task 2/5 start: stack_block | instruction: stack the grasped block
    [frozen_flower] chain 138/200 task 2/5 step 1/360: running policy
    [frozen_flower] chain 138/200 task 2/5 step 1/360: policy 0.26s, stepping env
    [frozen_flower] chain 138/200 task 2/5 step 25/360: running policy
    [frozen_flower] chain 138/200 task 2/5 step 25/360: policy 0.00s, stepping env
    [frozen_flower] chain 138/200 task 2/5 success at step 35
    [frozen_flower] chain 138/200 task 2/5 success: 35 steps, 1.7s
    [frozen_flower] chain 138/200 task 3/5 start: open_drawer | instruction: pull the handle to open the drawer
    [frozen_flower] chain 138/200 task 3/5 step 1/360: running policy
    [frozen_flower] chain 138/200 task 3/5 step 1/360: policy 0.26s, stepping env
    [frozen_flower] chain 138/200 task 3/5 step 25/360: running policy
    [frozen_flower] chain 138/200 task 3/5 step 25/360: policy 0.00s, stepping env
    [frozen_flower] chain 138/200 task 3/5 step 50/360: running policy
    [frozen_flower] chain 138/200 task 3/5 step 50/360: policy 0.00s, stepping env
    [frozen_flower] chain 138/200 task 3/5 success at step 61
    [frozen_flower] chain 138/200 task 3/5 success: 61 steps, 2.9s
    [frozen_flower] chain 138/200 task 4/5 start: unstack_block | instruction: remove the stacked block
    [frozen_flower] chain 138/200 task 4/5 step 1/360: running policy
    [frozen_flower] chain 138/200 task 4/5 step 1/360: policy 0.27s, stepping env
    [frozen_flower] chain 138/200 task 4/5 step 25/360: running policy
    [frozen_flower] chain 138/200 task 4/5 step 25/360: policy 0.01s, stepping env
    [frozen_flower] chain 138/200 task 4/5 step 50/360: running policy
    [frozen_flower] chain 138/200 task 4/5 step 50/360: policy 0.00s, stepping env
    [frozen_flower] chain 138/200 task 4/5 step 75/360: running policy
    [frozen_flower] chain 138/200 task 4/5 step 75/360: policy 0.01s, stepping env
    [frozen_flower] chain 138/200 task 4/5 success at step 81
    [frozen_flower] chain 138/200 task 4/5 success: 81 steps, 3.7s
    [frozen_flower] chain 138/200 task 5/5 start: rotate_blue_block_right | instruction: take the blue block and rotate it to the right
    [frozen_flower] chain 138/200 task 5/5 step 1/360: running policy
    [frozen_flower] chain 138/200 task 5/5 step 1/360: policy 0.26s, stepping env
    [frozen_flower] chain 138/200 task 5/5 step 25/360: running policy
    [frozen_flower] chain 138/200 task 5/5 step 25/360: policy 0.00s, stepping env
    [frozen_flower] chain 138/200 task 5/5 step 50/360: running policy
    [frozen_flower] chain 138/200 task 5/5 step 50/360: policy 0.00s, stepping env
    [frozen_flower] chain 138/200 task 5/5 step 75/360: running policy
    [frozen_flower] chain 138/200 task 5/5 step 75/360: policy 0.00s, stepping env
    [frozen_flower] chain 138/200 task 5/5 step 100/360: running policy
    [frozen_flower] chain 138/200 task 5/5 step 100/360: policy 0.00s, stepping env
    [frozen_flower] chain 138/200 task 5/5 step 125/360: running policy
    [frozen_flower] chain 138/200 task 5/5 step 125/360: policy 0.00s, stepping env
    [frozen_flower] chain 138/200 task 5/5 step 150/360: running policy
    [frozen_flower] chain 138/200 task 5/5 step 150/360: policy 0.00s, stepping env
    [frozen_flower] chain 138/200 task 5/5 step 175/360: running policy
    [frozen_flower] chain 138/200 task 5/5 step 175/360: policy 0.00s, stepping env
    [frozen_flower] chain 138/200 task 5/5 step 200/360: running policy
    [frozen_flower] chain 138/200 task 5/5 step 200/360: policy 0.00s, stepping env
    [frozen_flower] chain 138/200 task 5/5 step 225/360: running policy
    [frozen_flower] chain 138/200 task 5/5 step 225/360: policy 0.00s, stepping env
    [frozen_flower] chain 138/200 task 5/5 step 250/360: running policy
    [frozen_flower] chain 138/200 task 5/5 step 250/360: policy 0.00s, stepping env
    [frozen_flower] chain 138/200 task 5/5 step 275/360: running policy
    [frozen_flower] chain 138/200 task 5/5 step 275/360: policy 0.00s, stepping env
    [frozen_flower] chain 138/200 task 5/5 step 300/360: running policy
    [frozen_flower] chain 138/200 task 5/5 step 300/360: policy 0.01s, stepping env
    [frozen_flower] chain 138/200 task 5/5 step 325/360: running policy
    [frozen_flower] chain 138/200 task 5/5 step 325/360: policy 0.00s, stepping env
    [frozen_flower] chain 138/200 task 5/5 step 350/360: running policy
    [frozen_flower] chain 138/200 task 5/5 step 350/360: policy 0.00s, stepping env
    [frozen_flower] chain 138/200 task 5/5 failed: 360 steps, 15.1s
    [frozen_flower] chain 139/200 start: ['lift_pink_block_slider', 'place_in_drawer', 'push_blue_block_left', 'move_slider_right', 'lift_red_block_table']
    [frozen_flower] chain 139/200 instructions: ['lift the pink block from the sliding cabinet', 'store the grasped block in the drawer', 'go push the blue block left', 'push the sliding door to the right side', 'grasp and lift the red block']
    [frozen_flower] chain 139/200 task 1/5 start: lift_pink_block_slider | instruction: lift the pink block from the sliding cabinet
    [frozen_flower] chain 139/200 task 1/5 step 1/360: running policy
    [frozen_flower] chain 139/200 task 1/5 step 1/360: policy 0.28s, stepping env
    [frozen_flower] chain 139/200 task 1/5 step 25/360: running policy
    [frozen_flower] chain 139/200 task 1/5 step 25/360: policy 0.01s, stepping env
    [frozen_flower] chain 139/200 task 1/5 step 50/360: running policy
    [frozen_flower] chain 139/200 task 1/5 step 50/360: policy 0.01s, stepping env
    [frozen_flower] chain 139/200 task 1/5 success at step 50
    [frozen_flower] chain 139/200 task 1/5 success: 50 steps, 2.3s
    [frozen_flower] chain 139/200 task 2/5 start: place_in_drawer | instruction: store the grasped block in the drawer
    [frozen_flower] chain 139/200 task 2/5 step 1/360: running policy
    [frozen_flower] chain 139/200 task 2/5 step 1/360: policy 0.28s, stepping env
    [frozen_flower] chain 139/200 task 2/5 step 25/360: running policy
    [frozen_flower] chain 139/200 task 2/5 step 25/360: policy 0.01s, stepping env
    [frozen_flower] chain 139/200 task 2/5 success at step 46
    [frozen_flower] chain 139/200 task 2/5 success: 46 steps, 2.4s
    [frozen_flower] chain 139/200 task 3/5 start: push_blue_block_left | instruction: go push the blue block left
    [frozen_flower] chain 139/200 task 3/5 step 1/360: running policy
    [frozen_flower] chain 139/200 task 3/5 step 1/360: policy 0.28s, stepping env
    [frozen_flower] chain 139/200 task 3/5 step 25/360: running policy
    [frozen_flower] chain 139/200 task 3/5 step 25/360: policy 0.00s, stepping env
    [frozen_flower] chain 139/200 task 3/5 step 50/360: running policy
    [frozen_flower] chain 139/200 task 3/5 step 50/360: policy 0.00s, stepping env
    [frozen_flower] chain 139/200 task 3/5 success at step 64
    [frozen_flower] chain 139/200 task 3/5 success: 64 steps, 3.1s
    [frozen_flower] chain 139/200 task 4/5 start: move_slider_right | instruction: push the sliding door to the right side
    [frozen_flower] chain 139/200 task 4/5 step 1/360: running policy
    [frozen_flower] chain 139/200 task 4/5 step 1/360: policy 0.25s, stepping env
    [frozen_flower] chain 139/200 task 4/5 step 25/360: running policy
    [frozen_flower] chain 139/200 task 4/5 step 25/360: policy 0.00s, stepping env
    [frozen_flower] chain 139/200 task 4/5 step 50/360: running policy
    [frozen_flower] chain 139/200 task 4/5 step 50/360: policy 0.00s, stepping env
    [frozen_flower] chain 139/200 task 4/5 step 75/360: running policy
    [frozen_flower] chain 139/200 task 4/5 step 75/360: policy 0.01s, stepping env
    [frozen_flower] chain 139/200 task 4/5 success at step 78
    [frozen_flower] chain 139/200 task 4/5 success: 78 steps, 3.4s
    [frozen_flower] chain 139/200 task 5/5 start: lift_red_block_table | instruction: grasp and lift the red block
    [frozen_flower] chain 139/200 task 5/5 step 1/360: running policy
    [frozen_flower] chain 139/200 task 5/5 step 1/360: policy 0.25s, stepping env
    [frozen_flower] chain 139/200 task 5/5 step 25/360: running policy
    [frozen_flower] chain 139/200 task 5/5 step 25/360: policy 0.00s, stepping env
    [frozen_flower] chain 139/200 task 5/5 step 50/360: running policy
    [frozen_flower] chain 139/200 task 5/5 step 50/360: policy 0.00s, stepping env
    [frozen_flower] chain 139/200 task 5/5 step 75/360: running policy
    [frozen_flower] chain 139/200 task 5/5 step 75/360: policy 0.00s, stepping env
    [frozen_flower] chain 139/200 task 5/5 success at step 92
    [frozen_flower] chain 139/200 task 5/5 success: 92 steps, 4.1s
    [frozen_flower] chain 140/200 start: ['lift_blue_block_slider', 'place_in_slider', 'rotate_red_block_left', 'turn_on_led', 'move_slider_left']
    [frozen_flower] chain 140/200 instructions: ['lift the blue block from the sliding cabinet', 'store the grasped block in the sliding cabinet', 'take the red block and rotate it to the left', 'press the button to turn on the led light', 'push the sliding door to the left side']
    [frozen_flower] chain 140/200 task 1/5 start: lift_blue_block_slider | instruction: lift the blue block from the sliding cabinet
    [frozen_flower] chain 140/200 task 1/5 step 1/360: running policy
    [frozen_flower] chain 140/200 task 1/5 step 1/360: policy 0.26s, stepping env
    [frozen_flower] chain 140/200 task 1/5 step 25/360: running policy
    [frozen_flower] chain 140/200 task 1/5 step 25/360: policy 0.00s, stepping env
    [frozen_flower] chain 140/200 task 1/5 step 50/360: running policy
    [frozen_flower] chain 140/200 task 1/5 step 50/360: policy 0.00s, stepping env
    [frozen_flower] chain 140/200 task 1/5 success at step 72
    [frozen_flower] chain 140/200 task 1/5 success: 72 steps, 3.2s
    [frozen_flower] chain 140/200 task 2/5 start: place_in_slider | instruction: store the grasped block in the sliding cabinet
    [frozen_flower] chain 140/200 task 2/5 step 1/360: running policy
    [frozen_flower] chain 140/200 task 2/5 step 1/360: policy 0.26s, stepping env
    [frozen_flower] chain 140/200 task 2/5 success at step 8
    [frozen_flower] chain 140/200 task 2/5 success: 8 steps, 0.4s
    [frozen_flower] chain 140/200 task 3/5 start: rotate_red_block_left | instruction: take the red block and rotate it to the left
    [frozen_flower] chain 140/200 task 3/5 step 1/360: running policy
    [frozen_flower] chain 140/200 task 3/5 step 1/360: policy 0.25s, stepping env
    [frozen_flower] chain 140/200 task 3/5 step 25/360: running policy
    [frozen_flower] chain 140/200 task 3/5 step 25/360: policy 0.01s, stepping env
    [frozen_flower] chain 140/200 task 3/5 step 50/360: running policy
    [frozen_flower] chain 140/200 task 3/5 step 50/360: policy 0.00s, stepping env
    [frozen_flower] chain 140/200 task 3/5 step 75/360: running policy
    [frozen_flower] chain 140/200 task 3/5 step 75/360: policy 0.01s, stepping env
    [frozen_flower] chain 140/200 task 3/5 success at step 97
    [frozen_flower] chain 140/200 task 3/5 success: 97 steps, 4.7s
    [frozen_flower] chain 140/200 task 4/5 start: turn_on_led | instruction: press the button to turn on the led light
    [frozen_flower] chain 140/200 task 4/5 step 1/360: running policy
    [frozen_flower] chain 140/200 task 4/5 step 1/360: policy 0.27s, stepping env
    [frozen_flower] chain 140/200 task 4/5 step 25/360: running policy
    [frozen_flower] chain 140/200 task 4/5 step 25/360: policy 0.01s, stepping env
    [frozen_flower] chain 140/200 task 4/5 step 50/360: running policy
    [frozen_flower] chain 140/200 task 4/5 step 50/360: policy 0.01s, stepping env
    [frozen_flower] chain 140/200 task 4/5 success at step 51
    [frozen_flower] chain 140/200 task 4/5 success: 51 steps, 2.7s
    [frozen_flower] chain 140/200 task 5/5 start: move_slider_left | instruction: push the sliding door to the left side
    [frozen_flower] chain 140/200 task 5/5 step 1/360: running policy
    [frozen_flower] chain 140/200 task 5/5 step 1/360: policy 0.29s, stepping env
    [frozen_flower] chain 140/200 task 5/5 step 25/360: running policy
    [frozen_flower] chain 140/200 task 5/5 step 25/360: policy 0.01s, stepping env
    [frozen_flower] chain 140/200 task 5/5 step 50/360: running policy
    [frozen_flower] chain 140/200 task 5/5 step 50/360: policy 0.00s, stepping env
    [frozen_flower] chain 140/200 task 5/5 success at step 63
    [frozen_flower] chain 140/200 task 5/5 success: 63 steps, 3.3s
    [frozen_flower] 140/200 chains, L1 success: 95.0%
    [frozen_flower] chain 141/200 start: ['push_red_block_right', 'move_slider_right', 'lift_blue_block_slider', 'stack_block', 'turn_off_led']
    [frozen_flower] chain 141/200 instructions: ['go push the red block right', 'push the sliding door to the right side', 'lift the blue block from the sliding cabinet', 'stack the grasped block', 'press the button to turn off the led light']
    [frozen_flower] chain 141/200 task 1/5 start: push_red_block_right | instruction: go push the red block right
    [frozen_flower] chain 141/200 task 1/5 step 1/360: running policy
    [frozen_flower] chain 141/200 task 1/5 step 1/360: policy 0.28s, stepping env
    [frozen_flower] chain 141/200 task 1/5 step 25/360: running policy
    [frozen_flower] chain 141/200 task 1/5 step 25/360: policy 0.01s, stepping env
    [frozen_flower] chain 141/200 task 1/5 step 50/360: running policy
    [frozen_flower] chain 141/200 task 1/5 step 50/360: policy 0.01s, stepping env
    [frozen_flower] chain 141/200 task 1/5 success at step 53
    [frozen_flower] chain 141/200 task 1/5 success: 53 steps, 2.8s
    [frozen_flower] chain 141/200 task 2/5 start: move_slider_right | instruction: push the sliding door to the right side
    [frozen_flower] chain 141/200 task 2/5 step 1/360: running policy
    [frozen_flower] chain 141/200 task 2/5 step 1/360: policy 0.30s, stepping env
    [frozen_flower] chain 141/200 task 2/5 step 25/360: running policy
    [frozen_flower] chain 141/200 task 2/5 step 25/360: policy 0.01s, stepping env
    [frozen_flower] chain 141/200 task 2/5 step 50/360: running policy
    [frozen_flower] chain 141/200 task 2/5 step 50/360: policy 0.01s, stepping env
    [frozen_flower] chain 141/200 task 2/5 step 75/360: running policy
    [frozen_flower] chain 141/200 task 2/5 step 75/360: policy 0.01s, stepping env
    [frozen_flower] chain 141/200 task 2/5 success at step 79
    [frozen_flower] chain 141/200 task 2/5 success: 79 steps, 3.9s
    [frozen_flower] chain 141/200 task 3/5 start: lift_blue_block_slider | instruction: lift the blue block from the sliding cabinet
    [frozen_flower] chain 141/200 task 3/5 step 1/360: running policy
    [frozen_flower] chain 141/200 task 3/5 step 1/360: policy 0.28s, stepping env
    [frozen_flower] chain 141/200 task 3/5 step 25/360: running policy
    [frozen_flower] chain 141/200 task 3/5 step 25/360: policy 0.01s, stepping env
    [frozen_flower] chain 141/200 task 3/5 step 50/360: running policy
    [frozen_flower] chain 141/200 task 3/5 step 50/360: policy 0.01s, stepping env
    [frozen_flower] chain 141/200 task 3/5 step 75/360: running policy
    [frozen_flower] chain 141/200 task 3/5 step 75/360: policy 0.01s, stepping env
    [frozen_flower] chain 141/200 task 3/5 success at step 93
    [frozen_flower] chain 141/200 task 3/5 success: 93 steps, 4.8s
    [frozen_flower] chain 141/200 task 4/5 start: stack_block | instruction: stack the grasped block
    [frozen_flower] chain 141/200 task 4/5 step 1/360: running policy
    [frozen_flower] chain 141/200 task 4/5 step 1/360: policy 0.30s, stepping env
    [frozen_flower] chain 141/200 task 4/5 step 25/360: running policy
    [frozen_flower] chain 141/200 task 4/5 step 25/360: policy 0.01s, stepping env
    [frozen_flower] chain 141/200 task 4/5 step 50/360: running policy
    [frozen_flower] chain 141/200 task 4/5 step 50/360: policy 0.01s, stepping env
    [frozen_flower] chain 141/200 task 4/5 success at step 52
    [frozen_flower] chain 141/200 task 4/5 success: 52 steps, 2.9s
    [frozen_flower] chain 141/200 task 5/5 start: turn_off_led | instruction: press the button to turn off the led light
    [frozen_flower] chain 141/200 task 5/5 step 1/360: running policy
    [frozen_flower] chain 141/200 task 5/5 step 1/360: policy 0.28s, stepping env
    [frozen_flower] chain 141/200 task 5/5 step 25/360: running policy
    [frozen_flower] chain 141/200 task 5/5 step 25/360: policy 0.01s, stepping env
    [frozen_flower] chain 141/200 task 5/5 step 50/360: running policy
    [frozen_flower] chain 141/200 task 5/5 step 50/360: policy 0.01s, stepping env
    [frozen_flower] chain 141/200 task 5/5 success at step 71
    [frozen_flower] chain 141/200 task 5/5 success: 71 steps, 3.9s
    [frozen_flower] chain 142/200 start: ['push_blue_block_left', 'lift_pink_block_slider', 'stack_block', 'move_slider_left', 'turn_on_lightbulb']
    [frozen_flower] chain 142/200 instructions: ['go push the blue block left', 'lift the pink block from the sliding cabinet', 'stack the grasped block', 'push the sliding door to the left side', 'use the switch to turn on the light bulb']
    [frozen_flower] chain 142/200 task 1/5 start: push_blue_block_left | instruction: go push the blue block left
    [frozen_flower] chain 142/200 task 1/5 step 1/360: running policy
    [frozen_flower] chain 142/200 task 1/5 step 1/360: policy 0.30s, stepping env
    [frozen_flower] chain 142/200 task 1/5 step 25/360: running policy
    [frozen_flower] chain 142/200 task 1/5 step 25/360: policy 0.01s, stepping env
    [frozen_flower] chain 142/200 task 1/5 step 50/360: running policy
    [frozen_flower] chain 142/200 task 1/5 step 50/360: policy 0.01s, stepping env
    [frozen_flower] chain 142/200 task 1/5 success at step 66
    [frozen_flower] chain 142/200 task 1/5 success: 66 steps, 3.7s
    [frozen_flower] chain 142/200 task 2/5 start: lift_pink_block_slider | instruction: lift the pink block from the sliding cabinet
    [frozen_flower] chain 142/200 task 2/5 step 1/360: running policy
    [frozen_flower] chain 142/200 task 2/5 step 1/360: policy 0.37s, stepping env
    [frozen_flower] chain 142/200 task 2/5 step 25/360: running policy
    [frozen_flower] chain 142/200 task 2/5 step 25/360: policy 0.01s, stepping env
    [frozen_flower] chain 142/200 task 2/5 step 50/360: running policy
    [frozen_flower] chain 142/200 task 2/5 step 50/360: policy 0.00s, stepping env
    [frozen_flower] chain 142/200 task 2/5 step 75/360: running policy
    [frozen_flower] chain 142/200 task 2/5 step 75/360: policy 0.01s, stepping env
    [frozen_flower] chain 142/200 task 2/5 success at step 95
    [frozen_flower] chain 142/200 task 2/5 success: 95 steps, 4.7s
    [frozen_flower] chain 142/200 task 3/5 start: stack_block | instruction: stack the grasped block
    [frozen_flower] chain 142/200 task 3/5 step 1/360: running policy
    [frozen_flower] chain 142/200 task 3/5 step 1/360: policy 0.29s, stepping env
    [frozen_flower] chain 142/200 task 3/5 step 25/360: running policy
    [frozen_flower] chain 142/200 task 3/5 step 25/360: policy 0.01s, stepping env
    [frozen_flower] chain 142/200 task 3/5 success at step 45
    [frozen_flower] chain 142/200 task 3/5 success: 45 steps, 2.3s
    [frozen_flower] chain 142/200 task 4/5 start: move_slider_left | instruction: push the sliding door to the left side
    [frozen_flower] chain 142/200 task 4/5 step 1/360: running policy
    [frozen_flower] chain 142/200 task 4/5 step 1/360: policy 0.24s, stepping env
    [frozen_flower] chain 142/200 task 4/5 step 25/360: running policy
    [frozen_flower] chain 142/200 task 4/5 step 25/360: policy 0.00s, stepping env
    [frozen_flower] chain 142/200 task 4/5 step 50/360: running policy
    [frozen_flower] chain 142/200 task 4/5 step 50/360: policy 0.00s, stepping env
    [frozen_flower] chain 142/200 task 4/5 success at step 54
    [frozen_flower] chain 142/200 task 4/5 success: 54 steps, 2.2s
    [frozen_flower] chain 142/200 task 5/5 start: turn_on_lightbulb | instruction: use the switch to turn on the light bulb
    [frozen_flower] chain 142/200 task 5/5 step 1/360: running policy
    [frozen_flower] chain 142/200 task 5/5 step 1/360: policy 0.23s, stepping env
    [frozen_flower] chain 142/200 task 5/5 step 25/360: running policy
    [frozen_flower] chain 142/200 task 5/5 step 25/360: policy 0.00s, stepping env
    [frozen_flower] chain 142/200 task 5/5 step 50/360: running policy
    [frozen_flower] chain 142/200 task 5/5 step 50/360: policy 0.00s, stepping env
    [frozen_flower] chain 142/200 task 5/5 success at step 60
    [frozen_flower] chain 142/200 task 5/5 success: 60 steps, 2.4s
    [frozen_flower] chain 143/200 start: ['push_pink_block_right', 'lift_blue_block_slider', 'place_in_slider', 'close_drawer', 'move_slider_right']
    [frozen_flower] chain 143/200 instructions: ['go push the pink block right', 'lift the blue block from the sliding cabinet', 'store the grasped block in the sliding cabinet', 'push the handle to close the drawer', 'push the sliding door to the right side']
    [frozen_flower] chain 143/200 task 1/5 start: push_pink_block_right | instruction: go push the pink block right
    [frozen_flower] chain 143/200 task 1/5 step 1/360: running policy
    [frozen_flower] chain 143/200 task 1/5 step 1/360: policy 0.26s, stepping env
    [frozen_flower] chain 143/200 task 1/5 step 25/360: running policy
    [frozen_flower] chain 143/200 task 1/5 step 25/360: policy 0.00s, stepping env
    [frozen_flower] chain 143/200 task 1/5 success at step 43
    [frozen_flower] chain 143/200 task 1/5 success: 43 steps, 1.9s
    [frozen_flower] chain 143/200 task 2/5 start: lift_blue_block_slider | instruction: lift the blue block from the sliding cabinet
    [frozen_flower] chain 143/200 task 2/5 step 1/360: running policy
    [frozen_flower] chain 143/200 task 2/5 step 1/360: policy 0.24s, stepping env
    [frozen_flower] chain 143/200 task 2/5 step 25/360: running policy
    [frozen_flower] chain 143/200 task 2/5 step 25/360: policy 0.00s, stepping env
    [frozen_flower] chain 143/200 task 2/5 step 50/360: running policy
    [frozen_flower] chain 143/200 task 2/5 step 50/360: policy 0.00s, stepping env
    [frozen_flower] chain 143/200 task 2/5 success at step 60
    [frozen_flower] chain 143/200 task 2/5 success: 60 steps, 2.3s
    [frozen_flower] chain 143/200 task 3/5 start: place_in_slider | instruction: store the grasped block in the sliding cabinet
    [frozen_flower] chain 143/200 task 3/5 step 1/360: running policy
    [frozen_flower] chain 143/200 task 3/5 step 1/360: policy 0.26s, stepping env
    [frozen_flower] chain 143/200 task 3/5 success at step 14
    [frozen_flower] chain 143/200 task 3/5 success: 14 steps, 0.8s
    [frozen_flower] chain 143/200 task 4/5 start: close_drawer | instruction: push the handle to close the drawer
    [frozen_flower] chain 143/200 task 4/5 step 1/360: running policy
    [frozen_flower] chain 143/200 task 4/5 step 1/360: policy 0.25s, stepping env
    [frozen_flower] chain 143/200 task 4/5 step 25/360: running policy
    [frozen_flower] chain 143/200 task 4/5 step 25/360: policy 0.00s, stepping env
    [frozen_flower] chain 143/200 task 4/5 step 50/360: running policy
    [frozen_flower] chain 143/200 task 4/5 step 50/360: policy 0.00s, stepping env
    [frozen_flower] chain 143/200 task 4/5 step 75/360: running policy
    [frozen_flower] chain 143/200 task 4/5 step 75/360: policy 0.00s, stepping env
    [frozen_flower] chain 143/200 task 4/5 success at step 75
    [frozen_flower] chain 143/200 task 4/5 success: 75 steps, 3.2s
    [frozen_flower] chain 143/200 task 5/5 start: move_slider_right | instruction: push the sliding door to the right side
    [frozen_flower] chain 143/200 task 5/5 step 1/360: running policy
    [frozen_flower] chain 143/200 task 5/5 step 1/360: policy 0.26s, stepping env
    [frozen_flower] chain 143/200 task 5/5 step 25/360: running policy
    [frozen_flower] chain 143/200 task 5/5 step 25/360: policy 0.00s, stepping env
    [frozen_flower] chain 143/200 task 5/5 step 50/360: running policy
    [frozen_flower] chain 143/200 task 5/5 step 50/360: policy 0.00s, stepping env
    [frozen_flower] chain 143/200 task 5/5 step 75/360: running policy
    [frozen_flower] chain 143/200 task 5/5 step 75/360: policy 0.00s, stepping env
    [frozen_flower] chain 143/200 task 5/5 success at step 83
    [frozen_flower] chain 143/200 task 5/5 success: 83 steps, 3.6s
    [frozen_flower] chain 144/200 start: ['rotate_blue_block_right', 'lift_red_block_table', 'place_in_slider', 'move_slider_right', 'lift_red_block_slider']
    [frozen_flower] chain 144/200 instructions: ['take the blue block and rotate it to the right', 'grasp and lift the red block', 'store the grasped block in the sliding cabinet', 'push the sliding door to the right side', 'lift the red block from the sliding cabinet']
    [frozen_flower] chain 144/200 task 1/5 start: rotate_blue_block_right | instruction: take the blue block and rotate it to the right
    [frozen_flower] chain 144/200 task 1/5 step 1/360: running policy
    [frozen_flower] chain 144/200 task 1/5 step 1/360: policy 0.24s, stepping env
    [frozen_flower] chain 144/200 task 1/5 step 25/360: running policy
    [frozen_flower] chain 144/200 task 1/5 step 25/360: policy 0.00s, stepping env
    [frozen_flower] chain 144/200 task 1/5 step 50/360: running policy
    [frozen_flower] chain 144/200 task 1/5 step 50/360: policy 0.00s, stepping env
    [frozen_flower] chain 144/200 task 1/5 step 75/360: running policy
    [frozen_flower] chain 144/200 task 1/5 step 75/360: policy 0.00s, stepping env
    [frozen_flower] chain 144/200 task 1/5 success at step 81
    [frozen_flower] chain 144/200 task 1/5 success: 81 steps, 3.7s
    [frozen_flower] chain 144/200 task 2/5 start: lift_red_block_table | instruction: grasp and lift the red block
    [frozen_flower] chain 144/200 task 2/5 step 1/360: running policy
    [frozen_flower] chain 144/200 task 2/5 step 1/360: policy 0.26s, stepping env
    [frozen_flower] chain 144/200 task 2/5 step 25/360: running policy
    [frozen_flower] chain 144/200 task 2/5 step 25/360: policy 0.00s, stepping env
    [frozen_flower] chain 144/200 task 2/5 step 50/360: running policy
    [frozen_flower] chain 144/200 task 2/5 step 50/360: policy 0.01s, stepping env
    [frozen_flower] chain 144/200 task 2/5 step 75/360: running policy
    [frozen_flower] chain 144/200 task 2/5 step 75/360: policy 0.00s, stepping env
    [frozen_flower] chain 144/200 task 2/5 success at step 78
    [frozen_flower] chain 144/200 task 2/5 success: 78 steps, 3.5s
    [frozen_flower] chain 144/200 task 3/5 start: place_in_slider | instruction: store the grasped block in the sliding cabinet
    [frozen_flower] chain 144/200 task 3/5 step 1/360: running policy
    [frozen_flower] chain 144/200 task 3/5 step 1/360: policy 0.26s, stepping env
    [frozen_flower] chain 144/200 task 3/5 step 25/360: running policy
    [frozen_flower] chain 144/200 task 3/5 step 25/360: policy 0.01s, stepping env
    [frozen_flower] chain 144/200 task 3/5 step 50/360: running policy
    [frozen_flower] chain 144/200 task 3/5 step 50/360: policy 0.00s, stepping env
    [frozen_flower] chain 144/200 task 3/5 success at step 52
    [frozen_flower] chain 144/200 task 3/5 success: 52 steps, 2.6s
    [frozen_flower] chain 144/200 task 4/5 start: move_slider_right | instruction: push the sliding door to the right side
    [frozen_flower] chain 144/200 task 4/5 step 1/360: running policy
    [frozen_flower] chain 144/200 task 4/5 step 1/360: policy 0.27s, stepping env
    [frozen_flower] chain 144/200 task 4/5 step 25/360: running policy
    [frozen_flower] chain 144/200 task 4/5 step 25/360: policy 0.00s, stepping env
    [frozen_flower] chain 144/200 task 4/5 step 50/360: running policy
    [frozen_flower] chain 144/200 task 4/5 step 50/360: policy 0.00s, stepping env
    [frozen_flower] chain 144/200 task 4/5 step 75/360: running policy
    [frozen_flower] chain 144/200 task 4/5 step 75/360: policy 0.00s, stepping env
    [frozen_flower] chain 144/200 task 4/5 step 100/360: running policy
    [frozen_flower] chain 144/200 task 4/5 step 100/360: policy 0.01s, stepping env
    [frozen_flower] chain 144/200 task 4/5 success at step 112
    [frozen_flower] chain 144/200 task 4/5 success: 112 steps, 5.3s
    [frozen_flower] chain 144/200 task 5/5 start: lift_red_block_slider | instruction: lift the red block from the sliding cabinet
    [frozen_flower] chain 144/200 task 5/5 step 1/360: running policy
    [frozen_flower] chain 144/200 task 5/5 step 1/360: policy 0.26s, stepping env
    [frozen_flower] chain 144/200 task 5/5 step 25/360: running policy
    [frozen_flower] chain 144/200 task 5/5 step 25/360: policy 0.01s, stepping env
    [frozen_flower] chain 144/200 task 5/5 step 50/360: running policy
    [frozen_flower] chain 144/200 task 5/5 step 50/360: policy 0.01s, stepping env
    [frozen_flower] chain 144/200 task 5/5 step 75/360: running policy
    [frozen_flower] chain 144/200 task 5/5 step 75/360: policy 0.01s, stepping env
    [frozen_flower] chain 144/200 task 5/5 step 100/360: running policy
    [frozen_flower] chain 144/200 task 5/5 step 100/360: policy 0.00s, stepping env
    [frozen_flower] chain 144/200 task 5/5 step 125/360: running policy
    [frozen_flower] chain 144/200 task 5/5 step 125/360: policy 0.00s, stepping env
    [frozen_flower] chain 144/200 task 5/5 step 150/360: running policy
    [frozen_flower] chain 144/200 task 5/5 step 150/360: policy 0.00s, stepping env
    [frozen_flower] chain 144/200 task 5/5 step 175/360: running policy
    [frozen_flower] chain 144/200 task 5/5 step 175/360: policy 0.00s, stepping env
    [frozen_flower] chain 144/200 task 5/5 step 200/360: running policy
    [frozen_flower] chain 144/200 task 5/5 step 200/360: policy 0.01s, stepping env
    [frozen_flower] chain 144/200 task 5/5 step 225/360: running policy
    [frozen_flower] chain 144/200 task 5/5 step 225/360: policy 0.01s, stepping env
    [frozen_flower] chain 144/200 task 5/5 step 250/360: running policy
    [frozen_flower] chain 144/200 task 5/5 step 250/360: policy 0.00s, stepping env
    [frozen_flower] chain 144/200 task 5/5 step 275/360: running policy
    [frozen_flower] chain 144/200 task 5/5 step 275/360: policy 0.01s, stepping env
    [frozen_flower] chain 144/200 task 5/5 step 300/360: running policy
    [frozen_flower] chain 144/200 task 5/5 step 300/360: policy 0.01s, stepping env
    [frozen_flower] chain 144/200 task 5/5 step 325/360: running policy
    [frozen_flower] chain 144/200 task 5/5 step 325/360: policy 0.01s, stepping env
    [frozen_flower] chain 144/200 task 5/5 step 350/360: running policy
    [frozen_flower] chain 144/200 task 5/5 step 350/360: policy 0.00s, stepping env
    [frozen_flower] chain 144/200 task 5/5 failed: 360 steps, 16.5s
    [frozen_flower] chain 145/200 start: ['turn_on_led', 'close_drawer', 'move_slider_right', 'lift_pink_block_slider', 'place_in_slider']
    [frozen_flower] chain 145/200 instructions: ['press the button to turn on the led light', 'push the handle to close the drawer', 'push the sliding door to the right side', 'lift the pink block from the sliding cabinet', 'store the grasped block in the sliding cabinet']
    [frozen_flower] chain 145/200 task 1/5 start: turn_on_led | instruction: press the button to turn on the led light
    [frozen_flower] chain 145/200 task 1/5 step 1/360: running policy
    [frozen_flower] chain 145/200 task 1/5 step 1/360: policy 0.27s, stepping env
    [frozen_flower] chain 145/200 task 1/5 step 25/360: running policy
    [frozen_flower] chain 145/200 task 1/5 step 25/360: policy 0.01s, stepping env
    [frozen_flower] chain 145/200 task 1/5 success at step 31
    [frozen_flower] chain 145/200 task 1/5 success: 31 steps, 1.7s
    [frozen_flower] chain 145/200 task 2/5 start: close_drawer | instruction: push the handle to close the drawer
    [frozen_flower] chain 145/200 task 2/5 step 1/360: running policy
    [frozen_flower] chain 145/200 task 2/5 step 1/360: policy 0.29s, stepping env
    [frozen_flower] chain 145/200 task 2/5 step 25/360: running policy
    [frozen_flower] chain 145/200 task 2/5 step 25/360: policy 0.01s, stepping env
    [frozen_flower] chain 145/200 task 2/5 step 50/360: running policy
    [frozen_flower] chain 145/200 task 2/5 step 50/360: policy 0.01s, stepping env
    [frozen_flower] chain 145/200 task 2/5 success at step 68
    [frozen_flower] chain 145/200 task 2/5 success: 68 steps, 3.1s
    [frozen_flower] chain 145/200 task 3/5 start: move_slider_right | instruction: push the sliding door to the right side
    [frozen_flower] chain 145/200 task 3/5 step 1/360: running policy
    [frozen_flower] chain 145/200 task 3/5 step 1/360: policy 0.26s, stepping env
    [frozen_flower] chain 145/200 task 3/5 step 25/360: running policy
    [frozen_flower] chain 145/200 task 3/5 step 25/360: policy 0.01s, stepping env
    [frozen_flower] chain 145/200 task 3/5 step 50/360: running policy
    [frozen_flower] chain 145/200 task 3/5 step 50/360: policy 0.01s, stepping env
    [frozen_flower] chain 145/200 task 3/5 step 75/360: running policy
    [frozen_flower] chain 145/200 task 3/5 step 75/360: policy 0.00s, stepping env
    [frozen_flower] chain 145/200 task 3/5 success at step 87
    [frozen_flower] chain 145/200 task 3/5 success: 87 steps, 4.1s
    [frozen_flower] chain 145/200 task 4/5 start: lift_pink_block_slider | instruction: lift the pink block from the sliding cabinet
    [frozen_flower] chain 145/200 task 4/5 step 1/360: running policy
    [frozen_flower] chain 145/200 task 4/5 step 1/360: policy 0.28s, stepping env
    [frozen_flower] chain 145/200 task 4/5 step 25/360: running policy
    [frozen_flower] chain 145/200 task 4/5 step 25/360: policy 0.01s, stepping env
    [frozen_flower] chain 145/200 task 4/5 step 50/360: running policy
    [frozen_flower] chain 145/200 task 4/5 step 50/360: policy 0.01s, stepping env
    [frozen_flower] chain 145/200 task 4/5 step 75/360: running policy
    [frozen_flower] chain 145/200 task 4/5 step 75/360: policy 0.00s, stepping env
    [frozen_flower] chain 145/200 task 4/5 success at step 77
    [frozen_flower] chain 145/200 task 4/5 success: 77 steps, 3.6s
    [frozen_flower] chain 145/200 task 5/5 start: place_in_slider | instruction: store the grasped block in the sliding cabinet
    [frozen_flower] chain 145/200 task 5/5 step 1/360: running policy
    [frozen_flower] chain 145/200 task 5/5 step 1/360: policy 0.24s, stepping env
    [frozen_flower] chain 145/200 task 5/5 success at step 11
    [frozen_flower] chain 145/200 task 5/5 success: 11 steps, 0.7s
    [frozen_flower] chain 146/200 start: ['move_slider_right', 'turn_on_lightbulb', 'lift_red_block_table', 'place_in_drawer', 'rotate_blue_block_left']
    [frozen_flower] chain 146/200 instructions: ['push the sliding door to the right side', 'use the switch to turn on the light bulb', 'grasp and lift the red block', 'store the grasped block in the drawer', 'take the blue block and rotate it to the left']
    [frozen_flower] chain 146/200 task 1/5 start: move_slider_right | instruction: push the sliding door to the right side
    [frozen_flower] chain 146/200 task 1/5 step 1/360: running policy
    [frozen_flower] chain 146/200 task 1/5 step 1/360: policy 0.26s, stepping env
    [frozen_flower] chain 146/200 task 1/5 step 25/360: running policy
    [frozen_flower] chain 146/200 task 1/5 step 25/360: policy 0.00s, stepping env
    [frozen_flower] chain 146/200 task 1/5 step 50/360: running policy
    [frozen_flower] chain 146/200 task 1/5 step 50/360: policy 0.01s, stepping env
    [frozen_flower] chain 146/200 task 1/5 success at step 59
    [frozen_flower] chain 146/200 task 1/5 success: 59 steps, 2.6s
    [frozen_flower] chain 146/200 task 2/5 start: turn_on_lightbulb | instruction: use the switch to turn on the light bulb
    [frozen_flower] chain 146/200 task 2/5 step 1/360: running policy
    [frozen_flower] chain 146/200 task 2/5 step 1/360: policy 0.27s, stepping env
    [frozen_flower] chain 146/200 task 2/5 step 25/360: running policy
    [frozen_flower] chain 146/200 task 2/5 step 25/360: policy 0.01s, stepping env
    [frozen_flower] chain 146/200 task 2/5 step 50/360: running policy
    [frozen_flower] chain 146/200 task 2/5 step 50/360: policy 0.01s, stepping env
    [frozen_flower] chain 146/200 task 2/5 success at step 62
    [frozen_flower] chain 146/200 task 2/5 success: 62 steps, 3.3s
    [frozen_flower] chain 146/200 task 3/5 start: lift_red_block_table | instruction: grasp and lift the red block
    [frozen_flower] chain 146/200 task 3/5 step 1/360: running policy
    [frozen_flower] chain 146/200 task 3/5 step 1/360: policy 0.30s, stepping env
    [frozen_flower] chain 146/200 task 3/5 step 25/360: running policy
    [frozen_flower] chain 146/200 task 3/5 step 25/360: policy 0.01s, stepping env
    [frozen_flower] chain 146/200 task 3/5 step 50/360: running policy
    [frozen_flower] chain 146/200 task 3/5 step 50/360: policy 0.01s, stepping env
    [frozen_flower] chain 146/200 task 3/5 step 75/360: running policy
    [frozen_flower] chain 146/200 task 3/5 step 75/360: policy 0.01s, stepping env
    [frozen_flower] chain 146/200 task 3/5 step 100/360: running policy
    [frozen_flower] chain 146/200 task 3/5 step 100/360: policy 0.00s, stepping env
    [frozen_flower] chain 146/200 task 3/5 step 125/360: running policy
    [frozen_flower] chain 146/200 task 3/5 step 125/360: policy 0.01s, stepping env
    [frozen_flower] chain 146/200 task 3/5 step 150/360: running policy
    [frozen_flower] chain 146/200 task 3/5 step 150/360: policy 0.01s, stepping env
    [frozen_flower] chain 146/200 task 3/5 step 175/360: running policy
    [frozen_flower] chain 146/200 task 3/5 step 175/360: policy 0.01s, stepping env
    [frozen_flower] chain 146/200 task 3/5 step 200/360: running policy
    [frozen_flower] chain 146/200 task 3/5 step 200/360: policy 0.01s, stepping env
    [frozen_flower] chain 146/200 task 3/5 step 225/360: running policy
    [frozen_flower] chain 146/200 task 3/5 step 225/360: policy 0.01s, stepping env
    [frozen_flower] chain 146/200 task 3/5 step 250/360: running policy
    [frozen_flower] chain 146/200 task 3/5 step 250/360: policy 0.01s, stepping env
    [frozen_flower] chain 146/200 task 3/5 step 275/360: running policy
    [frozen_flower] chain 146/200 task 3/5 step 275/360: policy 0.01s, stepping env
    [frozen_flower] chain 146/200 task 3/5 step 300/360: running policy
    [frozen_flower] chain 146/200 task 3/5 step 300/360: policy 0.01s, stepping env
    [frozen_flower] chain 146/200 task 3/5 step 325/360: running policy
    [frozen_flower] chain 146/200 task 3/5 step 325/360: policy 0.01s, stepping env
    [frozen_flower] chain 146/200 task 3/5 step 350/360: running policy
    [frozen_flower] chain 146/200 task 3/5 step 350/360: policy 0.01s, stepping env
    [frozen_flower] chain 146/200 task 3/5 failed: 360 steps, 18.1s
    [frozen_flower] chain 147/200 start: ['turn_off_led', 'move_slider_right', 'push_pink_block_right', 'open_drawer', 'lift_pink_block_table']
    [frozen_flower] chain 147/200 instructions: ['press the button to turn off the led light', 'push the sliding door to the right side', 'go push the pink block right', 'pull the handle to open the drawer', 'grasp and lift the pink block']
    [frozen_flower] chain 147/200 task 1/5 start: turn_off_led | instruction: press the button to turn off the led light
    [frozen_flower] chain 147/200 task 1/5 step 1/360: running policy
    [frozen_flower] chain 147/200 task 1/5 step 1/360: policy 0.29s, stepping env
    [frozen_flower] chain 147/200 task 1/5 step 25/360: running policy
    [frozen_flower] chain 147/200 task 1/5 step 25/360: policy 0.01s, stepping env
    [frozen_flower] chain 147/200 task 1/5 step 50/360: running policy
    [frozen_flower] chain 147/200 task 1/5 step 50/360: policy 0.01s, stepping env
    [frozen_flower] chain 147/200 task 1/5 success at step 67
    [frozen_flower] chain 147/200 task 1/5 success: 67 steps, 3.3s
    [frozen_flower] chain 147/200 task 2/5 start: move_slider_right | instruction: push the sliding door to the right side
    [frozen_flower] chain 147/200 task 2/5 step 1/360: running policy
    [frozen_flower] chain 147/200 task 2/5 step 1/360: policy 0.23s, stepping env
    [frozen_flower] chain 147/200 task 2/5 step 25/360: running policy
    [frozen_flower] chain 147/200 task 2/5 step 25/360: policy 0.00s, stepping env
    [frozen_flower] chain 147/200 task 2/5 step 50/360: running policy
    [frozen_flower] chain 147/200 task 2/5 step 50/360: policy 0.00s, stepping env
    [frozen_flower] chain 147/200 task 2/5 success at step 65
    [frozen_flower] chain 147/200 task 2/5 success: 65 steps, 2.6s
    [frozen_flower] chain 147/200 task 3/5 start: push_pink_block_right | instruction: go push the pink block right
    [frozen_flower] chain 147/200 task 3/5 step 1/360: running policy
    [frozen_flower] chain 147/200 task 3/5 step 1/360: policy 0.25s, stepping env
    [frozen_flower] chain 147/200 task 3/5 step 25/360: running policy
    [frozen_flower] chain 147/200 task 3/5 step 25/360: policy 0.00s, stepping env
    [frozen_flower] chain 147/200 task 3/5 step 50/360: running policy
    [frozen_flower] chain 147/200 task 3/5 step 50/360: policy 0.00s, stepping env
    [frozen_flower] chain 147/200 task 3/5 step 75/360: running policy
    [frozen_flower] chain 147/200 task 3/5 step 75/360: policy 0.00s, stepping env
    [frozen_flower] chain 147/200 task 3/5 step 100/360: running policy
    [frozen_flower] chain 147/200 task 3/5 step 100/360: policy 0.00s, stepping env
    [frozen_flower] chain 147/200 task 3/5 step 125/360: running policy
    [frozen_flower] chain 147/200 task 3/5 step 125/360: policy 0.00s, stepping env
    [frozen_flower] chain 147/200 task 3/5 step 150/360: running policy
    [frozen_flower] chain 147/200 task 3/5 step 150/360: policy 0.00s, stepping env
    [frozen_flower] chain 147/200 task 3/5 success at step 169
    [frozen_flower] chain 147/200 task 3/5 success: 169 steps, 6.6s
    [frozen_flower] chain 147/200 task 4/5 start: open_drawer | instruction: pull the handle to open the drawer
    [frozen_flower] chain 147/200 task 4/5 step 1/360: running policy
    [frozen_flower] chain 147/200 task 4/5 step 1/360: policy 0.21s, stepping env
    [frozen_flower] chain 147/200 task 4/5 step 25/360: running policy
    [frozen_flower] chain 147/200 task 4/5 step 25/360: policy 0.00s, stepping env
    [frozen_flower] chain 147/200 task 4/5 step 50/360: running policy
    [frozen_flower] chain 147/200 task 4/5 step 50/360: policy 0.00s, stepping env
    [frozen_flower] chain 147/200 task 4/5 success at step 71
    [frozen_flower] chain 147/200 task 4/5 success: 71 steps, 3.0s
    [frozen_flower] chain 147/200 task 5/5 start: lift_pink_block_table | instruction: grasp and lift the pink block
    [frozen_flower] chain 147/200 task 5/5 step 1/360: running policy
    [frozen_flower] chain 147/200 task 5/5 step 1/360: policy 0.26s, stepping env
    [frozen_flower] chain 147/200 task 5/5 step 25/360: running policy
    [frozen_flower] chain 147/200 task 5/5 step 25/360: policy 0.00s, stepping env
    [frozen_flower] chain 147/200 task 5/5 step 50/360: running policy
    [frozen_flower] chain 147/200 task 5/5 step 50/360: policy 0.00s, stepping env
    [frozen_flower] chain 147/200 task 5/5 step 75/360: running policy
    [frozen_flower] chain 147/200 task 5/5 step 75/360: policy 0.00s, stepping env
    [frozen_flower] chain 147/200 task 5/5 success at step 76
    [frozen_flower] chain 147/200 task 5/5 success: 76 steps, 3.3s
    [frozen_flower] chain 148/200 start: ['turn_on_lightbulb', 'close_drawer', 'lift_pink_block_slider', 'stack_block', 'unstack_block']
    [frozen_flower] chain 148/200 instructions: ['use the switch to turn on the light bulb', 'push the handle to close the drawer', 'lift the pink block from the sliding cabinet', 'stack the grasped block', 'remove the stacked block']
    [frozen_flower] chain 148/200 task 1/5 start: turn_on_lightbulb | instruction: use the switch to turn on the light bulb
    [frozen_flower] chain 148/200 task 1/5 step 1/360: running policy
    [frozen_flower] chain 148/200 task 1/5 step 1/360: policy 0.26s, stepping env
    [frozen_flower] chain 148/200 task 1/5 step 25/360: running policy
    [frozen_flower] chain 148/200 task 1/5 step 25/360: policy 0.00s, stepping env
    [frozen_flower] chain 148/200 task 1/5 success at step 45
    [frozen_flower] chain 148/200 task 1/5 success: 45 steps, 2.0s
    [frozen_flower] chain 148/200 task 2/5 start: close_drawer | instruction: push the handle to close the drawer
    [frozen_flower] chain 148/200 task 2/5 step 1/360: running policy
    [frozen_flower] chain 148/200 task 2/5 step 1/360: policy 0.26s, stepping env
    [frozen_flower] chain 148/200 task 2/5 step 25/360: running policy
    [frozen_flower] chain 148/200 task 2/5 step 25/360: policy 0.00s, stepping env
    [frozen_flower] chain 148/200 task 2/5 step 50/360: running policy
    [frozen_flower] chain 148/200 task 2/5 step 50/360: policy 0.00s, stepping env
    [frozen_flower] chain 148/200 task 2/5 step 75/360: running policy
    [frozen_flower] chain 148/200 task 2/5 step 75/360: policy 0.00s, stepping env
    [frozen_flower] chain 148/200 task 2/5 success at step 80
    [frozen_flower] chain 148/200 task 2/5 success: 80 steps, 3.4s
    [frozen_flower] chain 148/200 task 3/5 start: lift_pink_block_slider | instruction: lift the pink block from the sliding cabinet
    [frozen_flower] chain 148/200 task 3/5 step 1/360: running policy
    [frozen_flower] chain 148/200 task 3/5 step 1/360: policy 0.26s, stepping env
    [frozen_flower] chain 148/200 task 3/5 step 25/360: running policy
    [frozen_flower] chain 148/200 task 3/5 step 25/360: policy 0.00s, stepping env
    [frozen_flower] chain 148/200 task 3/5 step 50/360: running policy
    [frozen_flower] chain 148/200 task 3/5 step 50/360: policy 0.00s, stepping env
    [frozen_flower] chain 148/200 task 3/5 step 75/360: running policy
    [frozen_flower] chain 148/200 task 3/5 step 75/360: policy 0.00s, stepping env
    [frozen_flower] chain 148/200 task 3/5 success at step 83
    [frozen_flower] chain 148/200 task 3/5 success: 83 steps, 3.7s
    [frozen_flower] chain 148/200 task 4/5 start: stack_block | instruction: stack the grasped block
    [frozen_flower] chain 148/200 task 4/5 step 1/360: running policy
    [frozen_flower] chain 148/200 task 4/5 step 1/360: policy 0.26s, stepping env
    [frozen_flower] chain 148/200 task 4/5 step 25/360: running policy
    [frozen_flower] chain 148/200 task 4/5 step 25/360: policy 0.00s, stepping env
    [frozen_flower] chain 148/200 task 4/5 step 50/360: running policy
    [frozen_flower] chain 148/200 task 4/5 step 50/360: policy 0.00s, stepping env
    [frozen_flower] chain 148/200 task 4/5 step 75/360: running policy
    [frozen_flower] chain 148/200 task 4/5 step 75/360: policy 0.01s, stepping env
    [frozen_flower] chain 148/200 task 4/5 step 100/360: running policy
    [frozen_flower] chain 148/200 task 4/5 step 100/360: policy 0.00s, stepping env
    [frozen_flower] chain 148/200 task 4/5 step 125/360: running policy
    [frozen_flower] chain 148/200 task 4/5 step 125/360: policy 0.00s, stepping env
    [frozen_flower] chain 148/200 task 4/5 step 150/360: running policy
    [frozen_flower] chain 148/200 task 4/5 step 150/360: policy 0.00s, stepping env
    [frozen_flower] chain 148/200 task 4/5 step 175/360: running policy
    [frozen_flower] chain 148/200 task 4/5 step 175/360: policy 0.00s, stepping env
    [frozen_flower] chain 148/200 task 4/5 step 200/360: running policy
    [frozen_flower] chain 148/200 task 4/5 step 200/360: policy 0.00s, stepping env
    [frozen_flower] chain 148/200 task 4/5 step 225/360: running policy
    [frozen_flower] chain 148/200 task 4/5 step 225/360: policy 0.01s, stepping env
    [frozen_flower] chain 148/200 task 4/5 step 250/360: running policy
    [frozen_flower] chain 148/200 task 4/5 step 250/360: policy 0.00s, stepping env
    [frozen_flower] chain 148/200 task 4/5 step 275/360: running policy
    [frozen_flower] chain 148/200 task 4/5 step 275/360: policy 0.00s, stepping env
    [frozen_flower] chain 148/200 task 4/5 step 300/360: running policy
    [frozen_flower] chain 148/200 task 4/5 step 300/360: policy 0.00s, stepping env
    [frozen_flower] chain 148/200 task 4/5 step 325/360: running policy
    [frozen_flower] chain 148/200 task 4/5 step 325/360: policy 0.00s, stepping env
    [frozen_flower] chain 148/200 task 4/5 step 350/360: running policy
    [frozen_flower] chain 148/200 task 4/5 step 350/360: policy 0.00s, stepping env
    [frozen_flower] chain 148/200 task 4/5 failed: 360 steps, 14.8s
    [frozen_flower] chain 149/200 start: ['rotate_blue_block_right', 'open_drawer', 'turn_on_lightbulb', 'move_slider_left', 'lift_blue_block_table']
    [frozen_flower] chain 149/200 instructions: ['take the blue block and rotate it to the right', 'pull the handle to open the drawer', 'use the switch to turn on the light bulb', 'push the sliding door to the left side', 'grasp and lift the blue block']
    [frozen_flower] chain 149/200 task 1/5 start: rotate_blue_block_right | instruction: take the blue block and rotate it to the right
    [frozen_flower] chain 149/200 task 1/5 step 1/360: running policy
    [frozen_flower] chain 149/200 task 1/5 step 1/360: policy 0.25s, stepping env
    [frozen_flower] chain 149/200 task 1/5 step 25/360: running policy
    [frozen_flower] chain 149/200 task 1/5 step 25/360: policy 0.00s, stepping env
    [frozen_flower] chain 149/200 task 1/5 step 50/360: running policy
    [frozen_flower] chain 149/200 task 1/5 step 50/360: policy 0.00s, stepping env
    [frozen_flower] chain 149/200 task 1/5 step 75/360: running policy
    [frozen_flower] chain 149/200 task 1/5 step 75/360: policy 0.01s, stepping env
    [frozen_flower] chain 149/200 task 1/5 success at step 83
    [frozen_flower] chain 149/200 task 1/5 success: 83 steps, 3.6s
    [frozen_flower] chain 149/200 task 2/5 start: open_drawer | instruction: pull the handle to open the drawer
    [frozen_flower] chain 149/200 task 2/5 step 1/360: running policy
    [frozen_flower] chain 149/200 task 2/5 step 1/360: policy 0.27s, stepping env
    [frozen_flower] chain 149/200 task 2/5 step 25/360: running policy
    [frozen_flower] chain 149/200 task 2/5 step 25/360: policy 0.00s, stepping env
    [frozen_flower] chain 149/200 task 2/5 step 50/360: running policy
    [frozen_flower] chain 149/200 task 2/5 step 50/360: policy 0.00s, stepping env
    [frozen_flower] chain 149/200 task 2/5 success at step 74
    [frozen_flower] chain 149/200 task 2/5 success: 74 steps, 3.4s
    [frozen_flower] chain 149/200 task 3/5 start: turn_on_lightbulb | instruction: use the switch to turn on the light bulb
    [frozen_flower] chain 149/200 task 3/5 step 1/360: running policy
    [frozen_flower] chain 149/200 task 3/5 step 1/360: policy 0.27s, stepping env
    [frozen_flower] chain 149/200 task 3/5 step 25/360: running policy
    [frozen_flower] chain 149/200 task 3/5 step 25/360: policy 0.00s, stepping env
    [frozen_flower] chain 149/200 task 3/5 step 50/360: running policy
    [frozen_flower] chain 149/200 task 3/5 step 50/360: policy 0.00s, stepping env
    [frozen_flower] chain 149/200 task 3/5 success at step 66
    [frozen_flower] chain 149/200 task 3/5 success: 66 steps, 2.7s
    [frozen_flower] chain 149/200 task 4/5 start: move_slider_left | instruction: push the sliding door to the left side
    [frozen_flower] chain 149/200 task 4/5 step 1/360: running policy
    [frozen_flower] chain 149/200 task 4/5 step 1/360: policy 0.23s, stepping env
    [frozen_flower] chain 149/200 task 4/5 step 25/360: running policy
    [frozen_flower] chain 149/200 task 4/5 step 25/360: policy 0.00s, stepping env
    [frozen_flower] chain 149/200 task 4/5 step 50/360: running policy
    [frozen_flower] chain 149/200 task 4/5 step 50/360: policy 0.00s, stepping env
    [frozen_flower] chain 149/200 task 4/5 step 75/360: running policy
    [frozen_flower] chain 149/200 task 4/5 step 75/360: policy 0.00s, stepping env
    [frozen_flower] chain 149/200 task 4/5 step 100/360: running policy
    [frozen_flower] chain 149/200 task 4/5 step 100/360: policy 0.00s, stepping env
    [frozen_flower] chain 149/200 task 4/5 success at step 103
    [frozen_flower] chain 149/200 task 4/5 success: 103 steps, 4.1s
    [frozen_flower] chain 149/200 task 5/5 start: lift_blue_block_table | instruction: grasp and lift the blue block
    [frozen_flower] chain 149/200 task 5/5 step 1/360: running policy
    [frozen_flower] chain 149/200 task 5/5 step 1/360: policy 0.27s, stepping env
    [frozen_flower] chain 149/200 task 5/5 step 25/360: running policy
    [frozen_flower] chain 149/200 task 5/5 step 25/360: policy 0.00s, stepping env
    [frozen_flower] chain 149/200 task 5/5 step 50/360: running policy
    [frozen_flower] chain 149/200 task 5/5 step 50/360: policy 0.00s, stepping env
    [frozen_flower] chain 149/200 task 5/5 success at step 72
    [frozen_flower] chain 149/200 task 5/5 success: 72 steps, 3.5s
    [frozen_flower] chain 150/200 start: ['turn_on_lightbulb', 'rotate_pink_block_left', 'lift_red_block_table', 'place_in_slider', 'move_slider_left']
    [frozen_flower] chain 150/200 instructions: ['use the switch to turn on the light bulb', 'take the pink block and rotate it to the left', 'grasp and lift the red block', 'store the grasped block in the sliding cabinet', 'push the sliding door to the left side']
    [frozen_flower] chain 150/200 task 1/5 start: turn_on_lightbulb | instruction: use the switch to turn on the light bulb
    [frozen_flower] chain 150/200 task 1/5 step 1/360: running policy
    [frozen_flower] chain 150/200 task 1/5 step 1/360: policy 0.28s, stepping env
    [frozen_flower] chain 150/200 task 1/5 step 25/360: running policy
    [frozen_flower] chain 150/200 task 1/5 step 25/360: policy 0.01s, stepping env
    [frozen_flower] chain 150/200 task 1/5 step 50/360: running policy
    [frozen_flower] chain 150/200 task 1/5 step 50/360: policy 0.00s, stepping env
    [frozen_flower] chain 150/200 task 1/5 success at step 51
    [frozen_flower] chain 150/200 task 1/5 success: 51 steps, 2.6s
    [frozen_flower] chain 150/200 task 2/5 start: rotate_pink_block_left | instruction: take the pink block and rotate it to the left
    [frozen_flower] chain 150/200 task 2/5 step 1/360: running policy
    [frozen_flower] chain 150/200 task 2/5 step 1/360: policy 0.28s, stepping env
    [frozen_flower] chain 150/200 task 2/5 step 25/360: running policy
    [frozen_flower] chain 150/200 task 2/5 step 25/360: policy 0.00s, stepping env
    [frozen_flower] chain 150/200 task 2/5 step 50/360: running policy
    [frozen_flower] chain 150/200 task 2/5 step 50/360: policy 0.00s, stepping env
    [frozen_flower] chain 150/200 task 2/5 step 75/360: running policy
    [frozen_flower] chain 150/200 task 2/5 step 75/360: policy 0.00s, stepping env
    [frozen_flower] chain 150/200 task 2/5 success at step 75
    [frozen_flower] chain 150/200 task 2/5 success: 75 steps, 3.7s
    [frozen_flower] chain 150/200 task 3/5 start: lift_red_block_table | instruction: grasp and lift the red block
    [frozen_flower] chain 150/200 task 3/5 step 1/360: running policy
    [frozen_flower] chain 150/200 task 3/5 step 1/360: policy 0.28s, stepping env
    [frozen_flower] chain 150/200 task 3/5 step 25/360: running policy
    [frozen_flower] chain 150/200 task 3/5 step 25/360: policy 0.01s, stepping env
    [frozen_flower] chain 150/200 task 3/5 step 50/360: running policy
    [frozen_flower] chain 150/200 task 3/5 step 50/360: policy 0.00s, stepping env
    [frozen_flower] chain 150/200 task 3/5 success at step 61
    [frozen_flower] chain 150/200 task 3/5 success: 61 steps, 3.1s
    [frozen_flower] chain 150/200 task 4/5 start: place_in_slider | instruction: store the grasped block in the sliding cabinet
    [frozen_flower] chain 150/200 task 4/5 step 1/360: running policy
    [frozen_flower] chain 150/200 task 4/5 step 1/360: policy 0.28s, stepping env
    [frozen_flower] chain 150/200 task 4/5 step 25/360: running policy
    [frozen_flower] chain 150/200 task 4/5 step 25/360: policy 0.01s, stepping env
    [frozen_flower] chain 150/200 task 4/5 step 50/360: running policy
    [frozen_flower] chain 150/200 task 4/5 step 50/360: policy 0.01s, stepping env
    [frozen_flower] chain 150/200 task 4/5 success at step 58
    [frozen_flower] chain 150/200 task 4/5 success: 58 steps, 2.8s
    [frozen_flower] chain 150/200 task 5/5 start: move_slider_left | instruction: push the sliding door to the left side
    [frozen_flower] chain 150/200 task 5/5 step 1/360: running policy
    [frozen_flower] chain 150/200 task 5/5 step 1/360: policy 0.27s, stepping env
    [frozen_flower] chain 150/200 task 5/5 step 25/360: running policy
    [frozen_flower] chain 150/200 task 5/5 step 25/360: policy 0.00s, stepping env
    [frozen_flower] chain 150/200 task 5/5 step 50/360: running policy
    [frozen_flower] chain 150/200 task 5/5 step 50/360: policy 0.00s, stepping env
    [frozen_flower] chain 150/200 task 5/5 step 75/360: running policy
    [frozen_flower] chain 150/200 task 5/5 step 75/360: policy 0.01s, stepping env
    [frozen_flower] chain 150/200 task 5/5 step 100/360: running policy
    [frozen_flower] chain 150/200 task 5/5 step 100/360: policy 0.00s, stepping env
    [frozen_flower] chain 150/200 task 5/5 step 125/360: running policy
    [frozen_flower] chain 150/200 task 5/5 step 125/360: policy 0.01s, stepping env
    [frozen_flower] chain 150/200 task 5/5 success at step 146
    [frozen_flower] chain 150/200 task 5/5 success: 146 steps, 6.9s
    [frozen_flower] 150/200 chains, L1 success: 95.3%
    [frozen_flower] chain 151/200 start: ['open_drawer', 'push_into_drawer', 'turn_off_lightbulb', 'lift_pink_block_slider', 'place_in_drawer']
    [frozen_flower] chain 151/200 instructions: ['pull the handle to open the drawer', 'slide the block that it falls into the drawer', 'use the switch to turn off the light bulb', 'lift the pink block from the sliding cabinet', 'store the grasped block in the drawer']
    [frozen_flower] chain 151/200 task 1/5 start: open_drawer | instruction: pull the handle to open the drawer
    [frozen_flower] chain 151/200 task 1/5 step 1/360: running policy
    [frozen_flower] chain 151/200 task 1/5 step 1/360: policy 0.27s, stepping env
    [frozen_flower] chain 151/200 task 1/5 step 25/360: running policy
    [frozen_flower] chain 151/200 task 1/5 step 25/360: policy 0.01s, stepping env
    [frozen_flower] chain 151/200 task 1/5 step 50/360: running policy
    [frozen_flower] chain 151/200 task 1/5 step 50/360: policy 0.01s, stepping env
    [frozen_flower] chain 151/200 task 1/5 success at step 51
    [frozen_flower] chain 151/200 task 1/5 success: 51 steps, 2.6s
    [frozen_flower] chain 151/200 task 2/5 start: push_into_drawer | instruction: slide the block that it falls into the drawer
    [frozen_flower] chain 151/200 task 2/5 step 1/360: running policy
    [frozen_flower] chain 151/200 task 2/5 step 1/360: policy 0.29s, stepping env
    [frozen_flower] chain 151/200 task 2/5 step 25/360: running policy
    [frozen_flower] chain 151/200 task 2/5 step 25/360: policy 0.01s, stepping env
    [frozen_flower] chain 151/200 task 2/5 step 50/360: running policy
    [frozen_flower] chain 151/200 task 2/5 step 50/360: policy 0.01s, stepping env
    [frozen_flower] chain 151/200 task 2/5 step 75/360: running policy
    [frozen_flower] chain 151/200 task 2/5 step 75/360: policy 0.00s, stepping env
    [frozen_flower] chain 151/200 task 2/5 success at step 78
    [frozen_flower] chain 151/200 task 2/5 success: 78 steps, 3.8s
    [frozen_flower] chain 151/200 task 3/5 start: turn_off_lightbulb | instruction: use the switch to turn off the light bulb
    [frozen_flower] chain 151/200 task 3/5 step 1/360: running policy
    [frozen_flower] chain 151/200 task 3/5 step 1/360: policy 0.27s, stepping env
    [frozen_flower] chain 151/200 task 3/5 step 25/360: running policy
    [frozen_flower] chain 151/200 task 3/5 step 25/360: policy 0.01s, stepping env
    [frozen_flower] chain 151/200 task 3/5 step 50/360: running policy
    [frozen_flower] chain 151/200 task 3/5 step 50/360: policy 0.01s, stepping env
    [frozen_flower] chain 151/200 task 3/5 success at step 55
    [frozen_flower] chain 151/200 task 3/5 success: 55 steps, 2.7s
    [frozen_flower] chain 151/200 task 4/5 start: lift_pink_block_slider | instruction: lift the pink block from the sliding cabinet
    [frozen_flower] chain 151/200 task 4/5 step 1/360: running policy
    [frozen_flower] chain 151/200 task 4/5 step 1/360: policy 0.28s, stepping env
    [frozen_flower] chain 151/200 task 4/5 step 25/360: running policy
    [frozen_flower] chain 151/200 task 4/5 step 25/360: policy 0.00s, stepping env
    [frozen_flower] chain 151/200 task 4/5 step 50/360: running policy
    [frozen_flower] chain 151/200 task 4/5 step 50/360: policy 0.00s, stepping env
    [frozen_flower] chain 151/200 task 4/5 step 75/360: running policy
    [frozen_flower] chain 151/200 task 4/5 step 75/360: policy 0.00s, stepping env
    [frozen_flower] chain 151/200 task 4/5 step 100/360: running policy
    [frozen_flower] chain 151/200 task 4/5 step 100/360: policy 0.00s, stepping env
    [frozen_flower] chain 151/200 task 4/5 step 125/360: running policy
    [frozen_flower] chain 151/200 task 4/5 step 125/360: policy 0.00s, stepping env
    [frozen_flower] chain 151/200 task 4/5 success at step 141
    [frozen_flower] chain 151/200 task 4/5 success: 141 steps, 4.2s
    [frozen_flower] chain 151/200 task 5/5 start: place_in_drawer | instruction: store the grasped block in the drawer
    [frozen_flower] chain 151/200 task 5/5 step 1/360: running policy
    [frozen_flower] chain 151/200 task 5/5 step 1/360: policy 0.17s, stepping env
    [frozen_flower] chain 151/200 task 5/5 step 25/360: running policy
    [frozen_flower] chain 151/200 task 5/5 step 25/360: policy 0.00s, stepping env
    [frozen_flower] chain 151/200 task 5/5 step 50/360: running policy
    [frozen_flower] chain 151/200 task 5/5 step 50/360: policy 0.00s, stepping env
    [frozen_flower] chain 151/200 task 5/5 success at step 52
    [frozen_flower] chain 151/200 task 5/5 success: 52 steps, 1.6s
    [frozen_flower] chain 152/200 start: ['turn_on_lightbulb', 'open_drawer', 'lift_pink_block_table', 'stack_block', 'move_slider_right']
    [frozen_flower] chain 152/200 instructions: ['use the switch to turn on the light bulb', 'pull the handle to open the drawer', 'grasp and lift the pink block', 'stack the grasped block', 'push the sliding door to the right side']
    [frozen_flower] chain 152/200 task 1/5 start: turn_on_lightbulb | instruction: use the switch to turn on the light bulb
    [frozen_flower] chain 152/200 task 1/5 step 1/360: running policy
    [frozen_flower] chain 152/200 task 1/5 step 1/360: policy 0.17s, stepping env
    [frozen_flower] chain 152/200 task 1/5 step 25/360: running policy
    [frozen_flower] chain 152/200 task 1/5 step 25/360: policy 0.00s, stepping env
    [frozen_flower] chain 152/200 task 1/5 step 50/360: running policy
    [frozen_flower] chain 152/200 task 1/5 step 50/360: policy 0.00s, stepping env
    [frozen_flower] chain 152/200 task 1/5 success at step 56
    [frozen_flower] chain 152/200 task 1/5 success: 56 steps, 1.7s
    [frozen_flower] chain 152/200 task 2/5 start: open_drawer | instruction: pull the handle to open the drawer
    [frozen_flower] chain 152/200 task 2/5 step 1/360: running policy
    [frozen_flower] chain 152/200 task 2/5 step 1/360: policy 0.18s, stepping env
    [frozen_flower] chain 152/200 task 2/5 step 25/360: running policy
    [frozen_flower] chain 152/200 task 2/5 step 25/360: policy 0.00s, stepping env
    [frozen_flower] chain 152/200 task 2/5 step 50/360: running policy
    [frozen_flower] chain 152/200 task 2/5 step 50/360: policy 0.00s, stepping env
    [frozen_flower] chain 152/200 task 2/5 step 75/360: running policy
    [frozen_flower] chain 152/200 task 2/5 step 75/360: policy 0.00s, stepping env
    [frozen_flower] chain 152/200 task 2/5 success at step 76
    [frozen_flower] chain 152/200 task 2/5 success: 76 steps, 2.2s
    [frozen_flower] chain 152/200 task 3/5 start: lift_pink_block_table | instruction: grasp and lift the pink block
    [frozen_flower] chain 152/200 task 3/5 step 1/360: running policy
    [frozen_flower] chain 152/200 task 3/5 step 1/360: policy 0.18s, stepping env
    [frozen_flower] chain 152/200 task 3/5 step 25/360: running policy
    [frozen_flower] chain 152/200 task 3/5 step 25/360: policy 0.00s, stepping env
    [frozen_flower] chain 152/200 task 3/5 step 50/360: running policy
    [frozen_flower] chain 152/200 task 3/5 step 50/360: policy 0.00s, stepping env
    [frozen_flower] chain 152/200 task 3/5 success at step 70
    [frozen_flower] chain 152/200 task 3/5 success: 70 steps, 2.0s
    [frozen_flower] chain 152/200 task 4/5 start: stack_block | instruction: stack the grasped block
    [frozen_flower] chain 152/200 task 4/5 step 1/360: running policy
    [frozen_flower] chain 152/200 task 4/5 step 1/360: policy 0.18s, stepping env
    [frozen_flower] chain 152/200 task 4/5 step 25/360: running policy
    [frozen_flower] chain 152/200 task 4/5 step 25/360: policy 0.00s, stepping env
    [frozen_flower] chain 152/200 task 4/5 step 50/360: running policy
    [frozen_flower] chain 152/200 task 4/5 step 50/360: policy 0.00s, stepping env
    [frozen_flower] chain 152/200 task 4/5 step 75/360: running policy
    [frozen_flower] chain 152/200 task 4/5 step 75/360: policy 0.00s, stepping env
    [frozen_flower] chain 152/200 task 4/5 step 100/360: running policy
    [frozen_flower] chain 152/200 task 4/5 step 100/360: policy 0.00s, stepping env
    [frozen_flower] chain 152/200 task 4/5 step 125/360: running policy
    [frozen_flower] chain 152/200 task 4/5 step 125/360: policy 0.00s, stepping env
    [frozen_flower] chain 152/200 task 4/5 step 150/360: running policy
    [frozen_flower] chain 152/200 task 4/5 step 150/360: policy 0.00s, stepping env
    [frozen_flower] chain 152/200 task 4/5 step 175/360: running policy
    [frozen_flower] chain 152/200 task 4/5 step 175/360: policy 0.00s, stepping env
    [frozen_flower] chain 152/200 task 4/5 step 200/360: running policy
    [frozen_flower] chain 152/200 task 4/5 step 200/360: policy 0.00s, stepping env
    [frozen_flower] chain 152/200 task 4/5 step 225/360: running policy
    [frozen_flower] chain 152/200 task 4/5 step 225/360: policy 0.00s, stepping env
    [frozen_flower] chain 152/200 task 4/5 step 250/360: running policy
    [frozen_flower] chain 152/200 task 4/5 step 250/360: policy 0.00s, stepping env
    [frozen_flower] chain 152/200 task 4/5 step 275/360: running policy
    [frozen_flower] chain 152/200 task 4/5 step 275/360: policy 0.00s, stepping env
    [frozen_flower] chain 152/200 task 4/5 step 300/360: running policy
    [frozen_flower] chain 152/200 task 4/5 step 300/360: policy 0.00s, stepping env
    [frozen_flower] chain 152/200 task 4/5 step 325/360: running policy
    [frozen_flower] chain 152/200 task 4/5 step 325/360: policy 0.00s, stepping env
    [frozen_flower] chain 152/200 task 4/5 step 350/360: running policy
    [frozen_flower] chain 152/200 task 4/5 step 350/360: policy 0.00s, stepping env
    [frozen_flower] chain 152/200 task 4/5 failed: 360 steps, 10.2s
    [frozen_flower] chain 153/200 start: ['push_pink_block_right', 'turn_on_led', 'lift_red_block_table', 'place_in_slider', 'open_drawer']
    [frozen_flower] chain 153/200 instructions: ['go push the pink block right', 'press the button to turn on the led light', 'grasp and lift the red block', 'store the grasped block in the sliding cabinet', 'pull the handle to open the drawer']
    [frozen_flower] chain 153/200 task 1/5 start: push_pink_block_right | instruction: go push the pink block right
    [frozen_flower] chain 153/200 task 1/5 step 1/360: running policy
    [frozen_flower] chain 153/200 task 1/5 step 1/360: policy 0.18s, stepping env
    [frozen_flower] chain 153/200 task 1/5 step 25/360: running policy
    [frozen_flower] chain 153/200 task 1/5 step 25/360: policy 0.00s, stepping env
    [frozen_flower] chain 153/200 task 1/5 step 50/360: running policy
    [frozen_flower] chain 153/200 task 1/5 step 50/360: policy 0.00s, stepping env
    [frozen_flower] chain 153/200 task 1/5 step 75/360: running policy
    [frozen_flower] chain 153/200 task 1/5 step 75/360: policy 0.01s, stepping env
    [frozen_flower] chain 153/200 task 1/5 success at step 99
    [frozen_flower] chain 153/200 task 1/5 success: 99 steps, 2.8s
    [frozen_flower] chain 153/200 task 2/5 start: turn_on_led | instruction: press the button to turn on the led light
    [frozen_flower] chain 153/200 task 2/5 step 1/360: running policy
    [frozen_flower] chain 153/200 task 2/5 step 1/360: policy 0.18s, stepping env
    [frozen_flower] chain 153/200 task 2/5 step 25/360: running policy
    [frozen_flower] chain 153/200 task 2/5 step 25/360: policy 0.00s, stepping env
    [frozen_flower] chain 153/200 task 2/5 step 50/360: running policy
    [frozen_flower] chain 153/200 task 2/5 step 50/360: policy 0.00s, stepping env
    [frozen_flower] chain 153/200 task 2/5 success at step 54
    [frozen_flower] chain 153/200 task 2/5 success: 54 steps, 1.6s
    [frozen_flower] chain 153/200 task 3/5 start: lift_red_block_table | instruction: grasp and lift the red block
    [frozen_flower] chain 153/200 task 3/5 step 1/360: running policy
    [frozen_flower] chain 153/200 task 3/5 step 1/360: policy 0.17s, stepping env
    [frozen_flower] chain 153/200 task 3/5 step 25/360: running policy
    [frozen_flower] chain 153/200 task 3/5 step 25/360: policy 0.00s, stepping env
    [frozen_flower] chain 153/200 task 3/5 step 50/360: running policy
    [frozen_flower] chain 153/200 task 3/5 step 50/360: policy 0.00s, stepping env
    [frozen_flower] chain 153/200 task 3/5 success at step 60
    [frozen_flower] chain 153/200 task 3/5 success: 60 steps, 1.6s
    [frozen_flower] chain 153/200 task 4/5 start: place_in_slider | instruction: store the grasped block in the sliding cabinet
    [frozen_flower] chain 153/200 task 4/5 step 1/360: running policy
    [frozen_flower] chain 153/200 task 4/5 step 1/360: policy 0.15s, stepping env
    [frozen_flower] chain 153/200 task 4/5 step 25/360: running policy
    [frozen_flower] chain 153/200 task 4/5 step 25/360: policy 0.00s, stepping env
    [frozen_flower] chain 153/200 task 4/5 success at step 44
    [frozen_flower] chain 153/200 task 4/5 success: 44 steps, 1.3s
    [frozen_flower] chain 153/200 task 5/5 start: open_drawer | instruction: pull the handle to open the drawer
    [frozen_flower] chain 153/200 task 5/5 step 1/360: running policy
    [frozen_flower] chain 153/200 task 5/5 step 1/360: policy 0.18s, stepping env
    [frozen_flower] chain 153/200 task 5/5 step 25/360: running policy
    [frozen_flower] chain 153/200 task 5/5 step 25/360: policy 0.00s, stepping env
    [frozen_flower] chain 153/200 task 5/5 step 50/360: running policy
    [frozen_flower] chain 153/200 task 5/5 step 50/360: policy 0.00s, stepping env
    [frozen_flower] chain 153/200 task 5/5 step 75/360: running policy
    [frozen_flower] chain 153/200 task 5/5 step 75/360: policy 0.00s, stepping env
    [frozen_flower] chain 153/200 task 5/5 success at step 82
    [frozen_flower] chain 153/200 task 5/5 success: 82 steps, 2.3s
    [frozen_flower] chain 154/200 start: ['turn_on_led', 'close_drawer', 'push_red_block_right', 'lift_blue_block_slider', 'place_in_slider']
    [frozen_flower] chain 154/200 instructions: ['press the button to turn on the led light', 'push the handle to close the drawer', 'go push the red block right', 'lift the blue block from the sliding cabinet', 'store the grasped block in the sliding cabinet']
    [frozen_flower] chain 154/200 task 1/5 start: turn_on_led | instruction: press the button to turn on the led light
    [frozen_flower] chain 154/200 task 1/5 step 1/360: running policy
    [frozen_flower] chain 154/200 task 1/5 step 1/360: policy 0.18s, stepping env
    [frozen_flower] chain 154/200 task 1/5 step 25/360: running policy
    [frozen_flower] chain 154/200 task 1/5 step 25/360: policy 0.00s, stepping env
    [frozen_flower] chain 154/200 task 1/5 success at step 32
    [frozen_flower] chain 154/200 task 1/5 success: 32 steps, 1.0s
    [frozen_flower] chain 154/200 task 2/5 start: close_drawer | instruction: push the handle to close the drawer
    [frozen_flower] chain 154/200 task 2/5 step 1/360: running policy
    [frozen_flower] chain 154/200 task 2/5 step 1/360: policy 0.14s, stepping env
    [frozen_flower] chain 154/200 task 2/5 step 25/360: running policy
    [frozen_flower] chain 154/200 task 2/5 step 25/360: policy 0.00s, stepping env
    [frozen_flower] chain 154/200 task 2/5 step 50/360: running policy
    [frozen_flower] chain 154/200 task 2/5 step 50/360: policy 0.00s, stepping env
    [frozen_flower] chain 154/200 task 2/5 step 75/360: running policy
    [frozen_flower] chain 154/200 task 2/5 step 75/360: policy 0.00s, stepping env
    [frozen_flower] chain 154/200 task 2/5 success at step 81
    [frozen_flower] chain 154/200 task 2/5 success: 81 steps, 2.0s
    [frozen_flower] chain 154/200 task 3/5 start: push_red_block_right | instruction: go push the red block right
    [frozen_flower] chain 154/200 task 3/5 step 1/360: running policy
    [frozen_flower] chain 154/200 task 3/5 step 1/360: policy 0.15s, stepping env
    [frozen_flower] chain 154/200 task 3/5 step 25/360: running policy
    [frozen_flower] chain 154/200 task 3/5 step 25/360: policy 0.00s, stepping env
    [frozen_flower] chain 154/200 task 3/5 step 50/360: running policy
    [frozen_flower] chain 154/200 task 3/5 step 50/360: policy 0.01s, stepping env
    [frozen_flower] chain 154/200 task 3/5 step 75/360: running policy
    [frozen_flower] chain 154/200 task 3/5 step 75/360: policy 0.00s, stepping env
    [frozen_flower] chain 154/200 task 3/5 success at step 92
    [frozen_flower] chain 154/200 task 3/5 success: 92 steps, 2.3s
    [frozen_flower] chain 154/200 task 4/5 start: lift_blue_block_slider | instruction: lift the blue block from the sliding cabinet
    [frozen_flower] chain 154/200 task 4/5 step 1/360: running policy
    [frozen_flower] chain 154/200 task 4/5 step 1/360: policy 0.18s, stepping env
    [frozen_flower] chain 154/200 task 4/5 step 25/360: running policy
    [frozen_flower] chain 154/200 task 4/5 step 25/360: policy 0.00s, stepping env
    [frozen_flower] chain 154/200 task 4/5 step 50/360: running policy
    [frozen_flower] chain 154/200 task 4/5 step 50/360: policy 0.00s, stepping env
    [frozen_flower] chain 154/200 task 4/5 step 75/360: running policy
    [frozen_flower] chain 154/200 task 4/5 step 75/360: policy 0.00s, stepping env
    [frozen_flower] chain 154/200 task 4/5 success at step 87
    [frozen_flower] chain 154/200 task 4/5 success: 87 steps, 2.1s
    [frozen_flower] chain 154/200 task 5/5 start: place_in_slider | instruction: store the grasped block in the sliding cabinet
    [frozen_flower] chain 154/200 task 5/5 step 1/360: running policy
    [frozen_flower] chain 154/200 task 5/5 step 1/360: policy 0.21s, stepping env
    [frozen_flower] chain 154/200 task 5/5 success at step 10
    [frozen_flower] chain 154/200 task 5/5 success: 10 steps, 0.3s
    [frozen_flower] chain 155/200 start: ['turn_off_lightbulb', 'lift_blue_block_slider', 'place_in_slider', 'push_pink_block_left', 'close_drawer']
    [frozen_flower] chain 155/200 instructions: ['use the switch to turn off the light bulb', 'lift the blue block from the sliding cabinet', 'store the grasped block in the sliding cabinet', 'go push the pink block left', 'push the handle to close the drawer']
    [frozen_flower] chain 155/200 task 1/5 start: turn_off_lightbulb | instruction: use the switch to turn off the light bulb
    [frozen_flower] chain 155/200 task 1/5 step 1/360: running policy
    [frozen_flower] chain 155/200 task 1/5 step 1/360: policy 0.15s, stepping env
    [frozen_flower] chain 155/200 task 1/5 step 25/360: running policy
    [frozen_flower] chain 155/200 task 1/5 step 25/360: policy 0.00s, stepping env
    [frozen_flower] chain 155/200 task 1/5 step 50/360: running policy
    [frozen_flower] chain 155/200 task 1/5 step 50/360: policy 0.00s, stepping env
    [frozen_flower] chain 155/200 task 1/5 success at step 62
    [frozen_flower] chain 155/200 task 1/5 success: 62 steps, 1.7s
    [frozen_flower] chain 155/200 task 2/5 start: lift_blue_block_slider | instruction: lift the blue block from the sliding cabinet
    [frozen_flower] chain 155/200 task 2/5 step 1/360: running policy
    [frozen_flower] chain 155/200 task 2/5 step 1/360: policy 0.18s, stepping env
    [frozen_flower] chain 155/200 task 2/5 step 25/360: running policy
    [frozen_flower] chain 155/200 task 2/5 step 25/360: policy 0.00s, stepping env
    [frozen_flower] chain 155/200 task 2/5 step 50/360: running policy
    [frozen_flower] chain 155/200 task 2/5 step 50/360: policy 0.00s, stepping env
    [frozen_flower] chain 155/200 task 2/5 success at step 67
    [frozen_flower] chain 155/200 task 2/5 success: 67 steps, 1.9s
    [frozen_flower] chain 155/200 task 3/5 start: place_in_slider | instruction: store the grasped block in the sliding cabinet
    [frozen_flower] chain 155/200 task 3/5 step 1/360: running policy
    [frozen_flower] chain 155/200 task 3/5 step 1/360: policy 0.18s, stepping env
    [frozen_flower] chain 155/200 task 3/5 success at step 9
    [frozen_flower] chain 155/200 task 3/5 success: 9 steps, 0.3s
    [frozen_flower] chain 155/200 task 4/5 start: push_pink_block_left | instruction: go push the pink block left
    [frozen_flower] chain 155/200 task 4/5 step 1/360: running policy
    [frozen_flower] chain 155/200 task 4/5 step 1/360: policy 0.18s, stepping env
    [frozen_flower] chain 155/200 task 4/5 step 25/360: running policy
    [frozen_flower] chain 155/200 task 4/5 step 25/360: policy 0.00s, stepping env
    [frozen_flower] chain 155/200 task 4/5 step 50/360: running policy
    [frozen_flower] chain 155/200 task 4/5 step 50/360: policy 0.00s, stepping env
    [frozen_flower] chain 155/200 task 4/5 step 75/360: running policy
    [frozen_flower] chain 155/200 task 4/5 step 75/360: policy 0.00s, stepping env
    [frozen_flower] chain 155/200 task 4/5 success at step 82
    [frozen_flower] chain 155/200 task 4/5 success: 82 steps, 2.3s
    [frozen_flower] chain 155/200 task 5/5 start: close_drawer | instruction: push the handle to close the drawer
    [frozen_flower] chain 155/200 task 5/5 step 1/360: running policy
    [frozen_flower] chain 155/200 task 5/5 step 1/360: policy 0.15s, stepping env
    [frozen_flower] chain 155/200 task 5/5 step 25/360: running policy
    [frozen_flower] chain 155/200 task 5/5 step 25/360: policy 0.00s, stepping env
    [frozen_flower] chain 155/200 task 5/5 step 50/360: running policy
    [frozen_flower] chain 155/200 task 5/5 step 50/360: policy 0.00s, stepping env
    [frozen_flower] chain 155/200 task 5/5 success at step 70
    [frozen_flower] chain 155/200 task 5/5 success: 70 steps, 1.5s
    [frozen_flower] chain 156/200 start: ['move_slider_right', 'rotate_red_block_right', 'lift_red_block_table', 'place_in_drawer', 'turn_on_led']
    [frozen_flower] chain 156/200 instructions: ['push the sliding door to the right side', 'take the red block and rotate it to the right', 'grasp and lift the red block', 'store the grasped block in the drawer', 'press the button to turn on the led light']
    [frozen_flower] chain 156/200 task 1/5 start: move_slider_right | instruction: push the sliding door to the right side
    [frozen_flower] chain 156/200 task 1/5 step 1/360: running policy
    [frozen_flower] chain 156/200 task 1/5 step 1/360: policy 0.15s, stepping env
    [frozen_flower] chain 156/200 task 1/5 step 25/360: running policy
    [frozen_flower] chain 156/200 task 1/5 step 25/360: policy 0.00s, stepping env
    [frozen_flower] chain 156/200 task 1/5 step 50/360: running policy
    [frozen_flower] chain 156/200 task 1/5 step 50/360: policy 0.00s, stepping env
    [frozen_flower] chain 156/200 task 1/5 success at step 62
    [frozen_flower] chain 156/200 task 1/5 success: 62 steps, 1.7s
    [frozen_flower] chain 156/200 task 2/5 start: rotate_red_block_right | instruction: take the red block and rotate it to the right
    [frozen_flower] chain 156/200 task 2/5 step 1/360: running policy
    [frozen_flower] chain 156/200 task 2/5 step 1/360: policy 0.18s, stepping env
    [frozen_flower] chain 156/200 task 2/5 step 25/360: running policy
    [frozen_flower] chain 156/200 task 2/5 step 25/360: policy 0.00s, stepping env
    [frozen_flower] chain 156/200 task 2/5 step 50/360: running policy
    [frozen_flower] chain 156/200 task 2/5 step 50/360: policy 0.00s, stepping env
    [frozen_flower] chain 156/200 task 2/5 step 75/360: running policy
    [frozen_flower] chain 156/200 task 2/5 step 75/360: policy 0.00s, stepping env
    [frozen_flower] chain 156/200 task 2/5 step 100/360: running policy
    [frozen_flower] chain 156/200 task 2/5 step 100/360: policy 0.00s, stepping env
    [frozen_flower] chain 156/200 task 2/5 success at step 122
    [frozen_flower] chain 156/200 task 2/5 success: 122 steps, 3.5s
    [frozen_flower] chain 156/200 task 3/5 start: lift_red_block_table | instruction: grasp and lift the red block
    [frozen_flower] chain 156/200 task 3/5 step 1/360: running policy
    [frozen_flower] chain 156/200 task 3/5 step 1/360: policy 0.17s, stepping env
    [frozen_flower] chain 156/200 task 3/5 step 25/360: running policy
    [frozen_flower] chain 156/200 task 3/5 step 25/360: policy 0.00s, stepping env
    [frozen_flower] chain 156/200 task 3/5 step 50/360: running policy
    [frozen_flower] chain 156/200 task 3/5 step 50/360: policy 0.00s, stepping env
    [frozen_flower] chain 156/200 task 3/5 step 75/360: running policy
    [frozen_flower] chain 156/200 task 3/5 step 75/360: policy 0.00s, stepping env
    [frozen_flower] chain 156/200 task 3/5 step 100/360: running policy
    [frozen_flower] chain 156/200 task 3/5 step 100/360: policy 0.00s, stepping env
    [frozen_flower] chain 156/200 task 3/5 success at step 107
    [frozen_flower] chain 156/200 task 3/5 success: 107 steps, 3.1s
    [frozen_flower] chain 156/200 task 4/5 start: place_in_drawer | instruction: store the grasped block in the drawer
    [frozen_flower] chain 156/200 task 4/5 step 1/360: running policy
    [frozen_flower] chain 156/200 task 4/5 step 1/360: policy 0.18s, stepping env
    [frozen_flower] chain 156/200 task 4/5 step 25/360: running policy
    [frozen_flower] chain 156/200 task 4/5 step 25/360: policy 0.00s, stepping env
    [frozen_flower] chain 156/200 task 4/5 success at step 39
    [frozen_flower] chain 156/200 task 4/5 success: 39 steps, 1.1s
    [frozen_flower] chain 156/200 task 5/5 start: turn_on_led | instruction: press the button to turn on the led light
    [frozen_flower] chain 156/200 task 5/5 step 1/360: running policy
    [frozen_flower] chain 156/200 task 5/5 step 1/360: policy 0.18s, stepping env
    [frozen_flower] chain 156/200 task 5/5 step 25/360: running policy
    [frozen_flower] chain 156/200 task 5/5 step 25/360: policy 0.00s, stepping env
    [frozen_flower] chain 156/200 task 5/5 success at step 49
    [frozen_flower] chain 156/200 task 5/5 success: 49 steps, 1.3s
    [frozen_flower] chain 157/200 start: ['rotate_red_block_right', 'lift_pink_block_slider', 'stack_block', 'unstack_block', 'open_drawer']
    [frozen_flower] chain 157/200 instructions: ['take the red block and rotate it to the right', 'lift the pink block from the sliding cabinet', 'stack the grasped block', 'remove the stacked block', 'pull the handle to open the drawer']
    [frozen_flower] chain 157/200 task 1/5 start: rotate_red_block_right | instruction: take the red block and rotate it to the right
    [frozen_flower] chain 157/200 task 1/5 step 1/360: running policy
    [frozen_flower] chain 157/200 task 1/5 step 1/360: policy 0.18s, stepping env
    [frozen_flower] chain 157/200 task 1/5 step 25/360: running policy
    [frozen_flower] chain 157/200 task 1/5 step 25/360: policy 0.00s, stepping env
    [frozen_flower] chain 157/200 task 1/5 step 50/360: running policy
    [frozen_flower] chain 157/200 task 1/5 step 50/360: policy 0.00s, stepping env
    [frozen_flower] chain 157/200 task 1/5 step 75/360: running policy
    [frozen_flower] chain 157/200 task 1/5 step 75/360: policy 0.00s, stepping env
    [frozen_flower] chain 157/200 task 1/5 step 100/360: running policy
    [frozen_flower] chain 157/200 task 1/5 step 100/360: policy 0.00s, stepping env
    [frozen_flower] chain 157/200 task 1/5 step 125/360: running policy
    [frozen_flower] chain 157/200 task 1/5 step 125/360: policy 0.00s, stepping env
    [frozen_flower] chain 157/200 task 1/5 step 150/360: running policy
    [frozen_flower] chain 157/200 task 1/5 step 150/360: policy 0.00s, stepping env
    [frozen_flower] chain 157/200 task 1/5 step 175/360: running policy
    [frozen_flower] chain 157/200 task 1/5 step 175/360: policy 0.00s, stepping env
    [frozen_flower] chain 157/200 task 1/5 step 200/360: running policy
    [frozen_flower] chain 157/200 task 1/5 step 200/360: policy 0.00s, stepping env
    [frozen_flower] chain 157/200 task 1/5 step 225/360: running policy
    [frozen_flower] chain 157/200 task 1/5 step 225/360: policy 0.00s, stepping env
    [frozen_flower] chain 157/200 task 1/5 step 250/360: running policy
    [frozen_flower] chain 157/200 task 1/5 step 250/360: policy 0.00s, stepping env
    [frozen_flower] chain 157/200 task 1/5 step 275/360: running policy
    [frozen_flower] chain 157/200 task 1/5 step 275/360: policy 0.00s, stepping env
    [frozen_flower] chain 157/200 task 1/5 step 300/360: running policy
    [frozen_flower] chain 157/200 task 1/5 step 300/360: policy 0.00s, stepping env
    [frozen_flower] chain 157/200 task 1/5 step 325/360: running policy
    [frozen_flower] chain 157/200 task 1/5 step 325/360: policy 0.00s, stepping env
    [frozen_flower] chain 157/200 task 1/5 step 350/360: running policy
    [frozen_flower] chain 157/200 task 1/5 step 350/360: policy 0.00s, stepping env
    [frozen_flower] chain 157/200 task 1/5 failed: 360 steps, 10.3s
    [frozen_flower] chain 158/200 start: ['move_slider_left', 'turn_off_lightbulb', 'rotate_blue_block_left', 'lift_blue_block_table', 'stack_block']
    [frozen_flower] chain 158/200 instructions: ['push the sliding door to the left side', 'use the switch to turn off the light bulb', 'take the blue block and rotate it to the left', 'grasp and lift the blue block', 'stack the grasped block']
    [frozen_flower] chain 158/200 task 1/5 start: move_slider_left | instruction: push the sliding door to the left side
    [frozen_flower] chain 158/200 task 1/5 step 1/360: running policy
    [frozen_flower] chain 158/200 task 1/5 step 1/360: policy 0.18s, stepping env
    [frozen_flower] chain 158/200 task 1/5 step 25/360: running policy
    [frozen_flower] chain 158/200 task 1/5 step 25/360: policy 0.00s, stepping env
    [frozen_flower] chain 158/200 task 1/5 step 50/360: running policy
    [frozen_flower] chain 158/200 task 1/5 step 50/360: policy 0.00s, stepping env
    [frozen_flower] chain 158/200 task 1/5 success at step 50
    [frozen_flower] chain 158/200 task 1/5 success: 50 steps, 1.5s
    [frozen_flower] chain 158/200 task 2/5 start: turn_off_lightbulb | instruction: use the switch to turn off the light bulb
    [frozen_flower] chain 158/200 task 2/5 step 1/360: running policy
    [frozen_flower] chain 158/200 task 2/5 step 1/360: policy 0.20s, stepping env
    [frozen_flower] chain 158/200 task 2/5 step 25/360: running policy
    [frozen_flower] chain 158/200 task 2/5 step 25/360: policy 0.00s, stepping env
    [frozen_flower] chain 158/200 task 2/5 step 50/360: running policy
    [frozen_flower] chain 158/200 task 2/5 step 50/360: policy 0.00s, stepping env
    [frozen_flower] chain 158/200 task 2/5 success at step 68
    [frozen_flower] chain 158/200 task 2/5 success: 68 steps, 1.9s
    [frozen_flower] chain 158/200 task 3/5 start: rotate_blue_block_left | instruction: take the blue block and rotate it to the left
    [frozen_flower] chain 158/200 task 3/5 step 1/360: running policy
    [frozen_flower] chain 158/200 task 3/5 step 1/360: policy 0.18s, stepping env
    [frozen_flower] chain 158/200 task 3/5 step 25/360: running policy
    [frozen_flower] chain 158/200 task 3/5 step 25/360: policy 0.00s, stepping env
    [frozen_flower] chain 158/200 task 3/5 step 50/360: running policy
    [frozen_flower] chain 158/200 task 3/5 step 50/360: policy 0.00s, stepping env
    [frozen_flower] chain 158/200 task 3/5 step 75/360: running policy
    [frozen_flower] chain 158/200 task 3/5 step 75/360: policy 0.00s, stepping env
    [frozen_flower] chain 158/200 task 3/5 step 100/360: running policy
    [frozen_flower] chain 158/200 task 3/5 step 100/360: policy 0.00s, stepping env
    [frozen_flower] chain 158/200 task 3/5 success at step 105
    [frozen_flower] chain 158/200 task 3/5 success: 105 steps, 2.9s
    [frozen_flower] chain 158/200 task 4/5 start: lift_blue_block_table | instruction: grasp and lift the blue block
    [frozen_flower] chain 158/200 task 4/5 step 1/360: running policy
    [frozen_flower] chain 158/200 task 4/5 step 1/360: policy 0.18s, stepping env
    [frozen_flower] chain 158/200 task 4/5 step 25/360: running policy
    [frozen_flower] chain 158/200 task 4/5 step 25/360: policy 0.00s, stepping env
    [frozen_flower] chain 158/200 task 4/5 step 50/360: running policy
    [frozen_flower] chain 158/200 task 4/5 step 50/360: policy 0.00s, stepping env
    [frozen_flower] chain 158/200 task 4/5 step 75/360: running policy
    [frozen_flower] chain 158/200 task 4/5 step 75/360: policy 0.00s, stepping env
    [frozen_flower] chain 158/200 task 4/5 step 100/360: running policy
    [frozen_flower] chain 158/200 task 4/5 step 100/360: policy 0.00s, stepping env
    [frozen_flower] chain 158/200 task 4/5 success at step 105
    [frozen_flower] chain 158/200 task 4/5 success: 105 steps, 2.8s
    [frozen_flower] chain 158/200 task 5/5 start: stack_block | instruction: stack the grasped block
    [frozen_flower] chain 158/200 task 5/5 step 1/360: running policy
    [frozen_flower] chain 158/200 task 5/5 step 1/360: policy 0.18s, stepping env
    [frozen_flower] chain 158/200 task 5/5 step 25/360: running policy
    [frozen_flower] chain 158/200 task 5/5 step 25/360: policy 0.00s, stepping env
    [frozen_flower] chain 158/200 task 5/5 success at step 40
    [frozen_flower] chain 158/200 task 5/5 success: 40 steps, 1.1s
    [frozen_flower] chain 159/200 start: ['push_pink_block_left', 'move_slider_right', 'lift_pink_block_table', 'place_in_slider', 'lift_red_block_slider']
    [frozen_flower] chain 159/200 instructions: ['go push the pink block left', 'push the sliding door to the right side', 'grasp and lift the pink block', 'store the grasped block in the sliding cabinet', 'lift the red block from the sliding cabinet']
    [frozen_flower] chain 159/200 task 1/5 start: push_pink_block_left | instruction: go push the pink block left
    [frozen_flower] chain 159/200 task 1/5 step 1/360: running policy
    [frozen_flower] chain 159/200 task 1/5 step 1/360: policy 0.18s, stepping env
    [frozen_flower] chain 159/200 task 1/5 step 25/360: running policy
    [frozen_flower] chain 159/200 task 1/5 step 25/360: policy 0.00s, stepping env
    [frozen_flower] chain 159/200 task 1/5 step 50/360: running policy
    [frozen_flower] chain 159/200 task 1/5 step 50/360: policy 0.00s, stepping env
    [frozen_flower] chain 159/200 task 1/5 step 75/360: running policy
    [frozen_flower] chain 159/200 task 1/5 step 75/360: policy 0.00s, stepping env
    [frozen_flower] chain 159/200 task 1/5 step 100/360: running policy
    [frozen_flower] chain 159/200 task 1/5 step 100/360: policy 0.00s, stepping env
    [frozen_flower] chain 159/200 task 1/5 step 125/360: running policy
    [frozen_flower] chain 159/200 task 1/5 step 125/360: policy 0.00s, stepping env
    [frozen_flower] chain 159/200 task 1/5 success at step 133
    [frozen_flower] chain 159/200 task 1/5 success: 133 steps, 3.2s
    [frozen_flower] chain 159/200 task 2/5 start: move_slider_right | instruction: push the sliding door to the right side
    [frozen_flower] chain 159/200 task 2/5 step 1/360: running policy
    [frozen_flower] chain 159/200 task 2/5 step 1/360: policy 0.15s, stepping env
    [frozen_flower] chain 159/200 task 2/5 step 25/360: running policy
    [frozen_flower] chain 159/200 task 2/5 step 25/360: policy 0.00s, stepping env
    [frozen_flower] chain 159/200 task 2/5 step 50/360: running policy
    [frozen_flower] chain 159/200 task 2/5 step 50/360: policy 0.00s, stepping env
    [frozen_flower] chain 159/200 task 2/5 step 75/360: running policy
    [frozen_flower] chain 159/200 task 2/5 step 75/360: policy 0.00s, stepping env
    [frozen_flower] chain 159/200 task 2/5 success at step 84
    [frozen_flower] chain 159/200 task 2/5 success: 84 steps, 2.3s
    [frozen_flower] chain 159/200 task 3/5 start: lift_pink_block_table | instruction: grasp and lift the pink block
    [frozen_flower] chain 159/200 task 3/5 step 1/360: running policy
    [frozen_flower] chain 159/200 task 3/5 step 1/360: policy 0.18s, stepping env
    [frozen_flower] chain 159/200 task 3/5 step 25/360: running policy
    [frozen_flower] chain 159/200 task 3/5 step 25/360: policy 0.00s, stepping env
    [frozen_flower] chain 159/200 task 3/5 step 50/360: running policy
    [frozen_flower] chain 159/200 task 3/5 step 50/360: policy 0.01s, stepping env
    [frozen_flower] chain 159/200 task 3/5 step 75/360: running policy
    [frozen_flower] chain 159/200 task 3/5 step 75/360: policy 0.00s, stepping env
    [frozen_flower] chain 159/200 task 3/5 success at step 80
    [frozen_flower] chain 159/200 task 3/5 success: 80 steps, 2.2s
    [frozen_flower] chain 159/200 task 4/5 start: place_in_slider | instruction: store the grasped block in the sliding cabinet
    [frozen_flower] chain 159/200 task 4/5 step 1/360: running policy
    [frozen_flower] chain 159/200 task 4/5 step 1/360: policy 0.18s, stepping env
    [frozen_flower] chain 159/200 task 4/5 step 25/360: running policy
    [frozen_flower] chain 159/200 task 4/5 step 25/360: policy 0.00s, stepping env
    [frozen_flower] chain 159/200 task 4/5 step 50/360: running policy
    [frozen_flower] chain 159/200 task 4/5 step 50/360: policy 0.01s, stepping env
    [frozen_flower] chain 159/200 task 4/5 step 75/360: running policy
    [frozen_flower] chain 159/200 task 4/5 step 75/360: policy 0.00s, stepping env
    [frozen_flower] chain 159/200 task 4/5 step 100/360: running policy
    [frozen_flower] chain 159/200 task 4/5 step 100/360: policy 0.00s, stepping env
    [frozen_flower] chain 159/200 task 4/5 success at step 110
    [frozen_flower] chain 159/200 task 4/5 success: 110 steps, 3.2s
    [frozen_flower] chain 159/200 task 5/5 start: lift_red_block_slider | instruction: lift the red block from the sliding cabinet
    [frozen_flower] chain 159/200 task 5/5 step 1/360: running policy
    [frozen_flower] chain 159/200 task 5/5 step 1/360: policy 0.18s, stepping env
    [frozen_flower] chain 159/200 task 5/5 step 25/360: running policy
    [frozen_flower] chain 159/200 task 5/5 step 25/360: policy 0.00s, stepping env
    [frozen_flower] chain 159/200 task 5/5 step 50/360: running policy
    [frozen_flower] chain 159/200 task 5/5 step 50/360: policy 0.00s, stepping env
    [frozen_flower] chain 159/200 task 5/5 step 75/360: running policy
    [frozen_flower] chain 159/200 task 5/5 step 75/360: policy 0.00s, stepping env
    [frozen_flower] chain 159/200 task 5/5 step 100/360: running policy
    [frozen_flower] chain 159/200 task 5/5 step 100/360: policy 0.00s, stepping env
    [frozen_flower] chain 159/200 task 5/5 step 125/360: running policy
    [frozen_flower] chain 159/200 task 5/5 step 125/360: policy 0.00s, stepping env
    [frozen_flower] chain 159/200 task 5/5 step 150/360: running policy
    [frozen_flower] chain 159/200 task 5/5 step 150/360: policy 0.00s, stepping env
    [frozen_flower] chain 159/200 task 5/5 step 175/360: running policy
    [frozen_flower] chain 159/200 task 5/5 step 175/360: policy 0.00s, stepping env
    [frozen_flower] chain 159/200 task 5/5 step 200/360: running policy
    [frozen_flower] chain 159/200 task 5/5 step 200/360: policy 0.00s, stepping env
    [frozen_flower] chain 159/200 task 5/5 step 225/360: running policy
    [frozen_flower] chain 159/200 task 5/5 step 225/360: policy 0.00s, stepping env
    [frozen_flower] chain 159/200 task 5/5 step 250/360: running policy
    [frozen_flower] chain 159/200 task 5/5 step 250/360: policy 0.01s, stepping env
    [frozen_flower] chain 159/200 task 5/5 step 275/360: running policy
    [frozen_flower] chain 159/200 task 5/5 step 275/360: policy 0.00s, stepping env
    [frozen_flower] chain 159/200 task 5/5 step 300/360: running policy
    [frozen_flower] chain 159/200 task 5/5 step 300/360: policy 0.00s, stepping env
    [frozen_flower] chain 159/200 task 5/5 step 325/360: running policy
    [frozen_flower] chain 159/200 task 5/5 step 325/360: policy 0.00s, stepping env
    [frozen_flower] chain 159/200 task 5/5 step 350/360: running policy
    [frozen_flower] chain 159/200 task 5/5 step 350/360: policy 0.00s, stepping env
    [frozen_flower] chain 159/200 task 5/5 failed: 360 steps, 9.8s
    [frozen_flower] chain 160/200 start: ['push_red_block_right', 'turn_off_lightbulb', 'lift_blue_block_table', 'stack_block', 'unstack_block']
    [frozen_flower] chain 160/200 instructions: ['go push the red block right', 'use the switch to turn off the light bulb', 'grasp and lift the blue block', 'stack the grasped block', 'remove the stacked block']
    [frozen_flower] chain 160/200 task 1/5 start: push_red_block_right | instruction: go push the red block right
    [frozen_flower] chain 160/200 task 1/5 step 1/360: running policy
    [frozen_flower] chain 160/200 task 1/5 step 1/360: policy 0.17s, stepping env
    [frozen_flower] chain 160/200 task 1/5 step 25/360: running policy
    [frozen_flower] chain 160/200 task 1/5 step 25/360: policy 0.00s, stepping env
    [frozen_flower] chain 160/200 task 1/5 step 50/360: running policy
    [frozen_flower] chain 160/200 task 1/5 step 50/360: policy 0.00s, stepping env
    [frozen_flower] chain 160/200 task 1/5 success at step 73
    [frozen_flower] chain 160/200 task 1/5 success: 73 steps, 2.1s
    [frozen_flower] chain 160/200 task 2/5 start: turn_off_lightbulb | instruction: use the switch to turn off the light bulb
    [frozen_flower] chain 160/200 task 2/5 step 1/360: running policy
    [frozen_flower] chain 160/200 task 2/5 step 1/360: policy 0.17s, stepping env
    [frozen_flower] chain 160/200 task 2/5 step 25/360: running policy
    [frozen_flower] chain 160/200 task 2/5 step 25/360: policy 0.00s, stepping env
    [frozen_flower] chain 160/200 task 2/5 step 50/360: running policy
    [frozen_flower] chain 160/200 task 2/5 step 50/360: policy 0.00s, stepping env
    [frozen_flower] chain 160/200 task 2/5 success at step 67
    [frozen_flower] chain 160/200 task 2/5 success: 67 steps, 2.0s
    [frozen_flower] chain 160/200 task 3/5 start: lift_blue_block_table | instruction: grasp and lift the blue block
    [frozen_flower] chain 160/200 task 3/5 step 1/360: running policy
    [frozen_flower] chain 160/200 task 3/5 step 1/360: policy 0.18s, stepping env
    [frozen_flower] chain 160/200 task 3/5 step 25/360: running policy
    [frozen_flower] chain 160/200 task 3/5 step 25/360: policy 0.00s, stepping env
    [frozen_flower] chain 160/200 task 3/5 step 50/360: running policy
    [frozen_flower] chain 160/200 task 3/5 step 50/360: policy 0.00s, stepping env
    [frozen_flower] chain 160/200 task 3/5 step 75/360: running policy
    [frozen_flower] chain 160/200 task 3/5 step 75/360: policy 0.00s, stepping env
    [frozen_flower] chain 160/200 task 3/5 success at step 87
    [frozen_flower] chain 160/200 task 3/5 success: 87 steps, 2.4s
    [frozen_flower] chain 160/200 task 4/5 start: stack_block | instruction: stack the grasped block
    [frozen_flower] chain 160/200 task 4/5 step 1/360: running policy
    [frozen_flower] chain 160/200 task 4/5 step 1/360: policy 0.15s, stepping env
    [frozen_flower] chain 160/200 task 4/5 success at step 6
    [frozen_flower] chain 160/200 task 4/5 success: 6 steps, 0.2s
    [frozen_flower] chain 160/200 task 5/5 start: unstack_block | instruction: remove the stacked block
    [frozen_flower] chain 160/200 task 5/5 step 1/360: running policy
    [frozen_flower] chain 160/200 task 5/5 step 1/360: policy 0.15s, stepping env
    [frozen_flower] chain 160/200 task 5/5 step 25/360: running policy
    [frozen_flower] chain 160/200 task 5/5 step 25/360: policy 0.00s, stepping env
    [frozen_flower] chain 160/200 task 5/5 success at step 39
    [frozen_flower] chain 160/200 task 5/5 success: 39 steps, 0.9s
    [frozen_flower] 160/200 chains, L1 success: 95.0%
    [frozen_flower] chain 161/200 start: ['push_pink_block_left', 'lift_red_block_slider', 'place_in_slider', 'turn_off_led', 'move_slider_right']
    [frozen_flower] chain 161/200 instructions: ['go push the pink block left', 'lift the red block from the sliding cabinet', 'store the grasped block in the sliding cabinet', 'press the button to turn off the led light', 'push the sliding door to the right side']
    [frozen_flower] chain 161/200 task 1/5 start: push_pink_block_left | instruction: go push the pink block left
    [frozen_flower] chain 161/200 task 1/5 step 1/360: running policy
    [frozen_flower] chain 161/200 task 1/5 step 1/360: policy 0.15s, stepping env
    [frozen_flower] chain 161/200 task 1/5 step 25/360: running policy
    [frozen_flower] chain 161/200 task 1/5 step 25/360: policy 0.00s, stepping env
    [frozen_flower] chain 161/200 task 1/5 step 50/360: running policy
    [frozen_flower] chain 161/200 task 1/5 step 50/360: policy 0.00s, stepping env
    [frozen_flower] chain 161/200 task 1/5 success at step 62
    [frozen_flower] chain 161/200 task 1/5 success: 62 steps, 1.7s
    [frozen_flower] chain 161/200 task 2/5 start: lift_red_block_slider | instruction: lift the red block from the sliding cabinet
    [frozen_flower] chain 161/200 task 2/5 step 1/360: running policy
    [frozen_flower] chain 161/200 task 2/5 step 1/360: policy 0.18s, stepping env
    [frozen_flower] chain 161/200 task 2/5 step 25/360: running policy
    [frozen_flower] chain 161/200 task 2/5 step 25/360: policy 0.00s, stepping env
    [frozen_flower] chain 161/200 task 2/5 step 50/360: running policy
    [frozen_flower] chain 161/200 task 2/5 step 50/360: policy 0.00s, stepping env
    [frozen_flower] chain 161/200 task 2/5 success at step 57
    [frozen_flower] chain 161/200 task 2/5 success: 57 steps, 1.7s
    [frozen_flower] chain 161/200 task 3/5 start: place_in_slider | instruction: store the grasped block in the sliding cabinet
    [frozen_flower] chain 161/200 task 3/5 step 1/360: running policy
    [frozen_flower] chain 161/200 task 3/5 step 1/360: policy 0.18s, stepping env
    [frozen_flower] chain 161/200 task 3/5 success at step 8
    [frozen_flower] chain 161/200 task 3/5 success: 8 steps, 0.3s
    [frozen_flower] chain 161/200 task 4/5 start: turn_off_led | instruction: press the button to turn off the led light
    [frozen_flower] chain 161/200 task 4/5 step 1/360: running policy
    [frozen_flower] chain 161/200 task 4/5 step 1/360: policy 0.20s, stepping env
    [frozen_flower] chain 161/200 task 4/5 step 25/360: running policy
    [frozen_flower] chain 161/200 task 4/5 step 25/360: policy 0.00s, stepping env
    [frozen_flower] chain 161/200 task 4/5 step 50/360: running policy
    [frozen_flower] chain 161/200 task 4/5 step 50/360: policy 0.00s, stepping env
    [frozen_flower] chain 161/200 task 4/5 success at step 73
    [frozen_flower] chain 161/200 task 4/5 success: 73 steps, 2.1s
    [frozen_flower] chain 161/200 task 5/5 start: move_slider_right | instruction: push the sliding door to the right side
    [frozen_flower] chain 161/200 task 5/5 step 1/360: running policy
    [frozen_flower] chain 161/200 task 5/5 step 1/360: policy 0.18s, stepping env
    [frozen_flower] chain 161/200 task 5/5 step 25/360: running policy
    [frozen_flower] chain 161/200 task 5/5 step 25/360: policy 0.00s, stepping env
    [frozen_flower] chain 161/200 task 5/5 step 50/360: running policy
    [frozen_flower] chain 161/200 task 5/5 step 50/360: policy 0.00s, stepping env
    [frozen_flower] chain 161/200 task 5/5 success at step 66
    [frozen_flower] chain 161/200 task 5/5 success: 66 steps, 2.0s
    [frozen_flower] chain 162/200 start: ['rotate_red_block_right', 'lift_pink_block_slider', 'stack_block', 'turn_off_led', 'open_drawer']
    [frozen_flower] chain 162/200 instructions: ['take the red block and rotate it to the right', 'lift the pink block from the sliding cabinet', 'stack the grasped block', 'press the button to turn off the led light', 'pull the handle to open the drawer']
    [frozen_flower] chain 162/200 task 1/5 start: rotate_red_block_right | instruction: take the red block and rotate it to the right
    [frozen_flower] chain 162/200 task 1/5 step 1/360: running policy
    [frozen_flower] chain 162/200 task 1/5 step 1/360: policy 0.18s, stepping env
    [frozen_flower] chain 162/200 task 1/5 step 25/360: running policy
    [frozen_flower] chain 162/200 task 1/5 step 25/360: policy 0.00s, stepping env
    [frozen_flower] chain 162/200 task 1/5 step 50/360: running policy
    [frozen_flower] chain 162/200 task 1/5 step 50/360: policy 0.00s, stepping env
    [frozen_flower] chain 162/200 task 1/5 step 75/360: running policy
    [frozen_flower] chain 162/200 task 1/5 step 75/360: policy 0.00s, stepping env
    [frozen_flower] chain 162/200 task 1/5 step 100/360: running policy
    [frozen_flower] chain 162/200 task 1/5 step 100/360: policy 0.01s, stepping env
    [frozen_flower] chain 162/200 task 1/5 step 125/360: running policy
    [frozen_flower] chain 162/200 task 1/5 step 125/360: policy 0.00s, stepping env
    [frozen_flower] chain 162/200 task 1/5 step 150/360: running policy
    [frozen_flower] chain 162/200 task 1/5 step 150/360: policy 0.00s, stepping env
    [frozen_flower] chain 162/200 task 1/5 step 175/360: running policy
    [frozen_flower] chain 162/200 task 1/5 step 175/360: policy 0.00s, stepping env
    [frozen_flower] chain 162/200 task 1/5 step 200/360: running policy
    [frozen_flower] chain 162/200 task 1/5 step 200/360: policy 0.00s, stepping env
    [frozen_flower] chain 162/200 task 1/5 step 225/360: running policy
    [frozen_flower] chain 162/200 task 1/5 step 225/360: policy 0.00s, stepping env
    [frozen_flower] chain 162/200 task 1/5 step 250/360: running policy
    [frozen_flower] chain 162/200 task 1/5 step 250/360: policy 0.00s, stepping env
    [frozen_flower] chain 162/200 task 1/5 step 275/360: running policy
    [frozen_flower] chain 162/200 task 1/5 step 275/360: policy 0.00s, stepping env
    [frozen_flower] chain 162/200 task 1/5 step 300/360: running policy
    [frozen_flower] chain 162/200 task 1/5 step 300/360: policy 0.00s, stepping env
    [frozen_flower] chain 162/200 task 1/5 step 325/360: running policy
    [frozen_flower] chain 162/200 task 1/5 step 325/360: policy 0.00s, stepping env
    [frozen_flower] chain 162/200 task 1/5 step 350/360: running policy
    [frozen_flower] chain 162/200 task 1/5 step 350/360: policy 0.00s, stepping env
    [frozen_flower] chain 162/200 task 1/5 failed: 360 steps, 10.0s
    [frozen_flower] chain 163/200 start: ['push_red_block_left', 'turn_off_led', 'lift_red_block_table', 'place_in_drawer', 'close_drawer']
    [frozen_flower] chain 163/200 instructions: ['go push the red block left', 'press the button to turn off the led light', 'grasp and lift the red block', 'store the grasped block in the drawer', 'push the handle to close the drawer']
    [frozen_flower] chain 163/200 task 1/5 start: push_red_block_left | instruction: go push the red block left
    [frozen_flower] chain 163/200 task 1/5 step 1/360: running policy
    [frozen_flower] chain 163/200 task 1/5 step 1/360: policy 0.17s, stepping env
    [frozen_flower] chain 163/200 task 1/5 step 25/360: running policy
    [frozen_flower] chain 163/200 task 1/5 step 25/360: policy 0.00s, stepping env
    [frozen_flower] chain 163/200 task 1/5 step 50/360: running policy
    [frozen_flower] chain 163/200 task 1/5 step 50/360: policy 0.00s, stepping env
    [frozen_flower] chain 163/200 task 1/5 success at step 62
    [frozen_flower] chain 163/200 task 1/5 success: 62 steps, 1.7s
    [frozen_flower] chain 163/200 task 2/5 start: turn_off_led | instruction: press the button to turn off the led light
    [frozen_flower] chain 163/200 task 2/5 step 1/360: running policy
    [frozen_flower] chain 163/200 task 2/5 step 1/360: policy 0.15s, stepping env
    [frozen_flower] chain 163/200 task 2/5 step 25/360: running policy
    [frozen_flower] chain 163/200 task 2/5 step 25/360: policy 0.00s, stepping env
    [frozen_flower] chain 163/200 task 2/5 step 50/360: running policy
    [frozen_flower] chain 163/200 task 2/5 step 50/360: policy 0.00s, stepping env
    [frozen_flower] chain 163/200 task 2/5 success at step 73
    [frozen_flower] chain 163/200 task 2/5 success: 73 steps, 1.8s
    [frozen_flower] chain 163/200 task 3/5 start: lift_red_block_table | instruction: grasp and lift the red block
    [frozen_flower] chain 163/200 task 3/5 step 1/360: running policy
    [frozen_flower] chain 163/200 task 3/5 step 1/360: policy 0.15s, stepping env
    [frozen_flower] chain 163/200 task 3/5 step 25/360: running policy
    [frozen_flower] chain 163/200 task 3/5 step 25/360: policy 0.00s, stepping env
    [frozen_flower] chain 163/200 task 3/5 step 50/360: running policy
    [frozen_flower] chain 163/200 task 3/5 step 50/360: policy 0.00s, stepping env
    [frozen_flower] chain 163/200 task 3/5 success at step 61
    [frozen_flower] chain 163/200 task 3/5 success: 61 steps, 1.6s
    [frozen_flower] chain 163/200 task 4/5 start: place_in_drawer | instruction: store the grasped block in the drawer
    [frozen_flower] chain 163/200 task 4/5 step 1/360: running policy
    [frozen_flower] chain 163/200 task 4/5 step 1/360: policy 0.15s, stepping env
    [frozen_flower] chain 163/200 task 4/5 step 25/360: running policy
    [frozen_flower] chain 163/200 task 4/5 step 25/360: policy 0.00s, stepping env
    [frozen_flower] chain 163/200 task 4/5 success at step 39
    [frozen_flower] chain 163/200 task 4/5 success: 39 steps, 1.2s
    [frozen_flower] chain 163/200 task 5/5 start: close_drawer | instruction: push the handle to close the drawer
    [frozen_flower] chain 163/200 task 5/5 step 1/360: running policy
    [frozen_flower] chain 163/200 task 5/5 step 1/360: policy 0.18s, stepping env
    [frozen_flower] chain 163/200 task 5/5 step 25/360: running policy
    [frozen_flower] chain 163/200 task 5/5 step 25/360: policy 0.00s, stepping env
    [frozen_flower] chain 163/200 task 5/5 step 50/360: running policy
    [frozen_flower] chain 163/200 task 5/5 step 50/360: policy 0.00s, stepping env
    [frozen_flower] chain 163/200 task 5/5 success at step 63
    [frozen_flower] chain 163/200 task 5/5 success: 63 steps, 1.9s
    [frozen_flower] chain 164/200 start: ['push_pink_block_left', 'move_slider_right', 'lift_blue_block_table', 'stack_block', 'turn_on_led']
    [frozen_flower] chain 164/200 instructions: ['go push the pink block left', 'push the sliding door to the right side', 'grasp and lift the blue block', 'stack the grasped block', 'press the button to turn on the led light']
    [frozen_flower] chain 164/200 task 1/5 start: push_pink_block_left | instruction: go push the pink block left
    [frozen_flower] chain 164/200 task 1/5 step 1/360: running policy
    [frozen_flower] chain 164/200 task 1/5 step 1/360: policy 0.18s, stepping env
    [frozen_flower] chain 164/200 task 1/5 step 25/360: running policy
    [frozen_flower] chain 164/200 task 1/5 step 25/360: policy 0.00s, stepping env
    [frozen_flower] chain 164/200 task 1/5 step 50/360: running policy
    [frozen_flower] chain 164/200 task 1/5 step 50/360: policy 0.00s, stepping env
    [frozen_flower] chain 164/200 task 1/5 success at step 64
    [frozen_flower] chain 164/200 task 1/5 success: 64 steps, 2.0s
    [frozen_flower] chain 164/200 task 2/5 start: move_slider_right | instruction: push the sliding door to the right side
    [frozen_flower] chain 164/200 task 2/5 step 1/360: running policy
    [frozen_flower] chain 164/200 task 2/5 step 1/360: policy 0.18s, stepping env
    [frozen_flower] chain 164/200 task 2/5 step 25/360: running policy
    [frozen_flower] chain 164/200 task 2/5 step 25/360: policy 0.01s, stepping env
    [frozen_flower] chain 164/200 task 2/5 step 50/360: running policy
    [frozen_flower] chain 164/200 task 2/5 step 50/360: policy 0.00s, stepping env
    [frozen_flower] chain 164/200 task 2/5 success at step 70
    [frozen_flower] chain 164/200 task 2/5 success: 70 steps, 1.9s
    [frozen_flower] chain 164/200 task 3/5 start: lift_blue_block_table | instruction: grasp and lift the blue block
    [frozen_flower] chain 164/200 task 3/5 step 1/360: running policy
    [frozen_flower] chain 164/200 task 3/5 step 1/360: policy 0.18s, stepping env
    [frozen_flower] chain 164/200 task 3/5 step 25/360: running policy
    [frozen_flower] chain 164/200 task 3/5 step 25/360: policy 0.00s, stepping env
    [frozen_flower] chain 164/200 task 3/5 step 50/360: running policy
    [frozen_flower] chain 164/200 task 3/5 step 50/360: policy 0.00s, stepping env
    [frozen_flower] chain 164/200 task 3/5 success at step 65
    [frozen_flower] chain 164/200 task 3/5 success: 65 steps, 1.9s
    [frozen_flower] chain 164/200 task 4/5 start: stack_block | instruction: stack the grasped block
    [frozen_flower] chain 164/200 task 4/5 step 1/360: running policy
    [frozen_flower] chain 164/200 task 4/5 step 1/360: policy 0.18s, stepping env
    [frozen_flower] chain 164/200 task 4/5 step 25/360: running policy
    [frozen_flower] chain 164/200 task 4/5 step 25/360: policy 0.00s, stepping env
    [frozen_flower] chain 164/200 task 4/5 step 50/360: running policy
    [frozen_flower] chain 164/200 task 4/5 step 50/360: policy 0.00s, stepping env
    [frozen_flower] chain 164/200 task 4/5 success at step 58
    [frozen_flower] chain 164/200 task 4/5 success: 58 steps, 1.7s
    [frozen_flower] chain 164/200 task 5/5 start: turn_on_led | instruction: press the button to turn on the led light
    [frozen_flower] chain 164/200 task 5/5 step 1/360: running policy
    [frozen_flower] chain 164/200 task 5/5 step 1/360: policy 0.18s, stepping env
    [frozen_flower] chain 164/200 task 5/5 step 25/360: running policy
    [frozen_flower] chain 164/200 task 5/5 step 25/360: policy 0.00s, stepping env
    [frozen_flower] chain 164/200 task 5/5 step 50/360: running policy
    [frozen_flower] chain 164/200 task 5/5 step 50/360: policy 0.00s, stepping env
    [frozen_flower] chain 164/200 task 5/5 step 75/360: running policy
    [frozen_flower] chain 164/200 task 5/5 step 75/360: policy 0.00s, stepping env
    [frozen_flower] chain 164/200 task 5/5 step 100/360: running policy
    [frozen_flower] chain 164/200 task 5/5 step 100/360: policy 0.00s, stepping env
    [frozen_flower] chain 164/200 task 5/5 success at step 116
    [frozen_flower] chain 164/200 task 5/5 success: 116 steps, 3.3s
    [frozen_flower] chain 165/200 start: ['lift_pink_block_table', 'place_in_slider', 'open_drawer', 'turn_on_led', 'lift_blue_block_slider']
    [frozen_flower] chain 165/200 instructions: ['grasp and lift the pink block', 'store the grasped block in the sliding cabinet', 'pull the handle to open the drawer', 'press the button to turn on the led light', 'lift the blue block from the sliding cabinet']
    [frozen_flower] chain 165/200 task 1/5 start: lift_pink_block_table | instruction: grasp and lift the pink block
    [frozen_flower] chain 165/200 task 1/5 step 1/360: running policy
    [frozen_flower] chain 165/200 task 1/5 step 1/360: policy 0.18s, stepping env
    [frozen_flower] chain 165/200 task 1/5 step 25/360: running policy
    [frozen_flower] chain 165/200 task 1/5 step 25/360: policy 0.00s, stepping env
    [frozen_flower] chain 165/200 task 1/5 success at step 39
    [frozen_flower] chain 165/200 task 1/5 success: 39 steps, 1.1s
    [frozen_flower] chain 165/200 task 2/5 start: place_in_slider | instruction: store the grasped block in the sliding cabinet
    [frozen_flower] chain 165/200 task 2/5 step 1/360: running policy
    [frozen_flower] chain 165/200 task 2/5 step 1/360: policy 0.18s, stepping env
    [frozen_flower] chain 165/200 task 2/5 step 25/360: running policy
    [frozen_flower] chain 165/200 task 2/5 step 25/360: policy 0.01s, stepping env
    [frozen_flower] chain 165/200 task 2/5 success at step 28
    [frozen_flower] chain 165/200 task 2/5 success: 28 steps, 0.9s
    [frozen_flower] chain 165/200 task 3/5 start: open_drawer | instruction: pull the handle to open the drawer
    [frozen_flower] chain 165/200 task 3/5 step 1/360: running policy
    [frozen_flower] chain 165/200 task 3/5 step 1/360: policy 0.18s, stepping env
    [frozen_flower] chain 165/200 task 3/5 step 25/360: running policy
    [frozen_flower] chain 165/200 task 3/5 step 25/360: policy 0.00s, stepping env
    [frozen_flower] chain 165/200 task 3/5 step 50/360: running policy
    [frozen_flower] chain 165/200 task 3/5 step 50/360: policy 0.00s, stepping env
    [frozen_flower] chain 165/200 task 3/5 step 75/360: running policy
    [frozen_flower] chain 165/200 task 3/5 step 75/360: policy 0.00s, stepping env
    [frozen_flower] chain 165/200 task 3/5 success at step 75
    [frozen_flower] chain 165/200 task 3/5 success: 75 steps, 2.2s
    [frozen_flower] chain 165/200 task 4/5 start: turn_on_led | instruction: press the button to turn on the led light
    [frozen_flower] chain 165/200 task 4/5 step 1/360: running policy
    [frozen_flower] chain 165/200 task 4/5 step 1/360: policy 0.18s, stepping env
    [frozen_flower] chain 165/200 task 4/5 step 25/360: running policy
    [frozen_flower] chain 165/200 task 4/5 step 25/360: policy 0.00s, stepping env
    [frozen_flower] chain 165/200 task 4/5 step 50/360: running policy
    [frozen_flower] chain 165/200 task 4/5 step 50/360: policy 0.00s, stepping env
    [frozen_flower] chain 165/200 task 4/5 success at step 69
    [frozen_flower] chain 165/200 task 4/5 success: 69 steps, 1.9s
    [frozen_flower] chain 165/200 task 5/5 start: lift_blue_block_slider | instruction: lift the blue block from the sliding cabinet
    [frozen_flower] chain 165/200 task 5/5 step 1/360: running policy
    [frozen_flower] chain 165/200 task 5/5 step 1/360: policy 0.18s, stepping env
    [frozen_flower] chain 165/200 task 5/5 step 25/360: running policy
    [frozen_flower] chain 165/200 task 5/5 step 25/360: policy 0.00s, stepping env
    [frozen_flower] chain 165/200 task 5/5 step 50/360: running policy
    [frozen_flower] chain 165/200 task 5/5 step 50/360: policy 0.00s, stepping env
    [frozen_flower] chain 165/200 task 5/5 step 75/360: running policy
    [frozen_flower] chain 165/200 task 5/5 step 75/360: policy 0.00s, stepping env
    [frozen_flower] chain 165/200 task 5/5 step 100/360: running policy
    [frozen_flower] chain 165/200 task 5/5 step 100/360: policy 0.00s, stepping env
    [frozen_flower] chain 165/200 task 5/5 step 125/360: running policy
    [frozen_flower] chain 165/200 task 5/5 step 125/360: policy 0.00s, stepping env
    [frozen_flower] chain 165/200 task 5/5 step 150/360: running policy
    [frozen_flower] chain 165/200 task 5/5 step 150/360: policy 0.00s, stepping env
    [frozen_flower] chain 165/200 task 5/5 step 175/360: running policy
    [frozen_flower] chain 165/200 task 5/5 step 175/360: policy 0.00s, stepping env
    [frozen_flower] chain 165/200 task 5/5 step 200/360: running policy
    [frozen_flower] chain 165/200 task 5/5 step 200/360: policy 0.00s, stepping env
    [frozen_flower] chain 165/200 task 5/5 step 225/360: running policy
    [frozen_flower] chain 165/200 task 5/5 step 225/360: policy 0.00s, stepping env
    [frozen_flower] chain 165/200 task 5/5 step 250/360: running policy
    [frozen_flower] chain 165/200 task 5/5 step 250/360: policy 0.00s, stepping env
    [frozen_flower] chain 165/200 task 5/5 step 275/360: running policy
    [frozen_flower] chain 165/200 task 5/5 step 275/360: policy 0.00s, stepping env
    [frozen_flower] chain 165/200 task 5/5 success at step 289
    [frozen_flower] chain 165/200 task 5/5 success: 289 steps, 8.1s
    [frozen_flower] chain 166/200 start: ['rotate_pink_block_left', 'turn_on_led', 'move_slider_right', 'lift_red_block_table', 'stack_block']
    [frozen_flower] chain 166/200 instructions: ['take the pink block and rotate it to the left', 'press the button to turn on the led light', 'push the sliding door to the right side', 'grasp and lift the red block', 'stack the grasped block']
    [frozen_flower] chain 166/200 task 1/5 start: rotate_pink_block_left | instruction: take the pink block and rotate it to the left
    [frozen_flower] chain 166/200 task 1/5 step 1/360: running policy
    [frozen_flower] chain 166/200 task 1/5 step 1/360: policy 0.18s, stepping env
    [frozen_flower] chain 166/200 task 1/5 step 25/360: running policy
    [frozen_flower] chain 166/200 task 1/5 step 25/360: policy 0.00s, stepping env
    [frozen_flower] chain 166/200 task 1/5 step 50/360: running policy
    [frozen_flower] chain 166/200 task 1/5 step 50/360: policy 0.00s, stepping env
    [frozen_flower] chain 166/200 task 1/5 step 75/360: running policy
    [frozen_flower] chain 166/200 task 1/5 step 75/360: policy 0.00s, stepping env
    [frozen_flower] chain 166/200 task 1/5 success at step 83
    [frozen_flower] chain 166/200 task 1/5 success: 83 steps, 2.4s
    [frozen_flower] chain 166/200 task 2/5 start: turn_on_led | instruction: press the button to turn on the led light
    [frozen_flower] chain 166/200 task 2/5 step 1/360: running policy
    [frozen_flower] chain 166/200 task 2/5 step 1/360: policy 0.18s, stepping env
    [frozen_flower] chain 166/200 task 2/5 step 25/360: running policy
    [frozen_flower] chain 166/200 task 2/5 step 25/360: policy 0.00s, stepping env
    [frozen_flower] chain 166/200 task 2/5 step 50/360: running policy
    [frozen_flower] chain 166/200 task 2/5 step 50/360: policy 0.00s, stepping env
    [frozen_flower] chain 166/200 task 2/5 success at step 53
    [frozen_flower] chain 166/200 task 2/5 success: 53 steps, 1.5s
    [frozen_flower] chain 166/200 task 3/5 start: move_slider_right | instruction: push the sliding door to the right side
    [frozen_flower] chain 166/200 task 3/5 step 1/360: running policy
    [frozen_flower] chain 166/200 task 3/5 step 1/360: policy 0.18s, stepping env
    [frozen_flower] chain 166/200 task 3/5 step 25/360: running policy
    [frozen_flower] chain 166/200 task 3/5 step 25/360: policy 0.00s, stepping env
    [frozen_flower] chain 166/200 task 3/5 step 50/360: running policy
    [frozen_flower] chain 166/200 task 3/5 step 50/360: policy 0.00s, stepping env
    [frozen_flower] chain 166/200 task 3/5 success at step 60
    [frozen_flower] chain 166/200 task 3/5 success: 60 steps, 1.7s
    [frozen_flower] chain 166/200 task 4/5 start: lift_red_block_table | instruction: grasp and lift the red block
    [frozen_flower] chain 166/200 task 4/5 step 1/360: running policy
    [frozen_flower] chain 166/200 task 4/5 step 1/360: policy 0.18s, stepping env
    [frozen_flower] chain 166/200 task 4/5 step 25/360: running policy
    [frozen_flower] chain 166/200 task 4/5 step 25/360: policy 0.00s, stepping env
    [frozen_flower] chain 166/200 task 4/5 step 50/360: running policy
    [frozen_flower] chain 166/200 task 4/5 step 50/360: policy 0.01s, stepping env
    [frozen_flower] chain 166/200 task 4/5 success at step 52
    [frozen_flower] chain 166/200 task 4/5 success: 52 steps, 1.7s
    [frozen_flower] chain 166/200 task 5/5 start: stack_block | instruction: stack the grasped block
    [frozen_flower] chain 166/200 task 5/5 step 1/360: running policy
    [frozen_flower] chain 166/200 task 5/5 step 1/360: policy 0.17s, stepping env
    [frozen_flower] chain 166/200 task 5/5 step 25/360: running policy
    [frozen_flower] chain 166/200 task 5/5 step 25/360: policy 0.00s, stepping env
    [frozen_flower] chain 166/200 task 5/5 success at step 49
    [frozen_flower] chain 166/200 task 5/5 success: 49 steps, 1.4s
    [frozen_flower] chain 167/200 start: ['turn_off_lightbulb', 'rotate_blue_block_left', 'lift_blue_block_table', 'place_in_slider', 'lift_pink_block_slider']
    [frozen_flower] chain 167/200 instructions: ['use the switch to turn off the light bulb', 'take the blue block and rotate it to the left', 'grasp and lift the blue block', 'store the grasped block in the sliding cabinet', 'lift the pink block from the sliding cabinet']
    [frozen_flower] chain 167/200 task 1/5 start: turn_off_lightbulb | instruction: use the switch to turn off the light bulb
    [frozen_flower] chain 167/200 task 1/5 step 1/360: running policy
    [frozen_flower] chain 167/200 task 1/5 step 1/360: policy 0.17s, stepping env
    [frozen_flower] chain 167/200 task 1/5 step 25/360: running policy
    [frozen_flower] chain 167/200 task 1/5 step 25/360: policy 0.00s, stepping env
    [frozen_flower] chain 167/200 task 1/5 step 50/360: running policy
    [frozen_flower] chain 167/200 task 1/5 step 50/360: policy 0.00s, stepping env
    [frozen_flower] chain 167/200 task 1/5 success at step 57
    [frozen_flower] chain 167/200 task 1/5 success: 57 steps, 1.6s
    [frozen_flower] chain 167/200 task 2/5 start: rotate_blue_block_left | instruction: take the blue block and rotate it to the left
    [frozen_flower] chain 167/200 task 2/5 step 1/360: running policy
    [frozen_flower] chain 167/200 task 2/5 step 1/360: policy 0.18s, stepping env
    [frozen_flower] chain 167/200 task 2/5 step 25/360: running policy
    [frozen_flower] chain 167/200 task 2/5 step 25/360: policy 0.00s, stepping env
    [frozen_flower] chain 167/200 task 2/5 step 50/360: running policy
    [frozen_flower] chain 167/200 task 2/5 step 50/360: policy 0.00s, stepping env
    [frozen_flower] chain 167/200 task 2/5 step 75/360: running policy
    [frozen_flower] chain 167/200 task 2/5 step 75/360: policy 0.01s, stepping env
    [frozen_flower] chain 167/200 task 2/5 success at step 97
    [frozen_flower] chain 167/200 task 2/5 success: 97 steps, 2.8s
    [frozen_flower] chain 167/200 task 3/5 start: lift_blue_block_table | instruction: grasp and lift the blue block
    [frozen_flower] chain 167/200 task 3/5 step 1/360: running policy
    [frozen_flower] chain 167/200 task 3/5 step 1/360: policy 0.15s, stepping env
    [frozen_flower] chain 167/200 task 3/5 step 25/360: running policy
    [frozen_flower] chain 167/200 task 3/5 step 25/360: policy 0.00s, stepping env
    [frozen_flower] chain 167/200 task 3/5 step 50/360: running policy
    [frozen_flower] chain 167/200 task 3/5 step 50/360: policy 0.00s, stepping env
    [frozen_flower] chain 167/200 task 3/5 success at step 59
    [frozen_flower] chain 167/200 task 3/5 success: 59 steps, 1.6s
    [frozen_flower] chain 167/200 task 4/5 start: place_in_slider | instruction: store the grasped block in the sliding cabinet
    [frozen_flower] chain 167/200 task 4/5 step 1/360: running policy
    [frozen_flower] chain 167/200 task 4/5 step 1/360: policy 0.17s, stepping env
    [frozen_flower] chain 167/200 task 4/5 step 25/360: running policy
    [frozen_flower] chain 167/200 task 4/5 step 25/360: policy 0.00s, stepping env
    [frozen_flower] chain 167/200 task 4/5 step 50/360: running policy
    [frozen_flower] chain 167/200 task 4/5 step 50/360: policy 0.00s, stepping env
    [frozen_flower] chain 167/200 task 4/5 step 75/360: running policy
    [frozen_flower] chain 167/200 task 4/5 step 75/360: policy 0.01s, stepping env
    [frozen_flower] chain 167/200 task 4/5 step 100/360: running policy
    [frozen_flower] chain 167/200 task 4/5 step 100/360: policy 0.00s, stepping env
    [frozen_flower] chain 167/200 task 4/5 step 125/360: running policy
    [frozen_flower] chain 167/200 task 4/5 step 125/360: policy 0.00s, stepping env
    [frozen_flower] chain 167/200 task 4/5 step 150/360: running policy
    [frozen_flower] chain 167/200 task 4/5 step 150/360: policy 0.01s, stepping env
    [frozen_flower] chain 167/200 task 4/5 step 175/360: running policy
    [frozen_flower] chain 167/200 task 4/5 step 175/360: policy 0.00s, stepping env
    [frozen_flower] chain 167/200 task 4/5 step 200/360: running policy
    [frozen_flower] chain 167/200 task 4/5 step 200/360: policy 0.01s, stepping env
    [frozen_flower] chain 167/200 task 4/5 step 225/360: running policy
    [frozen_flower] chain 167/200 task 4/5 step 225/360: policy 0.00s, stepping env
    [frozen_flower] chain 167/200 task 4/5 step 250/360: running policy
    [frozen_flower] chain 167/200 task 4/5 step 250/360: policy 0.00s, stepping env
    [frozen_flower] chain 167/200 task 4/5 step 275/360: running policy
    [frozen_flower] chain 167/200 task 4/5 step 275/360: policy 0.00s, stepping env
    [frozen_flower] chain 167/200 task 4/5 step 300/360: running policy
    [frozen_flower] chain 167/200 task 4/5 step 300/360: policy 0.00s, stepping env
    [frozen_flower] chain 167/200 task 4/5 step 325/360: running policy
    [frozen_flower] chain 167/200 task 4/5 step 325/360: policy 0.00s, stepping env
    [frozen_flower] chain 167/200 task 4/5 step 350/360: running policy
    [frozen_flower] chain 167/200 task 4/5 step 350/360: policy 0.00s, stepping env
    [frozen_flower] chain 167/200 task 4/5 failed: 360 steps, 10.3s
    [frozen_flower] chain 168/200 start: ['turn_off_led', 'push_red_block_right', 'push_into_drawer', 'lift_blue_block_slider', 'place_in_slider']
    [frozen_flower] chain 168/200 instructions: ['press the button to turn off the led light', 'go push the red block right', 'slide the block that it falls into the drawer', 'lift the blue block from the sliding cabinet', 'store the grasped block in the sliding cabinet']
    [frozen_flower] chain 168/200 task 1/5 start: turn_off_led | instruction: press the button to turn off the led light
    [frozen_flower] chain 168/200 task 1/5 step 1/360: running policy
    [frozen_flower] chain 168/200 task 1/5 step 1/360: policy 0.18s, stepping env
    [frozen_flower] chain 168/200 task 1/5 step 25/360: running policy
    [frozen_flower] chain 168/200 task 1/5 step 25/360: policy 0.00s, stepping env
    [frozen_flower] chain 168/200 task 1/5 step 50/360: running policy
    [frozen_flower] chain 168/200 task 1/5 step 50/360: policy 0.00s, stepping env
    [frozen_flower] chain 168/200 task 1/5 success at step 64
    [frozen_flower] chain 168/200 task 1/5 success: 64 steps, 1.8s
    [frozen_flower] chain 168/200 task 2/5 start: push_red_block_right | instruction: go push the red block right
    [frozen_flower] chain 168/200 task 2/5 step 1/360: running policy
    [frozen_flower] chain 168/200 task 2/5 step 1/360: policy 0.17s, stepping env
    [frozen_flower] chain 168/200 task 2/5 step 25/360: running policy
    [frozen_flower] chain 168/200 task 2/5 step 25/360: policy 0.00s, stepping env
    [frozen_flower] chain 168/200 task 2/5 step 50/360: running policy
    [frozen_flower] chain 168/200 task 2/5 step 50/360: policy 0.00s, stepping env
    [frozen_flower] chain 168/200 task 2/5 success at step 56
    [frozen_flower] chain 168/200 task 2/5 success: 56 steps, 1.6s
    [frozen_flower] chain 168/200 task 3/5 start: push_into_drawer | instruction: slide the block that it falls into the drawer
    [frozen_flower] chain 168/200 task 3/5 step 1/360: running policy
    [frozen_flower] chain 168/200 task 3/5 step 1/360: policy 0.18s, stepping env
    [frozen_flower] chain 168/200 task 3/5 step 25/360: running policy
    [frozen_flower] chain 168/200 task 3/5 step 25/360: policy 0.00s, stepping env
    [frozen_flower] chain 168/200 task 3/5 step 50/360: running policy
    [frozen_flower] chain 168/200 task 3/5 step 50/360: policy 0.00s, stepping env
    [frozen_flower] chain 168/200 task 3/5 step 75/360: running policy
    [frozen_flower] chain 168/200 task 3/5 step 75/360: policy 0.00s, stepping env
    [frozen_flower] chain 168/200 task 3/5 step 100/360: running policy
    [frozen_flower] chain 168/200 task 3/5 step 100/360: policy 0.00s, stepping env
    [frozen_flower] chain 168/200 task 3/5 step 125/360: running policy
    [frozen_flower] chain 168/200 task 3/5 step 125/360: policy 0.00s, stepping env
    [frozen_flower] chain 168/200 task 3/5 step 150/360: running policy
    [frozen_flower] chain 168/200 task 3/5 step 150/360: policy 0.00s, stepping env
    [frozen_flower] chain 168/200 task 3/5 step 175/360: running policy
    [frozen_flower] chain 168/200 task 3/5 step 175/360: policy 0.00s, stepping env
    [frozen_flower] chain 168/200 task 3/5 step 200/360: running policy
    [frozen_flower] chain 168/200 task 3/5 step 200/360: policy 0.00s, stepping env
    [frozen_flower] chain 168/200 task 3/5 step 225/360: running policy
    [frozen_flower] chain 168/200 task 3/5 step 225/360: policy 0.00s, stepping env
    [frozen_flower] chain 168/200 task 3/5 step 250/360: running policy
    [frozen_flower] chain 168/200 task 3/5 step 250/360: policy 0.00s, stepping env
    [frozen_flower] chain 168/200 task 3/5 step 275/360: running policy
    [frozen_flower] chain 168/200 task 3/5 step 275/360: policy 0.00s, stepping env
    [frozen_flower] chain 168/200 task 3/5 step 300/360: running policy
    [frozen_flower] chain 168/200 task 3/5 step 300/360: policy 0.00s, stepping env
    [frozen_flower] chain 168/200 task 3/5 step 325/360: running policy
    [frozen_flower] chain 168/200 task 3/5 step 325/360: policy 0.00s, stepping env
    [frozen_flower] chain 168/200 task 3/5 step 350/360: running policy
    [frozen_flower] chain 168/200 task 3/5 step 350/360: policy 0.00s, stepping env
    [frozen_flower] chain 168/200 task 3/5 failed: 360 steps, 9.4s
    [frozen_flower] chain 169/200 start: ['close_drawer', 'push_blue_block_left', 'lift_pink_block_table', 'place_in_slider', 'turn_on_led']
    [frozen_flower] chain 169/200 instructions: ['push the handle to close the drawer', 'go push the blue block left', 'grasp and lift the pink block', 'store the grasped block in the sliding cabinet', 'press the button to turn on the led light']
    [frozen_flower] chain 169/200 task 1/5 start: close_drawer | instruction: push the handle to close the drawer
    [frozen_flower] chain 169/200 task 1/5 step 1/360: running policy
    [frozen_flower] chain 169/200 task 1/5 step 1/360: policy 0.17s, stepping env
    [frozen_flower] chain 169/200 task 1/5 step 25/360: running policy
    [frozen_flower] chain 169/200 task 1/5 step 25/360: policy 0.00s, stepping env
    [frozen_flower] chain 169/200 task 1/5 step 50/360: running policy
    [frozen_flower] chain 169/200 task 1/5 step 50/360: policy 0.01s, stepping env
    [frozen_flower] chain 169/200 task 1/5 success at step 54
    [frozen_flower] chain 169/200 task 1/5 success: 54 steps, 1.6s
    [frozen_flower] chain 169/200 task 2/5 start: push_blue_block_left | instruction: go push the blue block left
    [frozen_flower] chain 169/200 task 2/5 step 1/360: running policy
    [frozen_flower] chain 169/200 task 2/5 step 1/360: policy 0.18s, stepping env
    [frozen_flower] chain 169/200 task 2/5 step 25/360: running policy
    [frozen_flower] chain 169/200 task 2/5 step 25/360: policy 0.03s, stepping env
    [frozen_flower] chain 169/200 task 2/5 step 50/360: running policy
    [frozen_flower] chain 169/200 task 2/5 step 50/360: policy 0.00s, stepping env
    [frozen_flower] chain 169/200 task 2/5 step 75/360: running policy
    [frozen_flower] chain 169/200 task 2/5 step 75/360: policy 0.00s, stepping env
    [frozen_flower] chain 169/200 task 2/5 success at step 97
    [frozen_flower] chain 169/200 task 2/5 success: 97 steps, 2.7s
    [frozen_flower] chain 169/200 task 3/5 start: lift_pink_block_table | instruction: grasp and lift the pink block
    [frozen_flower] chain 169/200 task 3/5 step 1/360: running policy
    [frozen_flower] chain 169/200 task 3/5 step 1/360: policy 0.18s, stepping env
    [frozen_flower] chain 169/200 task 3/5 step 25/360: running policy
    [frozen_flower] chain 169/200 task 3/5 step 25/360: policy 0.00s, stepping env
    [frozen_flower] chain 169/200 task 3/5 step 50/360: running policy
    [frozen_flower] chain 169/200 task 3/5 step 50/360: policy 0.00s, stepping env
    [frozen_flower] chain 169/200 task 3/5 success at step 58
    [frozen_flower] chain 169/200 task 3/5 success: 58 steps, 1.7s
    [frozen_flower] chain 169/200 task 4/5 start: place_in_slider | instruction: store the grasped block in the sliding cabinet
    [frozen_flower] chain 169/200 task 4/5 step 1/360: running policy
    [frozen_flower] chain 169/200 task 4/5 step 1/360: policy 0.18s, stepping env
    [frozen_flower] chain 169/200 task 4/5 step 25/360: running policy
    [frozen_flower] chain 169/200 task 4/5 step 25/360: policy 0.00s, stepping env
    [frozen_flower] chain 169/200 task 4/5 step 50/360: running policy
    [frozen_flower] chain 169/200 task 4/5 step 50/360: policy 0.00s, stepping env
    [frozen_flower] chain 169/200 task 4/5 step 75/360: running policy
    [frozen_flower] chain 169/200 task 4/5 step 75/360: policy 0.00s, stepping env
    [frozen_flower] chain 169/200 task 4/5 step 100/360: running policy
    [frozen_flower] chain 169/200 task 4/5 step 100/360: policy 0.00s, stepping env
    [frozen_flower] chain 169/200 task 4/5 step 125/360: running policy
    [frozen_flower] chain 169/200 task 4/5 step 125/360: policy 0.00s, stepping env
    [frozen_flower] chain 169/200 task 4/5 step 150/360: running policy
    [frozen_flower] chain 169/200 task 4/5 step 150/360: policy 0.00s, stepping env
    [frozen_flower] chain 169/200 task 4/5 step 175/360: running policy
    [frozen_flower] chain 169/200 task 4/5 step 175/360: policy 0.00s, stepping env
    [frozen_flower] chain 169/200 task 4/5 step 200/360: running policy
    [frozen_flower] chain 169/200 task 4/5 step 200/360: policy 0.00s, stepping env
    [frozen_flower] chain 169/200 task 4/5 step 225/360: running policy
    [frozen_flower] chain 169/200 task 4/5 step 225/360: policy 0.00s, stepping env
    [frozen_flower] chain 169/200 task 4/5 step 250/360: running policy
    [frozen_flower] chain 169/200 task 4/5 step 250/360: policy 0.00s, stepping env
    [frozen_flower] chain 169/200 task 4/5 step 275/360: running policy
    [frozen_flower] chain 169/200 task 4/5 step 275/360: policy 0.00s, stepping env
    [frozen_flower] chain 169/200 task 4/5 step 300/360: running policy
    [frozen_flower] chain 169/200 task 4/5 step 300/360: policy 0.00s, stepping env
    [frozen_flower] chain 169/200 task 4/5 step 325/360: running policy
    [frozen_flower] chain 169/200 task 4/5 step 325/360: policy 0.00s, stepping env
    [frozen_flower] chain 169/200 task 4/5 step 350/360: running policy
    [frozen_flower] chain 169/200 task 4/5 step 350/360: policy 0.00s, stepping env
    [frozen_flower] chain 169/200 task 4/5 failed: 360 steps, 11.2s
    [frozen_flower] chain 170/200 start: ['rotate_blue_block_right', 'lift_pink_block_slider', 'stack_block', 'move_slider_left', 'unstack_block']
    [frozen_flower] chain 170/200 instructions: ['take the blue block and rotate it to the right', 'lift the pink block from the sliding cabinet', 'stack the grasped block', 'push the sliding door to the left side', 'remove the stacked block']
    [frozen_flower] chain 170/200 task 1/5 start: rotate_blue_block_right | instruction: take the blue block and rotate it to the right
    [frozen_flower] chain 170/200 task 1/5 step 1/360: running policy
    [frozen_flower] chain 170/200 task 1/5 step 1/360: policy 0.18s, stepping env
    [frozen_flower] chain 170/200 task 1/5 step 25/360: running policy
    [frozen_flower] chain 170/200 task 1/5 step 25/360: policy 0.00s, stepping env
    [frozen_flower] chain 170/200 task 1/5 step 50/360: running policy
    [frozen_flower] chain 170/200 task 1/5 step 50/360: policy 0.00s, stepping env
    [frozen_flower] chain 170/200 task 1/5 step 75/360: running policy
    [frozen_flower] chain 170/200 task 1/5 step 75/360: policy 0.00s, stepping env
    [frozen_flower] chain 170/200 task 1/5 success at step 97
    [frozen_flower] chain 170/200 task 1/5 success: 97 steps, 2.7s
    [frozen_flower] chain 170/200 task 2/5 start: lift_pink_block_slider | instruction: lift the pink block from the sliding cabinet
    [frozen_flower] chain 170/200 task 2/5 step 1/360: running policy
    [frozen_flower] chain 170/200 task 2/5 step 1/360: policy 0.18s, stepping env
    [frozen_flower] chain 170/200 task 2/5 step 25/360: running policy
    [frozen_flower] chain 170/200 task 2/5 step 25/360: policy 0.00s, stepping env
    [frozen_flower] chain 170/200 task 2/5 step 50/360: running policy
    [frozen_flower] chain 170/200 task 2/5 step 50/360: policy 0.00s, stepping env
    [frozen_flower] chain 170/200 task 2/5 step 75/360: running policy
    [frozen_flower] chain 170/200 task 2/5 step 75/360: policy 0.00s, stepping env
    [frozen_flower] chain 170/200 task 2/5 success at step 82
    [frozen_flower] chain 170/200 task 2/5 success: 82 steps, 2.4s
    [frozen_flower] chain 170/200 task 3/5 start: stack_block | instruction: stack the grasped block
    [frozen_flower] chain 170/200 task 3/5 step 1/360: running policy
    [frozen_flower] chain 170/200 task 3/5 step 1/360: policy 0.17s, stepping env
    [frozen_flower] chain 170/200 task 3/5 step 25/360: running policy
    [frozen_flower] chain 170/200 task 3/5 step 25/360: policy 0.00s, stepping env
    [frozen_flower] chain 170/200 task 3/5 step 50/360: running policy
    [frozen_flower] chain 170/200 task 3/5 step 50/360: policy 0.00s, stepping env
    [frozen_flower] chain 170/200 task 3/5 step 75/360: running policy
    [frozen_flower] chain 170/200 task 3/5 step 75/360: policy 0.00s, stepping env
    [frozen_flower] chain 170/200 task 3/5 step 100/360: running policy
    [frozen_flower] chain 170/200 task 3/5 step 100/360: policy 0.00s, stepping env
    [frozen_flower] chain 170/200 task 3/5 step 125/360: running policy
    [frozen_flower] chain 170/200 task 3/5 step 125/360: policy 0.00s, stepping env
    [frozen_flower] chain 170/200 task 3/5 step 150/360: running policy
    [frozen_flower] chain 170/200 task 3/5 step 150/360: policy 0.00s, stepping env
    [frozen_flower] chain 170/200 task 3/5 step 175/360: running policy
    [frozen_flower] chain 170/200 task 3/5 step 175/360: policy 0.00s, stepping env
    [frozen_flower] chain 170/200 task 3/5 step 200/360: running policy
    [frozen_flower] chain 170/200 task 3/5 step 200/360: policy 0.00s, stepping env
    [frozen_flower] chain 170/200 task 3/5 step 225/360: running policy
    [frozen_flower] chain 170/200 task 3/5 step 225/360: policy 0.00s, stepping env
    [frozen_flower] chain 170/200 task 3/5 step 250/360: running policy
    [frozen_flower] chain 170/200 task 3/5 step 250/360: policy 0.00s, stepping env
    [frozen_flower] chain 170/200 task 3/5 step 275/360: running policy
    [frozen_flower] chain 170/200 task 3/5 step 275/360: policy 0.00s, stepping env
    [frozen_flower] chain 170/200 task 3/5 step 300/360: running policy
    [frozen_flower] chain 170/200 task 3/5 step 300/360: policy 0.00s, stepping env
    [frozen_flower] chain 170/200 task 3/5 step 325/360: running policy
    [frozen_flower] chain 170/200 task 3/5 step 325/360: policy 0.00s, stepping env
    [frozen_flower] chain 170/200 task 3/5 step 350/360: running policy
    [frozen_flower] chain 170/200 task 3/5 step 350/360: policy 0.00s, stepping env
    [frozen_flower] chain 170/200 task 3/5 failed: 360 steps, 9.1s
    [frozen_flower] 170/200 chains, L1 success: 94.7%
    [frozen_flower] chain 171/200 start: ['push_blue_block_left', 'turn_on_lightbulb', 'close_drawer', 'lift_pink_block_table', 'place_in_slider']
    [frozen_flower] chain 171/200 instructions: ['go push the blue block left', 'use the switch to turn on the light bulb', 'push the handle to close the drawer', 'grasp and lift the pink block', 'store the grasped block in the sliding cabinet']
    [frozen_flower] chain 171/200 task 1/5 start: push_blue_block_left | instruction: go push the blue block left
    [frozen_flower] chain 171/200 task 1/5 step 1/360: running policy
    [frozen_flower] chain 171/200 task 1/5 step 1/360: policy 0.15s, stepping env
    [frozen_flower] chain 171/200 task 1/5 step 25/360: running policy
    [frozen_flower] chain 171/200 task 1/5 step 25/360: policy 0.00s, stepping env
    [frozen_flower] chain 171/200 task 1/5 step 50/360: running policy
    [frozen_flower] chain 171/200 task 1/5 step 50/360: policy 0.00s, stepping env
    [frozen_flower] chain 171/200 task 1/5 success at step 63
    [frozen_flower] chain 171/200 task 1/5 success: 63 steps, 1.7s
    [frozen_flower] chain 171/200 task 2/5 start: turn_on_lightbulb | instruction: use the switch to turn on the light bulb
    [frozen_flower] chain 171/200 task 2/5 step 1/360: running policy
    [frozen_flower] chain 171/200 task 2/5 step 1/360: policy 0.18s, stepping env
    [frozen_flower] chain 171/200 task 2/5 step 25/360: running policy
    [frozen_flower] chain 171/200 task 2/5 step 25/360: policy 0.00s, stepping env
    [frozen_flower] chain 171/200 task 2/5 success at step 43
    [frozen_flower] chain 171/200 task 2/5 success: 43 steps, 1.3s
    [frozen_flower] chain 171/200 task 3/5 start: close_drawer | instruction: push the handle to close the drawer
    [frozen_flower] chain 171/200 task 3/5 step 1/360: running policy
    [frozen_flower] chain 171/200 task 3/5 step 1/360: policy 0.17s, stepping env
    [frozen_flower] chain 171/200 task 3/5 step 25/360: running policy
    [frozen_flower] chain 171/200 task 3/5 step 25/360: policy 0.00s, stepping env
    [frozen_flower] chain 171/200 task 3/5 step 50/360: running policy
    [frozen_flower] chain 171/200 task 3/5 step 50/360: policy 0.00s, stepping env
    [frozen_flower] chain 171/200 task 3/5 step 75/360: running policy
    [frozen_flower] chain 171/200 task 3/5 step 75/360: policy 0.00s, stepping env
    [frozen_flower] chain 171/200 task 3/5 success at step 84
    [frozen_flower] chain 171/200 task 3/5 success: 84 steps, 2.5s
    [frozen_flower] chain 171/200 task 4/5 start: lift_pink_block_table | instruction: grasp and lift the pink block
    [frozen_flower] chain 171/200 task 4/5 step 1/360: running policy
    [frozen_flower] chain 171/200 task 4/5 step 1/360: policy 0.18s, stepping env
    [frozen_flower] chain 171/200 task 4/5 step 25/360: running policy
    [frozen_flower] chain 171/200 task 4/5 step 25/360: policy 0.00s, stepping env
    [frozen_flower] chain 171/200 task 4/5 step 50/360: running policy
    [frozen_flower] chain 171/200 task 4/5 step 50/360: policy 0.00s, stepping env
    [frozen_flower] chain 171/200 task 4/5 success at step 69
    [frozen_flower] chain 171/200 task 4/5 success: 69 steps, 1.9s
    [frozen_flower] chain 171/200 task 5/5 start: place_in_slider | instruction: store the grasped block in the sliding cabinet
    [frozen_flower] chain 171/200 task 5/5 step 1/360: running policy
    [frozen_flower] chain 171/200 task 5/5 step 1/360: policy 0.17s, stepping env
    [frozen_flower] chain 171/200 task 5/5 step 25/360: running policy
    [frozen_flower] chain 171/200 task 5/5 step 25/360: policy 0.00s, stepping env
    [frozen_flower] chain 171/200 task 5/5 success at step 35
    [frozen_flower] chain 171/200 task 5/5 success: 35 steps, 1.1s
    [frozen_flower] chain 172/200 start: ['push_red_block_right', 'move_slider_left', 'lift_red_block_table', 'place_in_slider', 'turn_off_led']
    [frozen_flower] chain 172/200 instructions: ['go push the red block right', 'push the sliding door to the left side', 'grasp and lift the red block', 'store the grasped block in the sliding cabinet', 'press the button to turn off the led light']
    [frozen_flower] chain 172/200 task 1/5 start: push_red_block_right | instruction: go push the red block right
    [frozen_flower] chain 172/200 task 1/5 step 1/360: running policy
    [frozen_flower] chain 172/200 task 1/5 step 1/360: policy 0.17s, stepping env
    [frozen_flower] chain 172/200 task 1/5 step 25/360: running policy
    [frozen_flower] chain 172/200 task 1/5 step 25/360: policy 0.00s, stepping env
    [frozen_flower] chain 172/200 task 1/5 success at step 46
    [frozen_flower] chain 172/200 task 1/5 success: 46 steps, 1.3s
    [frozen_flower] chain 172/200 task 2/5 start: move_slider_left | instruction: push the sliding door to the left side
    [frozen_flower] chain 172/200 task 2/5 step 1/360: running policy
    [frozen_flower] chain 172/200 task 2/5 step 1/360: policy 0.17s, stepping env
    [frozen_flower] chain 172/200 task 2/5 step 25/360: running policy
    [frozen_flower] chain 172/200 task 2/5 step 25/360: policy 0.00s, stepping env
    [frozen_flower] chain 172/200 task 2/5 step 50/360: running policy
    [frozen_flower] chain 172/200 task 2/5 step 50/360: policy 0.00s, stepping env
    [frozen_flower] chain 172/200 task 2/5 success at step 55
    [frozen_flower] chain 172/200 task 2/5 success: 55 steps, 1.6s
    [frozen_flower] chain 172/200 task 3/5 start: lift_red_block_table | instruction: grasp and lift the red block
    [frozen_flower] chain 172/200 task 3/5 step 1/360: running policy
    [frozen_flower] chain 172/200 task 3/5 step 1/360: policy 0.17s, stepping env
    [frozen_flower] chain 172/200 task 3/5 step 25/360: running policy
    [frozen_flower] chain 172/200 task 3/5 step 25/360: policy 0.00s, stepping env
    [frozen_flower] chain 172/200 task 3/5 step 50/360: running policy
    [frozen_flower] chain 172/200 task 3/5 step 50/360: policy 0.00s, stepping env
    [frozen_flower] chain 172/200 task 3/5 step 75/360: running policy
    [frozen_flower] chain 172/200 task 3/5 step 75/360: policy 0.00s, stepping env
    [frozen_flower] chain 172/200 task 3/5 success at step 95
    [frozen_flower] chain 172/200 task 3/5 success: 95 steps, 2.6s
    [frozen_flower] chain 172/200 task 4/5 start: place_in_slider | instruction: store the grasped block in the sliding cabinet
    [frozen_flower] chain 172/200 task 4/5 step 1/360: running policy
    [frozen_flower] chain 172/200 task 4/5 step 1/360: policy 0.15s, stepping env
    [frozen_flower] chain 172/200 task 4/5 step 25/360: running policy
    [frozen_flower] chain 172/200 task 4/5 step 25/360: policy 0.00s, stepping env
    [frozen_flower] chain 172/200 task 4/5 success at step 27
    [frozen_flower] chain 172/200 task 4/5 success: 27 steps, 0.7s
    [frozen_flower] chain 172/200 task 5/5 start: turn_off_led | instruction: press the button to turn off the led light
    [frozen_flower] chain 172/200 task 5/5 step 1/360: running policy
    [frozen_flower] chain 172/200 task 5/5 step 1/360: policy 0.15s, stepping env
    [frozen_flower] chain 172/200 task 5/5 step 25/360: running policy
    [frozen_flower] chain 172/200 task 5/5 step 25/360: policy 0.00s, stepping env
    [frozen_flower] chain 172/200 task 5/5 step 50/360: running policy
    [frozen_flower] chain 172/200 task 5/5 step 50/360: policy 0.00s, stepping env
    [frozen_flower] chain 172/200 task 5/5 success at step 63
    [frozen_flower] chain 172/200 task 5/5 success: 63 steps, 1.6s
    [frozen_flower] chain 173/200 start: ['push_blue_block_right', 'turn_on_led', 'open_drawer', 'lift_pink_block_table', 'place_in_drawer']
    [frozen_flower] chain 173/200 instructions: ['go push the blue block right', 'press the button to turn on the led light', 'pull the handle to open the drawer', 'grasp and lift the pink block', 'store the grasped block in the drawer']
    [frozen_flower] chain 173/200 task 1/5 start: push_blue_block_right | instruction: go push the blue block right
    [frozen_flower] chain 173/200 task 1/5 step 1/360: running policy
    [frozen_flower] chain 173/200 task 1/5 step 1/360: policy 0.15s, stepping env
    [frozen_flower] chain 173/200 task 1/5 step 25/360: running policy
    [frozen_flower] chain 173/200 task 1/5 step 25/360: policy 0.00s, stepping env
    [frozen_flower] chain 173/200 task 1/5 step 50/360: running policy
    [frozen_flower] chain 173/200 task 1/5 step 50/360: policy 0.00s, stepping env
    [frozen_flower] chain 173/200 task 1/5 step 75/360: running policy
    [frozen_flower] chain 173/200 task 1/5 step 75/360: policy 0.00s, stepping env
    [frozen_flower] chain 173/200 task 1/5 step 100/360: running policy
    [frozen_flower] chain 173/200 task 1/5 step 100/360: policy 0.00s, stepping env
    [frozen_flower] chain 173/200 task 1/5 success at step 117
    [frozen_flower] chain 173/200 task 1/5 success: 117 steps, 3.2s
    [frozen_flower] chain 173/200 task 2/5 start: turn_on_led | instruction: press the button to turn on the led light
    [frozen_flower] chain 173/200 task 2/5 step 1/360: running policy
    [frozen_flower] chain 173/200 task 2/5 step 1/360: policy 0.18s, stepping env
    [frozen_flower] chain 173/200 task 2/5 step 25/360: running policy
    [frozen_flower] chain 173/200 task 2/5 step 25/360: policy 0.00s, stepping env
    [frozen_flower] chain 173/200 task 2/5 success at step 49
    [frozen_flower] chain 173/200 task 2/5 success: 49 steps, 1.4s
    [frozen_flower] chain 173/200 task 3/5 start: open_drawer | instruction: pull the handle to open the drawer
    [frozen_flower] chain 173/200 task 3/5 step 1/360: running policy
    [frozen_flower] chain 173/200 task 3/5 step 1/360: policy 0.25s, stepping env
    [frozen_flower] chain 173/200 task 3/5 step 25/360: running policy
    [frozen_flower] chain 173/200 task 3/5 step 25/360: policy 0.00s, stepping env
    [frozen_flower] chain 173/200 task 3/5 step 50/360: running policy
    [frozen_flower] chain 173/200 task 3/5 step 50/360: policy 0.00s, stepping env
    [frozen_flower] chain 173/200 task 3/5 success at step 70
    [frozen_flower] chain 173/200 task 3/5 success: 70 steps, 2.1s
    [frozen_flower] chain 173/200 task 4/5 start: lift_pink_block_table | instruction: grasp and lift the pink block
    [frozen_flower] chain 173/200 task 4/5 step 1/360: running policy
    [frozen_flower] chain 173/200 task 4/5 step 1/360: policy 0.18s, stepping env
    [frozen_flower] chain 173/200 task 4/5 step 25/360: running policy
    [frozen_flower] chain 173/200 task 4/5 step 25/360: policy 0.00s, stepping env
    [frozen_flower] chain 173/200 task 4/5 step 50/360: running policy
    [frozen_flower] chain 173/200 task 4/5 step 50/360: policy 0.00s, stepping env
    [frozen_flower] chain 173/200 task 4/5 success at step 70
    [frozen_flower] chain 173/200 task 4/5 success: 70 steps, 2.0s
    [frozen_flower] chain 173/200 task 5/5 start: place_in_drawer | instruction: store the grasped block in the drawer
    [frozen_flower] chain 173/200 task 5/5 step 1/360: running policy
    [frozen_flower] chain 173/200 task 5/5 step 1/360: policy 0.18s, stepping env
    [frozen_flower] chain 173/200 task 5/5 step 25/360: running policy
    [frozen_flower] chain 173/200 task 5/5 step 25/360: policy 0.00s, stepping env
    [frozen_flower] chain 173/200 task 5/5 success at step 27
    [frozen_flower] chain 173/200 task 5/5 success: 27 steps, 0.8s
    [frozen_flower] chain 174/200 start: ['push_blue_block_left', 'close_drawer', 'turn_on_lightbulb', 'move_slider_left', 'lift_pink_block_slider']
    [frozen_flower] chain 174/200 instructions: ['go push the blue block left', 'push the handle to close the drawer', 'use the switch to turn on the light bulb', 'push the sliding door to the left side', 'lift the pink block from the sliding cabinet']
    [frozen_flower] chain 174/200 task 1/5 start: push_blue_block_left | instruction: go push the blue block left
    [frozen_flower] chain 174/200 task 1/5 step 1/360: running policy
    [frozen_flower] chain 174/200 task 1/5 step 1/360: policy 0.18s, stepping env
    [frozen_flower] chain 174/200 task 1/5 step 25/360: running policy
    [frozen_flower] chain 174/200 task 1/5 step 25/360: policy 0.00s, stepping env
    [frozen_flower] chain 174/200 task 1/5 step 50/360: running policy
    [frozen_flower] chain 174/200 task 1/5 step 50/360: policy 0.00s, stepping env
    [frozen_flower] chain 174/200 task 1/5 step 75/360: running policy
    [frozen_flower] chain 174/200 task 1/5 step 75/360: policy 0.00s, stepping env
    [frozen_flower] chain 174/200 task 1/5 success at step 79
    [frozen_flower] chain 174/200 task 1/5 success: 79 steps, 2.2s
    [frozen_flower] chain 174/200 task 2/5 start: close_drawer | instruction: push the handle to close the drawer
    [frozen_flower] chain 174/200 task 2/5 step 1/360: running policy
    [frozen_flower] chain 174/200 task 2/5 step 1/360: policy 0.18s, stepping env
    [frozen_flower] chain 174/200 task 2/5 step 25/360: running policy
    [frozen_flower] chain 174/200 task 2/5 step 25/360: policy 0.00s, stepping env
    [frozen_flower] chain 174/200 task 2/5 step 50/360: running policy
    [frozen_flower] chain 174/200 task 2/5 step 50/360: policy 0.00s, stepping env
    [frozen_flower] chain 174/200 task 2/5 success at step 69
    [frozen_flower] chain 174/200 task 2/5 success: 69 steps, 2.0s
    [frozen_flower] chain 174/200 task 3/5 start: turn_on_lightbulb | instruction: use the switch to turn on the light bulb
    [frozen_flower] chain 174/200 task 3/5 step 1/360: running policy
    [frozen_flower] chain 174/200 task 3/5 step 1/360: policy 0.18s, stepping env
    [frozen_flower] chain 174/200 task 3/5 step 25/360: running policy
    [frozen_flower] chain 174/200 task 3/5 step 25/360: policy 0.00s, stepping env
    [frozen_flower] chain 174/200 task 3/5 step 50/360: running policy
    [frozen_flower] chain 174/200 task 3/5 step 50/360: policy 0.00s, stepping env
    [frozen_flower] chain 174/200 task 3/5 success at step 64
    [frozen_flower] chain 174/200 task 3/5 success: 64 steps, 2.0s
    [frozen_flower] chain 174/200 task 4/5 start: move_slider_left | instruction: push the sliding door to the left side
    [frozen_flower] chain 174/200 task 4/5 step 1/360: running policy
    [frozen_flower] chain 174/200 task 4/5 step 1/360: policy 0.18s, stepping env
    [frozen_flower] chain 174/200 task 4/5 step 25/360: running policy
    [frozen_flower] chain 174/200 task 4/5 step 25/360: policy 0.00s, stepping env
    [frozen_flower] chain 174/200 task 4/5 step 50/360: running policy
    [frozen_flower] chain 174/200 task 4/5 step 50/360: policy 0.00s, stepping env
    [frozen_flower] chain 174/200 task 4/5 step 75/360: running policy
    [frozen_flower] chain 174/200 task 4/5 step 75/360: policy 0.00s, stepping env
    [frozen_flower] chain 174/200 task 4/5 success at step 93
    [frozen_flower] chain 174/200 task 4/5 success: 93 steps, 2.8s
    [frozen_flower] chain 174/200 task 5/5 start: lift_pink_block_slider | instruction: lift the pink block from the sliding cabinet
    [frozen_flower] chain 174/200 task 5/5 step 1/360: running policy
    [frozen_flower] chain 174/200 task 5/5 step 1/360: policy 0.18s, stepping env
    [frozen_flower] chain 174/200 task 5/5 step 25/360: running policy
    [frozen_flower] chain 174/200 task 5/5 step 25/360: policy 0.00s, stepping env
    [frozen_flower] chain 174/200 task 5/5 step 50/360: running policy
    [frozen_flower] chain 174/200 task 5/5 step 50/360: policy 0.00s, stepping env
    [frozen_flower] chain 174/200 task 5/5 step 75/360: running policy
    [frozen_flower] chain 174/200 task 5/5 step 75/360: policy 0.00s, stepping env
    [frozen_flower] chain 174/200 task 5/5 step 100/360: running policy
    [frozen_flower] chain 174/200 task 5/5 step 100/360: policy 0.00s, stepping env
    [frozen_flower] chain 174/200 task 5/5 step 125/360: running policy
    [frozen_flower] chain 174/200 task 5/5 step 125/360: policy 0.00s, stepping env
    [frozen_flower] chain 174/200 task 5/5 step 150/360: running policy
    [frozen_flower] chain 174/200 task 5/5 step 150/360: policy 0.00s, stepping env
    [frozen_flower] chain 174/200 task 5/5 step 175/360: running policy
    [frozen_flower] chain 174/200 task 5/5 step 175/360: policy 0.00s, stepping env
    [frozen_flower] chain 174/200 task 5/5 step 200/360: running policy
    [frozen_flower] chain 174/200 task 5/5 step 200/360: policy 0.01s, stepping env
    [frozen_flower] chain 174/200 task 5/5 step 225/360: running policy
    [frozen_flower] chain 174/200 task 5/5 step 225/360: policy 0.00s, stepping env
    [frozen_flower] chain 174/200 task 5/5 step 250/360: running policy
    [frozen_flower] chain 174/200 task 5/5 step 250/360: policy 0.00s, stepping env
    [frozen_flower] chain 174/200 task 5/5 step 275/360: running policy
    [frozen_flower] chain 174/200 task 5/5 step 275/360: policy 0.00s, stepping env
    [frozen_flower] chain 174/200 task 5/5 step 300/360: running policy
    [frozen_flower] chain 174/200 task 5/5 step 300/360: policy 0.00s, stepping env
    [frozen_flower] chain 174/200 task 5/5 step 325/360: running policy
    [frozen_flower] chain 174/200 task 5/5 step 325/360: policy 0.00s, stepping env
    [frozen_flower] chain 174/200 task 5/5 step 350/360: running policy
    [frozen_flower] chain 174/200 task 5/5 step 350/360: policy 0.00s, stepping env
    [frozen_flower] chain 174/200 task 5/5 failed: 360 steps, 10.6s
    [frozen_flower] chain 175/200 start: ['move_slider_left', 'rotate_red_block_right', 'open_drawer', 'turn_on_lightbulb', 'lift_red_block_table']
    [frozen_flower] chain 175/200 instructions: ['push the sliding door to the left side', 'take the red block and rotate it to the right', 'pull the handle to open the drawer', 'use the switch to turn on the light bulb', 'grasp and lift the red block']
    [frozen_flower] chain 175/200 task 1/5 start: move_slider_left | instruction: push the sliding door to the left side
    [frozen_flower] chain 175/200 task 1/5 step 1/360: running policy
    [frozen_flower] chain 175/200 task 1/5 step 1/360: policy 0.18s, stepping env
    [frozen_flower] chain 175/200 task 1/5 step 25/360: running policy
    [frozen_flower] chain 175/200 task 1/5 step 25/360: policy 0.01s, stepping env
    [frozen_flower] chain 175/200 task 1/5 success at step 47
    [frozen_flower] chain 175/200 task 1/5 success: 47 steps, 1.4s
    [frozen_flower] chain 175/200 task 2/5 start: rotate_red_block_right | instruction: take the red block and rotate it to the right
    [frozen_flower] chain 175/200 task 2/5 step 1/360: running policy
    [frozen_flower] chain 175/200 task 2/5 step 1/360: policy 0.17s, stepping env
    [frozen_flower] chain 175/200 task 2/5 step 25/360: running policy
    [frozen_flower] chain 175/200 task 2/5 step 25/360: policy 0.00s, stepping env
    [frozen_flower] chain 175/200 task 2/5 step 50/360: running policy
    [frozen_flower] chain 175/200 task 2/5 step 50/360: policy 0.00s, stepping env
    [frozen_flower] chain 175/200 task 2/5 step 75/360: running policy
    [frozen_flower] chain 175/200 task 2/5 step 75/360: policy 0.00s, stepping env
    [frozen_flower] chain 175/200 task 2/5 step 100/360: running policy
    [frozen_flower] chain 175/200 task 2/5 step 100/360: policy 0.00s, stepping env
    [frozen_flower] chain 175/200 task 2/5 step 125/360: running policy
    [frozen_flower] chain 175/200 task 2/5 step 125/360: policy 0.00s, stepping env
    [frozen_flower] chain 175/200 task 2/5 success at step 127
    [frozen_flower] chain 175/200 task 2/5 success: 127 steps, 3.3s
    [frozen_flower] chain 175/200 task 3/5 start: open_drawer | instruction: pull the handle to open the drawer
    [frozen_flower] chain 175/200 task 3/5 step 1/360: running policy
    [frozen_flower] chain 175/200 task 3/5 step 1/360: policy 0.17s, stepping env
    [frozen_flower] chain 175/200 task 3/5 step 25/360: running policy
    [frozen_flower] chain 175/200 task 3/5 step 25/360: policy 0.00s, stepping env
    [frozen_flower] chain 175/200 task 3/5 step 50/360: running policy
    [frozen_flower] chain 175/200 task 3/5 step 50/360: policy 0.00s, stepping env
    [frozen_flower] chain 175/200 task 3/5 step 75/360: running policy
    [frozen_flower] chain 175/200 task 3/5 step 75/360: policy 0.00s, stepping env
    [frozen_flower] chain 175/200 task 3/5 success at step 76
    [frozen_flower] chain 175/200 task 3/5 success: 76 steps, 2.2s
    [frozen_flower] chain 175/200 task 4/5 start: turn_on_lightbulb | instruction: use the switch to turn on the light bulb
    [frozen_flower] chain 175/200 task 4/5 step 1/360: running policy
    [frozen_flower] chain 175/200 task 4/5 step 1/360: policy 0.17s, stepping env
    [frozen_flower] chain 175/200 task 4/5 step 25/360: running policy
    [frozen_flower] chain 175/200 task 4/5 step 25/360: policy 0.00s, stepping env
    [frozen_flower] chain 175/200 task 4/5 step 50/360: running policy
    [frozen_flower] chain 175/200 task 4/5 step 50/360: policy 0.00s, stepping env
    [frozen_flower] chain 175/200 task 4/5 step 75/360: running policy
    [frozen_flower] chain 175/200 task 4/5 step 75/360: policy 0.00s, stepping env
    [frozen_flower] chain 175/200 task 4/5 success at step 77
    [frozen_flower] chain 175/200 task 4/5 success: 77 steps, 2.2s
    [frozen_flower] chain 175/200 task 5/5 start: lift_red_block_table | instruction: grasp and lift the red block
    [frozen_flower] chain 175/200 task 5/5 step 1/360: running policy
    [frozen_flower] chain 175/200 task 5/5 step 1/360: policy 0.18s, stepping env
    [frozen_flower] chain 175/200 task 5/5 step 25/360: running policy
    [frozen_flower] chain 175/200 task 5/5 step 25/360: policy 0.00s, stepping env
    [frozen_flower] chain 175/200 task 5/5 step 50/360: running policy
    [frozen_flower] chain 175/200 task 5/5 step 50/360: policy 0.00s, stepping env
    [frozen_flower] chain 175/200 task 5/5 step 75/360: running policy
    [frozen_flower] chain 175/200 task 5/5 step 75/360: policy 0.00s, stepping env
    [frozen_flower] chain 175/200 task 5/5 success at step 77
    [frozen_flower] chain 175/200 task 5/5 success: 77 steps, 2.2s
    [frozen_flower] chain 176/200 start: ['open_drawer', 'lift_pink_block_slider', 'stack_block', 'unstack_block', 'rotate_blue_block_right']
    [frozen_flower] chain 176/200 instructions: ['pull the handle to open the drawer', 'lift the pink block from the sliding cabinet', 'stack the grasped block', 'remove the stacked block', 'take the blue block and rotate it to the right']
    [frozen_flower] chain 176/200 task 1/5 start: open_drawer | instruction: pull the handle to open the drawer
    [frozen_flower] chain 176/200 task 1/5 step 1/360: running policy
    [frozen_flower] chain 176/200 task 1/5 step 1/360: policy 0.17s, stepping env
    [frozen_flower] chain 176/200 task 1/5 step 25/360: running policy
    [frozen_flower] chain 176/200 task 1/5 step 25/360: policy 0.01s, stepping env
    [frozen_flower] chain 176/200 task 1/5 step 50/360: running policy
    [frozen_flower] chain 176/200 task 1/5 step 50/360: policy 0.00s, stepping env
    [frozen_flower] chain 176/200 task 1/5 success at step 56
    [frozen_flower] chain 176/200 task 1/5 success: 56 steps, 1.6s
    [frozen_flower] chain 176/200 task 2/5 start: lift_pink_block_slider | instruction: lift the pink block from the sliding cabinet
    [frozen_flower] chain 176/200 task 2/5 step 1/360: running policy
    [frozen_flower] chain 176/200 task 2/5 step 1/360: policy 0.18s, stepping env
    [frozen_flower] chain 176/200 task 2/5 step 25/360: running policy
    [frozen_flower] chain 176/200 task 2/5 step 25/360: policy 0.00s, stepping env
    [frozen_flower] chain 176/200 task 2/5 step 50/360: running policy
    [frozen_flower] chain 176/200 task 2/5 step 50/360: policy 0.00s, stepping env
    [frozen_flower] chain 176/200 task 2/5 step 75/360: running policy
    [frozen_flower] chain 176/200 task 2/5 step 75/360: policy 0.00s, stepping env
    [frozen_flower] chain 176/200 task 2/5 step 100/360: running policy
    [frozen_flower] chain 176/200 task 2/5 step 100/360: policy 0.00s, stepping env
    [frozen_flower] chain 176/200 task 2/5 success at step 104
    [frozen_flower] chain 176/200 task 2/5 success: 104 steps, 2.9s
    [frozen_flower] chain 176/200 task 3/5 start: stack_block | instruction: stack the grasped block
    [frozen_flower] chain 176/200 task 3/5 step 1/360: running policy
    [frozen_flower] chain 176/200 task 3/5 step 1/360: policy 0.18s, stepping env
    [frozen_flower] chain 176/200 task 3/5 step 25/360: running policy
    [frozen_flower] chain 176/200 task 3/5 step 25/360: policy 0.00s, stepping env
    [frozen_flower] chain 176/200 task 3/5 step 50/360: running policy
    [frozen_flower] chain 176/200 task 3/5 step 50/360: policy 0.00s, stepping env
    [frozen_flower] chain 176/200 task 3/5 success at step 60
    [frozen_flower] chain 176/200 task 3/5 success: 60 steps, 1.6s
    [frozen_flower] chain 176/200 task 4/5 start: unstack_block | instruction: remove the stacked block
    [frozen_flower] chain 176/200 task 4/5 step 1/360: running policy
    [frozen_flower] chain 176/200 task 4/5 step 1/360: policy 0.15s, stepping env
    [frozen_flower] chain 176/200 task 4/5 step 25/360: running policy
    [frozen_flower] chain 176/200 task 4/5 step 25/360: policy 0.00s, stepping env
    [frozen_flower] chain 176/200 task 4/5 success at step 43
    [frozen_flower] chain 176/200 task 4/5 success: 43 steps, 1.2s
    [frozen_flower] chain 176/200 task 5/5 start: rotate_blue_block_right | instruction: take the blue block and rotate it to the right
    [frozen_flower] chain 176/200 task 5/5 step 1/360: running policy
    [frozen_flower] chain 176/200 task 5/5 step 1/360: policy 0.17s, stepping env
    [frozen_flower] chain 176/200 task 5/5 step 25/360: running policy
    [frozen_flower] chain 176/200 task 5/5 step 25/360: policy 0.00s, stepping env
    [frozen_flower] chain 176/200 task 5/5 step 50/360: running policy
    [frozen_flower] chain 176/200 task 5/5 step 50/360: policy 0.00s, stepping env
    [frozen_flower] chain 176/200 task 5/5 step 75/360: running policy
    [frozen_flower] chain 176/200 task 5/5 step 75/360: policy 0.00s, stepping env
    [frozen_flower] chain 176/200 task 5/5 step 100/360: running policy
    [frozen_flower] chain 176/200 task 5/5 step 100/360: policy 0.00s, stepping env
    [frozen_flower] chain 176/200 task 5/5 step 125/360: running policy
    [frozen_flower] chain 176/200 task 5/5 step 125/360: policy 0.00s, stepping env
    [frozen_flower] chain 176/200 task 5/5 step 150/360: running policy
    [frozen_flower] chain 176/200 task 5/5 step 150/360: policy 0.00s, stepping env
    [frozen_flower] chain 176/200 task 5/5 step 175/360: running policy
    [frozen_flower] chain 176/200 task 5/5 step 175/360: policy 0.00s, stepping env
    [frozen_flower] chain 176/200 task 5/5 step 200/360: running policy
    [frozen_flower] chain 176/200 task 5/5 step 200/360: policy 0.00s, stepping env
    [frozen_flower] chain 176/200 task 5/5 step 225/360: running policy
    [frozen_flower] chain 176/200 task 5/5 step 225/360: policy 0.00s, stepping env
    [frozen_flower] chain 176/200 task 5/5 step 250/360: running policy
    [frozen_flower] chain 176/200 task 5/5 step 250/360: policy 0.00s, stepping env
    [frozen_flower] chain 176/200 task 5/5 step 275/360: running policy
    [frozen_flower] chain 176/200 task 5/5 step 275/360: policy 0.00s, stepping env
    [frozen_flower] chain 176/200 task 5/5 step 300/360: running policy
    [frozen_flower] chain 176/200 task 5/5 step 300/360: policy 0.00s, stepping env
    [frozen_flower] chain 176/200 task 5/5 step 325/360: running policy
    [frozen_flower] chain 176/200 task 5/5 step 325/360: policy 0.00s, stepping env
    [frozen_flower] chain 176/200 task 5/5 step 350/360: running policy
    [frozen_flower] chain 176/200 task 5/5 step 350/360: policy 0.00s, stepping env
    [frozen_flower] chain 176/200 task 5/5 failed: 360 steps, 9.9s
    [frozen_flower] chain 177/200 start: ['rotate_pink_block_left', 'turn_on_led', 'push_into_drawer', 'lift_pink_block_drawer', 'place_in_slider']
    [frozen_flower] chain 177/200 instructions: ['take the pink block and rotate it to the left', 'press the button to turn on the led light', 'slide the block that it falls into the drawer', 'Take the pink block from the drawer', 'store the grasped block in the sliding cabinet']
    [frozen_flower] chain 177/200 task 1/5 start: rotate_pink_block_left | instruction: take the pink block and rotate it to the left
    [frozen_flower] chain 177/200 task 1/5 step 1/360: running policy
    [frozen_flower] chain 177/200 task 1/5 step 1/360: policy 0.18s, stepping env
    [frozen_flower] chain 177/200 task 1/5 step 25/360: running policy
    [frozen_flower] chain 177/200 task 1/5 step 25/360: policy 0.00s, stepping env
    [frozen_flower] chain 177/200 task 1/5 step 50/360: running policy
    [frozen_flower] chain 177/200 task 1/5 step 50/360: policy 0.00s, stepping env
    [frozen_flower] chain 177/200 task 1/5 step 75/360: running policy
    [frozen_flower] chain 177/200 task 1/5 step 75/360: policy 0.00s, stepping env
    [frozen_flower] chain 177/200 task 1/5 success at step 86
    [frozen_flower] chain 177/200 task 1/5 success: 86 steps, 2.5s
    [frozen_flower] chain 177/200 task 2/5 start: turn_on_led | instruction: press the button to turn on the led light
    [frozen_flower] chain 177/200 task 2/5 step 1/360: running policy
    [frozen_flower] chain 177/200 task 2/5 step 1/360: policy 0.18s, stepping env
    [frozen_flower] chain 177/200 task 2/5 step 25/360: running policy
    [frozen_flower] chain 177/200 task 2/5 step 25/360: policy 0.00s, stepping env
    [frozen_flower] chain 177/200 task 2/5 success at step 41
    [frozen_flower] chain 177/200 task 2/5 success: 41 steps, 1.2s
    [frozen_flower] chain 177/200 task 3/5 start: push_into_drawer | instruction: slide the block that it falls into the drawer
    [frozen_flower] chain 177/200 task 3/5 step 1/360: running policy
    [frozen_flower] chain 177/200 task 3/5 step 1/360: policy 0.18s, stepping env
    [frozen_flower] chain 177/200 task 3/5 step 25/360: running policy
    [frozen_flower] chain 177/200 task 3/5 step 25/360: policy 0.00s, stepping env
    [frozen_flower] chain 177/200 task 3/5 step 50/360: running policy
    [frozen_flower] chain 177/200 task 3/5 step 50/360: policy 0.00s, stepping env
    [frozen_flower] chain 177/200 task 3/5 step 75/360: running policy
    [frozen_flower] chain 177/200 task 3/5 step 75/360: policy 0.00s, stepping env
    [frozen_flower] chain 177/200 task 3/5 success at step 75
    [frozen_flower] chain 177/200 task 3/5 success: 75 steps, 2.2s
    [frozen_flower] chain 177/200 task 4/5 start: lift_pink_block_drawer | instruction: Take the pink block from the drawer
    [frozen_flower] chain 177/200 task 4/5 step 1/360: running policy
    [frozen_flower] chain 177/200 task 4/5 step 1/360: policy 0.18s, stepping env
    [frozen_flower] chain 177/200 task 4/5 step 25/360: running policy
    [frozen_flower] chain 177/200 task 4/5 step 25/360: policy 0.00s, stepping env
    [frozen_flower] chain 177/200 task 4/5 step 50/360: running policy
    [frozen_flower] chain 177/200 task 4/5 step 50/360: policy 0.00s, stepping env
    [frozen_flower] chain 177/200 task 4/5 step 75/360: running policy
    [frozen_flower] chain 177/200 task 4/5 step 75/360: policy 0.00s, stepping env
    [frozen_flower] chain 177/200 task 4/5 step 100/360: running policy
    [frozen_flower] chain 177/200 task 4/5 step 100/360: policy 0.00s, stepping env
    [frozen_flower] chain 177/200 task 4/5 success at step 121
    [frozen_flower] chain 177/200 task 4/5 success: 121 steps, 3.3s
    [frozen_flower] chain 177/200 task 5/5 start: place_in_slider | instruction: store the grasped block in the sliding cabinet
    [frozen_flower] chain 177/200 task 5/5 step 1/360: running policy
    [frozen_flower] chain 177/200 task 5/5 step 1/360: policy 0.17s, stepping env
    [frozen_flower] chain 177/200 task 5/5 step 25/360: running policy
    [frozen_flower] chain 177/200 task 5/5 step 25/360: policy 0.00s, stepping env
    [frozen_flower] chain 177/200 task 5/5 step 50/360: running policy
    [frozen_flower] chain 177/200 task 5/5 step 50/360: policy 0.01s, stepping env
    [frozen_flower] chain 177/200 task 5/5 step 75/360: running policy
    [frozen_flower] chain 177/200 task 5/5 step 75/360: policy 0.00s, stepping env
    [frozen_flower] chain 177/200 task 5/5 step 100/360: running policy
    [frozen_flower] chain 177/200 task 5/5 step 100/360: policy 0.00s, stepping env
    [frozen_flower] chain 177/200 task 5/5 step 125/360: running policy
    [frozen_flower] chain 177/200 task 5/5 step 125/360: policy 0.00s, stepping env
    [frozen_flower] chain 177/200 task 5/5 step 150/360: running policy
    [frozen_flower] chain 177/200 task 5/5 step 150/360: policy 0.00s, stepping env
    [frozen_flower] chain 177/200 task 5/5 step 175/360: running policy
    [frozen_flower] chain 177/200 task 5/5 step 175/360: policy 0.00s, stepping env
    [frozen_flower] chain 177/200 task 5/5 step 200/360: running policy
    [frozen_flower] chain 177/200 task 5/5 step 200/360: policy 0.00s, stepping env
    [frozen_flower] chain 177/200 task 5/5 step 225/360: running policy
    [frozen_flower] chain 177/200 task 5/5 step 225/360: policy 0.00s, stepping env
    [frozen_flower] chain 177/200 task 5/5 step 250/360: running policy
    [frozen_flower] chain 177/200 task 5/5 step 250/360: policy 0.01s, stepping env
    [frozen_flower] chain 177/200 task 5/5 step 275/360: running policy
    [frozen_flower] chain 177/200 task 5/5 step 275/360: policy 0.00s, stepping env
    [frozen_flower] chain 177/200 task 5/5 step 300/360: running policy
    [frozen_flower] chain 177/200 task 5/5 step 300/360: policy 0.00s, stepping env
    [frozen_flower] chain 177/200 task 5/5 step 325/360: running policy
    [frozen_flower] chain 177/200 task 5/5 step 325/360: policy 0.00s, stepping env
    [frozen_flower] chain 177/200 task 5/5 step 350/360: running policy
    [frozen_flower] chain 177/200 task 5/5 step 350/360: policy 0.00s, stepping env
    [frozen_flower] chain 177/200 task 5/5 failed: 360 steps, 9.9s
    [frozen_flower] chain 178/200 start: ['rotate_red_block_left', 'lift_pink_block_table', 'stack_block', 'unstack_block', 'move_slider_right']
    [frozen_flower] chain 178/200 instructions: ['take the red block and rotate it to the left', 'grasp and lift the pink block', 'stack the grasped block', 'remove the stacked block', 'push the sliding door to the right side']
    [frozen_flower] chain 178/200 task 1/5 start: rotate_red_block_left | instruction: take the red block and rotate it to the left
    [frozen_flower] chain 178/200 task 1/5 step 1/360: running policy
    [frozen_flower] chain 178/200 task 1/5 step 1/360: policy 0.23s, stepping env
    [frozen_flower] chain 178/200 task 1/5 step 25/360: running policy
    [frozen_flower] chain 178/200 task 1/5 step 25/360: policy 0.00s, stepping env
    [frozen_flower] chain 178/200 task 1/5 step 50/360: running policy
    [frozen_flower] chain 178/200 task 1/5 step 50/360: policy 0.00s, stepping env
    [frozen_flower] chain 178/200 task 1/5 success at step 70
    [frozen_flower] chain 178/200 task 1/5 success: 70 steps, 2.0s
    [frozen_flower] chain 178/200 task 2/5 start: lift_pink_block_table | instruction: grasp and lift the pink block
    [frozen_flower] chain 178/200 task 2/5 step 1/360: running policy
    [frozen_flower] chain 178/200 task 2/5 step 1/360: policy 0.17s, stepping env
    [frozen_flower] chain 178/200 task 2/5 step 25/360: running policy
    [frozen_flower] chain 178/200 task 2/5 step 25/360: policy 0.00s, stepping env
    [frozen_flower] chain 178/200 task 2/5 step 50/360: running policy
    [frozen_flower] chain 178/200 task 2/5 step 50/360: policy 0.00s, stepping env
    [frozen_flower] chain 178/200 task 2/5 success at step 59
    [frozen_flower] chain 178/200 task 2/5 success: 59 steps, 1.6s
    [frozen_flower] chain 178/200 task 3/5 start: stack_block | instruction: stack the grasped block
    [frozen_flower] chain 178/200 task 3/5 step 1/360: running policy
    [frozen_flower] chain 178/200 task 3/5 step 1/360: policy 0.18s, stepping env
    [frozen_flower] chain 178/200 task 3/5 step 25/360: running policy
    [frozen_flower] chain 178/200 task 3/5 step 25/360: policy 0.00s, stepping env
    [frozen_flower] chain 178/200 task 3/5 success at step 28
    [frozen_flower] chain 178/200 task 3/5 success: 28 steps, 0.8s
    [frozen_flower] chain 178/200 task 4/5 start: unstack_block | instruction: remove the stacked block
    [frozen_flower] chain 178/200 task 4/5 step 1/360: running policy
    [frozen_flower] chain 178/200 task 4/5 step 1/360: policy 0.18s, stepping env
    [frozen_flower] chain 178/200 task 4/5 success at step 2
    [frozen_flower] chain 178/200 task 4/5 success: 2 steps, 0.2s
    [frozen_flower] chain 178/200 task 5/5 start: move_slider_right | instruction: push the sliding door to the right side
    [frozen_flower] chain 178/200 task 5/5 step 1/360: running policy
    [frozen_flower] chain 178/200 task 5/5 step 1/360: policy 0.18s, stepping env
    [frozen_flower] chain 178/200 task 5/5 step 25/360: running policy
    [frozen_flower] chain 178/200 task 5/5 step 25/360: policy 0.00s, stepping env
    [frozen_flower] chain 178/200 task 5/5 step 50/360: running policy
    [frozen_flower] chain 178/200 task 5/5 step 50/360: policy 0.00s, stepping env
    [frozen_flower] chain 178/200 task 5/5 success at step 73
    [frozen_flower] chain 178/200 task 5/5 success: 73 steps, 2.1s
    [frozen_flower] chain 179/200 start: ['close_drawer', 'turn_on_lightbulb', 'push_red_block_right', 'move_slider_right', 'lift_red_block_table']
    [frozen_flower] chain 179/200 instructions: ['push the handle to close the drawer', 'use the switch to turn on the light bulb', 'go push the red block right', 'push the sliding door to the right side', 'grasp and lift the red block']
    [frozen_flower] chain 179/200 task 1/5 start: close_drawer | instruction: push the handle to close the drawer
    [frozen_flower] chain 179/200 task 1/5 step 1/360: running policy
    [frozen_flower] chain 179/200 task 1/5 step 1/360: policy 0.15s, stepping env
    [frozen_flower] chain 179/200 task 1/5 step 25/360: running policy
    [frozen_flower] chain 179/200 task 1/5 step 25/360: policy 0.00s, stepping env
    [frozen_flower] chain 179/200 task 1/5 step 50/360: running policy
    [frozen_flower] chain 179/200 task 1/5 step 50/360: policy 0.00s, stepping env
    [frozen_flower] chain 179/200 task 1/5 success at step 54
    [frozen_flower] chain 179/200 task 1/5 success: 54 steps, 1.3s
    [frozen_flower] chain 179/200 task 2/5 start: turn_on_lightbulb | instruction: use the switch to turn on the light bulb
    [frozen_flower] chain 179/200 task 2/5 step 1/360: running policy
    [frozen_flower] chain 179/200 task 2/5 step 1/360: policy 0.15s, stepping env
    [frozen_flower] chain 179/200 task 2/5 step 25/360: running policy
    [frozen_flower] chain 179/200 task 2/5 step 25/360: policy 0.00s, stepping env
    [frozen_flower] chain 179/200 task 2/5 step 50/360: running policy
    [frozen_flower] chain 179/200 task 2/5 step 50/360: policy 0.01s, stepping env
    [frozen_flower] chain 179/200 task 2/5 step 75/360: running policy
    [frozen_flower] chain 179/200 task 2/5 step 75/360: policy 0.00s, stepping env
    [frozen_flower] chain 179/200 task 2/5 success at step 93
    [frozen_flower] chain 179/200 task 2/5 success: 93 steps, 2.5s
    [frozen_flower] chain 179/200 task 3/5 start: push_red_block_right | instruction: go push the red block right
    [frozen_flower] chain 179/200 task 3/5 step 1/360: running policy
    [frozen_flower] chain 179/200 task 3/5 step 1/360: policy 0.18s, stepping env
    [frozen_flower] chain 179/200 task 3/5 step 25/360: running policy
    [frozen_flower] chain 179/200 task 3/5 step 25/360: policy 0.00s, stepping env
    [frozen_flower] chain 179/200 task 3/5 step 50/360: running policy
    [frozen_flower] chain 179/200 task 3/5 step 50/360: policy 0.00s, stepping env
    [frozen_flower] chain 179/200 task 3/5 step 75/360: running policy
    [frozen_flower] chain 179/200 task 3/5 step 75/360: policy 0.00s, stepping env
    [frozen_flower] chain 179/200 task 3/5 step 100/360: running policy
    [frozen_flower] chain 179/200 task 3/5 step 100/360: policy 0.00s, stepping env
    [frozen_flower] chain 179/200 task 3/5 step 125/360: running policy
    [frozen_flower] chain 179/200 task 3/5 step 125/360: policy 0.00s, stepping env
    [frozen_flower] chain 179/200 task 3/5 step 150/360: running policy
    [frozen_flower] chain 179/200 task 3/5 step 150/360: policy 0.00s, stepping env
    [frozen_flower] chain 179/200 task 3/5 step 175/360: running policy
    [frozen_flower] chain 179/200 task 3/5 step 175/360: policy 0.00s, stepping env
    [frozen_flower] chain 179/200 task 3/5 step 200/360: running policy
    [frozen_flower] chain 179/200 task 3/5 step 200/360: policy 0.00s, stepping env
    [frozen_flower] chain 179/200 task 3/5 step 225/360: running policy
    [frozen_flower] chain 179/200 task 3/5 step 225/360: policy 0.00s, stepping env
    [frozen_flower] chain 179/200 task 3/5 step 250/360: running policy
    [frozen_flower] chain 179/200 task 3/5 step 250/360: policy 0.00s, stepping env
    [frozen_flower] chain 179/200 task 3/5 step 275/360: running policy
    [frozen_flower] chain 179/200 task 3/5 step 275/360: policy 0.00s, stepping env
    [frozen_flower] chain 179/200 task 3/5 success at step 283
    [frozen_flower] chain 179/200 task 3/5 success: 283 steps, 8.1s
    [frozen_flower] chain 179/200 task 4/5 start: move_slider_right | instruction: push the sliding door to the right side
    [frozen_flower] chain 179/200 task 4/5 step 1/360: running policy
    [frozen_flower] chain 179/200 task 4/5 step 1/360: policy 0.18s, stepping env
    [frozen_flower] chain 179/200 task 4/5 step 25/360: running policy
    [frozen_flower] chain 179/200 task 4/5 step 25/360: policy 0.00s, stepping env
    [frozen_flower] chain 179/200 task 4/5 step 50/360: running policy
    [frozen_flower] chain 179/200 task 4/5 step 50/360: policy 0.00s, stepping env
    [frozen_flower] chain 179/200 task 4/5 step 75/360: running policy
    [frozen_flower] chain 179/200 task 4/5 step 75/360: policy 0.00s, stepping env
    [frozen_flower] chain 179/200 task 4/5 success at step 95
    [frozen_flower] chain 179/200 task 4/5 success: 95 steps, 2.8s
    [frozen_flower] chain 179/200 task 5/5 start: lift_red_block_table | instruction: grasp and lift the red block
    [frozen_flower] chain 179/200 task 5/5 step 1/360: running policy
    [frozen_flower] chain 179/200 task 5/5 step 1/360: policy 0.17s, stepping env
    [frozen_flower] chain 179/200 task 5/5 step 25/360: running policy
    [frozen_flower] chain 179/200 task 5/5 step 25/360: policy 0.00s, stepping env
    [frozen_flower] chain 179/200 task 5/5 step 50/360: running policy
    [frozen_flower] chain 179/200 task 5/5 step 50/360: policy 0.00s, stepping env
    [frozen_flower] chain 179/200 task 5/5 success at step 71
    [frozen_flower] chain 179/200 task 5/5 success: 71 steps, 2.2s
    [frozen_flower] chain 180/200 start: ['lift_blue_block_table', 'place_in_drawer', 'push_red_block_right', 'turn_on_lightbulb', 'move_slider_left']
    [frozen_flower] chain 180/200 instructions: ['grasp and lift the blue block', 'store the grasped block in the drawer', 'go push the red block right', 'use the switch to turn on the light bulb', 'push the sliding door to the left side']
    [frozen_flower] chain 180/200 task 1/5 start: lift_blue_block_table | instruction: grasp and lift the blue block
    [frozen_flower] chain 180/200 task 1/5 step 1/360: running policy
    [frozen_flower] chain 180/200 task 1/5 step 1/360: policy 0.18s, stepping env
    [frozen_flower] chain 180/200 task 1/5 step 25/360: running policy
    [frozen_flower] chain 180/200 task 1/5 step 25/360: policy 0.00s, stepping env
    [frozen_flower] chain 180/200 task 1/5 success at step 40
    [frozen_flower] chain 180/200 task 1/5 success: 40 steps, 1.1s
    [frozen_flower] chain 180/200 task 2/5 start: place_in_drawer | instruction: store the grasped block in the drawer
    [frozen_flower] chain 180/200 task 2/5 step 1/360: running policy
    [frozen_flower] chain 180/200 task 2/5 step 1/360: policy 0.17s, stepping env
    [frozen_flower] chain 180/200 task 2/5 step 25/360: running policy
    [frozen_flower] chain 180/200 task 2/5 step 25/360: policy 0.00s, stepping env
    [frozen_flower] chain 180/200 task 2/5 success at step 32
    [frozen_flower] chain 180/200 task 2/5 success: 32 steps, 1.0s
    [frozen_flower] chain 180/200 task 3/5 start: push_red_block_right | instruction: go push the red block right
    [frozen_flower] chain 180/200 task 3/5 step 1/360: running policy
    [frozen_flower] chain 180/200 task 3/5 step 1/360: policy 0.17s, stepping env
    [frozen_flower] chain 180/200 task 3/5 step 25/360: running policy
    [frozen_flower] chain 180/200 task 3/5 step 25/360: policy 0.00s, stepping env
    [frozen_flower] chain 180/200 task 3/5 step 50/360: running policy
    [frozen_flower] chain 180/200 task 3/5 step 50/360: policy 0.00s, stepping env
    [frozen_flower] chain 180/200 task 3/5 step 75/360: running policy
    [frozen_flower] chain 180/200 task 3/5 step 75/360: policy 0.00s, stepping env
    [frozen_flower] chain 180/200 task 3/5 step 100/360: running policy
    [frozen_flower] chain 180/200 task 3/5 step 100/360: policy 0.00s, stepping env
    [frozen_flower] chain 180/200 task 3/5 success at step 121
    [frozen_flower] chain 180/200 task 3/5 success: 121 steps, 3.1s
    [frozen_flower] chain 180/200 task 4/5 start: turn_on_lightbulb | instruction: use the switch to turn on the light bulb
    [frozen_flower] chain 180/200 task 4/5 step 1/360: running policy
    [frozen_flower] chain 180/200 task 4/5 step 1/360: policy 0.15s, stepping env
    [frozen_flower] chain 180/200 task 4/5 step 25/360: running policy
    [frozen_flower] chain 180/200 task 4/5 step 25/360: policy 0.00s, stepping env
    [frozen_flower] chain 180/200 task 4/5 step 50/360: running policy
    [frozen_flower] chain 180/200 task 4/5 step 50/360: policy 0.00s, stepping env
    [frozen_flower] chain 180/200 task 4/5 success at step 55
    [frozen_flower] chain 180/200 task 4/5 success: 55 steps, 1.4s
    [frozen_flower] chain 180/200 task 5/5 start: move_slider_left | instruction: push the sliding door to the left side
    [frozen_flower] chain 180/200 task 5/5 step 1/360: running policy
    [frozen_flower] chain 180/200 task 5/5 step 1/360: policy 0.17s, stepping env
    [frozen_flower] chain 180/200 task 5/5 step 25/360: running policy
    [frozen_flower] chain 180/200 task 5/5 step 25/360: policy 0.00s, stepping env
    [frozen_flower] chain 180/200 task 5/5 step 50/360: running policy
    [frozen_flower] chain 180/200 task 5/5 step 50/360: policy 0.00s, stepping env
    [frozen_flower] chain 180/200 task 5/5 success at step 69
    [frozen_flower] chain 180/200 task 5/5 success: 69 steps, 1.9s
    [frozen_flower] 180/200 chains, L1 success: 95.0%
    [frozen_flower] chain 181/200 start: ['rotate_pink_block_right', 'lift_red_block_table', 'stack_block', 'open_drawer', 'turn_on_lightbulb']
    [frozen_flower] chain 181/200 instructions: ['take the pink block and rotate it to the right', 'grasp and lift the red block', 'stack the grasped block', 'pull the handle to open the drawer', 'use the switch to turn on the light bulb']
    [frozen_flower] chain 181/200 task 1/5 start: rotate_pink_block_right | instruction: take the pink block and rotate it to the right
    [frozen_flower] chain 181/200 task 1/5 step 1/360: running policy
    [frozen_flower] chain 181/200 task 1/5 step 1/360: policy 0.15s, stepping env
    [frozen_flower] chain 181/200 task 1/5 step 25/360: running policy
    [frozen_flower] chain 181/200 task 1/5 step 25/360: policy 0.00s, stepping env
    [frozen_flower] chain 181/200 task 1/5 step 50/360: running policy
    [frozen_flower] chain 181/200 task 1/5 step 50/360: policy 0.00s, stepping env
    [frozen_flower] chain 181/200 task 1/5 success at step 70
    [frozen_flower] chain 181/200 task 1/5 success: 70 steps, 2.0s
    [frozen_flower] chain 181/200 task 2/5 start: lift_red_block_table | instruction: grasp and lift the red block
    [frozen_flower] chain 181/200 task 2/5 step 1/360: running policy
    [frozen_flower] chain 181/200 task 2/5 step 1/360: policy 0.17s, stepping env
    [frozen_flower] chain 181/200 task 2/5 step 25/360: running policy
    [frozen_flower] chain 181/200 task 2/5 step 25/360: policy 0.00s, stepping env
    [frozen_flower] chain 181/200 task 2/5 step 50/360: running policy
    [frozen_flower] chain 181/200 task 2/5 step 50/360: policy 0.00s, stepping env
    [frozen_flower] chain 181/200 task 2/5 success at step 72
    [frozen_flower] chain 181/200 task 2/5 success: 72 steps, 2.2s
    [frozen_flower] chain 181/200 task 3/5 start: stack_block | instruction: stack the grasped block
    [frozen_flower] chain 181/200 task 3/5 step 1/360: running policy
    [frozen_flower] chain 181/200 task 3/5 step 1/360: policy 0.18s, stepping env
    [frozen_flower] chain 181/200 task 3/5 step 25/360: running policy
    [frozen_flower] chain 181/200 task 3/5 step 25/360: policy 0.00s, stepping env
    [frozen_flower] chain 181/200 task 3/5 success at step 36
    [frozen_flower] chain 181/200 task 3/5 success: 36 steps, 1.1s
    [frozen_flower] chain 181/200 task 4/5 start: open_drawer | instruction: pull the handle to open the drawer
    [frozen_flower] chain 181/200 task 4/5 step 1/360: running policy
    [frozen_flower] chain 181/200 task 4/5 step 1/360: policy 0.17s, stepping env
    [frozen_flower] chain 181/200 task 4/5 step 25/360: running policy
    [frozen_flower] chain 181/200 task 4/5 step 25/360: policy 0.00s, stepping env
    [frozen_flower] chain 181/200 task 4/5 step 50/360: running policy
    [frozen_flower] chain 181/200 task 4/5 step 50/360: policy 0.00s, stepping env
    [frozen_flower] chain 181/200 task 4/5 success at step 71
    [frozen_flower] chain 181/200 task 4/5 success: 71 steps, 2.1s
    [frozen_flower] chain 181/200 task 5/5 start: turn_on_lightbulb | instruction: use the switch to turn on the light bulb
    [frozen_flower] chain 181/200 task 5/5 step 1/360: running policy
    [frozen_flower] chain 181/200 task 5/5 step 1/360: policy 0.17s, stepping env
    [frozen_flower] chain 181/200 task 5/5 step 25/360: running policy
    [frozen_flower] chain 181/200 task 5/5 step 25/360: policy 0.00s, stepping env
    [frozen_flower] chain 181/200 task 5/5 step 50/360: running policy
    [frozen_flower] chain 181/200 task 5/5 step 50/360: policy 0.00s, stepping env
    [frozen_flower] chain 181/200 task 5/5 success at step 72
    [frozen_flower] chain 181/200 task 5/5 success: 72 steps, 2.2s
    [frozen_flower] chain 182/200 start: ['turn_off_lightbulb', 'close_drawer', 'move_slider_right', 'rotate_red_block_left', 'lift_pink_block_table']
    [frozen_flower] chain 182/200 instructions: ['use the switch to turn off the light bulb', 'push the handle to close the drawer', 'push the sliding door to the right side', 'take the red block and rotate it to the left', 'grasp and lift the pink block']
    [frozen_flower] chain 182/200 task 1/5 start: turn_off_lightbulb | instruction: use the switch to turn off the light bulb
    [frozen_flower] chain 182/200 task 1/5 step 1/360: running policy
    [frozen_flower] chain 182/200 task 1/5 step 1/360: policy 0.17s, stepping env
    [frozen_flower] chain 182/200 task 1/5 step 25/360: running policy
    [frozen_flower] chain 182/200 task 1/5 step 25/360: policy 0.00s, stepping env
    [frozen_flower] chain 182/200 task 1/5 step 50/360: running policy
    [frozen_flower] chain 182/200 task 1/5 step 50/360: policy 0.00s, stepping env
    [frozen_flower] chain 182/200 task 1/5 success at step 56
    [frozen_flower] chain 182/200 task 1/5 success: 56 steps, 1.6s
    [frozen_flower] chain 182/200 task 2/5 start: close_drawer | instruction: push the handle to close the drawer
    [frozen_flower] chain 182/200 task 2/5 step 1/360: running policy
    [frozen_flower] chain 182/200 task 2/5 step 1/360: policy 0.18s, stepping env
    [frozen_flower] chain 182/200 task 2/5 step 25/360: running policy
    [frozen_flower] chain 182/200 task 2/5 step 25/360: policy 0.00s, stepping env
    [frozen_flower] chain 182/200 task 2/5 step 50/360: running policy
    [frozen_flower] chain 182/200 task 2/5 step 50/360: policy 0.00s, stepping env
    [frozen_flower] chain 182/200 task 2/5 step 75/360: running policy
    [frozen_flower] chain 182/200 task 2/5 step 75/360: policy 0.00s, stepping env
    [frozen_flower] chain 182/200 task 2/5 success at step 89
    [frozen_flower] chain 182/200 task 2/5 success: 89 steps, 2.4s
    [frozen_flower] chain 182/200 task 3/5 start: move_slider_right | instruction: push the sliding door to the right side
    [frozen_flower] chain 182/200 task 3/5 step 1/360: running policy
    [frozen_flower] chain 182/200 task 3/5 step 1/360: policy 0.18s, stepping env
    [frozen_flower] chain 182/200 task 3/5 step 25/360: running policy
    [frozen_flower] chain 182/200 task 3/5 step 25/360: policy 0.00s, stepping env
    [frozen_flower] chain 182/200 task 3/5 step 50/360: running policy
    [frozen_flower] chain 182/200 task 3/5 step 50/360: policy 0.00s, stepping env
    [frozen_flower] chain 182/200 task 3/5 step 75/360: running policy
    [frozen_flower] chain 182/200 task 3/5 step 75/360: policy 0.00s, stepping env
    [frozen_flower] chain 182/200 task 3/5 success at step 93
    [frozen_flower] chain 182/200 task 3/5 success: 93 steps, 2.3s
    [frozen_flower] chain 182/200 task 4/5 start: rotate_red_block_left | instruction: take the red block and rotate it to the left
    [frozen_flower] chain 182/200 task 4/5 step 1/360: running policy
    [frozen_flower] chain 182/200 task 4/5 step 1/360: policy 0.15s, stepping env
    [frozen_flower] chain 182/200 task 4/5 step 25/360: running policy
    [frozen_flower] chain 182/200 task 4/5 step 25/360: policy 0.00s, stepping env
    [frozen_flower] chain 182/200 task 4/5 step 50/360: running policy
    [frozen_flower] chain 182/200 task 4/5 step 50/360: policy 0.00s, stepping env
    [frozen_flower] chain 182/200 task 4/5 step 75/360: running policy
    [frozen_flower] chain 182/200 task 4/5 step 75/360: policy 0.00s, stepping env
    [frozen_flower] chain 182/200 task 4/5 step 100/360: running policy
    [frozen_flower] chain 182/200 task 4/5 step 100/360: policy 0.00s, stepping env
    [frozen_flower] chain 182/200 task 4/5 success at step 103
    [frozen_flower] chain 182/200 task 4/5 success: 103 steps, 3.0s
    [frozen_flower] chain 182/200 task 5/5 start: lift_pink_block_table | instruction: grasp and lift the pink block
    [frozen_flower] chain 182/200 task 5/5 step 1/360: running policy
    [frozen_flower] chain 182/200 task 5/5 step 1/360: policy 0.18s, stepping env
    [frozen_flower] chain 182/200 task 5/5 step 25/360: running policy
    [frozen_flower] chain 182/200 task 5/5 step 25/360: policy 0.00s, stepping env
    [frozen_flower] chain 182/200 task 5/5 step 50/360: running policy
    [frozen_flower] chain 182/200 task 5/5 step 50/360: policy 0.00s, stepping env
    [frozen_flower] chain 182/200 task 5/5 success at step 60
    [frozen_flower] chain 182/200 task 5/5 success: 60 steps, 1.6s
    [frozen_flower] chain 183/200 start: ['push_blue_block_right', 'turn_on_lightbulb', 'open_drawer', 'move_slider_left', 'push_into_drawer']
    [frozen_flower] chain 183/200 instructions: ['go push the blue block right', 'use the switch to turn on the light bulb', 'pull the handle to open the drawer', 'push the sliding door to the left side', 'slide the block that it falls into the drawer']
    [frozen_flower] chain 183/200 task 1/5 start: push_blue_block_right | instruction: go push the blue block right
    [frozen_flower] chain 183/200 task 1/5 step 1/360: running policy
    [frozen_flower] chain 183/200 task 1/5 step 1/360: policy 0.17s, stepping env
    [frozen_flower] chain 183/200 task 1/5 step 25/360: running policy
    [frozen_flower] chain 183/200 task 1/5 step 25/360: policy 0.00s, stepping env
    [frozen_flower] chain 183/200 task 1/5 step 50/360: running policy
    [frozen_flower] chain 183/200 task 1/5 step 50/360: policy 0.00s, stepping env
    [frozen_flower] chain 183/200 task 1/5 step 75/360: running policy
    [frozen_flower] chain 183/200 task 1/5 step 75/360: policy 0.00s, stepping env
    [frozen_flower] chain 183/200 task 1/5 step 100/360: running policy
    [frozen_flower] chain 183/200 task 1/5 step 100/360: policy 0.00s, stepping env
    [frozen_flower] chain 183/200 task 1/5 success at step 117
    [frozen_flower] chain 183/200 task 1/5 success: 117 steps, 3.3s
    [frozen_flower] chain 183/200 task 2/5 start: turn_on_lightbulb | instruction: use the switch to turn on the light bulb
    [frozen_flower] chain 183/200 task 2/5 step 1/360: running policy
    [frozen_flower] chain 183/200 task 2/5 step 1/360: policy 0.18s, stepping env
    [frozen_flower] chain 183/200 task 2/5 step 25/360: running policy
    [frozen_flower] chain 183/200 task 2/5 step 25/360: policy 0.00s, stepping env
    [frozen_flower] chain 183/200 task 2/5 step 50/360: running policy
    [frozen_flower] chain 183/200 task 2/5 step 50/360: policy 0.00s, stepping env
    [frozen_flower] chain 183/200 task 2/5 success at step 50
    [frozen_flower] chain 183/200 task 2/5 success: 50 steps, 1.4s
    [frozen_flower] chain 183/200 task 3/5 start: open_drawer | instruction: pull the handle to open the drawer
    [frozen_flower] chain 183/200 task 3/5 step 1/360: running policy
    [frozen_flower] chain 183/200 task 3/5 step 1/360: policy 0.18s, stepping env
    [frozen_flower] chain 183/200 task 3/5 step 25/360: running policy
    [frozen_flower] chain 183/200 task 3/5 step 25/360: policy 0.00s, stepping env
    [frozen_flower] chain 183/200 task 3/5 step 50/360: running policy
    [frozen_flower] chain 183/200 task 3/5 step 50/360: policy 0.00s, stepping env
    [frozen_flower] chain 183/200 task 3/5 step 75/360: running policy
    [frozen_flower] chain 183/200 task 3/5 step 75/360: policy 0.00s, stepping env
    [frozen_flower] chain 183/200 task 3/5 success at step 77
    [frozen_flower] chain 183/200 task 3/5 success: 77 steps, 2.2s
    [frozen_flower] chain 183/200 task 4/5 start: move_slider_left | instruction: push the sliding door to the left side
    [frozen_flower] chain 183/200 task 4/5 step 1/360: running policy
    [frozen_flower] chain 183/200 task 4/5 step 1/360: policy 0.18s, stepping env
    [frozen_flower] chain 183/200 task 4/5 step 25/360: running policy
    [frozen_flower] chain 183/200 task 4/5 step 25/360: policy 0.00s, stepping env
    [frozen_flower] chain 183/200 task 4/5 step 50/360: running policy
    [frozen_flower] chain 183/200 task 4/5 step 50/360: policy 0.00s, stepping env
    [frozen_flower] chain 183/200 task 4/5 step 75/360: running policy
    [frozen_flower] chain 183/200 task 4/5 step 75/360: policy 0.00s, stepping env
    [frozen_flower] chain 183/200 task 4/5 success at step 75
    [frozen_flower] chain 183/200 task 4/5 success: 75 steps, 2.2s
    [frozen_flower] chain 183/200 task 5/5 start: push_into_drawer | instruction: slide the block that it falls into the drawer
    [frozen_flower] chain 183/200 task 5/5 step 1/360: running policy
    [frozen_flower] chain 183/200 task 5/5 step 1/360: policy 0.18s, stepping env
    [frozen_flower] chain 183/200 task 5/5 step 25/360: running policy
    [frozen_flower] chain 183/200 task 5/5 step 25/360: policy 0.00s, stepping env
    [frozen_flower] chain 183/200 task 5/5 step 50/360: running policy
    [frozen_flower] chain 183/200 task 5/5 step 50/360: policy 0.00s, stepping env
    [frozen_flower] chain 183/200 task 5/5 step 75/360: running policy
    [frozen_flower] chain 183/200 task 5/5 step 75/360: policy 0.00s, stepping env
    [frozen_flower] chain 183/200 task 5/5 success at step 98
    [frozen_flower] chain 183/200 task 5/5 success: 98 steps, 2.9s
    [frozen_flower] chain 184/200 start: ['rotate_red_block_right', 'move_slider_left', 'close_drawer', 'lift_red_block_table', 'place_in_slider']
    [frozen_flower] chain 184/200 instructions: ['take the red block and rotate it to the right', 'push the sliding door to the left side', 'push the handle to close the drawer', 'grasp and lift the red block', 'store the grasped block in the sliding cabinet']
    [frozen_flower] chain 184/200 task 1/5 start: rotate_red_block_right | instruction: take the red block and rotate it to the right
    [frozen_flower] chain 184/200 task 1/5 step 1/360: running policy
    [frozen_flower] chain 184/200 task 1/5 step 1/360: policy 0.18s, stepping env
    [frozen_flower] chain 184/200 task 1/5 step 25/360: running policy
    [frozen_flower] chain 184/200 task 1/5 step 25/360: policy 0.00s, stepping env
    [frozen_flower] chain 184/200 task 1/5 step 50/360: running policy
    [frozen_flower] chain 184/200 task 1/5 step 50/360: policy 0.00s, stepping env
    [frozen_flower] chain 184/200 task 1/5 step 75/360: running policy
    [frozen_flower] chain 184/200 task 1/5 step 75/360: policy 0.00s, stepping env
    [frozen_flower] chain 184/200 task 1/5 success at step 87
    [frozen_flower] chain 184/200 task 1/5 success: 87 steps, 2.5s
    [frozen_flower] chain 184/200 task 2/5 start: move_slider_left | instruction: push the sliding door to the left side
    [frozen_flower] chain 184/200 task 2/5 step 1/360: running policy
    [frozen_flower] chain 184/200 task 2/5 step 1/360: policy 0.18s, stepping env
    [frozen_flower] chain 184/200 task 2/5 step 25/360: running policy
    [frozen_flower] chain 184/200 task 2/5 step 25/360: policy 0.00s, stepping env
    [frozen_flower] chain 184/200 task 2/5 step 50/360: running policy
    [frozen_flower] chain 184/200 task 2/5 step 50/360: policy 0.00s, stepping env
    [frozen_flower] chain 184/200 task 2/5 success at step 61
    [frozen_flower] chain 184/200 task 2/5 success: 61 steps, 1.8s
    [frozen_flower] chain 184/200 task 3/5 start: close_drawer | instruction: push the handle to close the drawer
    [frozen_flower] chain 184/200 task 3/5 step 1/360: running policy
    [frozen_flower] chain 184/200 task 3/5 step 1/360: policy 0.17s, stepping env
    [frozen_flower] chain 184/200 task 3/5 step 25/360: running policy
    [frozen_flower] chain 184/200 task 3/5 step 25/360: policy 0.00s, stepping env
    [frozen_flower] chain 184/200 task 3/5 step 50/360: running policy
    [frozen_flower] chain 184/200 task 3/5 step 50/360: policy 0.00s, stepping env
    [frozen_flower] chain 184/200 task 3/5 step 75/360: running policy
    [frozen_flower] chain 184/200 task 3/5 step 75/360: policy 0.00s, stepping env
    [frozen_flower] chain 184/200 task 3/5 success at step 81
    [frozen_flower] chain 184/200 task 3/5 success: 81 steps, 2.2s
    [frozen_flower] chain 184/200 task 4/5 start: lift_red_block_table | instruction: grasp and lift the red block
    [frozen_flower] chain 184/200 task 4/5 step 1/360: running policy
    [frozen_flower] chain 184/200 task 4/5 step 1/360: policy 0.18s, stepping env
    [frozen_flower] chain 184/200 task 4/5 step 25/360: running policy
    [frozen_flower] chain 184/200 task 4/5 step 25/360: policy 0.00s, stepping env
    [frozen_flower] chain 184/200 task 4/5 step 50/360: running policy
    [frozen_flower] chain 184/200 task 4/5 step 50/360: policy 0.00s, stepping env
    [frozen_flower] chain 184/200 task 4/5 success at step 70
    [frozen_flower] chain 184/200 task 4/5 success: 70 steps, 1.6s
    [frozen_flower] chain 184/200 task 5/5 start: place_in_slider | instruction: store the grasped block in the sliding cabinet
    [frozen_flower] chain 184/200 task 5/5 step 1/360: running policy
    [frozen_flower] chain 184/200 task 5/5 step 1/360: policy 0.15s, stepping env
    [frozen_flower] chain 184/200 task 5/5 step 25/360: running policy
    [frozen_flower] chain 184/200 task 5/5 step 25/360: policy 0.00s, stepping env
    [frozen_flower] chain 184/200 task 5/5 step 50/360: running policy
    [frozen_flower] chain 184/200 task 5/5 step 50/360: policy 0.00s, stepping env
    [frozen_flower] chain 184/200 task 5/5 step 75/360: running policy
    [frozen_flower] chain 184/200 task 5/5 step 75/360: policy 0.00s, stepping env
    [frozen_flower] chain 184/200 task 5/5 success at step 87
    [frozen_flower] chain 184/200 task 5/5 success: 87 steps, 2.1s
    [frozen_flower] chain 185/200 start: ['push_pink_block_left', 'lift_red_block_table', 'place_in_slider', 'lift_blue_block_slider', 'stack_block']
    [frozen_flower] chain 185/200 instructions: ['go push the pink block left', 'grasp and lift the red block', 'store the grasped block in the sliding cabinet', 'lift the blue block from the sliding cabinet', 'stack the grasped block']
    [frozen_flower] chain 185/200 task 1/5 start: push_pink_block_left | instruction: go push the pink block left
    [frozen_flower] chain 185/200 task 1/5 step 1/360: running policy
    [frozen_flower] chain 185/200 task 1/5 step 1/360: policy 0.15s, stepping env
    [frozen_flower] chain 185/200 task 1/5 step 25/360: running policy
    [frozen_flower] chain 185/200 task 1/5 step 25/360: policy 0.00s, stepping env
    [frozen_flower] chain 185/200 task 1/5 step 50/360: running policy
    [frozen_flower] chain 185/200 task 1/5 step 50/360: policy 0.00s, stepping env
    [frozen_flower] chain 185/200 task 1/5 success at step 64
    [frozen_flower] chain 185/200 task 1/5 success: 64 steps, 1.8s
    [frozen_flower] chain 185/200 task 2/5 start: lift_red_block_table | instruction: grasp and lift the red block
    [frozen_flower] chain 185/200 task 2/5 step 1/360: running policy
    [frozen_flower] chain 185/200 task 2/5 step 1/360: policy 0.18s, stepping env
    [frozen_flower] chain 185/200 task 2/5 step 25/360: running policy
    [frozen_flower] chain 185/200 task 2/5 step 25/360: policy 0.00s, stepping env
    [frozen_flower] chain 185/200 task 2/5 step 50/360: running policy
    [frozen_flower] chain 185/200 task 2/5 step 50/360: policy 0.01s, stepping env
    [frozen_flower] chain 185/200 task 2/5 success at step 59
    [frozen_flower] chain 185/200 task 2/5 success: 59 steps, 1.7s
    [frozen_flower] chain 185/200 task 3/5 start: place_in_slider | instruction: store the grasped block in the sliding cabinet
    [frozen_flower] chain 185/200 task 3/5 step 1/360: running policy
    [frozen_flower] chain 185/200 task 3/5 step 1/360: policy 0.18s, stepping env
    [frozen_flower] chain 185/200 task 3/5 step 25/360: running policy
    [frozen_flower] chain 185/200 task 3/5 step 25/360: policy 0.00s, stepping env
    [frozen_flower] chain 185/200 task 3/5 step 50/360: running policy
    [frozen_flower] chain 185/200 task 3/5 step 50/360: policy 0.00s, stepping env
    [frozen_flower] chain 185/200 task 3/5 step 75/360: running policy
    [frozen_flower] chain 185/200 task 3/5 step 75/360: policy 0.00s, stepping env
    [frozen_flower] chain 185/200 task 3/5 step 100/360: running policy
    [frozen_flower] chain 185/200 task 3/5 step 100/360: policy 0.00s, stepping env
    [frozen_flower] chain 185/200 task 3/5 step 125/360: running policy
    [frozen_flower] chain 185/200 task 3/5 step 125/360: policy 0.00s, stepping env
    [frozen_flower] chain 185/200 task 3/5 step 150/360: running policy
    [frozen_flower] chain 185/200 task 3/5 step 150/360: policy 0.00s, stepping env
    [frozen_flower] chain 185/200 task 3/5 step 175/360: running policy
    [frozen_flower] chain 185/200 task 3/5 step 175/360: policy 0.00s, stepping env
    [frozen_flower] chain 185/200 task 3/5 step 200/360: running policy
    [frozen_flower] chain 185/200 task 3/5 step 200/360: policy 0.00s, stepping env
    [frozen_flower] chain 185/200 task 3/5 step 225/360: running policy
    [frozen_flower] chain 185/200 task 3/5 step 225/360: policy 0.00s, stepping env
    [frozen_flower] chain 185/200 task 3/5 step 250/360: running policy
    [frozen_flower] chain 185/200 task 3/5 step 250/360: policy 0.00s, stepping env
    [frozen_flower] chain 185/200 task 3/5 step 275/360: running policy
    [frozen_flower] chain 185/200 task 3/5 step 275/360: policy 0.00s, stepping env
    [frozen_flower] chain 185/200 task 3/5 step 300/360: running policy
    [frozen_flower] chain 185/200 task 3/5 step 300/360: policy 0.00s, stepping env
    [frozen_flower] chain 185/200 task 3/5 step 325/360: running policy
    [frozen_flower] chain 185/200 task 3/5 step 325/360: policy 0.00s, stepping env
    [frozen_flower] chain 185/200 task 3/5 step 350/360: running policy
    [frozen_flower] chain 185/200 task 3/5 step 350/360: policy 0.00s, stepping env
    [frozen_flower] chain 185/200 task 3/5 failed: 360 steps, 10.4s
    [frozen_flower] chain 186/200 start: ['rotate_blue_block_right', 'lift_red_block_table', 'place_in_drawer', 'turn_on_lightbulb', 'lift_red_block_drawer']
    [frozen_flower] chain 186/200 instructions: ['take the blue block and rotate it to the right', 'grasp and lift the red block', 'store the grasped block in the drawer', 'use the switch to turn on the light bulb', 'Take the red block from the drawer']
    [frozen_flower] chain 186/200 task 1/5 start: rotate_blue_block_right | instruction: take the blue block and rotate it to the right
    [frozen_flower] chain 186/200 task 1/5 step 1/360: running policy
    [frozen_flower] chain 186/200 task 1/5 step 1/360: policy 0.18s, stepping env
    [frozen_flower] chain 186/200 task 1/5 step 25/360: running policy
    [frozen_flower] chain 186/200 task 1/5 step 25/360: policy 0.00s, stepping env
    [frozen_flower] chain 186/200 task 1/5 step 50/360: running policy
    [frozen_flower] chain 186/200 task 1/5 step 50/360: policy 0.00s, stepping env
    [frozen_flower] chain 186/200 task 1/5 step 75/360: running policy
    [frozen_flower] chain 186/200 task 1/5 step 75/360: policy 0.00s, stepping env
    [frozen_flower] chain 186/200 task 1/5 success at step 91
    [frozen_flower] chain 186/200 task 1/5 success: 91 steps, 2.7s
    [frozen_flower] chain 186/200 task 2/5 start: lift_red_block_table | instruction: grasp and lift the red block
    [frozen_flower] chain 186/200 task 2/5 step 1/360: running policy
    [frozen_flower] chain 186/200 task 2/5 step 1/360: policy 0.18s, stepping env
    [frozen_flower] chain 186/200 task 2/5 step 25/360: running policy
    [frozen_flower] chain 186/200 task 2/5 step 25/360: policy 0.00s, stepping env
    [frozen_flower] chain 186/200 task 2/5 step 50/360: running policy
    [frozen_flower] chain 186/200 task 2/5 step 50/360: policy 0.00s, stepping env
    [frozen_flower] chain 186/200 task 2/5 step 75/360: running policy
    [frozen_flower] chain 186/200 task 2/5 step 75/360: policy 0.00s, stepping env
    [frozen_flower] chain 186/200 task 2/5 success at step 92
    [frozen_flower] chain 186/200 task 2/5 success: 92 steps, 2.7s
    [frozen_flower] chain 186/200 task 3/5 start: place_in_drawer | instruction: store the grasped block in the drawer
    [frozen_flower] chain 186/200 task 3/5 step 1/360: running policy
    [frozen_flower] chain 186/200 task 3/5 step 1/360: policy 0.18s, stepping env
    [frozen_flower] chain 186/200 task 3/5 step 25/360: running policy
    [frozen_flower] chain 186/200 task 3/5 step 25/360: policy 0.00s, stepping env
    [frozen_flower] chain 186/200 task 3/5 success at step 39
    [frozen_flower] chain 186/200 task 3/5 success: 39 steps, 1.0s
    [frozen_flower] chain 186/200 task 4/5 start: turn_on_lightbulb | instruction: use the switch to turn on the light bulb
    [frozen_flower] chain 186/200 task 4/5 step 1/360: running policy
    [frozen_flower] chain 186/200 task 4/5 step 1/360: policy 0.15s, stepping env
    [frozen_flower] chain 186/200 task 4/5 step 25/360: running policy
    [frozen_flower] chain 186/200 task 4/5 step 25/360: policy 0.00s, stepping env
    [frozen_flower] chain 186/200 task 4/5 step 50/360: running policy
    [frozen_flower] chain 186/200 task 4/5 step 50/360: policy 0.00s, stepping env
    [frozen_flower] chain 186/200 task 4/5 success at step 51
    [frozen_flower] chain 186/200 task 4/5 success: 51 steps, 1.2s
    [frozen_flower] chain 186/200 task 5/5 start: lift_red_block_drawer | instruction: Take the red block from the drawer
    [frozen_flower] chain 186/200 task 5/5 step 1/360: running policy
    [frozen_flower] chain 186/200 task 5/5 step 1/360: policy 0.15s, stepping env
    [frozen_flower] chain 186/200 task 5/5 step 25/360: running policy
    [frozen_flower] chain 186/200 task 5/5 step 25/360: policy 0.00s, stepping env
    [frozen_flower] chain 186/200 task 5/5 step 50/360: running policy
    [frozen_flower] chain 186/200 task 5/5 step 50/360: policy 0.00s, stepping env
    [frozen_flower] chain 186/200 task 5/5 success at step 65
    [frozen_flower] chain 186/200 task 5/5 success: 65 steps, 1.5s
    [frozen_flower] chain 187/200 start: ['turn_on_lightbulb', 'rotate_red_block_right', 'lift_pink_block_table', 'place_in_drawer', 'lift_pink_block_drawer']
    [frozen_flower] chain 187/200 instructions: ['use the switch to turn on the light bulb', 'take the red block and rotate it to the right', 'grasp and lift the pink block', 'store the grasped block in the drawer', 'Take the pink block from the drawer']
    [frozen_flower] chain 187/200 task 1/5 start: turn_on_lightbulb | instruction: use the switch to turn on the light bulb
    [frozen_flower] chain 187/200 task 1/5 step 1/360: running policy
    [frozen_flower] chain 187/200 task 1/5 step 1/360: policy 0.15s, stepping env
    [frozen_flower] chain 187/200 task 1/5 step 25/360: running policy
    [frozen_flower] chain 187/200 task 1/5 step 25/360: policy 0.00s, stepping env
    [frozen_flower] chain 187/200 task 1/5 success at step 47
    [frozen_flower] chain 187/200 task 1/5 success: 47 steps, 1.1s
    [frozen_flower] chain 187/200 task 2/5 start: rotate_red_block_right | instruction: take the red block and rotate it to the right
    [frozen_flower] chain 187/200 task 2/5 step 1/360: running policy
    [frozen_flower] chain 187/200 task 2/5 step 1/360: policy 0.15s, stepping env
    [frozen_flower] chain 187/200 task 2/5 step 25/360: running policy
    [frozen_flower] chain 187/200 task 2/5 step 25/360: policy 0.01s, stepping env
    [frozen_flower] chain 187/200 task 2/5 step 50/360: running policy
    [frozen_flower] chain 187/200 task 2/5 step 50/360: policy 0.00s, stepping env
    [frozen_flower] chain 187/200 task 2/5 step 75/360: running policy
    [frozen_flower] chain 187/200 task 2/5 step 75/360: policy 0.00s, stepping env
    [frozen_flower] chain 187/200 task 2/5 success at step 90
    [frozen_flower] chain 187/200 task 2/5 success: 90 steps, 2.5s
    [frozen_flower] chain 187/200 task 3/5 start: lift_pink_block_table | instruction: grasp and lift the pink block
    [frozen_flower] chain 187/200 task 3/5 step 1/360: running policy
    [frozen_flower] chain 187/200 task 3/5 step 1/360: policy 0.18s, stepping env
    [frozen_flower] chain 187/200 task 3/5 step 25/360: running policy
    [frozen_flower] chain 187/200 task 3/5 step 25/360: policy 0.00s, stepping env
    [frozen_flower] chain 187/200 task 3/5 step 50/360: running policy
    [frozen_flower] chain 187/200 task 3/5 step 50/360: policy 0.00s, stepping env
    [frozen_flower] chain 187/200 task 3/5 success at step 65
    [frozen_flower] chain 187/200 task 3/5 success: 65 steps, 1.9s
    [frozen_flower] chain 187/200 task 4/5 start: place_in_drawer | instruction: store the grasped block in the drawer
    [frozen_flower] chain 187/200 task 4/5 step 1/360: running policy
    [frozen_flower] chain 187/200 task 4/5 step 1/360: policy 0.18s, stepping env
    [frozen_flower] chain 187/200 task 4/5 step 25/360: running policy
    [frozen_flower] chain 187/200 task 4/5 step 25/360: policy 0.00s, stepping env
    [frozen_flower] chain 187/200 task 4/5 success at step 30
    [frozen_flower] chain 187/200 task 4/5 success: 30 steps, 0.9s
    [frozen_flower] chain 187/200 task 5/5 start: lift_pink_block_drawer | instruction: Take the pink block from the drawer
    [frozen_flower] chain 187/200 task 5/5 step 1/360: running policy
    [frozen_flower] chain 187/200 task 5/5 step 1/360: policy 0.18s, stepping env
    [frozen_flower] chain 187/200 task 5/5 step 25/360: running policy
    [frozen_flower] chain 187/200 task 5/5 step 25/360: policy 0.00s, stepping env
    [frozen_flower] chain 187/200 task 5/5 success at step 48
    [frozen_flower] chain 187/200 task 5/5 success: 48 steps, 1.5s
    [frozen_flower] chain 188/200 start: ['push_blue_block_left', 'turn_off_lightbulb', 'open_drawer', 'move_slider_left', 'lift_blue_block_table']
    [frozen_flower] chain 188/200 instructions: ['go push the blue block left', 'use the switch to turn off the light bulb', 'pull the handle to open the drawer', 'push the sliding door to the left side', 'grasp and lift the blue block']
    [frozen_flower] chain 188/200 task 1/5 start: push_blue_block_left | instruction: go push the blue block left
    [frozen_flower] chain 188/200 task 1/5 step 1/360: running policy
    [frozen_flower] chain 188/200 task 1/5 step 1/360: policy 0.18s, stepping env
    [frozen_flower] chain 188/200 task 1/5 step 25/360: running policy
    [frozen_flower] chain 188/200 task 1/5 step 25/360: policy 0.00s, stepping env
    [frozen_flower] chain 188/200 task 1/5 step 50/360: running policy
    [frozen_flower] chain 188/200 task 1/5 step 50/360: policy 0.00s, stepping env
    [frozen_flower] chain 188/200 task 1/5 success at step 69
    [frozen_flower] chain 188/200 task 1/5 success: 69 steps, 2.0s
    [frozen_flower] chain 188/200 task 2/5 start: turn_off_lightbulb | instruction: use the switch to turn off the light bulb
    [frozen_flower] chain 188/200 task 2/5 step 1/360: running policy
    [frozen_flower] chain 188/200 task 2/5 step 1/360: policy 0.17s, stepping env
    [frozen_flower] chain 188/200 task 2/5 step 25/360: running policy
    [frozen_flower] chain 188/200 task 2/5 step 25/360: policy 0.00s, stepping env
    [frozen_flower] chain 188/200 task 2/5 success at step 48
    [frozen_flower] chain 188/200 task 2/5 success: 48 steps, 1.4s
    [frozen_flower] chain 188/200 task 3/5 start: open_drawer | instruction: pull the handle to open the drawer
    [frozen_flower] chain 188/200 task 3/5 step 1/360: running policy
    [frozen_flower] chain 188/200 task 3/5 step 1/360: policy 0.17s, stepping env
    [frozen_flower] chain 188/200 task 3/5 step 25/360: running policy
    [frozen_flower] chain 188/200 task 3/5 step 25/360: policy 0.00s, stepping env
    [frozen_flower] chain 188/200 task 3/5 step 50/360: running policy
    [frozen_flower] chain 188/200 task 3/5 step 50/360: policy 0.00s, stepping env
    [frozen_flower] chain 188/200 task 3/5 step 75/360: running policy
    [frozen_flower] chain 188/200 task 3/5 step 75/360: policy 0.01s, stepping env
    [frozen_flower] chain 188/200 task 3/5 success at step 76
    [frozen_flower] chain 188/200 task 3/5 success: 76 steps, 2.2s
    [frozen_flower] chain 188/200 task 4/5 start: move_slider_left | instruction: push the sliding door to the left side
    [frozen_flower] chain 188/200 task 4/5 step 1/360: running policy
    [frozen_flower] chain 188/200 task 4/5 step 1/360: policy 0.18s, stepping env
    [frozen_flower] chain 188/200 task 4/5 step 25/360: running policy
    [frozen_flower] chain 188/200 task 4/5 step 25/360: policy 0.00s, stepping env
    [frozen_flower] chain 188/200 task 4/5 step 50/360: running policy
    [frozen_flower] chain 188/200 task 4/5 step 50/360: policy 0.00s, stepping env
    [frozen_flower] chain 188/200 task 4/5 step 75/360: running policy
    [frozen_flower] chain 188/200 task 4/5 step 75/360: policy 0.00s, stepping env
    [frozen_flower] chain 188/200 task 4/5 success at step 85
    [frozen_flower] chain 188/200 task 4/5 success: 85 steps, 2.5s
    [frozen_flower] chain 188/200 task 5/5 start: lift_blue_block_table | instruction: grasp and lift the blue block
    [frozen_flower] chain 188/200 task 5/5 step 1/360: running policy
    [frozen_flower] chain 188/200 task 5/5 step 1/360: policy 0.18s, stepping env
    [frozen_flower] chain 188/200 task 5/5 step 25/360: running policy
    [frozen_flower] chain 188/200 task 5/5 step 25/360: policy 0.00s, stepping env
    [frozen_flower] chain 188/200 task 5/5 step 50/360: running policy
    [frozen_flower] chain 188/200 task 5/5 step 50/360: policy 0.00s, stepping env
    [frozen_flower] chain 188/200 task 5/5 success at step 58
    [frozen_flower] chain 188/200 task 5/5 success: 58 steps, 1.4s
    [frozen_flower] chain 189/200 start: ['lift_red_block_slider', 'place_in_slider', 'push_blue_block_left', 'open_drawer', 'lift_blue_block_table']
    [frozen_flower] chain 189/200 instructions: ['lift the red block from the sliding cabinet', 'store the grasped block in the sliding cabinet', 'go push the blue block left', 'pull the handle to open the drawer', 'grasp and lift the blue block']
    [frozen_flower] chain 189/200 task 1/5 start: lift_red_block_slider | instruction: lift the red block from the sliding cabinet
    [frozen_flower] chain 189/200 task 1/5 step 1/360: running policy
    [frozen_flower] chain 189/200 task 1/5 step 1/360: policy 0.15s, stepping env
    [frozen_flower] chain 189/200 task 1/5 step 25/360: running policy
    [frozen_flower] chain 189/200 task 1/5 step 25/360: policy 0.00s, stepping env
    [frozen_flower] chain 189/200 task 1/5 step 50/360: running policy
    [frozen_flower] chain 189/200 task 1/5 step 50/360: policy 0.00s, stepping env
    [frozen_flower] chain 189/200 task 1/5 step 75/360: running policy
    [frozen_flower] chain 189/200 task 1/5 step 75/360: policy 0.00s, stepping env
    [frozen_flower] chain 189/200 task 1/5 success at step 84
    [frozen_flower] chain 189/200 task 1/5 success: 84 steps, 2.0s
    [frozen_flower] chain 189/200 task 2/5 start: place_in_slider | instruction: store the grasped block in the sliding cabinet
    [frozen_flower] chain 189/200 task 2/5 step 1/360: running policy
    [frozen_flower] chain 189/200 task 2/5 step 1/360: policy 0.17s, stepping env
    [frozen_flower] chain 189/200 task 2/5 success at step 17
    [frozen_flower] chain 189/200 task 2/5 success: 17 steps, 0.5s
    [frozen_flower] chain 189/200 task 3/5 start: push_blue_block_left | instruction: go push the blue block left
    [frozen_flower] chain 189/200 task 3/5 step 1/360: running policy
    [frozen_flower] chain 189/200 task 3/5 step 1/360: policy 0.17s, stepping env
    [frozen_flower] chain 189/200 task 3/5 step 25/360: running policy
    [frozen_flower] chain 189/200 task 3/5 step 25/360: policy 0.00s, stepping env
    [frozen_flower] chain 189/200 task 3/5 step 50/360: running policy
    [frozen_flower] chain 189/200 task 3/5 step 50/360: policy 0.00s, stepping env
    [frozen_flower] chain 189/200 task 3/5 step 75/360: running policy
    [frozen_flower] chain 189/200 task 3/5 step 75/360: policy 0.00s, stepping env
    [frozen_flower] chain 189/200 task 3/5 success at step 82
    [frozen_flower] chain 189/200 task 3/5 success: 82 steps, 2.5s
    [frozen_flower] chain 189/200 task 4/5 start: open_drawer | instruction: pull the handle to open the drawer
    [frozen_flower] chain 189/200 task 4/5 step 1/360: running policy
    [frozen_flower] chain 189/200 task 4/5 step 1/360: policy 0.17s, stepping env
    [frozen_flower] chain 189/200 task 4/5 step 25/360: running policy
    [frozen_flower] chain 189/200 task 4/5 step 25/360: policy 0.00s, stepping env
    [frozen_flower] chain 189/200 task 4/5 step 50/360: running policy
    [frozen_flower] chain 189/200 task 4/5 step 50/360: policy 0.00s, stepping env
    [frozen_flower] chain 189/200 task 4/5 success at step 73
    [frozen_flower] chain 189/200 task 4/5 success: 73 steps, 2.0s
    [frozen_flower] chain 189/200 task 5/5 start: lift_blue_block_table | instruction: grasp and lift the blue block
    [frozen_flower] chain 189/200 task 5/5 step 1/360: running policy
    [frozen_flower] chain 189/200 task 5/5 step 1/360: policy 0.15s, stepping env
    [frozen_flower] chain 189/200 task 5/5 step 25/360: running policy
    [frozen_flower] chain 189/200 task 5/5 step 25/360: policy 0.00s, stepping env
    [frozen_flower] chain 189/200 task 5/5 step 50/360: running policy
    [frozen_flower] chain 189/200 task 5/5 step 50/360: policy 0.00s, stepping env
    [frozen_flower] chain 189/200 task 5/5 step 75/360: running policy
    [frozen_flower] chain 189/200 task 5/5 step 75/360: policy 0.00s, stepping env
    [frozen_flower] chain 189/200 task 5/5 step 100/360: running policy
    [frozen_flower] chain 189/200 task 5/5 step 100/360: policy 0.00s, stepping env
    [frozen_flower] chain 189/200 task 5/5 success at step 107
    [frozen_flower] chain 189/200 task 5/5 success: 107 steps, 2.6s
    [frozen_flower] chain 190/200 start: ['lift_red_block_table', 'stack_block', 'move_slider_left', 'unstack_block', 'push_red_block_left']
    [frozen_flower] chain 190/200 instructions: ['grasp and lift the red block', 'stack the grasped block', 'push the sliding door to the left side', 'remove the stacked block', 'go push the red block left']
    [frozen_flower] chain 190/200 task 1/5 start: lift_red_block_table | instruction: grasp and lift the red block
    [frozen_flower] chain 190/200 task 1/5 step 1/360: running policy
    [frozen_flower] chain 190/200 task 1/5 step 1/360: policy 0.17s, stepping env
    [frozen_flower] chain 190/200 task 1/5 step 25/360: running policy
    [frozen_flower] chain 190/200 task 1/5 step 25/360: policy 0.00s, stepping env
    [frozen_flower] chain 190/200 task 1/5 step 50/360: running policy
    [frozen_flower] chain 190/200 task 1/5 step 50/360: policy 0.00s, stepping env
    [frozen_flower] chain 190/200 task 1/5 success at step 50
    [frozen_flower] chain 190/200 task 1/5 success: 50 steps, 1.4s
    [frozen_flower] chain 190/200 task 2/5 start: stack_block | instruction: stack the grasped block
    [frozen_flower] chain 190/200 task 2/5 step 1/360: running policy
    [frozen_flower] chain 190/200 task 2/5 step 1/360: policy 0.17s, stepping env
    [frozen_flower] chain 190/200 task 2/5 step 25/360: running policy
    [frozen_flower] chain 190/200 task 2/5 step 25/360: policy 0.00s, stepping env
    [frozen_flower] chain 190/200 task 2/5 success at step 29
    [frozen_flower] chain 190/200 task 2/5 success: 29 steps, 0.8s
    [frozen_flower] chain 190/200 task 3/5 start: move_slider_left | instruction: push the sliding door to the left side
    [frozen_flower] chain 190/200 task 3/5 step 1/360: running policy
    [frozen_flower] chain 190/200 task 3/5 step 1/360: policy 0.18s, stepping env
    [frozen_flower] chain 190/200 task 3/5 step 25/360: running policy
    [frozen_flower] chain 190/200 task 3/5 step 25/360: policy 0.00s, stepping env
    [frozen_flower] chain 190/200 task 3/5 step 50/360: running policy
    [frozen_flower] chain 190/200 task 3/5 step 50/360: policy 0.00s, stepping env
    [frozen_flower] chain 190/200 task 3/5 step 75/360: running policy
    [frozen_flower] chain 190/200 task 3/5 step 75/360: policy 0.00s, stepping env
    [frozen_flower] chain 190/200 task 3/5 success at step 86
    [frozen_flower] chain 190/200 task 3/5 success: 86 steps, 2.5s
    [frozen_flower] chain 190/200 task 4/5 start: unstack_block | instruction: remove the stacked block
    [frozen_flower] chain 190/200 task 4/5 step 1/360: running policy
    [frozen_flower] chain 190/200 task 4/5 step 1/360: policy 0.18s, stepping env
    [frozen_flower] chain 190/200 task 4/5 step 25/360: running policy
    [frozen_flower] chain 190/200 task 4/5 step 25/360: policy 0.00s, stepping env
    [frozen_flower] chain 190/200 task 4/5 step 50/360: running policy
    [frozen_flower] chain 190/200 task 4/5 step 50/360: policy 0.01s, stepping env
    [frozen_flower] chain 190/200 task 4/5 success at step 56
    [frozen_flower] chain 190/200 task 4/5 success: 56 steps, 1.6s
    [frozen_flower] chain 190/200 task 5/5 start: push_red_block_left | instruction: go push the red block left
    [frozen_flower] chain 190/200 task 5/5 step 1/360: running policy
    [frozen_flower] chain 190/200 task 5/5 step 1/360: policy 0.18s, stepping env
    [frozen_flower] chain 190/200 task 5/5 step 25/360: running policy
    [frozen_flower] chain 190/200 task 5/5 step 25/360: policy 0.00s, stepping env
    [frozen_flower] chain 190/200 task 5/5 step 50/360: running policy
    [frozen_flower] chain 190/200 task 5/5 step 50/360: policy 0.00s, stepping env
    [frozen_flower] chain 190/200 task 5/5 step 75/360: running policy
    [frozen_flower] chain 190/200 task 5/5 step 75/360: policy 0.00s, stepping env
    [frozen_flower] chain 190/200 task 5/5 step 100/360: running policy
    [frozen_flower] chain 190/200 task 5/5 step 100/360: policy 0.00s, stepping env
    [frozen_flower] chain 190/200 task 5/5 step 125/360: running policy
    [frozen_flower] chain 190/200 task 5/5 step 125/360: policy 0.00s, stepping env
    [frozen_flower] chain 190/200 task 5/5 step 150/360: running policy
    [frozen_flower] chain 190/200 task 5/5 step 150/360: policy 0.00s, stepping env
    [frozen_flower] chain 190/200 task 5/5 step 175/360: running policy
    [frozen_flower] chain 190/200 task 5/5 step 175/360: policy 0.00s, stepping env
    [frozen_flower] chain 190/200 task 5/5 step 200/360: running policy
    [frozen_flower] chain 190/200 task 5/5 step 200/360: policy 0.01s, stepping env
    [frozen_flower] chain 190/200 task 5/5 step 225/360: running policy
    [frozen_flower] chain 190/200 task 5/5 step 225/360: policy 0.00s, stepping env
    [frozen_flower] chain 190/200 task 5/5 step 250/360: running policy
    [frozen_flower] chain 190/200 task 5/5 step 250/360: policy 0.00s, stepping env
    [frozen_flower] chain 190/200 task 5/5 step 275/360: running policy
    [frozen_flower] chain 190/200 task 5/5 step 275/360: policy 0.00s, stepping env
    [frozen_flower] chain 190/200 task 5/5 step 300/360: running policy
    [frozen_flower] chain 190/200 task 5/5 step 300/360: policy 0.00s, stepping env
    [frozen_flower] chain 190/200 task 5/5 step 325/360: running policy
    [frozen_flower] chain 190/200 task 5/5 step 325/360: policy 0.00s, stepping env
    [frozen_flower] chain 190/200 task 5/5 step 350/360: running policy
    [frozen_flower] chain 190/200 task 5/5 step 350/360: policy 0.00s, stepping env
    [frozen_flower] chain 190/200 task 5/5 failed: 360 steps, 9.5s
    [frozen_flower] 190/200 chains, L1 success: 95.3%
    [frozen_flower] chain 191/200 start: ['push_pink_block_left', 'turn_on_lightbulb', 'lift_pink_block_table', 'place_in_drawer', 'lift_red_block_slider']
    [frozen_flower] chain 191/200 instructions: ['go push the pink block left', 'use the switch to turn on the light bulb', 'grasp and lift the pink block', 'store the grasped block in the drawer', 'lift the red block from the sliding cabinet']
    [frozen_flower] chain 191/200 task 1/5 start: push_pink_block_left | instruction: go push the pink block left
    [frozen_flower] chain 191/200 task 1/5 step 1/360: running policy
    [frozen_flower] chain 191/200 task 1/5 step 1/360: policy 0.17s, stepping env
    [frozen_flower] chain 191/200 task 1/5 step 25/360: running policy
    [frozen_flower] chain 191/200 task 1/5 step 25/360: policy 0.00s, stepping env
    [frozen_flower] chain 191/200 task 1/5 step 50/360: running policy
    [frozen_flower] chain 191/200 task 1/5 step 50/360: policy 0.00s, stepping env
    [frozen_flower] chain 191/200 task 1/5 success at step 61
    [frozen_flower] chain 191/200 task 1/5 success: 61 steps, 1.9s
    [frozen_flower] chain 191/200 task 2/5 start: turn_on_lightbulb | instruction: use the switch to turn on the light bulb
    [frozen_flower] chain 191/200 task 2/5 step 1/360: running policy
    [frozen_flower] chain 191/200 task 2/5 step 1/360: policy 0.18s, stepping env
    [frozen_flower] chain 191/200 task 2/5 step 25/360: running policy
    [frozen_flower] chain 191/200 task 2/5 step 25/360: policy 0.00s, stepping env
    [frozen_flower] chain 191/200 task 2/5 success at step 44
    [frozen_flower] chain 191/200 task 2/5 success: 44 steps, 1.3s
    [frozen_flower] chain 191/200 task 3/5 start: lift_pink_block_table | instruction: grasp and lift the pink block
    [frozen_flower] chain 191/200 task 3/5 step 1/360: running policy
    [frozen_flower] chain 191/200 task 3/5 step 1/360: policy 0.18s, stepping env
    [frozen_flower] chain 191/200 task 3/5 step 25/360: running policy
    [frozen_flower] chain 191/200 task 3/5 step 25/360: policy 0.00s, stepping env
    [frozen_flower] chain 191/200 task 3/5 step 50/360: running policy
    [frozen_flower] chain 191/200 task 3/5 step 50/360: policy 0.00s, stepping env
    [frozen_flower] chain 191/200 task 3/5 success at step 55
    [frozen_flower] chain 191/200 task 3/5 success: 55 steps, 1.6s
    [frozen_flower] chain 191/200 task 4/5 start: place_in_drawer | instruction: store the grasped block in the drawer
    [frozen_flower] chain 191/200 task 4/5 step 1/360: running policy
    [frozen_flower] chain 191/200 task 4/5 step 1/360: policy 0.18s, stepping env
    [frozen_flower] chain 191/200 task 4/5 step 25/360: running policy
    [frozen_flower] chain 191/200 task 4/5 step 25/360: policy 0.00s, stepping env
    [frozen_flower] chain 191/200 task 4/5 success at step 29
    [frozen_flower] chain 191/200 task 4/5 success: 29 steps, 0.8s
    [frozen_flower] chain 191/200 task 5/5 start: lift_red_block_slider | instruction: lift the red block from the sliding cabinet
    [frozen_flower] chain 191/200 task 5/5 step 1/360: running policy
    [frozen_flower] chain 191/200 task 5/5 step 1/360: policy 0.18s, stepping env
    [frozen_flower] chain 191/200 task 5/5 step 25/360: running policy
    [frozen_flower] chain 191/200 task 5/5 step 25/360: policy 0.00s, stepping env
    [frozen_flower] chain 191/200 task 5/5 step 50/360: running policy
    [frozen_flower] chain 191/200 task 5/5 step 50/360: policy 0.00s, stepping env
    [frozen_flower] chain 191/200 task 5/5 step 75/360: running policy
    [frozen_flower] chain 191/200 task 5/5 step 75/360: policy 0.00s, stepping env
    [frozen_flower] chain 191/200 task 5/5 success at step 75
    [frozen_flower] chain 191/200 task 5/5 success: 75 steps, 2.1s
    [frozen_flower] chain 192/200 start: ['push_blue_block_left', 'turn_off_lightbulb', 'move_slider_left', 'lift_blue_block_table', 'place_in_slider']
    [frozen_flower] chain 192/200 instructions: ['go push the blue block left', 'use the switch to turn off the light bulb', 'push the sliding door to the left side', 'grasp and lift the blue block', 'store the grasped block in the sliding cabinet']
    [frozen_flower] chain 192/200 task 1/5 start: push_blue_block_left | instruction: go push the blue block left
    [frozen_flower] chain 192/200 task 1/5 step 1/360: running policy
    [frozen_flower] chain 192/200 task 1/5 step 1/360: policy 0.18s, stepping env
    [frozen_flower] chain 192/200 task 1/5 step 25/360: running policy
    [frozen_flower] chain 192/200 task 1/5 step 25/360: policy 0.00s, stepping env
    [frozen_flower] chain 192/200 task 1/5 step 50/360: running policy
    [frozen_flower] chain 192/200 task 1/5 step 50/360: policy 0.00s, stepping env
    [frozen_flower] chain 192/200 task 1/5 step 75/360: running policy
    [frozen_flower] chain 192/200 task 1/5 step 75/360: policy 0.01s, stepping env
    [frozen_flower] chain 192/200 task 1/5 step 100/360: running policy
    [frozen_flower] chain 192/200 task 1/5 step 100/360: policy 0.00s, stepping env
    [frozen_flower] chain 192/200 task 1/5 step 125/360: running policy
    [frozen_flower] chain 192/200 task 1/5 step 125/360: policy 0.00s, stepping env
    [frozen_flower] chain 192/200 task 1/5 step 150/360: running policy
    [frozen_flower] chain 192/200 task 1/5 step 150/360: policy 0.00s, stepping env
    [frozen_flower] chain 192/200 task 1/5 step 175/360: running policy
    [frozen_flower] chain 192/200 task 1/5 step 175/360: policy 0.00s, stepping env
    [frozen_flower] chain 192/200 task 1/5 step 200/360: running policy
    [frozen_flower] chain 192/200 task 1/5 step 200/360: policy 0.00s, stepping env
    [frozen_flower] chain 192/200 task 1/5 step 225/360: running policy
    [frozen_flower] chain 192/200 task 1/5 step 225/360: policy 0.00s, stepping env
    [frozen_flower] chain 192/200 task 1/5 step 250/360: running policy
    [frozen_flower] chain 192/200 task 1/5 step 250/360: policy 0.00s, stepping env
    [frozen_flower] chain 192/200 task 1/5 step 275/360: running policy
    [frozen_flower] chain 192/200 task 1/5 step 275/360: policy 0.00s, stepping env
    [frozen_flower] chain 192/200 task 1/5 step 300/360: running policy
    [frozen_flower] chain 192/200 task 1/5 step 300/360: policy 0.00s, stepping env
    [frozen_flower] chain 192/200 task 1/5 step 325/360: running policy
    [frozen_flower] chain 192/200 task 1/5 step 325/360: policy 0.00s, stepping env
    [frozen_flower] chain 192/200 task 1/5 step 350/360: running policy
    [frozen_flower] chain 192/200 task 1/5 step 350/360: policy 0.00s, stepping env
    [frozen_flower] chain 192/200 task 1/5 failed: 360 steps, 9.3s
    [frozen_flower] chain 193/200 start: ['lift_blue_block_table', 'place_in_slider', 'push_pink_block_right', 'turn_on_lightbulb', 'open_drawer']
    [frozen_flower] chain 193/200 instructions: ['grasp and lift the blue block', 'store the grasped block in the sliding cabinet', 'go push the pink block right', 'use the switch to turn on the light bulb', 'pull the handle to open the drawer']
    [frozen_flower] chain 193/200 task 1/5 start: lift_blue_block_table | instruction: grasp and lift the blue block
    [frozen_flower] chain 193/200 task 1/5 step 1/360: running policy
    [frozen_flower] chain 193/200 task 1/5 step 1/360: policy 0.15s, stepping env
    [frozen_flower] chain 193/200 task 1/5 step 25/360: running policy
    [frozen_flower] chain 193/200 task 1/5 step 25/360: policy 0.00s, stepping env
    [frozen_flower] chain 193/200 task 1/5 success at step 42
    [frozen_flower] chain 193/200 task 1/5 success: 42 steps, 1.2s
    [frozen_flower] chain 193/200 task 2/5 start: place_in_slider | instruction: store the grasped block in the sliding cabinet
    [frozen_flower] chain 193/200 task 2/5 step 1/360: running policy
    [frozen_flower] chain 193/200 task 2/5 step 1/360: policy 0.17s, stepping env
    [frozen_flower] chain 193/200 task 2/5 step 25/360: running policy
    [frozen_flower] chain 193/200 task 2/5 step 25/360: policy 0.00s, stepping env
    [frozen_flower] chain 193/200 task 2/5 success at step 27
    [frozen_flower] chain 193/200 task 2/5 success: 27 steps, 0.8s
    [frozen_flower] chain 193/200 task 3/5 start: push_pink_block_right | instruction: go push the pink block right
    [frozen_flower] chain 193/200 task 3/5 step 1/360: running policy
    [frozen_flower] chain 193/200 task 3/5 step 1/360: policy 0.17s, stepping env
    [frozen_flower] chain 193/200 task 3/5 step 25/360: running policy
    [frozen_flower] chain 193/200 task 3/5 step 25/360: policy 0.00s, stepping env
    [frozen_flower] chain 193/200 task 3/5 step 50/360: running policy
    [frozen_flower] chain 193/200 task 3/5 step 50/360: policy 0.00s, stepping env
    [frozen_flower] chain 193/200 task 3/5 step 75/360: running policy
    [frozen_flower] chain 193/200 task 3/5 step 75/360: policy 0.00s, stepping env
    [frozen_flower] chain 193/200 task 3/5 step 100/360: running policy
    [frozen_flower] chain 193/200 task 3/5 step 100/360: policy 0.00s, stepping env
    [frozen_flower] chain 193/200 task 3/5 step 125/360: running policy
    [frozen_flower] chain 193/200 task 3/5 step 125/360: policy 0.00s, stepping env
    [frozen_flower] chain 193/200 task 3/5 step 150/360: running policy
    [frozen_flower] chain 193/200 task 3/5 step 150/360: policy 0.00s, stepping env
    [frozen_flower] chain 193/200 task 3/5 step 175/360: running policy
    [frozen_flower] chain 193/200 task 3/5 step 175/360: policy 0.00s, stepping env
    [frozen_flower] chain 193/200 task 3/5 step 200/360: running policy
    [frozen_flower] chain 193/200 task 3/5 step 200/360: policy 0.00s, stepping env
    [frozen_flower] chain 193/200 task 3/5 step 225/360: running policy
    [frozen_flower] chain 193/200 task 3/5 step 225/360: policy 0.00s, stepping env
    [frozen_flower] chain 193/200 task 3/5 step 250/360: running policy
    [frozen_flower] chain 193/200 task 3/5 step 250/360: policy 0.00s, stepping env
    [frozen_flower] chain 193/200 task 3/5 step 275/360: running policy
    [frozen_flower] chain 193/200 task 3/5 step 275/360: policy 0.00s, stepping env
    [frozen_flower] chain 193/200 task 3/5 step 300/360: running policy
    [frozen_flower] chain 193/200 task 3/5 step 300/360: policy 0.00s, stepping env
    [frozen_flower] chain 193/200 task 3/5 success at step 315
    [frozen_flower] chain 193/200 task 3/5 success: 315 steps, 8.5s
    [frozen_flower] chain 193/200 task 4/5 start: turn_on_lightbulb | instruction: use the switch to turn on the light bulb
    [frozen_flower] chain 193/200 task 4/5 step 1/360: running policy
    [frozen_flower] chain 193/200 task 4/5 step 1/360: policy 0.15s, stepping env
    [frozen_flower] chain 193/200 task 4/5 step 25/360: running policy
    [frozen_flower] chain 193/200 task 4/5 step 25/360: policy 0.00s, stepping env
    [frozen_flower] chain 193/200 task 4/5 step 50/360: running policy
    [frozen_flower] chain 193/200 task 4/5 step 50/360: policy 0.00s, stepping env
    [frozen_flower] chain 193/200 task 4/5 success at step 55
    [frozen_flower] chain 193/200 task 4/5 success: 55 steps, 1.5s
    [frozen_flower] chain 193/200 task 5/5 start: open_drawer | instruction: pull the handle to open the drawer
    [frozen_flower] chain 193/200 task 5/5 step 1/360: running policy
    [frozen_flower] chain 193/200 task 5/5 step 1/360: policy 0.18s, stepping env
    [frozen_flower] chain 193/200 task 5/5 step 25/360: running policy
    [frozen_flower] chain 193/200 task 5/5 step 25/360: policy 0.01s, stepping env
    [frozen_flower] chain 193/200 task 5/5 step 50/360: running policy
    [frozen_flower] chain 193/200 task 5/5 step 50/360: policy 0.00s, stepping env
    [frozen_flower] chain 193/200 task 5/5 success at step 73
    [frozen_flower] chain 193/200 task 5/5 success: 73 steps, 2.0s
    [frozen_flower] chain 194/200 start: ['turn_on_led', 'push_pink_block_right', 'lift_blue_block_slider', 'place_in_slider', 'lift_pink_block_table']
    [frozen_flower] chain 194/200 instructions: ['press the button to turn on the led light', 'go push the pink block right', 'lift the blue block from the sliding cabinet', 'store the grasped block in the sliding cabinet', 'grasp and lift the pink block']
    [frozen_flower] chain 194/200 task 1/5 start: turn_on_led | instruction: press the button to turn on the led light
    [frozen_flower] chain 194/200 task 1/5 step 1/360: running policy
    [frozen_flower] chain 194/200 task 1/5 step 1/360: policy 0.18s, stepping env
    [frozen_flower] chain 194/200 task 1/5 step 25/360: running policy
    [frozen_flower] chain 194/200 task 1/5 step 25/360: policy 0.00s, stepping env
    [frozen_flower] chain 194/200 task 1/5 success at step 31
    [frozen_flower] chain 194/200 task 1/5 success: 31 steps, 0.9s
    [frozen_flower] chain 194/200 task 2/5 start: push_pink_block_right | instruction: go push the pink block right
    [frozen_flower] chain 194/200 task 2/5 step 1/360: running policy
    [frozen_flower] chain 194/200 task 2/5 step 1/360: policy 0.18s, stepping env
    [frozen_flower] chain 194/200 task 2/5 step 25/360: running policy
    [frozen_flower] chain 194/200 task 2/5 step 25/360: policy 0.00s, stepping env
    [frozen_flower] chain 194/200 task 2/5 step 50/360: running policy
    [frozen_flower] chain 194/200 task 2/5 step 50/360: policy 0.00s, stepping env
    [frozen_flower] chain 194/200 task 2/5 success at step 55
    [frozen_flower] chain 194/200 task 2/5 success: 55 steps, 1.6s
    [frozen_flower] chain 194/200 task 3/5 start: lift_blue_block_slider | instruction: lift the blue block from the sliding cabinet
    [frozen_flower] chain 194/200 task 3/5 step 1/360: running policy
    [frozen_flower] chain 194/200 task 3/5 step 1/360: policy 0.17s, stepping env
    [frozen_flower] chain 194/200 task 3/5 step 25/360: running policy
    [frozen_flower] chain 194/200 task 3/5 step 25/360: policy 0.00s, stepping env
    [frozen_flower] chain 194/200 task 3/5 step 50/360: running policy
    [frozen_flower] chain 194/200 task 3/5 step 50/360: policy 0.00s, stepping env
    [frozen_flower] chain 194/200 task 3/5 success at step 59
    [frozen_flower] chain 194/200 task 3/5 success: 59 steps, 1.6s
    [frozen_flower] chain 194/200 task 4/5 start: place_in_slider | instruction: store the grasped block in the sliding cabinet
    [frozen_flower] chain 194/200 task 4/5 step 1/360: running policy
    [frozen_flower] chain 194/200 task 4/5 step 1/360: policy 0.18s, stepping env
    [frozen_flower] chain 194/200 task 4/5 success at step 11
    [frozen_flower] chain 194/200 task 4/5 success: 11 steps, 0.5s
    [frozen_flower] chain 194/200 task 5/5 start: lift_pink_block_table | instruction: grasp and lift the pink block
    [frozen_flower] chain 194/200 task 5/5 step 1/360: running policy
    [frozen_flower] chain 194/200 task 5/5 step 1/360: policy 0.18s, stepping env
    [frozen_flower] chain 194/200 task 5/5 step 25/360: running policy
    [frozen_flower] chain 194/200 task 5/5 step 25/360: policy 0.00s, stepping env
    [frozen_flower] chain 194/200 task 5/5 step 50/360: running policy
    [frozen_flower] chain 194/200 task 5/5 step 50/360: policy 0.00s, stepping env
    [frozen_flower] chain 194/200 task 5/5 success at step 59
    [frozen_flower] chain 194/200 task 5/5 success: 59 steps, 1.6s
    [frozen_flower] chain 195/200 start: ['push_blue_block_left', 'turn_on_led', 'open_drawer', 'lift_blue_block_table', 'stack_block']
    [frozen_flower] chain 195/200 instructions: ['go push the blue block left', 'press the button to turn on the led light', 'pull the handle to open the drawer', 'grasp and lift the blue block', 'stack the grasped block']
    [frozen_flower] chain 195/200 task 1/5 start: push_blue_block_left | instruction: go push the blue block left
    [frozen_flower] chain 195/200 task 1/5 step 1/360: running policy
    [frozen_flower] chain 195/200 task 1/5 step 1/360: policy 0.17s, stepping env
    [frozen_flower] chain 195/200 task 1/5 step 25/360: running policy
    [frozen_flower] chain 195/200 task 1/5 step 25/360: policy 0.00s, stepping env
    [frozen_flower] chain 195/200 task 1/5 step 50/360: running policy
    [frozen_flower] chain 195/200 task 1/5 step 50/360: policy 0.00s, stepping env
    [frozen_flower] chain 195/200 task 1/5 step 75/360: running policy
    [frozen_flower] chain 195/200 task 1/5 step 75/360: policy 0.00s, stepping env
    [frozen_flower] chain 195/200 task 1/5 step 100/360: running policy
    [frozen_flower] chain 195/200 task 1/5 step 100/360: policy 0.00s, stepping env
    [frozen_flower] chain 195/200 task 1/5 step 125/360: running policy
    [frozen_flower] chain 195/200 task 1/5 step 125/360: policy 0.00s, stepping env
    [frozen_flower] chain 195/200 task 1/5 success at step 129
    [frozen_flower] chain 195/200 task 1/5 success: 129 steps, 3.5s
    [frozen_flower] chain 195/200 task 2/5 start: turn_on_led | instruction: press the button to turn on the led light
    [frozen_flower] chain 195/200 task 2/5 step 1/360: running policy
    [frozen_flower] chain 195/200 task 2/5 step 1/360: policy 0.18s, stepping env
    [frozen_flower] chain 195/200 task 2/5 step 25/360: running policy
    [frozen_flower] chain 195/200 task 2/5 step 25/360: policy 0.00s, stepping env
    [frozen_flower] chain 195/200 task 2/5 success at step 27
    [frozen_flower] chain 195/200 task 2/5 success: 27 steps, 0.8s
    [frozen_flower] chain 195/200 task 3/5 start: open_drawer | instruction: pull the handle to open the drawer
    [frozen_flower] chain 195/200 task 3/5 step 1/360: running policy
    [frozen_flower] chain 195/200 task 3/5 step 1/360: policy 0.19s, stepping env
    [frozen_flower] chain 195/200 task 3/5 step 25/360: running policy
    [frozen_flower] chain 195/200 task 3/5 step 25/360: policy 0.00s, stepping env
    [frozen_flower] chain 195/200 task 3/5 step 50/360: running policy
    [frozen_flower] chain 195/200 task 3/5 step 50/360: policy 0.00s, stepping env
    [frozen_flower] chain 195/200 task 3/5 success at step 61
    [frozen_flower] chain 195/200 task 3/5 success: 61 steps, 1.8s
    [frozen_flower] chain 195/200 task 4/5 start: lift_blue_block_table | instruction: grasp and lift the blue block
    [frozen_flower] chain 195/200 task 4/5 step 1/360: running policy
    [frozen_flower] chain 195/200 task 4/5 step 1/360: policy 0.18s, stepping env
    [frozen_flower] chain 195/200 task 4/5 step 25/360: running policy
    [frozen_flower] chain 195/200 task 4/5 step 25/360: policy 0.00s, stepping env
    [frozen_flower] chain 195/200 task 4/5 step 50/360: running policy
    [frozen_flower] chain 195/200 task 4/5 step 50/360: policy 0.00s, stepping env
    [frozen_flower] chain 195/200 task 4/5 step 75/360: running policy
    [frozen_flower] chain 195/200 task 4/5 step 75/360: policy 0.00s, stepping env
    [frozen_flower] chain 195/200 task 4/5 step 100/360: running policy
    [frozen_flower] chain 195/200 task 4/5 step 100/360: policy 0.00s, stepping env
    [frozen_flower] chain 195/200 task 4/5 step 125/360: running policy
    [frozen_flower] chain 195/200 task 4/5 step 125/360: policy 0.00s, stepping env
    [frozen_flower] chain 195/200 task 4/5 step 150/360: running policy
    [frozen_flower] chain 195/200 task 4/5 step 150/360: policy 0.00s, stepping env
    [frozen_flower] chain 195/200 task 4/5 step 175/360: running policy
    [frozen_flower] chain 195/200 task 4/5 step 175/360: policy 0.01s, stepping env
    [frozen_flower] chain 195/200 task 4/5 step 200/360: running policy
    [frozen_flower] chain 195/200 task 4/5 step 200/360: policy 0.00s, stepping env
    [frozen_flower] chain 195/200 task 4/5 step 225/360: running policy
    [frozen_flower] chain 195/200 task 4/5 step 225/360: policy 0.00s, stepping env
    [frozen_flower] chain 195/200 task 4/5 step 250/360: running policy
    [frozen_flower] chain 195/200 task 4/5 step 250/360: policy 0.00s, stepping env
    [frozen_flower] chain 195/200 task 4/5 step 275/360: running policy
    [frozen_flower] chain 195/200 task 4/5 step 275/360: policy 0.00s, stepping env
    [frozen_flower] chain 195/200 task 4/5 step 300/360: running policy
    [frozen_flower] chain 195/200 task 4/5 step 300/360: policy 0.00s, stepping env
    [frozen_flower] chain 195/200 task 4/5 step 325/360: running policy
    [frozen_flower] chain 195/200 task 4/5 step 325/360: policy 0.00s, stepping env
    [frozen_flower] chain 195/200 task 4/5 step 350/360: running policy
    [frozen_flower] chain 195/200 task 4/5 step 350/360: policy 0.00s, stepping env
    [frozen_flower] chain 195/200 task 4/5 failed: 360 steps, 9.8s
    [frozen_flower] chain 196/200 start: ['push_into_drawer', 'lift_pink_block_slider', 'place_in_drawer', 'turn_off_lightbulb', 'lift_pink_block_drawer']
    [frozen_flower] chain 196/200 instructions: ['slide the block that it falls into the drawer', 'lift the pink block from the sliding cabinet', 'store the grasped block in the drawer', 'use the switch to turn off the light bulb', 'Take the pink block from the drawer']
    [frozen_flower] chain 196/200 task 1/5 start: push_into_drawer | instruction: slide the block that it falls into the drawer
    [frozen_flower] chain 196/200 task 1/5 step 1/360: running policy
    [frozen_flower] chain 196/200 task 1/5 step 1/360: policy 0.18s, stepping env
    [frozen_flower] chain 196/200 task 1/5 step 25/360: running policy
    [frozen_flower] chain 196/200 task 1/5 step 25/360: policy 0.00s, stepping env
    [frozen_flower] chain 196/200 task 1/5 step 50/360: running policy
    [frozen_flower] chain 196/200 task 1/5 step 50/360: policy 0.00s, stepping env
    [frozen_flower] chain 196/200 task 1/5 step 75/360: running policy
    [frozen_flower] chain 196/200 task 1/5 step 75/360: policy 0.00s, stepping env
    [frozen_flower] chain 196/200 task 1/5 success at step 81
    [frozen_flower] chain 196/200 task 1/5 success: 81 steps, 2.4s
    [frozen_flower] chain 196/200 task 2/5 start: lift_pink_block_slider | instruction: lift the pink block from the sliding cabinet
    [frozen_flower] chain 196/200 task 2/5 step 1/360: running policy
    [frozen_flower] chain 196/200 task 2/5 step 1/360: policy 0.18s, stepping env
    [frozen_flower] chain 196/200 task 2/5 step 25/360: running policy
    [frozen_flower] chain 196/200 task 2/5 step 25/360: policy 0.00s, stepping env
    [frozen_flower] chain 196/200 task 2/5 step 50/360: running policy
    [frozen_flower] chain 196/200 task 2/5 step 50/360: policy 0.00s, stepping env
    [frozen_flower] chain 196/200 task 2/5 success at step 50
    [frozen_flower] chain 196/200 task 2/5 success: 50 steps, 1.4s
    [frozen_flower] chain 196/200 task 3/5 start: place_in_drawer | instruction: store the grasped block in the drawer
    [frozen_flower] chain 196/200 task 3/5 step 1/360: running policy
    [frozen_flower] chain 196/200 task 3/5 step 1/360: policy 0.18s, stepping env
    [frozen_flower] chain 196/200 task 3/5 step 25/360: running policy
    [frozen_flower] chain 196/200 task 3/5 step 25/360: policy 0.00s, stepping env
    [frozen_flower] chain 196/200 task 3/5 success at step 47
    [frozen_flower] chain 196/200 task 3/5 success: 47 steps, 1.4s
    [frozen_flower] chain 196/200 task 4/5 start: turn_off_lightbulb | instruction: use the switch to turn off the light bulb
    [frozen_flower] chain 196/200 task 4/5 step 1/360: running policy
    [frozen_flower] chain 196/200 task 4/5 step 1/360: policy 0.18s, stepping env
    [frozen_flower] chain 196/200 task 4/5 step 25/360: running policy
    [frozen_flower] chain 196/200 task 4/5 step 25/360: policy 0.00s, stepping env
    [frozen_flower] chain 196/200 task 4/5 step 50/360: running policy
    [frozen_flower] chain 196/200 task 4/5 step 50/360: policy 0.00s, stepping env
    [frozen_flower] chain 196/200 task 4/5 success at step 70
    [frozen_flower] chain 196/200 task 4/5 success: 70 steps, 2.0s
    [frozen_flower] chain 196/200 task 5/5 start: lift_pink_block_drawer | instruction: Take the pink block from the drawer
    [frozen_flower] chain 196/200 task 5/5 step 1/360: running policy
    [frozen_flower] chain 196/200 task 5/5 step 1/360: policy 0.18s, stepping env
    [frozen_flower] chain 196/200 task 5/5 step 25/360: running policy
    [frozen_flower] chain 196/200 task 5/5 step 25/360: policy 0.00s, stepping env
    [frozen_flower] chain 196/200 task 5/5 step 50/360: running policy
    [frozen_flower] chain 196/200 task 5/5 step 50/360: policy 0.00s, stepping env
    [frozen_flower] chain 196/200 task 5/5 success at step 68
    [frozen_flower] chain 196/200 task 5/5 success: 68 steps, 1.9s
    [frozen_flower] chain 197/200 start: ['rotate_blue_block_left', 'move_slider_right', 'close_drawer', 'turn_off_lightbulb', 'lift_pink_block_table']
    [frozen_flower] chain 197/200 instructions: ['take the blue block and rotate it to the left', 'push the sliding door to the right side', 'push the handle to close the drawer', 'use the switch to turn off the light bulb', 'grasp and lift the pink block']
    [frozen_flower] chain 197/200 task 1/5 start: rotate_blue_block_left | instruction: take the blue block and rotate it to the left
    [frozen_flower] chain 197/200 task 1/5 step 1/360: running policy
    [frozen_flower] chain 197/200 task 1/5 step 1/360: policy 0.25s, stepping env
    [frozen_flower] chain 197/200 task 1/5 step 25/360: running policy
    [frozen_flower] chain 197/200 task 1/5 step 25/360: policy 0.00s, stepping env
    [frozen_flower] chain 197/200 task 1/5 step 50/360: running policy
    [frozen_flower] chain 197/200 task 1/5 step 50/360: policy 0.01s, stepping env
    [frozen_flower] chain 197/200 task 1/5 step 75/360: running policy
    [frozen_flower] chain 197/200 task 1/5 step 75/360: policy 0.00s, stepping env
    [frozen_flower] chain 197/200 task 1/5 success at step 84
    [frozen_flower] chain 197/200 task 1/5 success: 84 steps, 2.6s
    [frozen_flower] chain 197/200 task 2/5 start: move_slider_right | instruction: push the sliding door to the right side
    [frozen_flower] chain 197/200 task 2/5 step 1/360: running policy
    [frozen_flower] chain 197/200 task 2/5 step 1/360: policy 0.17s, stepping env
    [frozen_flower] chain 197/200 task 2/5 step 25/360: running policy
    [frozen_flower] chain 197/200 task 2/5 step 25/360: policy 0.00s, stepping env
    [frozen_flower] chain 197/200 task 2/5 step 50/360: running policy
    [frozen_flower] chain 197/200 task 2/5 step 50/360: policy 0.00s, stepping env
    [frozen_flower] chain 197/200 task 2/5 step 75/360: running policy
    [frozen_flower] chain 197/200 task 2/5 step 75/360: policy 0.00s, stepping env
    [frozen_flower] chain 197/200 task 2/5 success at step 80
    [frozen_flower] chain 197/200 task 2/5 success: 80 steps, 2.3s
    [frozen_flower] chain 197/200 task 3/5 start: close_drawer | instruction: push the handle to close the drawer
    [frozen_flower] chain 197/200 task 3/5 step 1/360: running policy
    [frozen_flower] chain 197/200 task 3/5 step 1/360: policy 0.17s, stepping env
    [frozen_flower] chain 197/200 task 3/5 step 25/360: running policy
    [frozen_flower] chain 197/200 task 3/5 step 25/360: policy 0.00s, stepping env
    [frozen_flower] chain 197/200 task 3/5 step 50/360: running policy
    [frozen_flower] chain 197/200 task 3/5 step 50/360: policy 0.00s, stepping env
    [frozen_flower] chain 197/200 task 3/5 success at step 74
    [frozen_flower] chain 197/200 task 3/5 success: 74 steps, 2.2s
    [frozen_flower] chain 197/200 task 4/5 start: turn_off_lightbulb | instruction: use the switch to turn off the light bulb
    [frozen_flower] chain 197/200 task 4/5 step 1/360: running policy
    [frozen_flower] chain 197/200 task 4/5 step 1/360: policy 0.17s, stepping env
    [frozen_flower] chain 197/200 task 4/5 step 25/360: running policy
    [frozen_flower] chain 197/200 task 4/5 step 25/360: policy 0.00s, stepping env
    [frozen_flower] chain 197/200 task 4/5 step 50/360: running policy
    [frozen_flower] chain 197/200 task 4/5 step 50/360: policy 0.01s, stepping env
    [frozen_flower] chain 197/200 task 4/5 success at step 67
    [frozen_flower] chain 197/200 task 4/5 success: 67 steps, 1.9s
    [frozen_flower] chain 197/200 task 5/5 start: lift_pink_block_table | instruction: grasp and lift the pink block
    [frozen_flower] chain 197/200 task 5/5 step 1/360: running policy
    [frozen_flower] chain 197/200 task 5/5 step 1/360: policy 0.18s, stepping env
    [frozen_flower] chain 197/200 task 5/5 step 25/360: running policy
    [frozen_flower] chain 197/200 task 5/5 step 25/360: policy 0.00s, stepping env
    [frozen_flower] chain 197/200 task 5/5 step 50/360: running policy
    [frozen_flower] chain 197/200 task 5/5 step 50/360: policy 0.00s, stepping env
    [frozen_flower] chain 197/200 task 5/5 success at step 59
    [frozen_flower] chain 197/200 task 5/5 success: 59 steps, 1.7s
    [frozen_flower] chain 198/200 start: ['push_red_block_left', 'turn_on_lightbulb', 'lift_pink_block_slider', 'place_in_slider', 'lift_red_block_table']
    [frozen_flower] chain 198/200 instructions: ['go push the red block left', 'use the switch to turn on the light bulb', 'lift the pink block from the sliding cabinet', 'store the grasped block in the sliding cabinet', 'grasp and lift the red block']
    [frozen_flower] chain 198/200 task 1/5 start: push_red_block_left | instruction: go push the red block left
    [frozen_flower] chain 198/200 task 1/5 step 1/360: running policy
    [frozen_flower] chain 198/200 task 1/5 step 1/360: policy 0.17s, stepping env
    [frozen_flower] chain 198/200 task 1/5 step 25/360: running policy
    [frozen_flower] chain 198/200 task 1/5 step 25/360: policy 0.00s, stepping env
    [frozen_flower] chain 198/200 task 1/5 step 50/360: running policy
    [frozen_flower] chain 198/200 task 1/5 step 50/360: policy 0.00s, stepping env
    [frozen_flower] chain 198/200 task 1/5 step 75/360: running policy
    [frozen_flower] chain 198/200 task 1/5 step 75/360: policy 0.00s, stepping env
    [frozen_flower] chain 198/200 task 1/5 step 100/360: running policy
    [frozen_flower] chain 198/200 task 1/5 step 100/360: policy 0.00s, stepping env
    [frozen_flower] chain 198/200 task 1/5 success at step 100
    [frozen_flower] chain 198/200 task 1/5 success: 100 steps, 2.8s
    [frozen_flower] chain 198/200 task 2/5 start: turn_on_lightbulb | instruction: use the switch to turn on the light bulb
    [frozen_flower] chain 198/200 task 2/5 step 1/360: running policy
    [frozen_flower] chain 198/200 task 2/5 step 1/360: policy 0.17s, stepping env
    [frozen_flower] chain 198/200 task 2/5 step 25/360: running policy
    [frozen_flower] chain 198/200 task 2/5 step 25/360: policy 0.00s, stepping env
    [frozen_flower] chain 198/200 task 2/5 success at step 46
    [frozen_flower] chain 198/200 task 2/5 success: 46 steps, 1.4s
    [frozen_flower] chain 198/200 task 3/5 start: lift_pink_block_slider | instruction: lift the pink block from the sliding cabinet
    [frozen_flower] chain 198/200 task 3/5 step 1/360: running policy
    [frozen_flower] chain 198/200 task 3/5 step 1/360: policy 0.17s, stepping env
    [frozen_flower] chain 198/200 task 3/5 step 25/360: running policy
    [frozen_flower] chain 198/200 task 3/5 step 25/360: policy 0.00s, stepping env
    [frozen_flower] chain 198/200 task 3/5 step 50/360: running policy
    [frozen_flower] chain 198/200 task 3/5 step 50/360: policy 0.00s, stepping env
    [frozen_flower] chain 198/200 task 3/5 step 75/360: running policy
    [frozen_flower] chain 198/200 task 3/5 step 75/360: policy 0.00s, stepping env
    [frozen_flower] chain 198/200 task 3/5 success at step 98
    [frozen_flower] chain 198/200 task 3/5 success: 98 steps, 2.7s
    [frozen_flower] chain 198/200 task 4/5 start: place_in_slider | instruction: store the grasped block in the sliding cabinet
    [frozen_flower] chain 198/200 task 4/5 step 1/360: running policy
    [frozen_flower] chain 198/200 task 4/5 step 1/360: policy 0.18s, stepping env
    [frozen_flower] chain 198/200 task 4/5 success at step 6
    [frozen_flower] chain 198/200 task 4/5 success: 6 steps, 0.2s
    [frozen_flower] chain 198/200 task 5/5 start: lift_red_block_table | instruction: grasp and lift the red block
    [frozen_flower] chain 198/200 task 5/5 step 1/360: running policy
    [frozen_flower] chain 198/200 task 5/5 step 1/360: policy 0.17s, stepping env
    [frozen_flower] chain 198/200 task 5/5 step 25/360: running policy
    [frozen_flower] chain 198/200 task 5/5 step 25/360: policy 0.00s, stepping env
    [frozen_flower] chain 198/200 task 5/5 step 50/360: running policy
    [frozen_flower] chain 198/200 task 5/5 step 50/360: policy 0.00s, stepping env
    [frozen_flower] chain 198/200 task 5/5 step 75/360: running policy
    [frozen_flower] chain 198/200 task 5/5 step 75/360: policy 0.00s, stepping env
    [frozen_flower] chain 198/200 task 5/5 step 100/360: running policy
    [frozen_flower] chain 198/200 task 5/5 step 100/360: policy 0.00s, stepping env
    [frozen_flower] chain 198/200 task 5/5 step 125/360: running policy
    [frozen_flower] chain 198/200 task 5/5 step 125/360: policy 0.00s, stepping env
    [frozen_flower] chain 198/200 task 5/5 step 150/360: running policy
    [frozen_flower] chain 198/200 task 5/5 step 150/360: policy 0.00s, stepping env
    [frozen_flower] chain 198/200 task 5/5 success at step 151
    [frozen_flower] chain 198/200 task 5/5 success: 151 steps, 4.2s
    [frozen_flower] chain 199/200 start: ['rotate_blue_block_right', 'lift_blue_block_table', 'place_in_slider', 'open_drawer', 'move_slider_left']
    [frozen_flower] chain 199/200 instructions: ['take the blue block and rotate it to the right', 'grasp and lift the blue block', 'store the grasped block in the sliding cabinet', 'pull the handle to open the drawer', 'push the sliding door to the left side']
    [frozen_flower] chain 199/200 task 1/5 start: rotate_blue_block_right | instruction: take the blue block and rotate it to the right
    [frozen_flower] chain 199/200 task 1/5 step 1/360: running policy
    [frozen_flower] chain 199/200 task 1/5 step 1/360: policy 0.17s, stepping env
    [frozen_flower] chain 199/200 task 1/5 step 25/360: running policy
    [frozen_flower] chain 199/200 task 1/5 step 25/360: policy 0.01s, stepping env
    [frozen_flower] chain 199/200 task 1/5 step 50/360: running policy
    [frozen_flower] chain 199/200 task 1/5 step 50/360: policy 0.00s, stepping env
    [frozen_flower] chain 199/200 task 1/5 step 75/360: running policy
    [frozen_flower] chain 199/200 task 1/5 step 75/360: policy 0.00s, stepping env
    [frozen_flower] chain 199/200 task 1/5 success at step 77
    [frozen_flower] chain 199/200 task 1/5 success: 77 steps, 2.2s
    [frozen_flower] chain 199/200 task 2/5 start: lift_blue_block_table | instruction: grasp and lift the blue block
    [frozen_flower] chain 199/200 task 2/5 step 1/360: running policy
    [frozen_flower] chain 199/200 task 2/5 step 1/360: policy 0.17s, stepping env
    [frozen_flower] chain 199/200 task 2/5 step 25/360: running policy
    [frozen_flower] chain 199/200 task 2/5 step 25/360: policy 0.00s, stepping env
    [frozen_flower] chain 199/200 task 2/5 step 50/360: running policy
    [frozen_flower] chain 199/200 task 2/5 step 50/360: policy 0.00s, stepping env
    [frozen_flower] chain 199/200 task 2/5 success at step 64
    [frozen_flower] chain 199/200 task 2/5 success: 64 steps, 1.9s
    [frozen_flower] chain 199/200 task 3/5 start: place_in_slider | instruction: store the grasped block in the sliding cabinet
    [frozen_flower] chain 199/200 task 3/5 step 1/360: running policy
    [frozen_flower] chain 199/200 task 3/5 step 1/360: policy 0.18s, stepping env
    [frozen_flower] chain 199/200 task 3/5 step 25/360: running policy
    [frozen_flower] chain 199/200 task 3/5 step 25/360: policy 0.00s, stepping env
    [frozen_flower] chain 199/200 task 3/5 step 50/360: running policy
    [frozen_flower] chain 199/200 task 3/5 step 50/360: policy 0.00s, stepping env
    [frozen_flower] chain 199/200 task 3/5 success at step 54
    [frozen_flower] chain 199/200 task 3/5 success: 54 steps, 1.6s
    [frozen_flower] chain 199/200 task 4/5 start: open_drawer | instruction: pull the handle to open the drawer
    [frozen_flower] chain 199/200 task 4/5 step 1/360: running policy
    [frozen_flower] chain 199/200 task 4/5 step 1/360: policy 0.17s, stepping env
    [frozen_flower] chain 199/200 task 4/5 step 25/360: running policy
    [frozen_flower] chain 199/200 task 4/5 step 25/360: policy 0.00s, stepping env
    [frozen_flower] chain 199/200 task 4/5 step 50/360: running policy
    [frozen_flower] chain 199/200 task 4/5 step 50/360: policy 0.00s, stepping env
    [frozen_flower] chain 199/200 task 4/5 step 75/360: running policy
    [frozen_flower] chain 199/200 task 4/5 step 75/360: policy 0.00s, stepping env
    [frozen_flower] chain 199/200 task 4/5 success at step 83
    [frozen_flower] chain 199/200 task 4/5 success: 83 steps, 2.3s
    [frozen_flower] chain 199/200 task 5/5 start: move_slider_left | instruction: push the sliding door to the left side
    [frozen_flower] chain 199/200 task 5/5 step 1/360: running policy
    [frozen_flower] chain 199/200 task 5/5 step 1/360: policy 0.18s, stepping env
    [frozen_flower] chain 199/200 task 5/5 step 25/360: running policy
    [frozen_flower] chain 199/200 task 5/5 step 25/360: policy 0.00s, stepping env
    [frozen_flower] chain 199/200 task 5/5 step 50/360: running policy
    [frozen_flower] chain 199/200 task 5/5 step 50/360: policy 0.00s, stepping env
    [frozen_flower] chain 199/200 task 5/5 step 75/360: running policy
    [frozen_flower] chain 199/200 task 5/5 step 75/360: policy 0.00s, stepping env
    [frozen_flower] chain 199/200 task 5/5 step 100/360: running policy
    [frozen_flower] chain 199/200 task 5/5 step 100/360: policy 0.00s, stepping env
    [frozen_flower] chain 199/200 task 5/5 step 125/360: running policy
    [frozen_flower] chain 199/200 task 5/5 step 125/360: policy 0.00s, stepping env
    [frozen_flower] chain 199/200 task 5/5 success at step 130
    [frozen_flower] chain 199/200 task 5/5 success: 130 steps, 3.5s
    [frozen_flower] chain 200/200 start: ['turn_off_lightbulb', 'push_pink_block_left', 'move_slider_left', 'lift_red_block_table', 'place_in_slider']
    [frozen_flower] chain 200/200 instructions: ['use the switch to turn off the light bulb', 'go push the pink block left', 'push the sliding door to the left side', 'grasp and lift the red block', 'store the grasped block in the sliding cabinet']
    [frozen_flower] chain 200/200 task 1/5 start: turn_off_lightbulb | instruction: use the switch to turn off the light bulb
    [frozen_flower] chain 200/200 task 1/5 step 1/360: running policy
    [frozen_flower] chain 200/200 task 1/5 step 1/360: policy 0.15s, stepping env
    [frozen_flower] chain 200/200 task 1/5 step 25/360: running policy
    [frozen_flower] chain 200/200 task 1/5 step 25/360: policy 0.00s, stepping env
    [frozen_flower] chain 200/200 task 1/5 step 50/360: running policy
    [frozen_flower] chain 200/200 task 1/5 step 50/360: policy 0.01s, stepping env
    [frozen_flower] chain 200/200 task 1/5 success at step 54
    [frozen_flower] chain 200/200 task 1/5 success: 54 steps, 1.4s
    [frozen_flower] chain 200/200 task 2/5 start: push_pink_block_left | instruction: go push the pink block left
    [frozen_flower] chain 200/200 task 2/5 step 1/360: running policy
    [frozen_flower] chain 200/200 task 2/5 step 1/360: policy 0.17s, stepping env
    [frozen_flower] chain 200/200 task 2/5 step 25/360: running policy
    [frozen_flower] chain 200/200 task 2/5 step 25/360: policy 0.00s, stepping env
    [frozen_flower] chain 200/200 task 2/5 step 50/360: running policy
    [frozen_flower] chain 200/200 task 2/5 step 50/360: policy 0.00s, stepping env
    [frozen_flower] chain 200/200 task 2/5 step 75/360: running policy
    [frozen_flower] chain 200/200 task 2/5 step 75/360: policy 0.00s, stepping env
    [frozen_flower] chain 200/200 task 2/5 step 100/360: running policy
    [frozen_flower] chain 200/200 task 2/5 step 100/360: policy 0.00s, stepping env
    [frozen_flower] chain 200/200 task 2/5 success at step 121
    [frozen_flower] chain 200/200 task 2/5 success: 121 steps, 3.3s
    [frozen_flower] chain 200/200 task 3/5 start: move_slider_left | instruction: push the sliding door to the left side
    [frozen_flower] chain 200/200 task 3/5 step 1/360: running policy
    [frozen_flower] chain 200/200 task 3/5 step 1/360: policy 0.17s, stepping env
    [frozen_flower] chain 200/200 task 3/5 step 25/360: running policy
    [frozen_flower] chain 200/200 task 3/5 step 25/360: policy 0.00s, stepping env
    [frozen_flower] chain 200/200 task 3/5 step 50/360: running policy
    [frozen_flower] chain 200/200 task 3/5 step 50/360: policy 0.00s, stepping env
    [frozen_flower] chain 200/200 task 3/5 success at step 61
    [frozen_flower] chain 200/200 task 3/5 success: 61 steps, 1.7s
    [frozen_flower] chain 200/200 task 4/5 start: lift_red_block_table | instruction: grasp and lift the red block
    [frozen_flower] chain 200/200 task 4/5 step 1/360: running policy
    [frozen_flower] chain 200/200 task 4/5 step 1/360: policy 0.17s, stepping env
    [frozen_flower] chain 200/200 task 4/5 step 25/360: running policy
    [frozen_flower] chain 200/200 task 4/5 step 25/360: policy 0.00s, stepping env
    [frozen_flower] chain 200/200 task 4/5 step 50/360: running policy
    [frozen_flower] chain 200/200 task 4/5 step 50/360: policy 0.00s, stepping env
    [frozen_flower] chain 200/200 task 4/5 success at step 63
    [frozen_flower] chain 200/200 task 4/5 success: 63 steps, 1.9s
    [frozen_flower] chain 200/200 task 5/5 start: place_in_slider | instruction: store the grasped block in the sliding cabinet
    [frozen_flower] chain 200/200 task 5/5 step 1/360: running policy
    [frozen_flower] chain 200/200 task 5/5 step 1/360: policy 0.18s, stepping env
    [frozen_flower] chain 200/200 task 5/5 step 25/360: running policy
    [frozen_flower] chain 200/200 task 5/5 step 25/360: policy 0.00s, stepping env
    [frozen_flower] chain 200/200 task 5/5 step 50/360: running policy
    [frozen_flower] chain 200/200 task 5/5 step 50/360: policy 0.00s, stepping env
    [frozen_flower] chain 200/200 task 5/5 step 75/360: running policy
    [frozen_flower] chain 200/200 task 5/5 step 75/360: policy 0.00s, stepping env
    [frozen_flower] chain 200/200 task 5/5 step 100/360: running policy
    [frozen_flower] chain 200/200 task 5/5 step 100/360: policy 0.00s, stepping env
    [frozen_flower] chain 200/200 task 5/5 step 125/360: running policy
    [frozen_flower] chain 200/200 task 5/5 step 125/360: policy 0.00s, stepping env
    [frozen_flower] chain 200/200 task 5/5 step 150/360: running policy
    [frozen_flower] chain 200/200 task 5/5 step 150/360: policy 0.00s, stepping env
    [frozen_flower] chain 200/200 task 5/5 step 175/360: running policy
    [frozen_flower] chain 200/200 task 5/5 step 175/360: policy 0.00s, stepping env
    [frozen_flower] chain 200/200 task 5/5 step 200/360: running policy
    [frozen_flower] chain 200/200 task 5/5 step 200/360: policy 0.00s, stepping env
    [frozen_flower] chain 200/200 task 5/5 step 225/360: running policy
    [frozen_flower] chain 200/200 task 5/5 step 225/360: policy 0.00s, stepping env
    [frozen_flower] chain 200/200 task 5/5 step 250/360: running policy
    [frozen_flower] chain 200/200 task 5/5 step 250/360: policy 0.00s, stepping env
    [frozen_flower] chain 200/200 task 5/5 step 275/360: running policy
    [frozen_flower] chain 200/200 task 5/5 step 275/360: policy 0.00s, stepping env
    [frozen_flower] chain 200/200 task 5/5 step 300/360: running policy
    [frozen_flower] chain 200/200 task 5/5 step 300/360: policy 0.00s, stepping env
    [frozen_flower] chain 200/200 task 5/5 step 325/360: running policy
    [frozen_flower] chain 200/200 task 5/5 step 325/360: policy 0.00s, stepping env
    [frozen_flower] chain 200/200 task 5/5 step 350/360: running policy
    [frozen_flower] chain 200/200 task 5/5 step 350/360: policy 0.01s, stepping env
    [frozen_flower] chain 200/200 task 5/5 failed: 360 steps, 10.5s
    [frozen_flower] 200/200 chains, L1 success: 95.0%
  [frozen_flower] L1=95.0%, L3=87.0%, L5=71.0%, latency=42.5ms

Results saved: /data0/yejinxuan/ce-ais/results/main_experiment.json

======================================================================
Method                     L1       L2       L3       L4       L5  Lat(ms)
----------------------------------------------------------------------
frozen_flower          95.0%   92.0%   87.0%   79.5%   71.0%    42.5
======================================================================
disconnecting id 0 from server
disconnecting id -1 from server
argv[0]=--width=200
argv[1]=--height=200
Loaded EGL 1.5 after reload.
GL_VENDOR=NVIDIA Corporation
GL_RENDERER=NVIDIA A100-SXM4-80GB/PCIe/SSE2
GL_VERSION=3.3.0 NVIDIA 595.58.03
GL_SHADING_LANGUAGE_VERSION=3.30 NVIDIA via Cg compiler
Version = 3.3.0 NVIDIA 595.58.03
Vendor = NVIDIA Corporation
Renderer = NVIDIA A100-SXM4-80GB/PCIe/SSE2
ven = NVIDIA Corporation
ven = NVIDIA Corporation
Destroy EGL OpenGL window.
