[INFO] Ignoring CUDA_VISIBLE_DEVICES=4,5,6,7; --device cuda:4 selects the physical GPU index.
======================================================================
CE-AIS Paper Main Experiments
Methods: ['frozen_flower', 'ce_ais']
Chains: 20 x 5
Device: cuda:4 (requested=cuda:4, visible=None)
EGL: enabled (EGL_VISIBLE_DEVICES=4)
======================================================================

[1] Initializing CALVIN environment...
/data0/yejinxuan/ce-ais/.venv/lib/python3.12/site-packages/hydra/_internal/defaults_list.py:251: UserWarning: In 'config_data_collection': Defaults list is missing `_self_`. See https://hydra.cc/docs/1.2/upgrades/1.0_to_1.1/default_composition_order for more information
  warnings.warn(msg, UserWarning)
/data0/yejinxuan/ce-ais/.venv/lib/python3.12/site-packages/hydra/core/default_element.py:124: UserWarning: In 'vr_input/vr_controller/vive': Usage of deprecated keyword in package header '# @package _group_'.
See https://hydra.cc/docs/1.2/upgrades/1.0_to_1.1/changes_to_package_header for more information
  deprecation_warning(
Gym has been unmaintained since 2022 and does not support NumPy 2.0 amongst other critical functionality.
Please upgrade to Gymnasium, the maintained drop-in replacement of Gym, or contact the authors of your software and request that they upgrade.
Users of this version of Gym should be able to simply replace 'import gym' with 'import gymnasium as gym' in the vast majority of cases.
See the migration guide at https://gymnasium.farama.org/introduction/migration_guide/ for additional information.
pybullet build time: Oct 21 2025 10:07:17
/data0/yejinxuan/workspace/calvin/calvin_env/calvin_env/envs/play_table_env.py:292: UserWarning: 
The version_base parameter is not specified.
Please specify a compatability version level, or None.
Will assume defaults for version 1.1
  @hydra.main(config_path="../../conf", config_name="config_data_collection")
argv[0]=--width=200
argv[1]=--height=200
EGL device choice: 4 of 17 (from EGL_VISIBLE_DEVICES)
Loaded EGL 1.5 after reload.
GL_VENDOR=NVIDIA Corporation
GL_RENDERER=NVIDIA A100-SXM4-80GB/PCIe/SSE2
GL_VERSION=3.3.0 NVIDIA 595.58.03
GL_SHADING_LANGUAGE_VERSION=3.30 NVIDIA via Cg compiler
Version = 3.3.0 NVIDIA 595.58.03
Vendor = NVIDIA Corporation
Renderer = NVIDIA A100-SXM4-80GB/PCIe/SSE2
  Available tasks: 34
  Sequence source: official

[Eval] Running: frozen_flower
/data0/yejinxuan/ce-ais/.venv/lib/python3.12/site-packages/lightning_lite/__init__.py:29: UserWarning: pkg_resources is deprecated as an API. See https://setuptools.pypa.io/en/latest/pkg_resources.html. The pkg_resources package is slated for removal as early as 2025-11-30. Refrain from using this package or pin to Setuptools<81.
  __import__("pkg_resources").declare_namespace(__name__)
Loading Florence-2 from /data0/yejinxuan/hf_cache/hub/Florence-2-large
Loading pretrained weights from /data0/yejinxuan/ce-ais/data/flower_calvin_abc/model.safetensors...
Loaded safetensors file
Pretrained weights loaded with the following issues:
  ⚠️ Missing keys (not found in checkpoint, using default init): 2
    ['vlm.language_model.final_logits_bias', 'vlm.language_model.model.shared.weight'] ...
  ⚠️ Unexpected keys (ignored): 2
    ['vlm.language_final_logits_bias', 'vlm.language_shared.weight'] ...
    [frozen_flower] chain 1/20 start: ['rotate_pink_block_left', 'turn_on_lightbulb', 'lift_blue_block_table', 'place_in_slider', 'open_drawer']
    [frozen_flower] chain 1/20 instructions: ['take the pink block and rotate it to the left', 'use the switch to turn on the light bulb', 'grasp and lift the blue block', 'store the grasped block in the sliding cabinet', 'pull the handle to open the drawer']
ven = NVIDIA Corporation
ven = NVIDIA Corporation
    [frozen_flower] chain 1/20 task 1/5 start: rotate_pink_block_left | instruction: take the pink block and rotate it to the left
    [frozen_flower] chain 1/20 task 1/5 step 1/360: running policy
    [frozen_flower] chain 1/20 task 1/5 step 1/360: policy 0.53s, stepping env
    [frozen_flower] chain 1/20 task 1/5 step 60/360: running policy
    [frozen_flower] chain 1/20 task 1/5 step 60/360: policy 0.01s, stepping env
    [frozen_flower] chain 1/20 task 1/5 success at step 60
    [frozen_flower] chain 1/20 task 1/5 success: 60 steps, 3.6s
    [frozen_flower] chain 1/20 task 2/5 start: turn_on_lightbulb | instruction: use the switch to turn on the light bulb
    [frozen_flower] chain 1/20 task 2/5 step 1/360: running policy
    [frozen_flower] chain 1/20 task 2/5 step 1/360: policy 0.27s, stepping env
    [frozen_flower] chain 1/20 task 2/5 success at step 58
    [frozen_flower] chain 1/20 task 2/5 success: 58 steps, 3.3s
    [frozen_flower] chain 1/20 task 3/5 start: lift_blue_block_table | instruction: grasp and lift the blue block
    [frozen_flower] chain 1/20 task 3/5 step 1/360: running policy
    [frozen_flower] chain 1/20 task 3/5 step 1/360: policy 0.20s, stepping env
    [frozen_flower] chain 1/20 task 3/5 success at step 46
    [frozen_flower] chain 1/20 task 3/5 success: 46 steps, 2.9s
    [frozen_flower] chain 1/20 task 4/5 start: place_in_slider | instruction: store the grasped block in the sliding cabinet
    [frozen_flower] chain 1/20 task 4/5 step 1/360: running policy
    [frozen_flower] chain 1/20 task 4/5 step 1/360: policy 0.20s, stepping env
    [frozen_flower] chain 1/20 task 4/5 step 60/360: running policy
    [frozen_flower] chain 1/20 task 4/5 step 60/360: policy 0.04s, stepping env
    [frozen_flower] chain 1/20 task 4/5 step 120/360: running policy
    [frozen_flower] chain 1/20 task 4/5 step 120/360: policy 0.00s, stepping env
    [frozen_flower] chain 1/20 task 4/5 step 180/360: running policy
    [frozen_flower] chain 1/20 task 4/5 step 180/360: policy 0.00s, stepping env
    [frozen_flower] chain 1/20 task 4/5 step 240/360: running policy
    [frozen_flower] chain 1/20 task 4/5 step 240/360: policy 0.02s, stepping env
    [frozen_flower] chain 1/20 task 4/5 step 300/360: running policy
    [frozen_flower] chain 1/20 task 4/5 step 300/360: policy 0.00s, stepping env
    [frozen_flower] chain 1/20 task 4/5 step 360/360: running policy
    [frozen_flower] chain 1/20 task 4/5 step 360/360: policy 0.04s, stepping env
    [frozen_flower] chain 1/20 task 4/5 failed: 360 steps, 15.8s
    [frozen_flower] chain 2/20 start: ['lift_red_block_table', 'stack_block', 'turn_off_lightbulb', 'unstack_block', 'push_pink_block_left']
    [frozen_flower] chain 2/20 instructions: ['grasp and lift the red block', 'stack the grasped block', 'use the switch to turn off the light bulb', 'remove the stacked block', 'go push the pink block left']
    [frozen_flower] chain 2/20 task 1/5 start: lift_red_block_table | instruction: grasp and lift the red block
    [frozen_flower] chain 2/20 task 1/5 step 1/360: running policy
    [frozen_flower] chain 2/20 task 1/5 step 1/360: policy 0.27s, stepping env
    [frozen_flower] chain 2/20 task 1/5 success at step 39
    [frozen_flower] chain 2/20 task 1/5 success: 39 steps, 1.6s
    [frozen_flower] chain 2/20 task 2/5 start: stack_block | instruction: stack the grasped block
    [frozen_flower] chain 2/20 task 2/5 step 1/360: running policy
    [frozen_flower] chain 2/20 task 2/5 step 1/360: policy 0.17s, stepping env
    [frozen_flower] chain 2/20 task 2/5 success at step 38
    [frozen_flower] chain 2/20 task 2/5 success: 38 steps, 2.2s
    [frozen_flower] chain 2/20 task 3/5 start: turn_off_lightbulb | instruction: use the switch to turn off the light bulb
    [frozen_flower] chain 2/20 task 3/5 step 1/360: running policy
    [frozen_flower] chain 2/20 task 3/5 step 1/360: policy 0.19s, stepping env
    [frozen_flower] chain 2/20 task 3/5 success at step 47
    [frozen_flower] chain 2/20 task 3/5 success: 47 steps, 2.3s
    [frozen_flower] chain 2/20 task 4/5 start: unstack_block | instruction: remove the stacked block
    [frozen_flower] chain 2/20 task 4/5 step 1/360: running policy
    [frozen_flower] chain 2/20 task 4/5 step 1/360: policy 0.20s, stepping env
    [frozen_flower] chain 2/20 task 4/5 success at step 46
    [frozen_flower] chain 2/20 task 4/5 success: 46 steps, 2.3s
    [frozen_flower] chain 2/20 task 5/5 start: push_pink_block_left | instruction: go push the pink block left
    [frozen_flower] chain 2/20 task 5/5 step 1/360: running policy
    [frozen_flower] chain 2/20 task 5/5 step 1/360: policy 0.19s, stepping env
    [frozen_flower] chain 2/20 task 5/5 step 60/360: running policy
    [frozen_flower] chain 2/20 task 5/5 step 60/360: policy 0.00s, stepping env
    [frozen_flower] chain 2/20 task 5/5 success at step 93
    [frozen_flower] chain 2/20 task 5/5 success: 93 steps, 3.5s
    [frozen_flower] chain 3/20 start: ['push_blue_block_right', 'turn_off_led', 'move_slider_left', 'lift_red_block_slider', 'stack_block']
    [frozen_flower] chain 3/20 instructions: ['go push the blue block right', 'press the button to turn off the led light', 'push the sliding door to the left side', 'lift the red block from the sliding cabinet', 'stack the grasped block']
    [frozen_flower] chain 3/20 task 1/5 start: push_blue_block_right | instruction: go push the blue block right
    [frozen_flower] chain 3/20 task 1/5 step 1/360: running policy
    [frozen_flower] chain 3/20 task 1/5 step 1/360: policy 0.20s, stepping env
    [frozen_flower] chain 3/20 task 1/5 step 60/360: running policy
    [frozen_flower] chain 3/20 task 1/5 step 60/360: policy 0.00s, stepping env
    [frozen_flower] chain 3/20 task 1/5 step 120/360: running policy
    [frozen_flower] chain 3/20 task 1/5 step 120/360: policy 0.01s, stepping env
    [frozen_flower] chain 3/20 task 1/5 step 180/360: running policy
    [frozen_flower] chain 3/20 task 1/5 step 180/360: policy 0.00s, stepping env
    [frozen_flower] chain 3/20 task 1/5 step 240/360: running policy
    [frozen_flower] chain 3/20 task 1/5 step 240/360: policy 0.00s, stepping env
    [frozen_flower] chain 3/20 task 1/5 success at step 292
    [frozen_flower] chain 3/20 task 1/5 success: 292 steps, 12.5s
    [frozen_flower] chain 3/20 task 2/5 start: turn_off_led | instruction: press the button to turn off the led light
    [frozen_flower] chain 3/20 task 2/5 step 1/360: running policy
    [frozen_flower] chain 3/20 task 2/5 step 1/360: policy 0.19s, stepping env
    [frozen_flower] chain 3/20 task 2/5 step 60/360: running policy
    [frozen_flower] chain 3/20 task 2/5 step 60/360: policy 0.04s, stepping env
    [frozen_flower] chain 3/20 task 2/5 success at step 66
    [frozen_flower] chain 3/20 task 2/5 success: 66 steps, 2.7s
    [frozen_flower] chain 3/20 task 3/5 start: move_slider_left | instruction: push the sliding door to the left side
    [frozen_flower] chain 3/20 task 3/5 step 1/360: running policy
    [frozen_flower] chain 3/20 task 3/5 step 1/360: policy 0.21s, stepping env
    [frozen_flower] chain 3/20 task 3/5 step 60/360: running policy
    [frozen_flower] chain 3/20 task 3/5 step 60/360: policy 0.00s, stepping env
    [frozen_flower] chain 3/20 task 3/5 success at step 96
    [frozen_flower] chain 3/20 task 3/5 success: 96 steps, 4.4s
    [frozen_flower] chain 3/20 task 4/5 start: lift_red_block_slider | instruction: lift the red block from the sliding cabinet
    [frozen_flower] chain 3/20 task 4/5 step 1/360: running policy
    [frozen_flower] chain 3/20 task 4/5 step 1/360: policy 0.19s, stepping env
    [frozen_flower] chain 3/20 task 4/5 step 60/360: running policy
    [frozen_flower] chain 3/20 task 4/5 step 60/360: policy 0.01s, stepping env
    [frozen_flower] chain 3/20 task 4/5 step 120/360: running policy
    [frozen_flower] chain 3/20 task 4/5 step 120/360: policy 0.00s, stepping env
    [frozen_flower] chain 3/20 task 4/5 step 180/360: running policy
    [frozen_flower] chain 3/20 task 4/5 step 180/360: policy 0.01s, stepping env
    [frozen_flower] chain 3/20 task 4/5 step 240/360: running policy
    [frozen_flower] chain 3/20 task 4/5 step 240/360: policy 0.02s, stepping env
    [frozen_flower] chain 3/20 task 4/5 step 300/360: running policy
    [frozen_flower] chain 3/20 task 4/5 step 300/360: policy 0.01s, stepping env
    [frozen_flower] chain 3/20 task 4/5 step 360/360: running policy
    [frozen_flower] chain 3/20 task 4/5 step 360/360: policy 0.00s, stepping env
    [frozen_flower] chain 3/20 task 4/5 failed: 360 steps, 17.2s
    [frozen_flower] chain 4/20 start: ['push_red_block_left', 'close_drawer', 'lift_pink_block_slider', 'place_in_slider', 'move_slider_left']
    [frozen_flower] chain 4/20 instructions: ['go push the red block left', 'push the handle to close the drawer', 'lift the pink block from the sliding cabinet', 'store the grasped block in the sliding cabinet', 'push the sliding door to the left side']
    [frozen_flower] chain 4/20 task 1/5 start: push_red_block_left | instruction: go push the red block left
    [frozen_flower] chain 4/20 task 1/5 step 1/360: running policy
    [frozen_flower] chain 4/20 task 1/5 step 1/360: policy 0.20s, stepping env
    [frozen_flower] chain 4/20 task 1/5 step 60/360: running policy
    [frozen_flower] chain 4/20 task 1/5 step 60/360: policy 0.00s, stepping env
    [frozen_flower] chain 4/20 task 1/5 step 120/360: running policy
    [frozen_flower] chain 4/20 task 1/5 step 120/360: policy 0.07s, stepping env
    [frozen_flower] chain 4/20 task 1/5 success at step 122
    [frozen_flower] chain 4/20 task 1/5 success: 122 steps, 6.0s
    [frozen_flower] chain 4/20 task 2/5 start: close_drawer | instruction: push the handle to close the drawer
    [frozen_flower] chain 4/20 task 2/5 step 1/360: running policy
    [frozen_flower] chain 4/20 task 2/5 step 1/360: policy 0.21s, stepping env
    [frozen_flower] chain 4/20 task 2/5 step 60/360: running policy
    [frozen_flower] chain 4/20 task 2/5 step 60/360: policy 0.01s, stepping env
    [frozen_flower] chain 4/20 task 2/5 success at step 72
    [frozen_flower] chain 4/20 task 2/5 success: 72 steps, 4.1s
    [frozen_flower] chain 4/20 task 3/5 start: lift_pink_block_slider | instruction: lift the pink block from the sliding cabinet
    [frozen_flower] chain 4/20 task 3/5 step 1/360: running policy
    [frozen_flower] chain 4/20 task 3/5 step 1/360: policy 0.23s, stepping env
    [frozen_flower] chain 4/20 task 3/5 step 60/360: running policy
    [frozen_flower] chain 4/20 task 3/5 step 60/360: policy 0.00s, stepping env
    [frozen_flower] chain 4/20 task 3/5 success at step 97
    [frozen_flower] chain 4/20 task 3/5 success: 97 steps, 3.8s
    [frozen_flower] chain 4/20 task 4/5 start: place_in_slider | instruction: store the grasped block in the sliding cabinet
    [frozen_flower] chain 4/20 task 4/5 step 1/360: running policy
    [frozen_flower] chain 4/20 task 4/5 step 1/360: policy 0.23s, stepping env
    [frozen_flower] chain 4/20 task 4/5 success at step 5
    [frozen_flower] chain 4/20 task 4/5 success: 5 steps, 0.3s
    [frozen_flower] chain 4/20 task 5/5 start: move_slider_left | instruction: push the sliding door to the left side
    [frozen_flower] chain 4/20 task 5/5 step 1/360: running policy
    [frozen_flower] chain 4/20 task 5/5 step 1/360: policy 0.24s, stepping env
    [frozen_flower] chain 4/20 task 5/5 step 60/360: running policy
    [frozen_flower] chain 4/20 task 5/5 step 60/360: policy 0.04s, stepping env
    [frozen_flower] chain 4/20 task 5/5 success at step 68
    [frozen_flower] chain 4/20 task 5/5 success: 68 steps, 3.6s
    [frozen_flower] chain 5/20 start: ['push_blue_block_left', 'lift_pink_block_table', 'stack_block', 'move_slider_left', 'open_drawer']
    [frozen_flower] chain 5/20 instructions: ['go push the blue block left', 'grasp and lift the pink block', 'stack the grasped block', 'push the sliding door to the left side', 'pull the handle to open the drawer']
    [frozen_flower] chain 5/20 task 1/5 start: push_blue_block_left | instruction: go push the blue block left
    [frozen_flower] chain 5/20 task 1/5 step 1/360: running policy
    [frozen_flower] chain 5/20 task 1/5 step 1/360: policy 0.26s, stepping env
    [frozen_flower] chain 5/20 task 1/5 success at step 49
    [frozen_flower] chain 5/20 task 1/5 success: 49 steps, 2.0s
    [frozen_flower] chain 5/20 task 2/5 start: lift_pink_block_table | instruction: grasp and lift the pink block
    [frozen_flower] chain 5/20 task 2/5 step 1/360: running policy
    [frozen_flower] chain 5/20 task 2/5 step 1/360: policy 0.24s, stepping env
    [frozen_flower] chain 5/20 task 2/5 success at step 49
    [frozen_flower] chain 5/20 task 2/5 success: 49 steps, 2.2s
    [frozen_flower] chain 5/20 task 3/5 start: stack_block | instruction: stack the grasped block
    [frozen_flower] chain 5/20 task 3/5 step 1/360: running policy
    [frozen_flower] chain 5/20 task 3/5 step 1/360: policy 0.22s, stepping env
    [frozen_flower] chain 5/20 task 3/5 step 60/360: running policy
    [frozen_flower] chain 5/20 task 3/5 step 60/360: policy 0.01s, stepping env
    [frozen_flower] chain 5/20 task 3/5 step 120/360: running policy
    [frozen_flower] chain 5/20 task 3/5 step 120/360: policy 0.03s, stepping env
    [frozen_flower] chain 5/20 task 3/5 step 180/360: running policy
    [frozen_flower] chain 5/20 task 3/5 step 180/360: policy 0.01s, stepping env
    [frozen_flower] chain 5/20 task 3/5 step 240/360: running policy
    [frozen_flower] chain 5/20 task 3/5 step 240/360: policy 0.00s, stepping env
    [frozen_flower] chain 5/20 task 3/5 step 300/360: running policy
    [frozen_flower] chain 5/20 task 3/5 step 300/360: policy 0.00s, stepping env
    [frozen_flower] chain 5/20 task 3/5 step 360/360: running policy
    [frozen_flower] chain 5/20 task 3/5 step 360/360: policy 0.02s, stepping env
    [frozen_flower] chain 5/20 task 3/5 failed: 360 steps, 18.0s
    [frozen_flower] chain 6/20 start: ['turn_off_led', 'rotate_pink_block_right', 'lift_pink_block_table', 'stack_block', 'move_slider_right']
    [frozen_flower] chain 6/20 instructions: ['press the button to turn off the led light', 'take the pink block and rotate it to the right', 'grasp and lift the pink block', 'stack the grasped block', 'push the sliding door to the right side']
    [frozen_flower] chain 6/20 task 1/5 start: turn_off_led | instruction: press the button to turn off the led light
    [frozen_flower] chain 6/20 task 1/5 step 1/360: running policy
    [frozen_flower] chain 6/20 task 1/5 step 1/360: policy 0.21s, stepping env
    [frozen_flower] chain 6/20 task 1/5 step 60/360: running policy
    [frozen_flower] chain 6/20 task 1/5 step 60/360: policy 0.01s, stepping env
    [frozen_flower] chain 6/20 task 1/5 success at step 63
    [frozen_flower] chain 6/20 task 1/5 success: 63 steps, 3.5s
    [frozen_flower] chain 6/20 task 2/5 start: rotate_pink_block_right | instruction: take the pink block and rotate it to the right
    [frozen_flower] chain 6/20 task 2/5 step 1/360: running policy
    [frozen_flower] chain 6/20 task 2/5 step 1/360: policy 0.18s, stepping env
    [frozen_flower] chain 6/20 task 2/5 step 60/360: running policy
    [frozen_flower] chain 6/20 task 2/5 step 60/360: policy 0.00s, stepping env
    [frozen_flower] chain 6/20 task 2/5 step 120/360: running policy
    [frozen_flower] chain 6/20 task 2/5 step 120/360: policy 0.00s, stepping env
    [frozen_flower] chain 6/20 task 2/5 success at step 144
    [frozen_flower] chain 6/20 task 2/5 success: 144 steps, 5.7s
    [frozen_flower] chain 6/20 task 3/5 start: lift_pink_block_table | instruction: grasp and lift the pink block
    [frozen_flower] chain 6/20 task 3/5 step 1/360: running policy
    [frozen_flower] chain 6/20 task 3/5 step 1/360: policy 0.20s, stepping env
    [frozen_flower] chain 6/20 task 3/5 success at step 34
    [frozen_flower] chain 6/20 task 3/5 success: 34 steps, 1.5s
    [frozen_flower] chain 6/20 task 4/5 start: stack_block | instruction: stack the grasped block
    [frozen_flower] chain 6/20 task 4/5 step 1/360: running policy
    [frozen_flower] chain 6/20 task 4/5 step 1/360: policy 0.22s, stepping env
    [frozen_flower] chain 6/20 task 4/5 success at step 29
    [frozen_flower] chain 6/20 task 4/5 success: 29 steps, 1.0s
    [frozen_flower] chain 6/20 task 5/5 start: move_slider_right | instruction: push the sliding door to the right side
    [frozen_flower] chain 6/20 task 5/5 step 1/360: running policy
    [frozen_flower] chain 6/20 task 5/5 step 1/360: policy 0.21s, stepping env
    [frozen_flower] chain 6/20 task 5/5 step 60/360: running policy
    [frozen_flower] chain 6/20 task 5/5 step 60/360: policy 0.00s, stepping env
    [frozen_flower] chain 6/20 task 5/5 success at step 79
    [frozen_flower] chain 6/20 task 5/5 success: 79 steps, 3.5s
    [frozen_flower] chain 7/20 start: ['move_slider_right', 'push_blue_block_right', 'turn_off_led', 'open_drawer', 'push_into_drawer']
    [frozen_flower] chain 7/20 instructions: ['push the sliding door to the right side', 'go push the blue block right', 'press the button to turn off the led light', 'pull the handle to open the drawer', 'slide the block that it falls into the drawer']
    [frozen_flower] chain 7/20 task 1/5 start: move_slider_right | instruction: push the sliding door to the right side
    [frozen_flower] chain 7/20 task 1/5 step 1/360: running policy
    [frozen_flower] chain 7/20 task 1/5 step 1/360: policy 0.21s, stepping env
    [frozen_flower] chain 7/20 task 1/5 step 60/360: running policy
    [frozen_flower] chain 7/20 task 1/5 step 60/360: policy 0.01s, stepping env
    [frozen_flower] chain 7/20 task 1/5 success at step 60
    [frozen_flower] chain 7/20 task 1/5 success: 60 steps, 3.1s
    [frozen_flower] chain 7/20 task 2/5 start: push_blue_block_right | instruction: go push the blue block right
    [frozen_flower] chain 7/20 task 2/5 step 1/360: running policy
    [frozen_flower] chain 7/20 task 2/5 step 1/360: policy 0.17s, stepping env
    [frozen_flower] chain 7/20 task 2/5 step 60/360: running policy
    [frozen_flower] chain 7/20 task 2/5 step 60/360: policy 0.00s, stepping env
    [frozen_flower] chain 7/20 task 2/5 success at step 67
    [frozen_flower] chain 7/20 task 2/5 success: 67 steps, 3.0s
    [frozen_flower] chain 7/20 task 3/5 start: turn_off_led | instruction: press the button to turn off the led light
    [frozen_flower] chain 7/20 task 3/5 step 1/360: running policy
    [frozen_flower] chain 7/20 task 3/5 step 1/360: policy 0.21s, stepping env
    [frozen_flower] chain 7/20 task 3/5 step 60/360: running policy
    [frozen_flower] chain 7/20 task 3/5 step 60/360: policy 0.00s, stepping env
    [frozen_flower] chain 7/20 task 3/5 success at step 70
    [frozen_flower] chain 7/20 task 3/5 success: 70 steps, 3.2s
    [frozen_flower] chain 7/20 task 4/5 start: open_drawer | instruction: pull the handle to open the drawer
    [frozen_flower] chain 7/20 task 4/5 step 1/360: running policy
    [frozen_flower] chain 7/20 task 4/5 step 1/360: policy 0.19s, stepping env
    [frozen_flower] chain 7/20 task 4/5 step 60/360: running policy
    [frozen_flower] chain 7/20 task 4/5 step 60/360: policy 0.05s, stepping env
    [frozen_flower] chain 7/20 task 4/5 success at step 74
    [frozen_flower] chain 7/20 task 4/5 success: 74 steps, 4.3s
    [frozen_flower] chain 7/20 task 5/5 start: push_into_drawer | instruction: slide the block that it falls into the drawer
    [frozen_flower] chain 7/20 task 5/5 step 1/360: running policy
    [frozen_flower] chain 7/20 task 5/5 step 1/360: policy 0.20s, stepping env
    [frozen_flower] chain 7/20 task 5/5 step 60/360: running policy
    [frozen_flower] chain 7/20 task 5/5 step 60/360: policy 0.05s, stepping env
    [frozen_flower] chain 7/20 task 5/5 success at step 79
    [frozen_flower] chain 7/20 task 5/5 success: 79 steps, 3.1s
    [frozen_flower] chain 8/20 start: ['push_red_block_left', 'move_slider_left', 'turn_on_lightbulb', 'lift_red_block_table', 'place_in_drawer']
    [frozen_flower] chain 8/20 instructions: ['go push the red block left', 'push the sliding door to the left side', 'use the switch to turn on the light bulb', 'grasp and lift the red block', 'store the grasped block in the drawer']
    [frozen_flower] chain 8/20 task 1/5 start: push_red_block_left | instruction: go push the red block left
    [frozen_flower] chain 8/20 task 1/5 step 1/360: running policy
    [frozen_flower] chain 8/20 task 1/5 step 1/360: policy 0.20s, stepping env
    [frozen_flower] chain 8/20 task 1/5 success at step 56
    [frozen_flower] chain 8/20 task 1/5 success: 56 steps, 2.2s
    [frozen_flower] chain 8/20 task 2/5 start: move_slider_left | instruction: push the sliding door to the left side
    [frozen_flower] chain 8/20 task 2/5 step 1/360: running policy
    [frozen_flower] chain 8/20 task 2/5 step 1/360: policy 0.22s, stepping env
    [frozen_flower] chain 8/20 task 2/5 success at step 53
    [frozen_flower] chain 8/20 task 2/5 success: 53 steps, 2.8s
    [frozen_flower] chain 8/20 task 3/5 start: turn_on_lightbulb | instruction: use the switch to turn on the light bulb
    [frozen_flower] chain 8/20 task 3/5 step 1/360: running policy
    [frozen_flower] chain 8/20 task 3/5 step 1/360: policy 0.27s, stepping env
    [frozen_flower] chain 8/20 task 3/5 step 60/360: running policy
    [frozen_flower] chain 8/20 task 3/5 step 60/360: policy 0.01s, stepping env
    [frozen_flower] chain 8/20 task 3/5 success at step 62
    [frozen_flower] chain 8/20 task 3/5 success: 62 steps, 2.4s
    [frozen_flower] chain 8/20 task 4/5 start: lift_red_block_table | instruction: grasp and lift the red block
    [frozen_flower] chain 8/20 task 4/5 step 1/360: running policy
    [frozen_flower] chain 8/20 task 4/5 step 1/360: policy 0.21s, stepping env
    [frozen_flower] chain 8/20 task 4/5 step 60/360: running policy
    [frozen_flower] chain 8/20 task 4/5 step 60/360: policy 0.10s, stepping env
    [frozen_flower] chain 8/20 task 4/5 success at step 77
    [frozen_flower] chain 8/20 task 4/5 success: 77 steps, 3.9s
    [frozen_flower] chain 8/20 task 5/5 start: place_in_drawer | instruction: store the grasped block in the drawer
    [frozen_flower] chain 8/20 task 5/5 step 1/360: running policy
    [frozen_flower] chain 8/20 task 5/5 step 1/360: policy 0.21s, stepping env
    [frozen_flower] chain 8/20 task 5/5 success at step 35
    [frozen_flower] chain 8/20 task 5/5 success: 35 steps, 1.4s
    [frozen_flower] chain 9/20 start: ['turn_on_led', 'move_slider_left', 'rotate_pink_block_left', 'lift_pink_block_table', 'place_in_slider']
    [frozen_flower] chain 9/20 instructions: ['press the button to turn on the led light', 'push the sliding door to the left side', 'take the pink block and rotate it to the left', 'grasp and lift the pink block', 'store the grasped block in the sliding cabinet']
    [frozen_flower] chain 9/20 task 1/5 start: turn_on_led | instruction: press the button to turn on the led light
    [frozen_flower] chain 9/20 task 1/5 step 1/360: running policy
    [frozen_flower] chain 9/20 task 1/5 step 1/360: policy 0.21s, stepping env
    [frozen_flower] chain 9/20 task 1/5 success at step 36
    [frozen_flower] chain 9/20 task 1/5 success: 36 steps, 1.9s
    [frozen_flower] chain 9/20 task 2/5 start: move_slider_left | instruction: push the sliding door to the left side
    [frozen_flower] chain 9/20 task 2/5 step 1/360: running policy
    [frozen_flower] chain 9/20 task 2/5 step 1/360: policy 0.19s, stepping env
    [frozen_flower] chain 9/20 task 2/5 step 60/360: running policy
    [frozen_flower] chain 9/20 task 2/5 step 60/360: policy 0.00s, stepping env
    [frozen_flower] chain 9/20 task 2/5 success at step 64
    [frozen_flower] chain 9/20 task 2/5 success: 64 steps, 4.0s
    [frozen_flower] chain 9/20 task 3/5 start: rotate_pink_block_left | instruction: take the pink block and rotate it to the left
    [frozen_flower] chain 9/20 task 3/5 step 1/360: running policy
    [frozen_flower] chain 9/20 task 3/5 step 1/360: policy 0.21s, stepping env
    [frozen_flower] chain 9/20 task 3/5 step 60/360: running policy
    [frozen_flower] chain 9/20 task 3/5 step 60/360: policy 0.01s, stepping env
    [frozen_flower] chain 9/20 task 3/5 success at step 104
    [frozen_flower] chain 9/20 task 3/5 success: 104 steps, 5.9s
    [frozen_flower] chain 9/20 task 4/5 start: lift_pink_block_table | instruction: grasp and lift the pink block
    [frozen_flower] chain 9/20 task 4/5 step 1/360: running policy
    [frozen_flower] chain 9/20 task 4/5 step 1/360: policy 0.19s, stepping env
    [frozen_flower] chain 9/20 task 4/5 step 60/360: running policy
    [frozen_flower] chain 9/20 task 4/5 step 60/360: policy 0.00s, stepping env
    [frozen_flower] chain 9/20 task 4/5 success at step 80
    [frozen_flower] chain 9/20 task 4/5 success: 80 steps, 4.6s
    [frozen_flower] chain 9/20 task 5/5 start: place_in_slider | instruction: store the grasped block in the sliding cabinet
    [frozen_flower] chain 9/20 task 5/5 step 1/360: running policy
    [frozen_flower] chain 9/20 task 5/5 step 1/360: policy 0.20s, stepping env
    [frozen_flower] chain 9/20 task 5/5 success at step 39
    [frozen_flower] chain 9/20 task 5/5 success: 39 steps, 1.5s
    [frozen_flower] chain 10/20 start: ['rotate_blue_block_right', 'lift_pink_block_slider', 'stack_block', 'turn_on_lightbulb', 'open_drawer']
    [frozen_flower] chain 10/20 instructions: ['take the blue block and rotate it to the right', 'lift the pink block from the sliding cabinet', 'stack the grasped block', 'use the switch to turn on the light bulb', 'pull the handle to open the drawer']
    [frozen_flower] chain 10/20 task 1/5 start: rotate_blue_block_right | instruction: take the blue block and rotate it to the right
    [frozen_flower] chain 10/20 task 1/5 step 1/360: running policy
    [frozen_flower] chain 10/20 task 1/5 step 1/360: policy 0.23s, stepping env
    [frozen_flower] chain 10/20 task 1/5 step 60/360: running policy
    [frozen_flower] chain 10/20 task 1/5 step 60/360: policy 0.01s, stepping env
    [frozen_flower] chain 10/20 task 1/5 success at step 84
    [frozen_flower] chain 10/20 task 1/5 success: 84 steps, 3.5s
    [frozen_flower] chain 10/20 task 2/5 start: lift_pink_block_slider | instruction: lift the pink block from the sliding cabinet
    [frozen_flower] chain 10/20 task 2/5 step 1/360: running policy
    [frozen_flower] chain 10/20 task 2/5 step 1/360: policy 0.23s, stepping env
    [frozen_flower] chain 10/20 task 2/5 step 60/360: running policy
    [frozen_flower] chain 10/20 task 2/5 step 60/360: policy 0.00s, stepping env
    [frozen_flower] chain 10/20 task 2/5 success at step 64
    [frozen_flower] chain 10/20 task 2/5 success: 64 steps, 2.3s
    [frozen_flower] chain 10/20 task 3/5 start: stack_block | instruction: stack the grasped block
    [frozen_flower] chain 10/20 task 3/5 step 1/360: running policy
    [frozen_flower] chain 10/20 task 3/5 step 1/360: policy 0.21s, stepping env
    [frozen_flower] chain 10/20 task 3/5 success at step 41
    [frozen_flower] chain 10/20 task 3/5 success: 41 steps, 2.6s
    [frozen_flower] chain 10/20 task 4/5 start: turn_on_lightbulb | instruction: use the switch to turn on the light bulb
    [frozen_flower] chain 10/20 task 4/5 step 1/360: running policy
    [frozen_flower] chain 10/20 task 4/5 step 1/360: policy 0.20s, stepping env
    [frozen_flower] chain 10/20 task 4/5 success at step 44
    [frozen_flower] chain 10/20 task 4/5 success: 44 steps, 1.8s
    [frozen_flower] chain 10/20 task 5/5 start: open_drawer | instruction: pull the handle to open the drawer
    [frozen_flower] chain 10/20 task 5/5 step 1/360: running policy
    [frozen_flower] chain 10/20 task 5/5 step 1/360: policy 0.20s, stepping env
    [frozen_flower] chain 10/20 task 5/5 step 60/360: running policy
    [frozen_flower] chain 10/20 task 5/5 step 60/360: policy 0.00s, stepping env
    [frozen_flower] chain 10/20 task 5/5 success at step 71
    [frozen_flower] chain 10/20 task 5/5 success: 71 steps, 4.2s
    [frozen_flower] 10/20 chains, L1 success: 100.0%
    [frozen_flower] chain 11/20 start: ['push_red_block_left', 'close_drawer', 'turn_on_lightbulb', 'lift_red_block_table', 'place_in_slider']
    [frozen_flower] chain 11/20 instructions: ['go push the red block left', 'push the handle to close the drawer', 'use the switch to turn on the light bulb', 'grasp and lift the red block', 'store the grasped block in the sliding cabinet']
    [frozen_flower] chain 11/20 task 1/5 start: push_red_block_left | instruction: go push the red block left
    [frozen_flower] chain 11/20 task 1/5 step 1/360: running policy
    [frozen_flower] chain 11/20 task 1/5 step 1/360: policy 0.21s, stepping env
    [frozen_flower] chain 11/20 task 1/5 step 60/360: running policy
    [frozen_flower] chain 11/20 task 1/5 step 60/360: policy 0.01s, stepping env
    [frozen_flower] chain 11/20 task 1/5 step 120/360: running policy
    [frozen_flower] chain 11/20 task 1/5 step 120/360: policy 0.00s, stepping env
    [frozen_flower] chain 11/20 task 1/5 step 180/360: running policy
    [frozen_flower] chain 11/20 task 1/5 step 180/360: policy 0.00s, stepping env
    [frozen_flower] chain 11/20 task 1/5 step 240/360: running policy
    [frozen_flower] chain 11/20 task 1/5 step 240/360: policy 0.00s, stepping env
    [frozen_flower] chain 11/20 task 1/5 step 300/360: running policy
    [frozen_flower] chain 11/20 task 1/5 step 300/360: policy 0.00s, stepping env
    [frozen_flower] chain 11/20 task 1/5 step 360/360: running policy
    [frozen_flower] chain 11/20 task 1/5 step 360/360: policy 0.01s, stepping env
    [frozen_flower] chain 11/20 task 1/5 failed: 360 steps, 16.5s
    [frozen_flower] chain 12/20 start: ['rotate_blue_block_left', 'close_drawer', 'turn_off_lightbulb', 'lift_blue_block_table', 'place_in_slider']
    [frozen_flower] chain 12/20 instructions: ['take the blue block and rotate it to the left', 'push the handle to close the drawer', 'use the switch to turn off the light bulb', 'grasp and lift the blue block', 'store the grasped block in the sliding cabinet']
    [frozen_flower] chain 12/20 task 1/5 start: rotate_blue_block_left | instruction: take the blue block and rotate it to the left
    [frozen_flower] chain 12/20 task 1/5 step 1/360: running policy
    [frozen_flower] chain 12/20 task 1/5 step 1/360: policy 0.21s, stepping env
    [frozen_flower] chain 12/20 task 1/5 step 60/360: running policy
    [frozen_flower] chain 12/20 task 1/5 step 60/360: policy 0.01s, stepping env
    [frozen_flower] chain 12/20 task 1/5 success at step 84
    [frozen_flower] chain 12/20 task 1/5 success: 84 steps, 3.9s
    [frozen_flower] chain 12/20 task 2/5 start: close_drawer | instruction: push the handle to close the drawer
    [frozen_flower] chain 12/20 task 2/5 step 1/360: running policy
    [frozen_flower] chain 12/20 task 2/5 step 1/360: policy 0.28s, stepping env
    [frozen_flower] chain 12/20 task 2/5 step 60/360: running policy
    [frozen_flower] chain 12/20 task 2/5 step 60/360: policy 0.00s, stepping env
    [frozen_flower] chain 12/20 task 2/5 success at step 81
    [frozen_flower] chain 12/20 task 2/5 success: 81 steps, 3.5s
    [frozen_flower] chain 12/20 task 3/5 start: turn_off_lightbulb | instruction: use the switch to turn off the light bulb
    [frozen_flower] chain 12/20 task 3/5 step 1/360: running policy
    [frozen_flower] chain 12/20 task 3/5 step 1/360: policy 0.19s, stepping env
    [frozen_flower] chain 12/20 task 3/5 step 60/360: running policy
    [frozen_flower] chain 12/20 task 3/5 step 60/360: policy 0.00s, stepping env
    [frozen_flower] chain 12/20 task 3/5 success at step 76
    [frozen_flower] chain 12/20 task 3/5 success: 76 steps, 3.4s
    [frozen_flower] chain 12/20 task 4/5 start: lift_blue_block_table | instruction: grasp and lift the blue block
    [frozen_flower] chain 12/20 task 4/5 step 1/360: running policy
    [frozen_flower] chain 12/20 task 4/5 step 1/360: policy 0.27s, stepping env
    [frozen_flower] chain 12/20 task 4/5 success at step 55
    [frozen_flower] chain 12/20 task 4/5 success: 55 steps, 3.6s
    [frozen_flower] chain 12/20 task 5/5 start: place_in_slider | instruction: store the grasped block in the sliding cabinet
    [frozen_flower] chain 12/20 task 5/5 step 1/360: running policy
    [frozen_flower] chain 12/20 task 5/5 step 1/360: policy 0.26s, stepping env
    [frozen_flower] chain 12/20 task 5/5 success at step 28
    [frozen_flower] chain 12/20 task 5/5 success: 28 steps, 1.1s
    [frozen_flower] chain 13/20 start: ['rotate_pink_block_left', 'turn_off_led', 'lift_blue_block_table', 'stack_block', 'close_drawer']
    [frozen_flower] chain 13/20 instructions: ['take the pink block and rotate it to the left', 'press the button to turn off the led light', 'grasp and lift the blue block', 'stack the grasped block', 'push the handle to close the drawer']
    [frozen_flower] chain 13/20 task 1/5 start: rotate_pink_block_left | instruction: take the pink block and rotate it to the left
    [frozen_flower] chain 13/20 task 1/5 step 1/360: running policy
    [frozen_flower] chain 13/20 task 1/5 step 1/360: policy 0.20s, stepping env
    [frozen_flower] chain 13/20 task 1/5 step 60/360: running policy
    [frozen_flower] chain 13/20 task 1/5 step 60/360: policy 0.00s, stepping env
    [frozen_flower] chain 13/20 task 1/5 success at step 73
    [frozen_flower] chain 13/20 task 1/5 success: 73 steps, 3.0s
    [frozen_flower] chain 13/20 task 2/5 start: turn_off_led | instruction: press the button to turn off the led light
    [frozen_flower] chain 13/20 task 2/5 step 1/360: running policy
    [frozen_flower] chain 13/20 task 2/5 step 1/360: policy 0.18s, stepping env
    [frozen_flower] chain 13/20 task 2/5 step 60/360: running policy
    [frozen_flower] chain 13/20 task 2/5 step 60/360: policy 0.01s, stepping env
    [frozen_flower] chain 13/20 task 2/5 success at step 73
    [frozen_flower] chain 13/20 task 2/5 success: 73 steps, 2.9s
    [frozen_flower] chain 13/20 task 3/5 start: lift_blue_block_table | instruction: grasp and lift the blue block
    [frozen_flower] chain 13/20 task 3/5 step 1/360: running policy
    [frozen_flower] chain 13/20 task 3/5 step 1/360: policy 0.19s, stepping env
    [frozen_flower] chain 13/20 task 3/5 step 60/360: running policy
    [frozen_flower] chain 13/20 task 3/5 step 60/360: policy 0.01s, stepping env
    [frozen_flower] chain 13/20 task 3/5 success at step 69
    [frozen_flower] chain 13/20 task 3/5 success: 69 steps, 4.1s
    [frozen_flower] chain 13/20 task 4/5 start: stack_block | instruction: stack the grasped block
    [frozen_flower] chain 13/20 task 4/5 step 1/360: running policy
    [frozen_flower] chain 13/20 task 4/5 step 1/360: policy 0.27s, stepping env
    [frozen_flower] chain 13/20 task 4/5 success at step 36
    [frozen_flower] chain 13/20 task 4/5 success: 36 steps, 1.7s
    [frozen_flower] chain 13/20 task 5/5 start: close_drawer | instruction: push the handle to close the drawer
    [frozen_flower] chain 13/20 task 5/5 step 1/360: running policy
    [frozen_flower] chain 13/20 task 5/5 step 1/360: policy 0.20s, stepping env
    [frozen_flower] chain 13/20 task 5/5 step 60/360: running policy
    [frozen_flower] chain 13/20 task 5/5 step 60/360: policy 0.00s, stepping env
    [frozen_flower] chain 13/20 task 5/5 success at step 74
    [frozen_flower] chain 13/20 task 5/5 success: 74 steps, 3.4s
    [frozen_flower] chain 14/20 start: ['push_pink_block_left', 'turn_off_lightbulb', 'lift_pink_block_table', 'place_in_slider', 'close_drawer']
    [frozen_flower] chain 14/20 instructions: ['go push the pink block left', 'use the switch to turn off the light bulb', 'grasp and lift the pink block', 'store the grasped block in the sliding cabinet', 'push the handle to close the drawer']
    [frozen_flower] chain 14/20 task 1/5 start: push_pink_block_left | instruction: go push the pink block left
    [frozen_flower] chain 14/20 task 1/5 step 1/360: running policy
    [frozen_flower] chain 14/20 task 1/5 step 1/360: policy 0.28s, stepping env
    [frozen_flower] chain 14/20 task 1/5 step 60/360: running policy
    [frozen_flower] chain 14/20 task 1/5 step 60/360: policy 0.00s, stepping env
    [frozen_flower] chain 14/20 task 1/5 success at step 63
    [frozen_flower] chain 14/20 task 1/5 success: 63 steps, 2.8s
    [frozen_flower] chain 14/20 task 2/5 start: turn_off_lightbulb | instruction: use the switch to turn off the light bulb
    [frozen_flower] chain 14/20 task 2/5 step 1/360: running policy
    [frozen_flower] chain 14/20 task 2/5 step 1/360: policy 0.26s, stepping env
    [frozen_flower] chain 14/20 task 2/5 step 60/360: running policy
    [frozen_flower] chain 14/20 task 2/5 step 60/360: policy 0.00s, stepping env
    [frozen_flower] chain 14/20 task 2/5 success at step 69
    [frozen_flower] chain 14/20 task 2/5 success: 69 steps, 2.6s
    [frozen_flower] chain 14/20 task 3/5 start: lift_pink_block_table | instruction: grasp and lift the pink block
    [frozen_flower] chain 14/20 task 3/5 step 1/360: running policy
    [frozen_flower] chain 14/20 task 3/5 step 1/360: policy 0.20s, stepping env
    [frozen_flower] chain 14/20 task 3/5 step 60/360: running policy
    [frozen_flower] chain 14/20 task 3/5 step 60/360: policy 0.01s, stepping env
    [frozen_flower] chain 14/20 task 3/5 success at step 70
    [frozen_flower] chain 14/20 task 3/5 success: 70 steps, 3.9s
    [frozen_flower] chain 14/20 task 4/5 start: place_in_slider | instruction: store the grasped block in the sliding cabinet
    [frozen_flower] chain 14/20 task 4/5 step 1/360: running policy
    [frozen_flower] chain 14/20 task 4/5 step 1/360: policy 0.26s, stepping env
    [frozen_flower] chain 14/20 task 4/5 success at step 32
    [frozen_flower] chain 14/20 task 4/5 success: 32 steps, 1.7s
    [frozen_flower] chain 14/20 task 5/5 start: close_drawer | instruction: push the handle to close the drawer
    [frozen_flower] chain 14/20 task 5/5 step 1/360: running policy
    [frozen_flower] chain 14/20 task 5/5 step 1/360: policy 0.18s, stepping env
    [frozen_flower] chain 14/20 task 5/5 step 60/360: running policy
    [frozen_flower] chain 14/20 task 5/5 step 60/360: policy 0.00s, stepping env
    [frozen_flower] chain 14/20 task 5/5 success at step 86
    [frozen_flower] chain 14/20 task 5/5 success: 86 steps, 3.0s
    [frozen_flower] chain 15/20 start: ['push_red_block_right', 'close_drawer', 'move_slider_left', 'turn_on_lightbulb', 'lift_red_block_table']
    [frozen_flower] chain 15/20 instructions: ['go push the red block right', 'push the handle to close the drawer', 'push the sliding door to the left side', 'use the switch to turn on the light bulb', 'grasp and lift the red block']
    [frozen_flower] chain 15/20 task 1/5 start: push_red_block_right | instruction: go push the red block right
    [frozen_flower] chain 15/20 task 1/5 step 1/360: running policy
    [frozen_flower] chain 15/20 task 1/5 step 1/360: policy 0.19s, stepping env
    [frozen_flower] chain 15/20 task 1/5 step 60/360: running policy
    [frozen_flower] chain 15/20 task 1/5 step 60/360: policy 0.00s, stepping env
    [frozen_flower] chain 15/20 task 1/5 success at step 104
    [frozen_flower] chain 15/20 task 1/5 success: 104 steps, 5.9s
    [frozen_flower] chain 15/20 task 2/5 start: close_drawer | instruction: push the handle to close the drawer
    [frozen_flower] chain 15/20 task 2/5 step 1/360: running policy
    [frozen_flower] chain 15/20 task 2/5 step 1/360: policy 0.20s, stepping env
    [frozen_flower] chain 15/20 task 2/5 step 60/360: running policy
    [frozen_flower] chain 15/20 task 2/5 step 60/360: policy 0.01s, stepping env
    [frozen_flower] chain 15/20 task 2/5 success at step 81
    [frozen_flower] chain 15/20 task 2/5 success: 81 steps, 3.8s
    [frozen_flower] chain 15/20 task 3/5 start: move_slider_left | instruction: push the sliding door to the left side
    [frozen_flower] chain 15/20 task 3/5 step 1/360: running policy
    [frozen_flower] chain 15/20 task 3/5 step 1/360: policy 0.19s, stepping env
    [frozen_flower] chain 15/20 task 3/5 step 60/360: running policy
    [frozen_flower] chain 15/20 task 3/5 step 60/360: policy 0.01s, stepping env
    [frozen_flower] chain 15/20 task 3/5 success at step 90
    [frozen_flower] chain 15/20 task 3/5 success: 90 steps, 3.9s
    [frozen_flower] chain 15/20 task 4/5 start: turn_on_lightbulb | instruction: use the switch to turn on the light bulb
    [frozen_flower] chain 15/20 task 4/5 step 1/360: running policy
    [frozen_flower] chain 15/20 task 4/5 step 1/360: policy 0.20s, stepping env
    [frozen_flower] chain 15/20 task 4/5 success at step 57
    [frozen_flower] chain 15/20 task 4/5 success: 57 steps, 2.0s
    [frozen_flower] chain 15/20 task 5/5 start: lift_red_block_table | instruction: grasp and lift the red block
    [frozen_flower] chain 15/20 task 5/5 step 1/360: running policy
    [frozen_flower] chain 15/20 task 5/5 step 1/360: policy 0.21s, stepping env
    [frozen_flower] chain 15/20 task 5/5 success at step 50
    [frozen_flower] chain 15/20 task 5/5 success: 50 steps, 1.9s
    [frozen_flower] chain 16/20 start: ['turn_on_lightbulb', 'rotate_red_block_right', 'move_slider_right', 'lift_blue_block_slider', 'place_in_slider']
    [frozen_flower] chain 16/20 instructions: ['use the switch to turn on the light bulb', 'take the red block and rotate it to the right', 'push the sliding door to the right side', 'lift the blue block from the sliding cabinet', 'store the grasped block in the sliding cabinet']
    [frozen_flower] chain 16/20 task 1/5 start: turn_on_lightbulb | instruction: use the switch to turn on the light bulb
    [frozen_flower] chain 16/20 task 1/5 step 1/360: running policy
    [frozen_flower] chain 16/20 task 1/5 step 1/360: policy 0.21s, stepping env
    [frozen_flower] chain 16/20 task 1/5 success at step 53
    [frozen_flower] chain 16/20 task 1/5 success: 53 steps, 2.8s
    [frozen_flower] chain 16/20 task 2/5 start: rotate_red_block_right | instruction: take the red block and rotate it to the right
    [frozen_flower] chain 16/20 task 2/5 step 1/360: running policy
    [frozen_flower] chain 16/20 task 2/5 step 1/360: policy 0.21s, stepping env
    [frozen_flower] chain 16/20 task 2/5 step 60/360: running policy
    [frozen_flower] chain 16/20 task 2/5 step 60/360: policy 0.01s, stepping env
    [frozen_flower] chain 16/20 task 2/5 success at step 96
    [frozen_flower] chain 16/20 task 2/5 success: 96 steps, 4.3s
    [frozen_flower] chain 16/20 task 3/5 start: move_slider_right | instruction: push the sliding door to the right side
    [frozen_flower] chain 16/20 task 3/5 step 1/360: running policy
    [frozen_flower] chain 16/20 task 3/5 step 1/360: policy 0.21s, stepping env
    [frozen_flower] chain 16/20 task 3/5 step 60/360: running policy
    [frozen_flower] chain 16/20 task 3/5 step 60/360: policy 0.00s, stepping env
    [frozen_flower] chain 16/20 task 3/5 success at step 73
    [frozen_flower] chain 16/20 task 3/5 success: 73 steps, 3.3s
    [frozen_flower] chain 16/20 task 4/5 start: lift_blue_block_slider | instruction: lift the blue block from the sliding cabinet
    [frozen_flower] chain 16/20 task 4/5 step 1/360: running policy
    [frozen_flower] chain 16/20 task 4/5 step 1/360: policy 0.20s, stepping env
    [frozen_flower] chain 16/20 task 4/5 step 60/360: running policy
    [frozen_flower] chain 16/20 task 4/5 step 60/360: policy 0.01s, stepping env
    [frozen_flower] chain 16/20 task 4/5 success at step 93
    [frozen_flower] chain 16/20 task 4/5 success: 93 steps, 3.9s
    [frozen_flower] chain 16/20 task 5/5 start: place_in_slider | instruction: store the grasped block in the sliding cabinet
    [frozen_flower] chain 16/20 task 5/5 step 1/360: running policy
    [frozen_flower] chain 16/20 task 5/5 step 1/360: policy 0.21s, stepping env
    [frozen_flower] chain 16/20 task 5/5 success at step 13
    [frozen_flower] chain 16/20 task 5/5 success: 13 steps, 0.6s
    [frozen_flower] chain 17/20 start: ['rotate_red_block_right', 'lift_blue_block_slider', 'stack_block', 'unstack_block', 'lift_red_block_table']
    [frozen_flower] chain 17/20 instructions: ['take the red block and rotate it to the right', 'lift the blue block from the sliding cabinet', 'stack the grasped block', 'remove the stacked block', 'grasp and lift the red block']
    [frozen_flower] chain 17/20 task 1/5 start: rotate_red_block_right | instruction: take the red block and rotate it to the right
    [frozen_flower] chain 17/20 task 1/5 step 1/360: running policy
    [frozen_flower] chain 17/20 task 1/5 step 1/360: policy 0.21s, stepping env
    [frozen_flower] chain 17/20 task 1/5 step 60/360: running policy
    [frozen_flower] chain 17/20 task 1/5 step 60/360: policy 0.05s, stepping env
    [frozen_flower] chain 17/20 task 1/5 success at step 89
    [frozen_flower] chain 17/20 task 1/5 success: 89 steps, 4.0s
    [frozen_flower] chain 17/20 task 2/5 start: lift_blue_block_slider | instruction: lift the blue block from the sliding cabinet
    [frozen_flower] chain 17/20 task 2/5 step 1/360: running policy
    [frozen_flower] chain 17/20 task 2/5 step 1/360: policy 0.28s, stepping env
    [frozen_flower] chain 17/20 task 2/5 step 60/360: running policy
    [frozen_flower] chain 17/20 task 2/5 step 60/360: policy 0.00s, stepping env
    [frozen_flower] chain 17/20 task 2/5 success at step 67
    [frozen_flower] chain 17/20 task 2/5 success: 67 steps, 2.4s
    [frozen_flower] chain 17/20 task 3/5 start: stack_block | instruction: stack the grasped block
    [frozen_flower] chain 17/20 task 3/5 step 1/360: running policy
    [frozen_flower] chain 17/20 task 3/5 step 1/360: policy 0.21s, stepping env
    [frozen_flower] chain 17/20 task 3/5 success at step 41
    [frozen_flower] chain 17/20 task 3/5 success: 41 steps, 2.0s
    [frozen_flower] chain 17/20 task 4/5 start: unstack_block | instruction: remove the stacked block
    [frozen_flower] chain 17/20 task 4/5 step 1/360: running policy
    [frozen_flower] chain 17/20 task 4/5 step 1/360: policy 0.19s, stepping env
    [frozen_flower] chain 17/20 task 4/5 success at step 38
    [frozen_flower] chain 17/20 task 4/5 success: 38 steps, 2.3s
    [frozen_flower] chain 17/20 task 5/5 start: lift_red_block_table | instruction: grasp and lift the red block
    [frozen_flower] chain 17/20 task 5/5 step 1/360: running policy
    [frozen_flower] chain 17/20 task 5/5 step 1/360: policy 0.29s, stepping env
    [frozen_flower] chain 17/20 task 5/5 success at step 49
    [frozen_flower] chain 17/20 task 5/5 success: 49 steps, 1.8s
    [frozen_flower] chain 18/20 start: ['rotate_blue_block_right', 'lift_blue_block_table', 'place_in_slider', 'close_drawer', 'turn_off_led']
    [frozen_flower] chain 18/20 instructions: ['take the blue block and rotate it to the right', 'grasp and lift the blue block', 'store the grasped block in the sliding cabinet', 'push the handle to close the drawer', 'press the button to turn off the led light']
    [frozen_flower] chain 18/20 task 1/5 start: rotate_blue_block_right | instruction: take the blue block and rotate it to the right
    [frozen_flower] chain 18/20 task 1/5 step 1/360: running policy
    [frozen_flower] chain 18/20 task 1/5 step 1/360: policy 0.20s, stepping env
    [frozen_flower] chain 18/20 task 1/5 step 60/360: running policy
    [frozen_flower] chain 18/20 task 1/5 step 60/360: policy 0.00s, stepping env
    [frozen_flower] chain 18/20 task 1/5 success at step 74
    [frozen_flower] chain 18/20 task 1/5 success: 74 steps, 2.6s
    [frozen_flower] chain 18/20 task 2/5 start: lift_blue_block_table | instruction: grasp and lift the blue block
    [frozen_flower] chain 18/20 task 2/5 step 1/360: running policy
    [frozen_flower] chain 18/20 task 2/5 step 1/360: policy 0.22s, stepping env
    [frozen_flower] chain 18/20 task 2/5 step 60/360: running policy
    [frozen_flower] chain 18/20 task 2/5 step 60/360: policy 0.07s, stepping env
    [frozen_flower] chain 18/20 task 2/5 success at step 116
    [frozen_flower] chain 18/20 task 2/5 success: 116 steps, 5.5s
    [frozen_flower] chain 18/20 task 3/5 start: place_in_slider | instruction: store the grasped block in the sliding cabinet
    [frozen_flower] chain 18/20 task 3/5 step 1/360: running policy
    [frozen_flower] chain 18/20 task 3/5 step 1/360: policy 0.20s, stepping env
    [frozen_flower] chain 18/20 task 3/5 step 60/360: running policy
    [frozen_flower] chain 18/20 task 3/5 step 60/360: policy 0.00s, stepping env
    [frozen_flower] chain 18/20 task 3/5 step 120/360: running policy
    [frozen_flower] chain 18/20 task 3/5 step 120/360: policy 0.00s, stepping env
    [frozen_flower] chain 18/20 task 3/5 step 180/360: running policy
    [frozen_flower] chain 18/20 task 3/5 step 180/360: policy 0.01s, stepping env
    [frozen_flower] chain 18/20 task 3/5 step 240/360: running policy
    [frozen_flower] chain 18/20 task 3/5 step 240/360: policy 0.01s, stepping env
    [frozen_flower] chain 18/20 task 3/5 step 300/360: running policy
    [frozen_flower] chain 18/20 task 3/5 step 300/360: policy 0.06s, stepping env
    [frozen_flower] chain 18/20 task 3/5 step 360/360: running policy
    [frozen_flower] chain 18/20 task 3/5 step 360/360: policy 0.00s, stepping env
    [frozen_flower] chain 18/20 task 3/5 failed: 360 steps, 20.3s
    [frozen_flower] chain 19/20 start: ['lift_pink_block_table', 'stack_block', 'move_slider_right', 'turn_on_lightbulb', 'lift_blue_block_slider']
    [frozen_flower] chain 19/20 instructions: ['grasp and lift the pink block', 'stack the grasped block', 'push the sliding door to the right side', 'use the switch to turn on the light bulb', 'lift the blue block from the sliding cabinet']
    [frozen_flower] chain 19/20 task 1/5 start: lift_pink_block_table | instruction: grasp and lift the pink block
    [frozen_flower] chain 19/20 task 1/5 step 1/360: running policy
    [frozen_flower] chain 19/20 task 1/5 step 1/360: policy 0.18s, stepping env
    [frozen_flower] chain 19/20 task 1/5 success at step 47
    [frozen_flower] chain 19/20 task 1/5 success: 47 steps, 4.2s
    [frozen_flower] chain 19/20 task 2/5 start: stack_block | instruction: stack the grasped block
    [frozen_flower] chain 19/20 task 2/5 step 1/360: running policy
    [frozen_flower] chain 19/20 task 2/5 step 1/360: policy 0.25s, stepping env
    [frozen_flower] chain 19/20 task 2/5 success at step 39
    [frozen_flower] chain 19/20 task 2/5 success: 39 steps, 1.7s
    [frozen_flower] chain 19/20 task 3/5 start: move_slider_right | instruction: push the sliding door to the right side
    [frozen_flower] chain 19/20 task 3/5 step 1/360: running policy
    [frozen_flower] chain 19/20 task 3/5 step 1/360: policy 0.19s, stepping env
    [frozen_flower] chain 19/20 task 3/5 step 60/360: running policy
    [frozen_flower] chain 19/20 task 3/5 step 60/360: policy 0.10s, stepping env
    [frozen_flower] chain 19/20 task 3/5 success at step 65
    [frozen_flower] chain 19/20 task 3/5 success: 65 steps, 3.6s
    [frozen_flower] chain 19/20 task 4/5 start: turn_on_lightbulb | instruction: use the switch to turn on the light bulb
    [frozen_flower] chain 19/20 task 4/5 step 1/360: running policy
    [frozen_flower] chain 19/20 task 4/5 step 1/360: policy 0.17s, stepping env
    [frozen_flower] chain 19/20 task 4/5 step 60/360: running policy
    [frozen_flower] chain 19/20 task 4/5 step 60/360: policy 0.00s, stepping env
    [frozen_flower] chain 19/20 task 4/5 success at step 62
    [frozen_flower] chain 19/20 task 4/5 success: 62 steps, 6.3s
    [frozen_flower] chain 19/20 task 5/5 start: lift_blue_block_slider | instruction: lift the blue block from the sliding cabinet
    [frozen_flower] chain 19/20 task 5/5 step 1/360: running policy
    [frozen_flower] chain 19/20 task 5/5 step 1/360: policy 0.26s, stepping env
    [frozen_flower] chain 19/20 task 5/5 step 60/360: running policy
    [frozen_flower] chain 19/20 task 5/5 step 60/360: policy 0.05s, stepping env
    [frozen_flower] chain 19/20 task 5/5 success at step 110
    [frozen_flower] chain 19/20 task 5/5 success: 110 steps, 8.7s
    [frozen_flower] chain 20/20 start: ['lift_red_block_slider', 'place_in_slider', 'turn_on_lightbulb', 'move_slider_right', 'push_pink_block_right']
    [frozen_flower] chain 20/20 instructions: ['lift the red block from the sliding cabinet', 'store the grasped block in the sliding cabinet', 'use the switch to turn on the light bulb', 'push the sliding door to the right side', 'go push the pink block right']
    [frozen_flower] chain 20/20 task 1/5 start: lift_red_block_slider | instruction: lift the red block from the sliding cabinet
    [frozen_flower] chain 20/20 task 1/5 step 1/360: running policy
    [frozen_flower] chain 20/20 task 1/5 step 1/360: policy 0.31s, stepping env
    [frozen_flower] chain 20/20 task 1/5 step 60/360: running policy
    [frozen_flower] chain 20/20 task 1/5 step 60/360: policy 0.03s, stepping env
    [frozen_flower] chain 20/20 task 1/5 step 120/360: running policy
    [frozen_flower] chain 20/20 task 1/5 step 120/360: policy 0.01s, stepping env
    [frozen_flower] chain 20/20 task 1/5 step 180/360: running policy
    [frozen_flower] chain 20/20 task 1/5 step 180/360: policy 0.04s, stepping env
    [frozen_flower] chain 20/20 task 1/5 step 240/360: running policy
    [frozen_flower] chain 20/20 task 1/5 step 240/360: policy 0.01s, stepping env
    [frozen_flower] chain 20/20 task 1/5 step 300/360: running policy
    [frozen_flower] chain 20/20 task 1/5 step 300/360: policy 0.11s, stepping env
    [frozen_flower] chain 20/20 task 1/5 step 360/360: running policy
    [frozen_flower] chain 20/20 task 1/5 step 360/360: policy 0.07s, stepping env
    [frozen_flower] chain 20/20 task 1/5 failed: 360 steps, 29.4s
    [frozen_flower] 20/20 chains, L1 success: 90.0%
  [frozen_flower] L1=90.0%, L3=80.0%, L5=70.0%, latency=50.3ms

[Eval] Running: ce_ais
Loading Florence-2 from /data0/yejinxuan/hf_cache/hub/Florence-2-large
Loading pretrained weights from /data0/yejinxuan/ce-ais/data/flower_calvin_abc/model.safetensors...
Loaded safetensors file
Pretrained weights loaded with the following issues:
  ⚠️ Missing keys (not found in checkpoint, using default init): 2
    ['vlm.language_model.final_logits_bias', 'vlm.language_model.model.shared.weight'] ...
  ⚠️ Unexpected keys (ignored): 2
    ['vlm.language_final_logits_bias', 'vlm.language_shared.weight'] ...
  Loaded encoder checkpoint: /data0/yejinxuan/ce-ais/checkpoints/encoder_epoch0044.pt
  Loaded CE-WM checkpoint: /data0/yejinxuan/ce-ais/checkpoints_sub/cewm_epoch0015.pt
    [ce_ais] chain 1/20 start: ['rotate_pink_block_left', 'turn_on_lightbulb', 'lift_blue_block_table', 'place_in_slider', 'open_drawer']
    [ce_ais] chain 1/20 instructions: ['take the pink block and rotate it to the left', 'use the switch to turn on the light bulb', 'grasp and lift the blue block', 'store the grasped block in the sliding cabinet', 'pull the handle to open the drawer']
    [ce_ais] chain 1/20 task 1/5 start: rotate_pink_block_left | instruction: take the pink block and rotate it to the left
    [ce_ais] chain 1/20 task 1/5 step 1/360: running policy
    [ce_ais] chain 1/20 task 1/5 step 1/360: policy 0.70s, stepping env
    [ce_ais] chain 1/20 task 1/5 step 60/360: running policy
    [ce_ais] chain 1/20 task 1/5 step 60/360: policy 0.33s, stepping env
    [ce_ais] chain 1/20 task 1/5 success at step 69
    [ce_ais] chain 1/20 task 1/5 success: 69 steps, 22.5s
    [ce_ais] chain 1/20 task 2/5 start: turn_on_lightbulb | instruction: use the switch to turn on the light bulb
    [ce_ais] chain 1/20 task 2/5 step 1/360: running policy
    [ce_ais] chain 1/20 task 2/5 step 1/360: policy 0.53s, stepping env
    [ce_ais] chain 1/20 task 2/5 step 60/360: running policy
    [ce_ais] chain 1/20 task 2/5 step 60/360: policy 0.33s, stepping env
    [ce_ais] chain 1/20 task 2/5 success at step 61
    [ce_ais] chain 1/20 task 2/5 success: 61 steps, 18.3s
    [ce_ais] chain 1/20 task 3/5 start: lift_blue_block_table | instruction: grasp and lift the blue block
    [ce_ais] chain 1/20 task 3/5 step 1/360: running policy
    [ce_ais] chain 1/20 task 3/5 step 1/360: policy 0.40s, stepping env
    [ce_ais] chain 1/20 task 3/5 success at step 44
    [ce_ais] chain 1/20 task 3/5 success: 44 steps, 13.1s
    [ce_ais] chain 1/20 task 4/5 start: place_in_slider | instruction: store the grasped block in the sliding cabinet
    [ce_ais] chain 1/20 task 4/5 step 1/360: running policy
    [ce_ais] chain 1/20 task 4/5 step 1/360: policy 0.44s, stepping env
    [ce_ais] chain 1/20 task 4/5 step 60/360: running policy
    [ce_ais] chain 1/20 task 4/5 step 60/360: policy 0.36s, stepping env
    [ce_ais] chain 1/20 task 4/5 step 120/360: running policy
    [ce_ais] chain 1/20 task 4/5 step 120/360: policy 0.22s, stepping env
    [ce_ais] chain 1/20 task 4/5 step 180/360: running policy
    [ce_ais] chain 1/20 task 4/5 step 180/360: policy 0.29s, stepping env
    [ce_ais] chain 1/20 task 4/5 step 240/360: running policy
    [ce_ais] chain 1/20 task 4/5 step 240/360: policy 0.30s, stepping env
    [ce_ais] chain 1/20 task 4/5 step 300/360: running policy
    [ce_ais] chain 1/20 task 4/5 step 300/360: policy 0.22s, stepping env
    [ce_ais] chain 1/20 task 4/5 step 360/360: running policy
    [ce_ais] chain 1/20 task 4/5 step 360/360: policy 0.24s, stepping env
    [ce_ais] chain 1/20 task 4/5 failed: 360 steps, 112.2s
    [ce_ais] chain 2/20 start: ['lift_red_block_table', 'stack_block', 'turn_off_lightbulb', 'unstack_block', 'push_pink_block_left']
    [ce_ais] chain 2/20 instructions: ['grasp and lift the red block', 'stack the grasped block', 'use the switch to turn off the light bulb', 'remove the stacked block', 'go push the pink block left']
    [ce_ais] chain 2/20 task 1/5 start: lift_red_block_table | instruction: grasp and lift the red block
    [ce_ais] chain 2/20 task 1/5 step 1/360: running policy
    [ce_ais] chain 2/20 task 1/5 step 1/360: policy 0.41s, stepping env
    [ce_ais] chain 2/20 task 1/5 success at step 45
    [ce_ais] chain 2/20 task 1/5 success: 45 steps, 14.5s
    [ce_ais] chain 2/20 task 2/5 start: stack_block | instruction: stack the grasped block
    [ce_ais] chain 2/20 task 2/5 step 1/360: running policy
    [ce_ais] chain 2/20 task 2/5 step 1/360: policy 0.42s, stepping env
    [ce_ais] chain 2/20 task 2/5 success at step 38
    [ce_ais] chain 2/20 task 2/5 success: 38 steps, 11.9s
    [ce_ais] chain 2/20 task 3/5 start: turn_off_lightbulb | instruction: use the switch to turn off the light bulb
    [ce_ais] chain 2/20 task 3/5 step 1/360: running policy
    [ce_ais] chain 2/20 task 3/5 step 1/360: policy 0.58s, stepping env
    [ce_ais] chain 2/20 task 3/5 success at step 46
    [ce_ais] chain 2/20 task 3/5 success: 46 steps, 14.4s
    [ce_ais] chain 2/20 task 4/5 start: unstack_block | instruction: remove the stacked block
    [ce_ais] chain 2/20 task 4/5 step 1/360: running policy
    [ce_ais] chain 2/20 task 4/5 step 1/360: policy 0.43s, stepping env
    [ce_ais] chain 2/20 task 4/5 success at step 54
    [ce_ais] chain 2/20 task 4/5 success: 54 steps, 16.7s
    [ce_ais] chain 2/20 task 5/5 start: push_pink_block_left | instruction: go push the pink block left
    [ce_ais] chain 2/20 task 5/5 step 1/360: running policy
    [ce_ais] chain 2/20 task 5/5 step 1/360: policy 0.52s, stepping env
    [ce_ais] chain 2/20 task 5/5 step 60/360: running policy
    [ce_ais] chain 2/20 task 5/5 step 60/360: policy 0.27s, stepping env
    [ce_ais] chain 2/20 task 5/5 step 120/360: running policy
    [ce_ais] chain 2/20 task 5/5 step 120/360: policy 0.24s, stepping env
    [ce_ais] chain 2/20 task 5/5 success at step 135
    [ce_ais] chain 2/20 task 5/5 success: 135 steps, 42.3s
    [ce_ais] chain 3/20 start: ['push_blue_block_right', 'turn_off_led', 'move_slider_left', 'lift_red_block_slider', 'stack_block']
    [ce_ais] chain 3/20 instructions: ['go push the blue block right', 'press the button to turn off the led light', 'push the sliding door to the left side', 'lift the red block from the sliding cabinet', 'stack the grasped block']
    [ce_ais] chain 3/20 task 1/5 start: push_blue_block_right | instruction: go push the blue block right
    [ce_ais] chain 3/20 task 1/5 step 1/360: running policy
    [ce_ais] chain 3/20 task 1/5 step 1/360: policy 0.48s, stepping env
    [ce_ais] chain 3/20 task 1/5 step 60/360: running policy
    [ce_ais] chain 3/20 task 1/5 step 60/360: policy 0.36s, stepping env
    [ce_ais] chain 3/20 task 1/5 step 120/360: running policy
    [ce_ais] chain 3/20 task 1/5 step 120/360: policy 0.33s, stepping env
    [ce_ais] chain 3/20 task 1/5 step 180/360: running policy
    [ce_ais] chain 3/20 task 1/5 step 180/360: policy 0.39s, stepping env
    [ce_ais] chain 3/20 task 1/5 success at step 185
    [ce_ais] chain 3/20 task 1/5 success: 185 steps, 56.3s
    [ce_ais] chain 3/20 task 2/5 start: turn_off_led | instruction: press the button to turn off the led light
    [ce_ais] chain 3/20 task 2/5 step 1/360: running policy
    [ce_ais] chain 3/20 task 2/5 step 1/360: policy 0.48s, stepping env
    [ce_ais] chain 3/20 task 2/5 step 60/360: running policy
    [ce_ais] chain 3/20 task 2/5 step 60/360: policy 0.28s, stepping env
    [ce_ais] chain 3/20 task 2/5 success at step 81
    [ce_ais] chain 3/20 task 2/5 success: 81 steps, 27.5s
    [ce_ais] chain 3/20 task 3/5 start: move_slider_left | instruction: push the sliding door to the left side
    [ce_ais] chain 3/20 task 3/5 step 1/360: running policy
    [ce_ais] chain 3/20 task 3/5 step 1/360: policy 0.45s, stepping env
    [ce_ais] chain 3/20 task 3/5 step 60/360: running policy
    [ce_ais] chain 3/20 task 3/5 step 60/360: policy 0.39s, stepping env
    [ce_ais] chain 3/20 task 3/5 step 120/360: running policy
    [ce_ais] chain 3/20 task 3/5 step 120/360: policy 0.41s, stepping env
    [ce_ais] chain 3/20 task 3/5 success at step 169
    [ce_ais] chain 3/20 task 3/5 success: 169 steps, 59.2s
    [ce_ais] chain 3/20 task 4/5 start: lift_red_block_slider | instruction: lift the red block from the sliding cabinet
    [ce_ais] chain 3/20 task 4/5 step 1/360: running policy
    [ce_ais] chain 3/20 task 4/5 step 1/360: policy 0.50s, stepping env
    [ce_ais] chain 3/20 task 4/5 step 60/360: running policy
    [ce_ais] chain 3/20 task 4/5 step 60/360: policy 0.34s, stepping env
    [ce_ais] chain 3/20 task 4/5 step 120/360: running policy
    [ce_ais] chain 3/20 task 4/5 step 120/360: policy 0.32s, stepping env
    [ce_ais] chain 3/20 task 4/5 step 180/360: running policy
    [ce_ais] chain 3/20 task 4/5 step 180/360: policy 0.37s, stepping env
    [ce_ais] chain 3/20 task 4/5 step 240/360: running policy
    [ce_ais] chain 3/20 task 4/5 step 240/360: policy 0.29s, stepping env
    [ce_ais] chain 3/20 task 4/5 step 300/360: running policy
    [ce_ais] chain 3/20 task 4/5 step 300/360: policy 0.35s, stepping env
    [ce_ais] chain 3/20 task 4/5 step 360/360: running policy
    [ce_ais] chain 3/20 task 4/5 step 360/360: policy 0.31s, stepping env
    [ce_ais] chain 3/20 task 4/5 failed: 360 steps, 128.6s
    [ce_ais] chain 4/20 start: ['push_red_block_left', 'close_drawer', 'lift_pink_block_slider', 'place_in_slider', 'move_slider_left']
    [ce_ais] chain 4/20 instructions: ['go push the red block left', 'push the handle to close the drawer', 'lift the pink block from the sliding cabinet', 'store the grasped block in the sliding cabinet', 'push the sliding door to the left side']
    [ce_ais] chain 4/20 task 1/5 start: push_red_block_left | instruction: go push the red block left
    [ce_ais] chain 4/20 task 1/5 step 1/360: running policy
    [ce_ais] chain 4/20 task 1/5 step 1/360: policy 0.49s, stepping env
    [ce_ais] chain 4/20 task 1/5 step 60/360: running policy
    [ce_ais] chain 4/20 task 1/5 step 60/360: policy 0.35s, stepping env
    [ce_ais] chain 4/20 task 1/5 step 120/360: running policy
    [ce_ais] chain 4/20 task 1/5 step 120/360: policy 0.29s, stepping env
    [ce_ais] chain 4/20 task 1/5 success at step 139
    [ce_ais] chain 4/20 task 1/5 success: 139 steps, 49.4s
    [ce_ais] chain 4/20 task 2/5 start: close_drawer | instruction: push the handle to close the drawer
    [ce_ais] chain 4/20 task 2/5 step 1/360: running policy
    [ce_ais] chain 4/20 task 2/5 step 1/360: policy 0.56s, stepping env
    [ce_ais] chain 4/20 task 2/5 step 60/360: running policy
    [ce_ais] chain 4/20 task 2/5 step 60/360: policy 0.29s, stepping env
    [ce_ais] chain 4/20 task 2/5 success at step 73
    [ce_ais] chain 4/20 task 2/5 success: 73 steps, 27.1s
    [ce_ais] chain 4/20 task 3/5 start: lift_pink_block_slider | instruction: lift the pink block from the sliding cabinet
    [ce_ais] chain 4/20 task 3/5 step 1/360: running policy
    [ce_ais] chain 4/20 task 3/5 step 1/360: policy 0.47s, stepping env
    [ce_ais] chain 4/20 task 3/5 step 60/360: running policy
    [ce_ais] chain 4/20 task 3/5 step 60/360: policy 0.30s, stepping env
    [ce_ais] chain 4/20 task 3/5 success at step 91
    [ce_ais] chain 4/20 task 3/5 success: 91 steps, 33.3s
    [ce_ais] chain 4/20 task 4/5 start: place_in_slider | instruction: store the grasped block in the sliding cabinet
    [ce_ais] chain 4/20 task 4/5 step 1/360: running policy
    [ce_ais] chain 4/20 task 4/5 step 1/360: policy 0.61s, stepping env
    [ce_ais] chain 4/20 task 4/5 success at step 6
    [ce_ais] chain 4/20 task 4/5 success: 6 steps, 2.6s
    [ce_ais] chain 4/20 task 5/5 start: move_slider_left | instruction: push the sliding door to the left side
    [ce_ais] chain 4/20 task 5/5 step 1/360: running policy
    [ce_ais] chain 4/20 task 5/5 step 1/360: policy 0.59s, stepping env
    [ce_ais] chain 4/20 task 5/5 step 60/360: running policy
    [ce_ais] chain 4/20 task 5/5 step 60/360: policy 0.29s, stepping env
    [ce_ais] chain 4/20 task 5/5 success at step 72
    [ce_ais] chain 4/20 task 5/5 success: 72 steps, 25.2s
    [ce_ais] chain 5/20 start: ['push_blue_block_left', 'lift_pink_block_table', 'stack_block', 'move_slider_left', 'open_drawer']
    [ce_ais] chain 5/20 instructions: ['go push the blue block left', 'grasp and lift the pink block', 'stack the grasped block', 'push the sliding door to the left side', 'pull the handle to open the drawer']
    [ce_ais] chain 5/20 task 1/5 start: push_blue_block_left | instruction: go push the blue block left
    [ce_ais] chain 5/20 task 1/5 step 1/360: running policy
    [ce_ais] chain 5/20 task 1/5 step 1/360: policy 0.50s, stepping env
    [ce_ais] chain 5/20 task 1/5 success at step 54
    [ce_ais] chain 5/20 task 1/5 success: 54 steps, 20.8s
    [ce_ais] chain 5/20 task 2/5 start: lift_pink_block_table | instruction: grasp and lift the pink block
    [ce_ais] chain 5/20 task 2/5 step 1/360: running policy
    [ce_ais] chain 5/20 task 2/5 step 1/360: policy 0.59s, stepping env
    [ce_ais] chain 5/20 task 2/5 success at step 50
    [ce_ais] chain 5/20 task 2/5 success: 50 steps, 18.0s
    [ce_ais] chain 5/20 task 3/5 start: stack_block | instruction: stack the grasped block
    [ce_ais] chain 5/20 task 3/5 step 1/360: running policy
    [ce_ais] chain 5/20 task 3/5 step 1/360: policy 0.49s, stepping env
    [ce_ais] chain 5/20 task 3/5 step 60/360: running policy
    [ce_ais] chain 5/20 task 3/5 step 60/360: policy 0.43s, stepping env
    [ce_ais] chain 5/20 task 3/5 step 120/360: running policy
    [ce_ais] chain 5/20 task 3/5 step 120/360: policy 0.27s, stepping env
    [ce_ais] chain 5/20 task 3/5 step 180/360: running policy
    [ce_ais] chain 5/20 task 3/5 step 180/360: policy 0.29s, stepping env
    [ce_ais] chain 5/20 task 3/5 step 240/360: running policy
    [ce_ais] chain 5/20 task 3/5 step 240/360: policy 0.29s, stepping env
    [ce_ais] chain 5/20 task 3/5 step 300/360: running policy
    [ce_ais] chain 5/20 task 3/5 step 300/360: policy 0.35s, stepping env
    [ce_ais] chain 5/20 task 3/5 step 360/360: running policy
    [ce_ais] chain 5/20 task 3/5 step 360/360: policy 0.36s, stepping env
    [ce_ais] chain 5/20 task 3/5 failed: 360 steps, 129.3s
    [ce_ais] chain 6/20 start: ['turn_off_led', 'rotate_pink_block_right', 'lift_pink_block_table', 'stack_block', 'move_slider_right']
    [ce_ais] chain 6/20 instructions: ['press the button to turn off the led light', 'take the pink block and rotate it to the right', 'grasp and lift the pink block', 'stack the grasped block', 'push the sliding door to the right side']
    [ce_ais] chain 6/20 task 1/5 start: turn_off_led | instruction: press the button to turn off the led light
    [ce_ais] chain 6/20 task 1/5 step 1/360: running policy
    [ce_ais] chain 6/20 task 1/5 step 1/360: policy 0.58s, stepping env
    [ce_ais] chain 6/20 task 1/5 success at step 52
    [ce_ais] chain 6/20 task 1/5 success: 52 steps, 19.3s
    [ce_ais] chain 6/20 task 2/5 start: rotate_pink_block_right | instruction: take the pink block and rotate it to the right
    [ce_ais] chain 6/20 task 2/5 step 1/360: running policy
    [ce_ais] chain 6/20 task 2/5 step 1/360: policy 0.46s, stepping env
    [ce_ais] chain 6/20 task 2/5 step 60/360: running policy
    [ce_ais] chain 6/20 task 2/5 step 60/360: policy 0.34s, stepping env
    [ce_ais] chain 6/20 task 2/5 step 120/360: running policy
    [ce_ais] chain 6/20 task 2/5 step 120/360: policy 0.45s, stepping env
    [ce_ais] chain 6/20 task 2/5 success at step 160
    [ce_ais] chain 6/20 task 2/5 success: 160 steps, 60.3s
    [ce_ais] chain 6/20 task 3/5 start: lift_pink_block_table | instruction: grasp and lift the pink block
    [ce_ais] chain 6/20 task 3/5 step 1/360: running policy
    [ce_ais] chain 6/20 task 3/5 step 1/360: policy 0.61s, stepping env
    [ce_ais] chain 6/20 task 3/5 success at step 27
    [ce_ais] chain 6/20 task 3/5 success: 27 steps, 9.7s
    [ce_ais] chain 6/20 task 4/5 start: stack_block | instruction: stack the grasped block
    [ce_ais] chain 6/20 task 4/5 step 1/360: running policy
    [ce_ais] chain 6/20 task 4/5 step 1/360: policy 0.47s, stepping env
    [ce_ais] chain 6/20 task 4/5 success at step 48
    [ce_ais] chain 6/20 task 4/5 success: 48 steps, 16.2s
    [ce_ais] chain 6/20 task 5/5 start: move_slider_right | instruction: push the sliding door to the right side
    [ce_ais] chain 6/20 task 5/5 step 1/360: running policy
    [ce_ais] chain 6/20 task 5/5 step 1/360: policy 0.49s, stepping env
    [ce_ais] chain 6/20 task 5/5 step 60/360: running policy
    [ce_ais] chain 6/20 task 5/5 step 60/360: policy 0.39s, stepping env
    [ce_ais] chain 6/20 task 5/5 success at step 78
    [ce_ais] chain 6/20 task 5/5 success: 78 steps, 27.2s
    [ce_ais] chain 7/20 start: ['move_slider_right', 'push_blue_block_right', 'turn_off_led', 'open_drawer', 'push_into_drawer']
    [ce_ais] chain 7/20 instructions: ['push the sliding door to the right side', 'go push the blue block right', 'press the button to turn off the led light', 'pull the handle to open the drawer', 'slide the block that it falls into the drawer']
    [ce_ais] chain 7/20 task 1/5 start: move_slider_right | instruction: push the sliding door to the right side
    [ce_ais] chain 7/20 task 1/5 step 1/360: running policy
    [ce_ais] chain 7/20 task 1/5 step 1/360: policy 0.50s, stepping env
    [ce_ais] chain 7/20 task 1/5 step 60/360: running policy
    [ce_ais] chain 7/20 task 1/5 step 60/360: policy 0.29s, stepping env
    [ce_ais] chain 7/20 task 1/5 success at step 61
    [ce_ais] chain 7/20 task 1/5 success: 61 steps, 21.4s
    [ce_ais] chain 7/20 task 2/5 start: push_blue_block_right | instruction: go push the blue block right
    [ce_ais] chain 7/20 task 2/5 step 1/360: running policy
    [ce_ais] chain 7/20 task 2/5 step 1/360: policy 0.53s, stepping env
    [ce_ais] chain 7/20 task 2/5 success at step 59
    [ce_ais] chain 7/20 task 2/5 success: 59 steps, 21.2s
    [ce_ais] chain 7/20 task 3/5 start: turn_off_led | instruction: press the button to turn off the led light
    [ce_ais] chain 7/20 task 3/5 step 1/360: running policy
    [ce_ais] chain 7/20 task 3/5 step 1/360: policy 0.51s, stepping env
    [ce_ais] chain 7/20 task 3/5 step 60/360: running policy
    [ce_ais] chain 7/20 task 3/5 step 60/360: policy 0.33s, stepping env
    [ce_ais] chain 7/20 task 3/5 success at step 74
    [ce_ais] chain 7/20 task 3/5 success: 74 steps, 24.8s
    [ce_ais] chain 7/20 task 4/5 start: open_drawer | instruction: pull the handle to open the drawer
    [ce_ais] chain 7/20 task 4/5 step 1/360: running policy
    [ce_ais] chain 7/20 task 4/5 step 1/360: policy 0.56s, stepping env
    [ce_ais] chain 7/20 task 4/5 step 60/360: running policy
    [ce_ais] chain 7/20 task 4/5 step 60/360: policy 0.29s, stepping env
    [ce_ais] chain 7/20 task 4/5 success at step 72
    [ce_ais] chain 7/20 task 4/5 success: 72 steps, 25.1s
    [ce_ais] chain 7/20 task 5/5 start: push_into_drawer | instruction: slide the block that it falls into the drawer
    [ce_ais] chain 7/20 task 5/5 step 1/360: running policy
    [ce_ais] chain 7/20 task 5/5 step 1/360: policy 0.57s, stepping env
    [ce_ais] chain 7/20 task 5/5 step 60/360: running policy
    [ce_ais] chain 7/20 task 5/5 step 60/360: policy 0.39s, stepping env
    [ce_ais] chain 7/20 task 5/5 success at step 97
    [ce_ais] chain 7/20 task 5/5 success: 97 steps, 31.0s
    [ce_ais] chain 8/20 start: ['push_red_block_left', 'move_slider_left', 'turn_on_lightbulb', 'lift_red_block_table', 'place_in_drawer']
    [ce_ais] chain 8/20 instructions: ['go push the red block left', 'push the sliding door to the left side', 'use the switch to turn on the light bulb', 'grasp and lift the red block', 'store the grasped block in the drawer']
    [ce_ais] chain 8/20 task 1/5 start: push_red_block_left | instruction: go push the red block left
    [ce_ais] chain 8/20 task 1/5 step 1/360: running policy
    [ce_ais] chain 8/20 task 1/5 step 1/360: policy 0.49s, stepping env
    [ce_ais] chain 8/20 task 1/5 success at step 56
    [ce_ais] chain 8/20 task 1/5 success: 56 steps, 17.0s
    [ce_ais] chain 8/20 task 2/5 start: move_slider_left | instruction: push the sliding door to the left side
    [ce_ais] chain 8/20 task 2/5 step 1/360: running policy
    [ce_ais] chain 8/20 task 2/5 step 1/360: policy 0.37s, stepping env
    [ce_ais] chain 8/20 task 2/5 success at step 54
    [ce_ais] chain 8/20 task 2/5 success: 54 steps, 15.5s
    [ce_ais] chain 8/20 task 3/5 start: turn_on_lightbulb | instruction: use the switch to turn on the light bulb
    [ce_ais] chain 8/20 task 3/5 step 1/360: running policy
    [ce_ais] chain 8/20 task 3/5 step 1/360: policy 0.36s, stepping env
    [ce_ais] chain 8/20 task 3/5 step 60/360: running policy
    [ce_ais] chain 8/20 task 3/5 step 60/360: policy 0.27s, stepping env
    [ce_ais] chain 8/20 task 3/5 success at step 67
    [ce_ais] chain 8/20 task 3/5 success: 67 steps, 20.0s
    [ce_ais] chain 8/20 task 4/5 start: lift_red_block_table | instruction: grasp and lift the red block
    [ce_ais] chain 8/20 task 4/5 step 1/360: running policy
    [ce_ais] chain 8/20 task 4/5 step 1/360: policy 0.38s, stepping env
    [ce_ais] chain 8/20 task 4/5 step 60/360: running policy
    [ce_ais] chain 8/20 task 4/5 step 60/360: policy 0.38s, stepping env
    [ce_ais] chain 8/20 task 4/5 success at step 70
    [ce_ais] chain 8/20 task 4/5 success: 70 steps, 20.0s
    [ce_ais] chain 8/20 task 5/5 start: place_in_drawer | instruction: store the grasped block in the drawer
    [ce_ais] chain 8/20 task 5/5 step 1/360: running policy
    [ce_ais] chain 8/20 task 5/5 step 1/360: policy 0.56s, stepping env
    [ce_ais] chain 8/20 task 5/5 success at step 36
    [ce_ais] chain 8/20 task 5/5 success: 36 steps, 10.9s
    [ce_ais] chain 9/20 start: ['turn_on_led', 'move_slider_left', 'rotate_pink_block_left', 'lift_pink_block_table', 'place_in_slider']
    [ce_ais] chain 9/20 instructions: ['press the button to turn on the led light', 'push the sliding door to the left side', 'take the pink block and rotate it to the left', 'grasp and lift the pink block', 'store the grasped block in the sliding cabinet']
    [ce_ais] chain 9/20 task 1/5 start: turn_on_led | instruction: press the button to turn on the led light
    [ce_ais] chain 9/20 task 1/5 step 1/360: running policy
    [ce_ais] chain 9/20 task 1/5 step 1/360: policy 0.36s, stepping env
    [ce_ais] chain 9/20 task 1/5 success at step 38
    [ce_ais] chain 9/20 task 1/5 success: 38 steps, 10.1s
    [ce_ais] chain 9/20 task 2/5 start: move_slider_left | instruction: push the sliding door to the left side
    [ce_ais] chain 9/20 task 2/5 step 1/360: running policy
    [ce_ais] chain 9/20 task 2/5 step 1/360: policy 0.46s, stepping env
    [ce_ais] chain 9/20 task 2/5 step 60/360: running policy
    [ce_ais] chain 9/20 task 2/5 step 60/360: policy 0.27s, stepping env
    [ce_ais] chain 9/20 task 2/5 success at step 68
    [ce_ais] chain 9/20 task 2/5 success: 68 steps, 20.2s
    [ce_ais] chain 9/20 task 3/5 start: rotate_pink_block_left | instruction: take the pink block and rotate it to the left
    [ce_ais] chain 9/20 task 3/5 step 1/360: running policy
    [ce_ais] chain 9/20 task 3/5 step 1/360: policy 0.45s, stepping env
    [ce_ais] chain 9/20 task 3/5 step 60/360: running policy
    [ce_ais] chain 9/20 task 3/5 step 60/360: policy 0.27s, stepping env
    [ce_ais] chain 9/20 task 3/5 success at step 92
    [ce_ais] chain 9/20 task 3/5 success: 92 steps, 27.1s
    [ce_ais] chain 9/20 task 4/5 start: lift_pink_block_table | instruction: grasp and lift the pink block
    [ce_ais] chain 9/20 task 4/5 step 1/360: running policy
    [ce_ais] chain 9/20 task 4/5 step 1/360: policy 0.38s, stepping env
    [ce_ais] chain 9/20 task 4/5 step 60/360: running policy
    [ce_ais] chain 9/20 task 4/5 step 60/360: policy 0.28s, stepping env
    [ce_ais] chain 9/20 task 4/5 step 120/360: running policy
    [ce_ais] chain 9/20 task 4/5 step 120/360: policy 0.26s, stepping env
    [ce_ais] chain 9/20 task 4/5 step 180/360: running policy
    [ce_ais] chain 9/20 task 4/5 step 180/360: policy 0.27s, stepping env
    [ce_ais] chain 9/20 task 4/5 success at step 198
    [ce_ais] chain 9/20 task 4/5 success: 198 steps, 56.6s
    [ce_ais] chain 9/20 task 5/5 start: place_in_slider | instruction: store the grasped block in the sliding cabinet
    [ce_ais] chain 9/20 task 5/5 step 1/360: running policy
    [ce_ais] chain 9/20 task 5/5 step 1/360: policy 0.46s, stepping env
    [ce_ais] chain 9/20 task 5/5 step 60/360: running policy
    [ce_ais] chain 9/20 task 5/5 step 60/360: policy 0.27s, stepping env
    [ce_ais] chain 9/20 task 5/5 step 120/360: running policy
    [ce_ais] chain 9/20 task 5/5 step 120/360: policy 0.21s, stepping env
    [ce_ais] chain 9/20 task 5/5 step 180/360: running policy
    [ce_ais] chain 9/20 task 5/5 step 180/360: policy 0.22s, stepping env
    [ce_ais] chain 9/20 task 5/5 step 240/360: running policy
    [ce_ais] chain 9/20 task 5/5 step 240/360: policy 0.26s, stepping env
    [ce_ais] chain 9/20 task 5/5 step 300/360: running policy
    [ce_ais] chain 9/20 task 5/5 step 300/360: policy 0.27s, stepping env
    [ce_ais] chain 9/20 task 5/5 step 360/360: running policy
    [ce_ais] chain 9/20 task 5/5 step 360/360: policy 0.22s, stepping env
    [ce_ais] chain 9/20 task 5/5 failed: 360 steps, 101.4s
    [ce_ais] chain 10/20 start: ['rotate_blue_block_right', 'lift_pink_block_slider', 'stack_block', 'turn_on_lightbulb', 'open_drawer']
    [ce_ais] chain 10/20 instructions: ['take the blue block and rotate it to the right', 'lift the pink block from the sliding cabinet', 'stack the grasped block', 'use the switch to turn on the light bulb', 'pull the handle to open the drawer']
    [ce_ais] chain 10/20 task 1/5 start: rotate_blue_block_right | instruction: take the blue block and rotate it to the right
    [ce_ais] chain 10/20 task 1/5 step 1/360: running policy
    [ce_ais] chain 10/20 task 1/5 step 1/360: policy 0.38s, stepping env
    [ce_ais] chain 10/20 task 1/5 step 60/360: running policy
    [ce_ais] chain 10/20 task 1/5 step 60/360: policy 0.27s, stepping env
    [ce_ais] chain 10/20 task 1/5 success at step 94
    [ce_ais] chain 10/20 task 1/5 success: 94 steps, 27.2s
    [ce_ais] chain 10/20 task 2/5 start: lift_pink_block_slider | instruction: lift the pink block from the sliding cabinet
    [ce_ais] chain 10/20 task 2/5 step 1/360: running policy
    [ce_ais] chain 10/20 task 2/5 step 1/360: policy 0.44s, stepping env
    [ce_ais] chain 10/20 task 2/5 step 60/360: running policy
    [ce_ais] chain 10/20 task 2/5 step 60/360: policy 0.26s, stepping env
    [ce_ais] chain 10/20 task 2/5 success at step 62
    [ce_ais] chain 10/20 task 2/5 success: 62 steps, 18.6s
    [ce_ais] chain 10/20 task 3/5 start: stack_block | instruction: stack the grasped block
    [ce_ais] chain 10/20 task 3/5 step 1/360: running policy
    [ce_ais] chain 10/20 task 3/5 step 1/360: policy 0.45s, stepping env
    [ce_ais] chain 10/20 task 3/5 step 60/360: running policy
    [ce_ais] chain 10/20 task 3/5 step 60/360: policy 0.30s, stepping env
    [ce_ais] chain 10/20 task 3/5 step 120/360: running policy
    [ce_ais] chain 10/20 task 3/5 step 120/360: policy 0.26s, stepping env
    [ce_ais] chain 10/20 task 3/5 step 180/360: running policy
    [ce_ais] chain 10/20 task 3/5 step 180/360: policy 0.26s, stepping env
    [ce_ais] chain 10/20 task 3/5 step 240/360: running policy
    [ce_ais] chain 10/20 task 3/5 step 240/360: policy 0.27s, stepping env
    [ce_ais] chain 10/20 task 3/5 step 300/360: running policy
    [ce_ais] chain 10/20 task 3/5 step 300/360: policy 0.27s, stepping env
    [ce_ais] chain 10/20 task 3/5 step 360/360: running policy
    [ce_ais] chain 10/20 task 3/5 step 360/360: policy 0.27s, stepping env
    [ce_ais] chain 10/20 task 3/5 failed: 360 steps, 103.3s
    [ce_ais] 10/20 chains, L1 success: 100.0%
    [ce_ais] chain 11/20 start: ['push_red_block_left', 'close_drawer', 'turn_on_lightbulb', 'lift_red_block_table', 'place_in_slider']
    [ce_ais] chain 11/20 instructions: ['go push the red block left', 'push the handle to close the drawer', 'use the switch to turn on the light bulb', 'grasp and lift the red block', 'store the grasped block in the sliding cabinet']
    [ce_ais] chain 11/20 task 1/5 start: push_red_block_left | instruction: go push the red block left
    [ce_ais] chain 11/20 task 1/5 step 1/360: running policy
    [ce_ais] chain 11/20 task 1/5 step 1/360: policy 0.46s, stepping env
    [ce_ais] chain 11/20 task 1/5 step 60/360: running policy
    [ce_ais] chain 11/20 task 1/5 step 60/360: policy 0.21s, stepping env
    [ce_ais] chain 11/20 task 1/5 step 120/360: running policy
    [ce_ais] chain 11/20 task 1/5 step 120/360: policy 0.26s, stepping env
    [ce_ais] chain 11/20 task 1/5 step 180/360: running policy
    [ce_ais] chain 11/20 task 1/5 step 180/360: policy 0.22s, stepping env
    [ce_ais] chain 11/20 task 1/5 step 240/360: running policy
    [ce_ais] chain 11/20 task 1/5 step 240/360: policy 0.21s, stepping env
    [ce_ais] chain 11/20 task 1/5 step 300/360: running policy
    [ce_ais] chain 11/20 task 1/5 step 300/360: policy 0.22s, stepping env
    [ce_ais] chain 11/20 task 1/5 step 360/360: running policy
    [ce_ais] chain 11/20 task 1/5 step 360/360: policy 0.21s, stepping env
    [ce_ais] chain 11/20 task 1/5 failed: 360 steps, 100.1s
    [ce_ais] chain 12/20 start: ['rotate_blue_block_left', 'close_drawer', 'turn_off_lightbulb', 'lift_blue_block_table', 'place_in_slider']
    [ce_ais] chain 12/20 instructions: ['take the blue block and rotate it to the left', 'push the handle to close the drawer', 'use the switch to turn off the light bulb', 'grasp and lift the blue block', 'store the grasped block in the sliding cabinet']
    [ce_ais] chain 12/20 task 1/5 start: rotate_blue_block_left | instruction: take the blue block and rotate it to the left
    [ce_ais] chain 12/20 task 1/5 step 1/360: running policy
    [ce_ais] chain 12/20 task 1/5 step 1/360: policy 0.38s, stepping env
    [ce_ais] chain 12/20 task 1/5 step 60/360: running policy
    [ce_ais] chain 12/20 task 1/5 step 60/360: policy 0.27s, stepping env
    [ce_ais] chain 12/20 task 1/5 success at step 115
    [ce_ais] chain 12/20 task 1/5 success: 115 steps, 32.0s
    [ce_ais] chain 12/20 task 2/5 start: close_drawer | instruction: push the handle to close the drawer
    [ce_ais] chain 12/20 task 2/5 step 1/360: running policy
    [ce_ais] chain 12/20 task 2/5 step 1/360: policy 0.47s, stepping env
    [ce_ais] chain 12/20 task 2/5 step 60/360: running policy
    [ce_ais] chain 12/20 task 2/5 step 60/360: policy 0.27s, stepping env
    [ce_ais] chain 12/20 task 2/5 success at step 119
    [ce_ais] chain 12/20 task 2/5 success: 119 steps, 35.2s
    [ce_ais] chain 12/20 task 3/5 start: turn_off_lightbulb | instruction: use the switch to turn off the light bulb
    [ce_ais] chain 12/20 task 3/5 step 1/360: running policy
    [ce_ais] chain 12/20 task 3/5 step 1/360: policy 0.46s, stepping env
    [ce_ais] chain 12/20 task 3/5 step 60/360: running policy
    [ce_ais] chain 12/20 task 3/5 step 60/360: policy 0.27s, stepping env
    [ce_ais] chain 12/20 task 3/5 success at step 92
    [ce_ais] chain 12/20 task 3/5 success: 92 steps, 27.5s
    [ce_ais] chain 12/20 task 4/5 start: lift_blue_block_table | instruction: grasp and lift the blue block
    [ce_ais] chain 12/20 task 4/5 step 1/360: running policy
    [ce_ais] chain 12/20 task 4/5 step 1/360: policy 0.45s, stepping env
    [ce_ais] chain 12/20 task 4/5 success at step 53
    [ce_ais] chain 12/20 task 4/5 success: 53 steps, 15.8s
    [ce_ais] chain 12/20 task 5/5 start: place_in_slider | instruction: store the grasped block in the sliding cabinet
    [ce_ais] chain 12/20 task 5/5 step 1/360: running policy
    [ce_ais] chain 12/20 task 5/5 step 1/360: policy 0.44s, stepping env
    [ce_ais] chain 12/20 task 5/5 success at step 35
    [ce_ais] chain 12/20 task 5/5 success: 35 steps, 8.7s
    [ce_ais] chain 13/20 start: ['rotate_pink_block_left', 'turn_off_led', 'lift_blue_block_table', 'stack_block', 'close_drawer']
    [ce_ais] chain 13/20 instructions: ['take the pink block and rotate it to the left', 'press the button to turn off the led light', 'grasp and lift the blue block', 'stack the grasped block', 'push the handle to close the drawer']
    [ce_ais] chain 13/20 task 1/5 start: rotate_pink_block_left | instruction: take the pink block and rotate it to the left
    [ce_ais] chain 13/20 task 1/5 step 1/360: running policy
    [ce_ais] chain 13/20 task 1/5 step 1/360: policy 0.37s, stepping env
    [ce_ais] chain 13/20 task 1/5 step 60/360: running policy
    [ce_ais] chain 13/20 task 1/5 step 60/360: policy 0.22s, stepping env
    [ce_ais] chain 13/20 task 1/5 success at step 62
    [ce_ais] chain 13/20 task 1/5 success: 62 steps, 16.2s
    [ce_ais] chain 13/20 task 2/5 start: turn_off_led | instruction: press the button to turn off the led light
    [ce_ais] chain 13/20 task 2/5 step 1/360: running policy
    [ce_ais] chain 13/20 task 2/5 step 1/360: policy 0.37s, stepping env
    [ce_ais] chain 13/20 task 2/5 step 60/360: running policy
    [ce_ais] chain 13/20 task 2/5 step 60/360: policy 0.27s, stepping env
    [ce_ais] chain 13/20 task 2/5 success at step 65
    [ce_ais] chain 13/20 task 2/5 success: 65 steps, 17.1s
    [ce_ais] chain 13/20 task 3/5 start: lift_blue_block_table | instruction: grasp and lift the blue block
    [ce_ais] chain 13/20 task 3/5 step 1/360: running policy
    [ce_ais] chain 13/20 task 3/5 step 1/360: policy 0.45s, stepping env
    [ce_ais] chain 13/20 task 3/5 step 60/360: running policy
    [ce_ais] chain 13/20 task 3/5 step 60/360: policy 0.26s, stepping env
    [ce_ais] chain 13/20 task 3/5 success at step 67
    [ce_ais] chain 13/20 task 3/5 success: 67 steps, 19.3s
    [ce_ais] chain 13/20 task 4/5 start: stack_block | instruction: stack the grasped block
    [ce_ais] chain 13/20 task 4/5 step 1/360: running policy
    [ce_ais] chain 13/20 task 4/5 step 1/360: policy 0.47s, stepping env
    [ce_ais] chain 13/20 task 4/5 success at step 31
    [ce_ais] chain 13/20 task 4/5 success: 31 steps, 9.0s
    [ce_ais] chain 13/20 task 5/5 start: close_drawer | instruction: push the handle to close the drawer
    [ce_ais] chain 13/20 task 5/5 step 1/360: running policy
    [ce_ais] chain 13/20 task 5/5 step 1/360: policy 0.37s, stepping env
    [ce_ais] chain 13/20 task 5/5 step 60/360: running policy
    [ce_ais] chain 13/20 task 5/5 step 60/360: policy 0.27s, stepping env
    [ce_ais] chain 13/20 task 5/5 success at step 68
    [ce_ais] chain 13/20 task 5/5 success: 68 steps, 20.4s
    [ce_ais] chain 14/20 start: ['push_pink_block_left', 'turn_off_lightbulb', 'lift_pink_block_table', 'place_in_slider', 'close_drawer']
    [ce_ais] chain 14/20 instructions: ['go push the pink block left', 'use the switch to turn off the light bulb', 'grasp and lift the pink block', 'store the grasped block in the sliding cabinet', 'push the handle to close the drawer']
    [ce_ais] chain 14/20 task 1/5 start: push_pink_block_left | instruction: go push the pink block left
    [ce_ais] chain 14/20 task 1/5 step 1/360: running policy
    [ce_ais] chain 14/20 task 1/5 step 1/360: policy 0.51s, stepping env
    [ce_ais] chain 14/20 task 1/5 success at step 58
    [ce_ais] chain 14/20 task 1/5 success: 58 steps, 16.5s
    [ce_ais] chain 14/20 task 2/5 start: turn_off_lightbulb | instruction: use the switch to turn off the light bulb
    [ce_ais] chain 14/20 task 2/5 step 1/360: running policy
    [ce_ais] chain 14/20 task 2/5 step 1/360: policy 0.40s, stepping env
    [ce_ais] chain 14/20 task 2/5 step 60/360: running policy
    [ce_ais] chain 14/20 task 2/5 step 60/360: policy 0.21s, stepping env
    [ce_ais] chain 14/20 task 2/5 success at step 65
    [ce_ais] chain 14/20 task 2/5 success: 65 steps, 18.1s
    [ce_ais] chain 14/20 task 3/5 start: lift_pink_block_table | instruction: grasp and lift the pink block
    [ce_ais] chain 14/20 task 3/5 step 1/360: running policy
    [ce_ais] chain 14/20 task 3/5 step 1/360: policy 0.37s, stepping env
    [ce_ais] chain 14/20 task 3/5 step 60/360: running policy
    [ce_ais] chain 14/20 task 3/5 step 60/360: policy 0.27s, stepping env
    [ce_ais] chain 14/20 task 3/5 success at step 70
    [ce_ais] chain 14/20 task 3/5 success: 70 steps, 20.6s
    [ce_ais] chain 14/20 task 4/5 start: place_in_slider | instruction: store the grasped block in the sliding cabinet
    [ce_ais] chain 14/20 task 4/5 step 1/360: running policy
    [ce_ais] chain 14/20 task 4/5 step 1/360: policy 0.46s, stepping env
    [ce_ais] chain 14/20 task 4/5 success at step 26
    [ce_ais] chain 14/20 task 4/5 success: 26 steps, 7.8s
    [ce_ais] chain 14/20 task 5/5 start: close_drawer | instruction: push the handle to close the drawer
    [ce_ais] chain 14/20 task 5/5 step 1/360: running policy
    [ce_ais] chain 14/20 task 5/5 step 1/360: policy 0.44s, stepping env
    [ce_ais] chain 14/20 task 5/5 step 60/360: running policy
    [ce_ais] chain 14/20 task 5/5 step 60/360: policy 0.28s, stepping env
    [ce_ais] chain 14/20 task 5/5 success at step 75
    [ce_ais] chain 14/20 task 5/5 success: 75 steps, 20.8s
    [ce_ais] chain 15/20 start: ['push_red_block_right', 'close_drawer', 'move_slider_left', 'turn_on_lightbulb', 'lift_red_block_table']
    [ce_ais] chain 15/20 instructions: ['go push the red block right', 'push the handle to close the drawer', 'push the sliding door to the left side', 'use the switch to turn on the light bulb', 'grasp and lift the red block']
    [ce_ais] chain 15/20 task 1/5 start: push_red_block_right | instruction: go push the red block right
    [ce_ais] chain 15/20 task 1/5 step 1/360: running policy
    [ce_ais] chain 15/20 task 1/5 step 1/360: policy 0.37s, stepping env
    [ce_ais] chain 15/20 task 1/5 step 60/360: running policy
    [ce_ais] chain 15/20 task 1/5 step 60/360: policy 0.22s, stepping env
    [ce_ais] chain 15/20 task 1/5 step 120/360: running policy
    [ce_ais] chain 15/20 task 1/5 step 120/360: policy 0.22s, stepping env
    [ce_ais] chain 15/20 task 1/5 success at step 161
    [ce_ais] chain 15/20 task 1/5 success: 161 steps, 42.5s
    [ce_ais] chain 15/20 task 2/5 start: close_drawer | instruction: push the handle to close the drawer
    [ce_ais] chain 15/20 task 2/5 step 1/360: running policy
    [ce_ais] chain 15/20 task 2/5 step 1/360: policy 0.36s, stepping env
    [ce_ais] chain 15/20 task 2/5 step 60/360: running policy
    [ce_ais] chain 15/20 task 2/5 step 60/360: policy 0.27s, stepping env
    [ce_ais] chain 15/20 task 2/5 success at step 73
    [ce_ais] chain 15/20 task 2/5 success: 73 steps, 21.2s
    [ce_ais] chain 15/20 task 3/5 start: move_slider_left | instruction: push the sliding door to the left side
    [ce_ais] chain 15/20 task 3/5 step 1/360: running policy
    [ce_ais] chain 15/20 task 3/5 step 1/360: policy 0.45s, stepping env
    [ce_ais] chain 15/20 task 3/5 step 60/360: running policy
    [ce_ais] chain 15/20 task 3/5 step 60/360: policy 0.27s, stepping env
    [ce_ais] chain 15/20 task 3/5 success at step 76
    [ce_ais] chain 15/20 task 3/5 success: 76 steps, 21.9s
    [ce_ais] chain 15/20 task 4/5 start: turn_on_lightbulb | instruction: use the switch to turn on the light bulb
    [ce_ais] chain 15/20 task 4/5 step 1/360: running policy
    [ce_ais] chain 15/20 task 4/5 step 1/360: policy 0.37s, stepping env
    [ce_ais] chain 15/20 task 4/5 success at step 54
    [ce_ais] chain 15/20 task 4/5 success: 54 steps, 15.2s
    [ce_ais] chain 15/20 task 5/5 start: lift_red_block_table | instruction: grasp and lift the red block
    [ce_ais] chain 15/20 task 5/5 step 1/360: running policy
    [ce_ais] chain 15/20 task 5/5 step 1/360: policy 0.44s, stepping env
    [ce_ais] chain 15/20 task 5/5 success at step 45
    [ce_ais] chain 15/20 task 5/5 success: 45 steps, 12.5s
    [ce_ais] chain 16/20 start: ['turn_on_lightbulb', 'rotate_red_block_right', 'move_slider_right', 'lift_blue_block_slider', 'place_in_slider']
    [ce_ais] chain 16/20 instructions: ['use the switch to turn on the light bulb', 'take the red block and rotate it to the right', 'push the sliding door to the right side', 'lift the blue block from the sliding cabinet', 'store the grasped block in the sliding cabinet']
    [ce_ais] chain 16/20 task 1/5 start: turn_on_lightbulb | instruction: use the switch to turn on the light bulb
    [ce_ais] chain 16/20 task 1/5 step 1/360: running policy
    [ce_ais] chain 16/20 task 1/5 step 1/360: policy 0.45s, stepping env
    [ce_ais] chain 16/20 task 1/5 success at step 52
    [ce_ais] chain 16/20 task 1/5 success: 52 steps, 15.9s
    [ce_ais] chain 16/20 task 2/5 start: rotate_red_block_right | instruction: take the red block and rotate it to the right
    [ce_ais] chain 16/20 task 2/5 step 1/360: running policy
    [ce_ais] chain 16/20 task 2/5 step 1/360: policy 0.45s, stepping env
    [ce_ais] chain 16/20 task 2/5 step 60/360: running policy
    [ce_ais] chain 16/20 task 2/5 step 60/360: policy 0.27s, stepping env
    [ce_ais] chain 16/20 task 2/5 success at step 93
    [ce_ais] chain 16/20 task 2/5 success: 93 steps, 25.9s
    [ce_ais] chain 16/20 task 3/5 start: move_slider_right | instruction: push the sliding door to the right side
    [ce_ais] chain 16/20 task 3/5 step 1/360: running policy
    [ce_ais] chain 16/20 task 3/5 step 1/360: policy 0.37s, stepping env
    [ce_ais] chain 16/20 task 3/5 step 60/360: running policy
    [ce_ais] chain 16/20 task 3/5 step 60/360: policy 0.27s, stepping env
    [ce_ais] chain 16/20 task 3/5 success at step 74
    [ce_ais] chain 16/20 task 3/5 success: 74 steps, 19.7s
    [ce_ais] chain 16/20 task 4/5 start: lift_blue_block_slider | instruction: lift the blue block from the sliding cabinet
    [ce_ais] chain 16/20 task 4/5 step 1/360: running policy
    [ce_ais] chain 16/20 task 4/5 step 1/360: policy 0.37s, stepping env
    [ce_ais] chain 16/20 task 4/5 step 60/360: running policy
    [ce_ais] chain 16/20 task 4/5 step 60/360: policy 0.22s, stepping env
    [ce_ais] chain 16/20 task 4/5 success at step 87
    [ce_ais] chain 16/20 task 4/5 success: 87 steps, 23.4s
    [ce_ais] chain 16/20 task 5/5 start: place_in_slider | instruction: store the grasped block in the sliding cabinet
    [ce_ais] chain 16/20 task 5/5 step 1/360: running policy
    [ce_ais] chain 16/20 task 5/5 step 1/360: policy 0.52s, stepping env
    [ce_ais] chain 16/20 task 5/5 success at step 4
    [ce_ais] chain 16/20 task 5/5 success: 4 steps, 1.4s
    [ce_ais] chain 17/20 start: ['rotate_red_block_right', 'lift_blue_block_slider', 'stack_block', 'unstack_block', 'lift_red_block_table']
    [ce_ais] chain 17/20 instructions: ['take the red block and rotate it to the right', 'lift the blue block from the sliding cabinet', 'stack the grasped block', 'remove the stacked block', 'grasp and lift the red block']
    [ce_ais] chain 17/20 task 1/5 start: rotate_red_block_right | instruction: take the red block and rotate it to the right
    [ce_ais] chain 17/20 task 1/5 step 1/360: running policy
    [ce_ais] chain 17/20 task 1/5 step 1/360: policy 0.45s, stepping env
    [ce_ais] chain 17/20 task 1/5 step 60/360: running policy
    [ce_ais] chain 17/20 task 1/5 step 60/360: policy 0.27s, stepping env
    [ce_ais] chain 17/20 task 1/5 success at step 111
    [ce_ais] chain 17/20 task 1/5 success: 111 steps, 33.6s
    [ce_ais] chain 17/20 task 2/5 start: lift_blue_block_slider | instruction: lift the blue block from the sliding cabinet
    [ce_ais] chain 17/20 task 2/5 step 1/360: running policy
    [ce_ais] chain 17/20 task 2/5 step 1/360: policy 0.44s, stepping env
    [ce_ais] chain 17/20 task 2/5 step 60/360: running policy
    [ce_ais] chain 17/20 task 2/5 step 60/360: policy 0.28s, stepping env
    [ce_ais] chain 17/20 task 2/5 success at step 67
    [ce_ais] chain 17/20 task 2/5 success: 67 steps, 18.5s
    [ce_ais] chain 17/20 task 3/5 start: stack_block | instruction: stack the grasped block
    [ce_ais] chain 17/20 task 3/5 step 1/360: running policy
    [ce_ais] chain 17/20 task 3/5 step 1/360: policy 0.45s, stepping env
    [ce_ais] chain 17/20 task 3/5 success at step 43
    [ce_ais] chain 17/20 task 3/5 success: 43 steps, 11.6s
    [ce_ais] chain 17/20 task 4/5 start: unstack_block | instruction: remove the stacked block
    [ce_ais] chain 17/20 task 4/5 step 1/360: running policy
    [ce_ais] chain 17/20 task 4/5 step 1/360: policy 0.41s, stepping env
    [ce_ais] chain 17/20 task 4/5 success at step 39
    [ce_ais] chain 17/20 task 4/5 success: 39 steps, 9.5s
    [ce_ais] chain 17/20 task 5/5 start: lift_red_block_table | instruction: grasp and lift the red block
    [ce_ais] chain 17/20 task 5/5 step 1/360: running policy
    [ce_ais] chain 17/20 task 5/5 step 1/360: policy 0.50s, stepping env
    [ce_ais] chain 17/20 task 5/5 step 60/360: running policy
    [ce_ais] chain 17/20 task 5/5 step 60/360: policy 0.27s, stepping env
    [ce_ais] chain 17/20 task 5/5 success at step 65
    [ce_ais] chain 17/20 task 5/5 success: 65 steps, 19.3s
    [ce_ais] chain 18/20 start: ['rotate_blue_block_right', 'lift_blue_block_table', 'place_in_slider', 'close_drawer', 'turn_off_led']
    [ce_ais] chain 18/20 instructions: ['take the blue block and rotate it to the right', 'grasp and lift the blue block', 'store the grasped block in the sliding cabinet', 'push the handle to close the drawer', 'press the button to turn off the led light']
    [ce_ais] chain 18/20 task 1/5 start: rotate_blue_block_right | instruction: take the blue block and rotate it to the right
    [ce_ais] chain 18/20 task 1/5 step 1/360: running policy
    [ce_ais] chain 18/20 task 1/5 step 1/360: policy 0.37s, stepping env
    [ce_ais] chain 18/20 task 1/5 step 60/360: running policy
    [ce_ais] chain 18/20 task 1/5 step 60/360: policy 0.22s, stepping env
    [ce_ais] chain 18/20 task 1/5 success at step 76
    [ce_ais] chain 18/20 task 1/5 success: 76 steps, 20.7s
    [ce_ais] chain 18/20 task 2/5 start: lift_blue_block_table | instruction: grasp and lift the blue block
    [ce_ais] chain 18/20 task 2/5 step 1/360: running policy
    [ce_ais] chain 18/20 task 2/5 step 1/360: policy 0.37s, stepping env
    [ce_ais] chain 18/20 task 2/5 step 60/360: running policy
    [ce_ais] chain 18/20 task 2/5 step 60/360: policy 0.27s, stepping env
    [ce_ais] chain 18/20 task 2/5 success at step 104
    [ce_ais] chain 18/20 task 2/5 success: 104 steps, 29.7s
    [ce_ais] chain 18/20 task 3/5 start: place_in_slider | instruction: store the grasped block in the sliding cabinet
    [ce_ais] chain 18/20 task 3/5 step 1/360: running policy
    [ce_ais] chain 18/20 task 3/5 step 1/360: policy 0.47s, stepping env
    [ce_ais] chain 18/20 task 3/5 step 60/360: running policy
    [ce_ais] chain 18/20 task 3/5 step 60/360: policy 0.27s, stepping env
    [ce_ais] chain 18/20 task 3/5 success at step 71
    [ce_ais] chain 18/20 task 3/5 success: 71 steps, 20.8s
    [ce_ais] chain 18/20 task 4/5 start: close_drawer | instruction: push the handle to close the drawer
    [ce_ais] chain 18/20 task 4/5 step 1/360: running policy
    [ce_ais] chain 18/20 task 4/5 step 1/360: policy 0.37s, stepping env
    [ce_ais] chain 18/20 task 4/5 step 60/360: running policy
    [ce_ais] chain 18/20 task 4/5 step 60/360: policy 0.27s, stepping env
    [ce_ais] chain 18/20 task 4/5 success at step 91
    [ce_ais] chain 18/20 task 4/5 success: 91 steps, 26.9s
    [ce_ais] chain 18/20 task 5/5 start: turn_off_led | instruction: press the button to turn off the led light
    [ce_ais] chain 18/20 task 5/5 step 1/360: running policy
    [ce_ais] chain 18/20 task 5/5 step 1/360: policy 0.37s, stepping env
    [ce_ais] chain 18/20 task 5/5 step 60/360: running policy
    [ce_ais] chain 18/20 task 5/5 step 60/360: policy 0.29s, stepping env
    [ce_ais] chain 18/20 task 5/5 success at step 78
    [ce_ais] chain 18/20 task 5/5 success: 78 steps, 22.4s
    [ce_ais] chain 19/20 start: ['lift_pink_block_table', 'stack_block', 'move_slider_right', 'turn_on_lightbulb', 'lift_blue_block_slider']
    [ce_ais] chain 19/20 instructions: ['grasp and lift the pink block', 'stack the grasped block', 'push the sliding door to the right side', 'use the switch to turn on the light bulb', 'lift the blue block from the sliding cabinet']
    [ce_ais] chain 19/20 task 1/5 start: lift_pink_block_table | instruction: grasp and lift the pink block
    [ce_ais] chain 19/20 task 1/5 step 1/360: running policy
    [ce_ais] chain 19/20 task 1/5 step 1/360: policy 0.37s, stepping env
    [ce_ais] chain 19/20 task 1/5 success at step 47
    [ce_ais] chain 19/20 task 1/5 success: 47 steps, 13.5s
    [ce_ais] chain 19/20 task 2/5 start: stack_block | instruction: stack the grasped block
    [ce_ais] chain 19/20 task 2/5 step 1/360: running policy
    [ce_ais] chain 19/20 task 2/5 step 1/360: policy 0.37s, stepping env
    [ce_ais] chain 19/20 task 2/5 success at step 29
    [ce_ais] chain 19/20 task 2/5 success: 29 steps, 7.9s
    [ce_ais] chain 19/20 task 3/5 start: move_slider_right | instruction: push the sliding door to the right side
    [ce_ais] chain 19/20 task 3/5 step 1/360: running policy
    [ce_ais] chain 19/20 task 3/5 step 1/360: policy 0.45s, stepping env
    [ce_ais] chain 19/20 task 3/5 step 60/360: running policy
    [ce_ais] chain 19/20 task 3/5 step 60/360: policy 0.21s, stepping env
    [ce_ais] chain 19/20 task 3/5 success at step 66
    [ce_ais] chain 19/20 task 3/5 success: 66 steps, 17.6s
    [ce_ais] chain 19/20 task 4/5 start: turn_on_lightbulb | instruction: use the switch to turn on the light bulb
    [ce_ais] chain 19/20 task 4/5 step 1/360: running policy
    [ce_ais] chain 19/20 task 4/5 step 1/360: policy 0.46s, stepping env
    [ce_ais] chain 19/20 task 4/5 success at step 54
    [ce_ais] chain 19/20 task 4/5 success: 54 steps, 15.3s
    [ce_ais] chain 19/20 task 5/5 start: lift_blue_block_slider | instruction: lift the blue block from the sliding cabinet
    [ce_ais] chain 19/20 task 5/5 step 1/360: running policy
    [ce_ais] chain 19/20 task 5/5 step 1/360: policy 0.45s, stepping env
    [ce_ais] chain 19/20 task 5/5 step 60/360: running policy
    [ce_ais] chain 19/20 task 5/5 step 60/360: policy 0.26s, stepping env
    [ce_ais] chain 19/20 task 5/5 success at step 116
    [ce_ais] chain 19/20 task 5/5 success: 116 steps, 30.2s
    [ce_ais] chain 20/20 start: ['lift_red_block_slider', 'place_in_slider', 'turn_on_lightbulb', 'move_slider_right', 'push_pink_block_right']
    [ce_ais] chain 20/20 instructions: ['lift the red block from the sliding cabinet', 'store the grasped block in the sliding cabinet', 'use the switch to turn on the light bulb', 'push the sliding door to the right side', 'go push the pink block right']
    [ce_ais] chain 20/20 task 1/5 start: lift_red_block_slider | instruction: lift the red block from the sliding cabinet
    [ce_ais] chain 20/20 task 1/5 step 1/360: running policy
    [ce_ais] chain 20/20 task 1/5 step 1/360: policy 0.37s, stepping env
    [ce_ais] chain 20/20 task 1/5 step 60/360: running policy
    [ce_ais] chain 20/20 task 1/5 step 60/360: policy 0.22s, stepping env
    [ce_ais] chain 20/20 task 1/5 step 120/360: running policy
    [ce_ais] chain 20/20 task 1/5 step 120/360: policy 0.27s, stepping env
    [ce_ais] chain 20/20 task 1/5 step 180/360: running policy
    [ce_ais] chain 20/20 task 1/5 step 180/360: policy 0.27s, stepping env
    [ce_ais] chain 20/20 task 1/5 step 240/360: running policy
    [ce_ais] chain 20/20 task 1/5 step 240/360: policy 0.22s, stepping env
    [ce_ais] chain 20/20 task 1/5 success at step 252
    [ce_ais] chain 20/20 task 1/5 success: 252 steps, 72.9s
    [ce_ais] chain 20/20 task 2/5 start: place_in_slider | instruction: store the grasped block in the sliding cabinet
    [ce_ais] chain 20/20 task 2/5 step 1/360: running policy
    [ce_ais] chain 20/20 task 2/5 step 1/360: policy 0.37s, stepping env
    [ce_ais] chain 20/20 task 2/5 success at step 14
    [ce_ais] chain 20/20 task 2/5 success: 14 steps, 3.5s
    [ce_ais] chain 20/20 task 3/5 start: turn_on_lightbulb | instruction: use the switch to turn on the light bulb
    [ce_ais] chain 20/20 task 3/5 step 1/360: running policy
    [ce_ais] chain 20/20 task 3/5 step 1/360: policy 0.45s, stepping env
    [ce_ais] chain 20/20 task 3/5 success at step 51
    [ce_ais] chain 20/20 task 3/5 success: 51 steps, 14.5s
    [ce_ais] chain 20/20 task 4/5 start: move_slider_right | instruction: push the sliding door to the right side
    [ce_ais] chain 20/20 task 4/5 step 1/360: running policy
    [ce_ais] chain 20/20 task 4/5 step 1/360: policy 0.57s, stepping env
    [ce_ais] chain 20/20 task 4/5 step 60/360: running policy
    [ce_ais] chain 20/20 task 4/5 step 60/360: policy 0.27s, stepping env
    [ce_ais] chain 20/20 task 4/5 success at step 88
    [ce_ais] chain 20/20 task 4/5 success: 88 steps, 24.6s
    [ce_ais] chain 20/20 task 5/5 start: push_pink_block_right | instruction: go push the pink block right
    [ce_ais] chain 20/20 task 5/5 step 1/360: running policy
    [ce_ais] chain 20/20 task 5/5 step 1/360: policy 0.38s, stepping env
    [ce_ais] chain 20/20 task 5/5 step 60/360: running policy
    [ce_ais] chain 20/20 task 5/5 step 60/360: policy 0.28s, stepping env
    [ce_ais] chain 20/20 task 5/5 success at step 69
    [ce_ais] chain 20/20 task 5/5 success: 69 steps, 19.8s
    [ce_ais] 20/20 chains, L1 success: 95.0%
  [ce_ais] L1=95.0%, L3=85.0%, L5=70.0%, latency=303.8ms

Results saved: results/main_safe_balanced_clean_20/main_experiment.json

======================================================================
Method                     L1       L2       L3       L4       L5  Lat(ms)
----------------------------------------------------------------------
frozen_flower          90.0%   90.0%   80.0%   70.0%   70.0%    50.3
ce_ais                 95.0%   95.0%   85.0%   75.0%   70.0%   303.8
======================================================================
disconnecting id 0 from server
Destroy EGL OpenGL window.
disconnecting id -1 from server
