======================================================================
CE-AIS Paper Main Experiments
Methods: ['frozen_flower']
Chains: 50 x 5
Device: cuda:6 (requested=cuda:6, visible=None)
EGL: enabled (EGL_VISIBLE_DEVICES=6)
======================================================================

[1] Initializing CALVIN environment...
/data0/yejinxuan/ce-ais/.venv/lib/python3.12/site-packages/hydra/_internal/defaults_list.py:251: UserWarning: In 'config_data_collection': Defaults list is missing `_self_`. See https://hydra.cc/docs/1.2/upgrades/1.0_to_1.1/default_composition_order for more information
  warnings.warn(msg, UserWarning)
/data0/yejinxuan/ce-ais/.venv/lib/python3.12/site-packages/hydra/core/default_element.py:124: UserWarning: In 'vr_input/vr_controller/vive': Usage of deprecated keyword in package header '# @package _group_'.
See https://hydra.cc/docs/1.2/upgrades/1.0_to_1.1/changes_to_package_header for more information
  deprecation_warning(
Gym has been unmaintained since 2022 and does not support NumPy 2.0 amongst other critical functionality.
Please upgrade to Gymnasium, the maintained drop-in replacement of Gym, or contact the authors of your software and request that they upgrade.
Users of this version of Gym should be able to simply replace 'import gym' with 'import gymnasium as gym' in the vast majority of cases.
See the migration guide at https://gymnasium.farama.org/introduction/migration_guide/ for additional information.
pybullet build time: Oct 21 2025 10:07:17
/data0/yejinxuan/workspace/calvin/calvin_env/calvin_env/envs/play_table_env.py:289: UserWarning: 
The version_base parameter is not specified.
Please specify a compatability version level, or None.
Will assume defaults for version 1.1
  @hydra.main(config_path="../../conf", config_name="config_data_collection")
argv[0]=--width=200
argv[1]=--height=200
EGL device choice: 6 of 17 (from EGL_VISIBLE_DEVICES)
Loaded EGL 1.5 after reload.
GL_VENDOR=NVIDIA Corporation
GL_RENDERER=NVIDIA A100-SXM4-80GB/PCIe/SSE2
GL_VERSION=3.3.0 NVIDIA 595.71.05
GL_SHADING_LANGUAGE_VERSION=3.30 NVIDIA via Cg compiler
Version = 3.3.0 NVIDIA 595.71.05
Vendor = NVIDIA Corporation
Renderer = NVIDIA A100-SXM4-80GB/PCIe/SSE2
  Available tasks: 34
/data0/yejinxuan/ce-ais/.venv/lib/python3.12/site-packages/lightning_lite/__init__.py:29: UserWarning: pkg_resources is deprecated as an API. See https://setuptools.pypa.io/en/latest/pkg_resources.html. The pkg_resources package is slated for removal as early as 2025-11-30. Refrain from using this package or pin to Setuptools<81.
  __import__("pkg_resources").declare_namespace(__name__)
  Sequence source: flower_official

[Eval] Running: frozen_flower
Loading Florence-2 from /data0/yejinxuan/hf_cache/hub/Florence-2-large
Loading pretrained weights from /data0/yejinxuan/ce-ais/data/flower_calvin_abc/model.safetensors...
Loaded safetensors file
Pretrained weights loaded with the following issues:
  ⚠️ Missing keys (not found in checkpoint, using default init): 2
    ['vlm.language_model.final_logits_bias', 'vlm.language_model.model.shared.weight'] ...
  ⚠️ Unexpected keys (ignored): 2
    ['vlm.language_final_logits_bias', 'vlm.language_shared.weight'] ...
    [frozen_flower] chain 1/50 start: ['rotate_blue_block_right', 'move_slider_right', 'lift_red_block_slider', 'place_in_slider', 'turn_off_lightbulb']
    [frozen_flower] chain 1/50 instructions: ['take the blue block and rotate it to the right', 'push the sliding door to the right side', 'lift the red block from the sliding cabinet', 'store the grasped block in the sliding cabinet', 'use the switch to turn off the light bulb']
ven = NVIDIA Corporation
ven = NVIDIA Corporation
    [frozen_flower] chain 1/50 task 1/5 start: rotate_blue_block_right | instruction: take the blue block and rotate it to the right
    [frozen_flower] chain 1/50 task 1/5 step 1/360: running policy
    [frozen_flower] chain 1/50 task 1/5 step 1/360: policy 2.46s, stepping env
    [frozen_flower] chain 1/50 task 1/5 step 25/360: running policy
    [frozen_flower] chain 1/50 task 1/5 step 25/360: policy 0.35s, stepping env
    [frozen_flower] chain 1/50 task 1/5 step 50/360: running policy
    [frozen_flower] chain 1/50 task 1/5 step 50/360: policy 0.32s, stepping env
    [frozen_flower] chain 1/50 task 1/5 step 75/360: running policy
    [frozen_flower] chain 1/50 task 1/5 step 75/360: policy 0.36s, stepping env
    [frozen_flower] chain 1/50 task 1/5 success at step 84
    [frozen_flower] chain 1/50 task 1/5 success: 84 steps, 42.3s
    [frozen_flower] chain 1/50 task 2/5 start: move_slider_right | instruction: push the sliding door to the right side
    [frozen_flower] chain 1/50 task 2/5 step 1/360: running policy
    [frozen_flower] chain 1/50 task 2/5 step 1/360: policy 0.83s, stepping env
    [frozen_flower] chain 1/50 task 2/5 step 25/360: running policy
    [frozen_flower] chain 1/50 task 2/5 step 25/360: policy 0.28s, stepping env
    [frozen_flower] chain 1/50 task 2/5 step 50/360: running policy
    [frozen_flower] chain 1/50 task 2/5 step 50/360: policy 0.40s, stepping env
    [frozen_flower] chain 1/50 task 2/5 step 75/360: running policy
    [frozen_flower] chain 1/50 task 2/5 step 75/360: policy 0.32s, stepping env
    [frozen_flower] chain 1/50 task 2/5 success at step 75
    [frozen_flower] chain 1/50 task 2/5 success: 75 steps, 33.1s
    [frozen_flower] chain 1/50 task 3/5 start: lift_red_block_slider | instruction: lift the red block from the sliding cabinet
    [frozen_flower] chain 1/50 task 3/5 step 1/360: running policy
    [frozen_flower] chain 1/50 task 3/5 step 1/360: policy 0.78s, stepping env
    [frozen_flower] chain 1/50 task 3/5 step 25/360: running policy
    [frozen_flower] chain 1/50 task 3/5 step 25/360: policy 0.40s, stepping env
    [frozen_flower] chain 1/50 task 3/5 step 50/360: running policy
    [frozen_flower] chain 1/50 task 3/5 step 50/360: policy 0.44s, stepping env
    [frozen_flower] chain 1/50 task 3/5 step 75/360: running policy
    [frozen_flower] chain 1/50 task 3/5 step 75/360: policy 0.26s, stepping env
    [frozen_flower] chain 1/50 task 3/5 success at step 82
    [frozen_flower] chain 1/50 task 3/5 success: 82 steps, 38.2s
    [frozen_flower] chain 1/50 task 4/5 start: place_in_slider | instruction: store the grasped block in the sliding cabinet
    [frozen_flower] chain 1/50 task 4/5 step 1/360: running policy
    [frozen_flower] chain 1/50 task 4/5 step 1/360: policy 0.70s, stepping env
    [frozen_flower] chain 1/50 task 4/5 success at step 10
    [frozen_flower] chain 1/50 task 4/5 success: 10 steps, 4.1s
    [frozen_flower] chain 1/50 task 5/5 start: turn_off_lightbulb | instruction: use the switch to turn off the light bulb
    [frozen_flower] chain 1/50 task 5/5 step 1/360: running policy
    [frozen_flower] chain 1/50 task 5/5 step 1/360: policy 0.81s, stepping env
    [frozen_flower] chain 1/50 task 5/5 step 25/360: running policy
    [frozen_flower] chain 1/50 task 5/5 step 25/360: policy 0.25s, stepping env
    [frozen_flower] chain 1/50 task 5/5 step 50/360: running policy
    [frozen_flower] chain 1/50 task 5/5 step 50/360: policy 0.17s, stepping env
    [frozen_flower] chain 1/50 task 5/5 success at step 71
    [frozen_flower] chain 1/50 task 5/5 success: 71 steps, 29.4s
    [frozen_flower] chain 2/50 start: ['turn_off_led', 'push_into_drawer', 'lift_blue_block_drawer', 'place_in_slider', 'close_drawer']
    [frozen_flower] chain 2/50 instructions: ['press the button to turn off the led light', 'slide the block that it falls into the drawer', 'Take the blue block from the drawer', 'store the grasped block in the sliding cabinet', 'push the handle to close the drawer']
    [frozen_flower] chain 2/50 task 1/5 start: turn_off_led | instruction: press the button to turn off the led light
    [frozen_flower] chain 2/50 task 1/5 step 1/360: running policy
    [frozen_flower] chain 2/50 task 1/5 step 1/360: policy 0.57s, stepping env
    [frozen_flower] chain 2/50 task 1/5 step 25/360: running policy
    [frozen_flower] chain 2/50 task 1/5 step 25/360: policy 0.38s, stepping env
    [frozen_flower] chain 2/50 task 1/5 success at step 44
    [frozen_flower] chain 2/50 task 1/5 success: 44 steps, 16.3s
    [frozen_flower] chain 2/50 task 2/5 start: push_into_drawer | instruction: slide the block that it falls into the drawer
    [frozen_flower] chain 2/50 task 2/5 step 1/360: running policy
    [frozen_flower] chain 2/50 task 2/5 step 1/360: policy 0.59s, stepping env
    [frozen_flower] chain 2/50 task 2/5 step 25/360: running policy
    [frozen_flower] chain 2/50 task 2/5 step 25/360: policy 0.30s, stepping env
    [frozen_flower] chain 2/50 task 2/5 step 50/360: running policy
    [frozen_flower] chain 2/50 task 2/5 step 50/360: policy 0.28s, stepping env
    [frozen_flower] chain 2/50 task 2/5 step 75/360: running policy
    [frozen_flower] chain 2/50 task 2/5 step 75/360: policy 0.37s, stepping env
    [frozen_flower] chain 2/50 task 2/5 success at step 86
    [frozen_flower] chain 2/50 task 2/5 success: 86 steps, 34.9s
    [frozen_flower] chain 2/50 task 3/5 start: lift_blue_block_drawer | instruction: Take the blue block from the drawer
    [frozen_flower] chain 2/50 task 3/5 step 1/360: running policy
    [frozen_flower] chain 2/50 task 3/5 step 1/360: policy 0.98s, stepping env
    [frozen_flower] chain 2/50 task 3/5 step 25/360: running policy
    [frozen_flower] chain 2/50 task 3/5 step 25/360: policy 0.41s, stepping env
    [frozen_flower] chain 2/50 task 3/5 success at step 49
    [frozen_flower] chain 2/50 task 3/5 success: 49 steps, 23.8s
    [frozen_flower] chain 2/50 task 4/5 start: place_in_slider | instruction: store the grasped block in the sliding cabinet
    [frozen_flower] chain 2/50 task 4/5 step 1/360: running policy
    [frozen_flower] chain 2/50 task 4/5 step 1/360: policy 0.90s, stepping env
    [frozen_flower] chain 2/50 task 4/5 step 25/360: running policy
    [frozen_flower] chain 2/50 task 4/5 step 25/360: policy 0.34s, stepping env
    [frozen_flower] chain 2/50 task 4/5 step 50/360: running policy
    [frozen_flower] chain 2/50 task 4/5 step 50/360: policy 0.32s, stepping env
    [frozen_flower] chain 2/50 task 4/5 step 75/360: running policy
    [frozen_flower] chain 2/50 task 4/5 step 75/360: policy 0.42s, stepping env
    [frozen_flower] chain 2/50 task 4/5 step 100/360: running policy
    [frozen_flower] chain 2/50 task 4/5 step 100/360: policy 0.30s, stepping env
    [frozen_flower] chain 2/50 task 4/5 step 125/360: running policy
    [frozen_flower] chain 2/50 task 4/5 step 125/360: policy 0.26s, stepping env
    [frozen_flower] chain 2/50 task 4/5 step 150/360: running policy
    [frozen_flower] chain 2/50 task 4/5 step 150/360: policy 0.36s, stepping env
    [frozen_flower] chain 2/50 task 4/5 step 175/360: running policy
    [frozen_flower] chain 2/50 task 4/5 step 175/360: policy 0.29s, stepping env
    [frozen_flower] chain 2/50 task 4/5 step 200/360: running policy
    [frozen_flower] chain 2/50 task 4/5 step 200/360: policy 0.40s, stepping env
    [frozen_flower] chain 2/50 task 4/5 step 225/360: running policy
    [frozen_flower] chain 2/50 task 4/5 step 225/360: policy 0.42s, stepping env
    [frozen_flower] chain 2/50 task 4/5 step 250/360: running policy
    [frozen_flower] chain 2/50 task 4/5 step 250/360: policy 0.31s, stepping env
    [frozen_flower] chain 2/50 task 4/5 step 275/360: running policy
    [frozen_flower] chain 2/50 task 4/5 step 275/360: policy 0.32s, stepping env
    [frozen_flower] chain 2/50 task 4/5 step 300/360: running policy
    [frozen_flower] chain 2/50 task 4/5 step 300/360: policy 0.30s, stepping env
    [frozen_flower] chain 2/50 task 4/5 step 325/360: running policy
    [frozen_flower] chain 2/50 task 4/5 step 325/360: policy 0.37s, stepping env
    [frozen_flower] chain 2/50 task 4/5 step 350/360: running policy
    [frozen_flower] chain 2/50 task 4/5 step 350/360: policy 0.32s, stepping env
    [frozen_flower] chain 2/50 task 4/5 failed: 360 steps, 151.5s
    [frozen_flower] chain 3/50 start: ['lift_pink_block_slider', 'place_in_slider', 'open_drawer', 'rotate_red_block_right', 'lift_red_block_table']
    [frozen_flower] chain 3/50 instructions: ['lift the pink block from the sliding cabinet', 'store the grasped block in the sliding cabinet', 'pull the handle to open the drawer', 'take the red block and rotate it to the right', 'grasp and lift the red block']
    [frozen_flower] chain 3/50 task 1/5 start: lift_pink_block_slider | instruction: lift the pink block from the sliding cabinet
    [frozen_flower] chain 3/50 task 1/5 step 1/360: running policy
    [frozen_flower] chain 3/50 task 1/5 step 1/360: policy 0.75s, stepping env
    [frozen_flower] chain 3/50 task 1/5 step 25/360: running policy
    [frozen_flower] chain 3/50 task 1/5 step 25/360: policy 0.32s, stepping env
    [frozen_flower] chain 3/50 task 1/5 step 50/360: running policy
    [frozen_flower] chain 3/50 task 1/5 step 50/360: policy 0.30s, stepping env
    [frozen_flower] chain 3/50 task 1/5 success at step 67
    [frozen_flower] chain 3/50 task 1/5 success: 67 steps, 28.9s
    [frozen_flower] chain 3/50 task 2/5 start: place_in_slider | instruction: store the grasped block in the sliding cabinet
    [frozen_flower] chain 3/50 task 2/5 step 1/360: running policy
    [frozen_flower] chain 3/50 task 2/5 step 1/360: policy 0.82s, stepping env
    [frozen_flower] chain 3/50 task 2/5 success at step 10
    [frozen_flower] chain 3/50 task 2/5 success: 10 steps, 3.8s
    [frozen_flower] chain 3/50 task 3/5 start: open_drawer | instruction: pull the handle to open the drawer
    [frozen_flower] chain 3/50 task 3/5 step 1/360: running policy
    [frozen_flower] chain 3/50 task 3/5 step 1/360: policy 0.83s, stepping env
    [frozen_flower] chain 3/50 task 3/5 step 25/360: running policy
    [frozen_flower] chain 3/50 task 3/5 step 25/360: policy 0.39s, stepping env
    [frozen_flower] chain 3/50 task 3/5 step 50/360: running policy
    [frozen_flower] chain 3/50 task 3/5 step 50/360: policy 0.26s, stepping env
    [frozen_flower] chain 3/50 task 3/5 step 75/360: running policy
    [frozen_flower] chain 3/50 task 3/5 step 75/360: policy 0.25s, stepping env
    [frozen_flower] chain 3/50 task 3/5 success at step 78
    [frozen_flower] chain 3/50 task 3/5 success: 78 steps, 33.0s
    [frozen_flower] chain 3/50 task 4/5 start: rotate_red_block_right | instruction: take the red block and rotate it to the right
    [frozen_flower] chain 3/50 task 4/5 step 1/360: running policy
    [frozen_flower] chain 3/50 task 4/5 step 1/360: policy 0.74s, stepping env
    [frozen_flower] chain 3/50 task 4/5 step 25/360: running policy
    [frozen_flower] chain 3/50 task 4/5 step 25/360: policy 0.46s, stepping env
    [frozen_flower] chain 3/50 task 4/5 step 50/360: running policy
    [frozen_flower] chain 3/50 task 4/5 step 50/360: policy 0.46s, stepping env
    [frozen_flower] chain 3/50 task 4/5 step 75/360: running policy
    [frozen_flower] chain 3/50 task 4/5 step 75/360: policy 0.27s, stepping env
    [frozen_flower] chain 3/50 task 4/5 step 100/360: running policy
    [frozen_flower] chain 3/50 task 4/5 step 100/360: policy 0.36s, stepping env
    [frozen_flower] chain 3/50 task 4/5 success at step 105
    [frozen_flower] chain 3/50 task 4/5 success: 105 steps, 48.9s
    [frozen_flower] chain 3/50 task 5/5 start: lift_red_block_table | instruction: grasp and lift the red block
    [frozen_flower] chain 3/50 task 5/5 step 1/360: running policy
    [frozen_flower] chain 3/50 task 5/5 step 1/360: policy 1.10s, stepping env
    [frozen_flower] chain 3/50 task 5/5 step 25/360: running policy
    [frozen_flower] chain 3/50 task 5/5 step 25/360: policy 0.36s, stepping env
    [frozen_flower] chain 3/50 task 5/5 step 50/360: running policy
    [frozen_flower] chain 3/50 task 5/5 step 50/360: policy 0.27s, stepping env
    [frozen_flower] chain 3/50 task 5/5 step 75/360: running policy
    [frozen_flower] chain 3/50 task 5/5 step 75/360: policy 0.30s, stepping env
    [frozen_flower] chain 3/50 task 5/5 success at step 88
    [frozen_flower] chain 3/50 task 5/5 success: 88 steps, 37.6s
    [frozen_flower] chain 4/50 start: ['rotate_blue_block_right', 'lift_pink_block_table', 'place_in_slider', 'move_slider_left', 'open_drawer']
    [frozen_flower] chain 4/50 instructions: ['take the blue block and rotate it to the right', 'grasp and lift the pink block', 'store the grasped block in the sliding cabinet', 'push the sliding door to the left side', 'pull the handle to open the drawer']
    [frozen_flower] chain 4/50 task 1/5 start: rotate_blue_block_right | instruction: take the blue block and rotate it to the right
    [frozen_flower] chain 4/50 task 1/5 step 1/360: running policy
    [frozen_flower] chain 4/50 task 1/5 step 1/360: policy 0.69s, stepping env
    [frozen_flower] chain 4/50 task 1/5 step 25/360: running policy
    [frozen_flower] chain 4/50 task 1/5 step 25/360: policy 0.29s, stepping env
    [frozen_flower] chain 4/50 task 1/5 step 50/360: running policy
    [frozen_flower] chain 4/50 task 1/5 step 50/360: policy 0.29s, stepping env
    [frozen_flower] chain 4/50 task 1/5 step 75/360: running policy
    [frozen_flower] chain 4/50 task 1/5 step 75/360: policy 0.41s, stepping env
    [frozen_flower] chain 4/50 task 1/5 success at step 93
    [frozen_flower] chain 4/50 task 1/5 success: 93 steps, 32.8s
    [frozen_flower] chain 4/50 task 2/5 start: lift_pink_block_table | instruction: grasp and lift the pink block
    [frozen_flower] chain 4/50 task 2/5 step 1/360: running policy
    [frozen_flower] chain 4/50 task 2/5 step 1/360: policy 0.98s, stepping env
    [frozen_flower] chain 4/50 task 2/5 step 25/360: running policy
    [frozen_flower] chain 4/50 task 2/5 step 25/360: policy 0.49s, stepping env
    [frozen_flower] chain 4/50 task 2/5 step 50/360: running policy
    [frozen_flower] chain 4/50 task 2/5 step 50/360: policy 0.21s, stepping env
    [frozen_flower] chain 4/50 task 2/5 step 75/360: running policy
    [frozen_flower] chain 4/50 task 2/5 step 75/360: policy 0.39s, stepping env
    [frozen_flower] chain 4/50 task 2/5 success at step 75
    [frozen_flower] chain 4/50 task 2/5 success: 75 steps, 35.3s
    [frozen_flower] chain 4/50 task 3/5 start: place_in_slider | instruction: store the grasped block in the sliding cabinet
    [frozen_flower] chain 4/50 task 3/5 step 1/360: running policy
    [frozen_flower] chain 4/50 task 3/5 step 1/360: policy 1.05s, stepping env
    [frozen_flower] chain 4/50 task 3/5 step 25/360: running policy
    [frozen_flower] chain 4/50 task 3/5 step 25/360: policy 0.21s, stepping env
    [frozen_flower] chain 4/50 task 3/5 success at step 44
    [frozen_flower] chain 4/50 task 3/5 success: 44 steps, 18.0s
    [frozen_flower] chain 4/50 task 4/5 start: move_slider_left | instruction: push the sliding door to the left side
    [frozen_flower] chain 4/50 task 4/5 step 1/360: running policy
    [frozen_flower] chain 4/50 task 4/5 step 1/360: policy 0.89s, stepping env
    [frozen_flower] chain 4/50 task 4/5 step 25/360: running policy
    [frozen_flower] chain 4/50 task 4/5 step 25/360: policy 0.29s, stepping env
    [frozen_flower] chain 4/50 task 4/5 step 50/360: running policy
    [frozen_flower] chain 4/50 task 4/5 step 50/360: policy 0.35s, stepping env
    [frozen_flower] chain 4/50 task 4/5 success at step 69
    [frozen_flower] chain 4/50 task 4/5 success: 69 steps, 31.2s
    [frozen_flower] chain 4/50 task 5/5 start: open_drawer | instruction: pull the handle to open the drawer
    [frozen_flower] chain 4/50 task 5/5 step 1/360: running policy
    [frozen_flower] chain 4/50 task 5/5 step 1/360: policy 1.01s, stepping env
    [frozen_flower] chain 4/50 task 5/5 step 25/360: running policy
    [frozen_flower] chain 4/50 task 5/5 step 25/360: policy 0.20s, stepping env
    [frozen_flower] chain 4/50 task 5/5 step 50/360: running policy
    [frozen_flower] chain 4/50 task 5/5 step 50/360: policy 0.25s, stepping env
    [frozen_flower] chain 4/50 task 5/5 success at step 74
    [frozen_flower] chain 4/50 task 5/5 success: 74 steps, 29.0s
    [frozen_flower] chain 5/50 start: ['open_drawer', 'lift_pink_block_table', 'place_in_slider', 'turn_on_lightbulb', 'rotate_blue_block_left']
    [frozen_flower] chain 5/50 instructions: ['pull the handle to open the drawer', 'grasp and lift the pink block', 'store the grasped block in the sliding cabinet', 'use the switch to turn on the light bulb', 'take the blue block and rotate it to the left']
    [frozen_flower] chain 5/50 task 1/5 start: open_drawer | instruction: pull the handle to open the drawer
    [frozen_flower] chain 5/50 task 1/5 step 1/360: running policy
    [frozen_flower] chain 5/50 task 1/5 step 1/360: policy 0.97s, stepping env
    [frozen_flower] chain 5/50 task 1/5 step 25/360: running policy
    [frozen_flower] chain 5/50 task 1/5 step 25/360: policy 0.27s, stepping env
    [frozen_flower] chain 5/50 task 1/5 step 50/360: running policy
    [frozen_flower] chain 5/50 task 1/5 step 50/360: policy 0.31s, stepping env
    [frozen_flower] chain 5/50 task 1/5 success at step 58
    [frozen_flower] chain 5/50 task 1/5 success: 58 steps, 27.1s
    [frozen_flower] chain 5/50 task 2/5 start: lift_pink_block_table | instruction: grasp and lift the pink block
    [frozen_flower] chain 5/50 task 2/5 step 1/360: running policy
    [frozen_flower] chain 5/50 task 2/5 step 1/360: policy 0.93s, stepping env
    [frozen_flower] chain 5/50 task 2/5 step 25/360: running policy
    [frozen_flower] chain 5/50 task 2/5 step 25/360: policy 0.32s, stepping env
    [frozen_flower] chain 5/50 task 2/5 step 50/360: running policy
    [frozen_flower] chain 5/50 task 2/5 step 50/360: policy 0.41s, stepping env
    [frozen_flower] chain 5/50 task 2/5 success at step 64
    [frozen_flower] chain 5/50 task 2/5 success: 64 steps, 29.5s
    [frozen_flower] chain 5/50 task 3/5 start: place_in_slider | instruction: store the grasped block in the sliding cabinet
    [frozen_flower] chain 5/50 task 3/5 step 1/360: running policy
    [frozen_flower] chain 5/50 task 3/5 step 1/360: policy 0.79s, stepping env
    [frozen_flower] chain 5/50 task 3/5 step 25/360: running policy
    [frozen_flower] chain 5/50 task 3/5 step 25/360: policy 0.46s, stepping env
    [frozen_flower] chain 5/50 task 3/5 success at step 41
    [frozen_flower] chain 5/50 task 3/5 success: 41 steps, 20.7s
    [frozen_flower] chain 5/50 task 4/5 start: turn_on_lightbulb | instruction: use the switch to turn on the light bulb
    [frozen_flower] chain 5/50 task 4/5 step 1/360: running policy
    [frozen_flower] chain 5/50 task 4/5 step 1/360: policy 0.94s, stepping env
    [frozen_flower] chain 5/50 task 4/5 step 25/360: running policy
    [frozen_flower] chain 5/50 task 4/5 step 25/360: policy 0.32s, stepping env
    [frozen_flower] chain 5/50 task 4/5 step 50/360: running policy
    [frozen_flower] chain 5/50 task 4/5 step 50/360: policy 0.32s, stepping env
    [frozen_flower] chain 5/50 task 4/5 success at step 61
    [frozen_flower] chain 5/50 task 4/5 success: 61 steps, 25.4s
    [frozen_flower] chain 5/50 task 5/5 start: rotate_blue_block_left | instruction: take the blue block and rotate it to the left
    [frozen_flower] chain 5/50 task 5/5 step 1/360: running policy
    [frozen_flower] chain 5/50 task 5/5 step 1/360: policy 0.91s, stepping env
    [frozen_flower] chain 5/50 task 5/5 step 25/360: running policy
    [frozen_flower] chain 5/50 task 5/5 step 25/360: policy 0.32s, stepping env
    [frozen_flower] chain 5/50 task 5/5 step 50/360: running policy
    [frozen_flower] chain 5/50 task 5/5 step 50/360: policy 0.28s, stepping env
    [frozen_flower] chain 5/50 task 5/5 success at step 73
    [frozen_flower] chain 5/50 task 5/5 success: 73 steps, 32.8s
    [frozen_flower] chain 6/50 start: ['push_blue_block_left', 'close_drawer', 'lift_red_block_slider', 'place_in_slider', 'turn_off_lightbulb']
    [frozen_flower] chain 6/50 instructions: ['go push the blue block left', 'push the handle to close the drawer', 'lift the red block from the sliding cabinet', 'store the grasped block in the sliding cabinet', 'use the switch to turn off the light bulb']
    [frozen_flower] chain 6/50 task 1/5 start: push_blue_block_left | instruction: go push the blue block left
    [frozen_flower] chain 6/50 task 1/5 step 1/360: running policy
    [frozen_flower] chain 6/50 task 1/5 step 1/360: policy 0.73s, stepping env
    [frozen_flower] chain 6/50 task 1/5 step 25/360: running policy
    [frozen_flower] chain 6/50 task 1/5 step 25/360: policy 0.38s, stepping env
    [frozen_flower] chain 6/50 task 1/5 step 50/360: running policy
    [frozen_flower] chain 6/50 task 1/5 step 50/360: policy 0.39s, stepping env
    [frozen_flower] chain 6/50 task 1/5 success at step 64
    [frozen_flower] chain 6/50 task 1/5 success: 64 steps, 28.1s
    [frozen_flower] chain 6/50 task 2/5 start: close_drawer | instruction: push the handle to close the drawer
    [frozen_flower] chain 6/50 task 2/5 step 1/360: running policy
    [frozen_flower] chain 6/50 task 2/5 step 1/360: policy 0.90s, stepping env
    [frozen_flower] chain 6/50 task 2/5 step 25/360: running policy
    [frozen_flower] chain 6/50 task 2/5 step 25/360: policy 0.46s, stepping env
    [frozen_flower] chain 6/50 task 2/5 step 50/360: running policy
    [frozen_flower] chain 6/50 task 2/5 step 50/360: policy 0.28s, stepping env
    [frozen_flower] chain 6/50 task 2/5 step 75/360: running policy
    [frozen_flower] chain 6/50 task 2/5 step 75/360: policy 0.39s, stepping env
    [frozen_flower] chain 6/50 task 2/5 success at step 80
    [frozen_flower] chain 6/50 task 2/5 success: 80 steps, 35.0s
    [frozen_flower] chain 6/50 task 3/5 start: lift_red_block_slider | instruction: lift the red block from the sliding cabinet
    [frozen_flower] chain 6/50 task 3/5 step 1/360: running policy
    [frozen_flower] chain 6/50 task 3/5 step 1/360: policy 1.02s, stepping env
    [frozen_flower] chain 6/50 task 3/5 step 25/360: running policy
    [frozen_flower] chain 6/50 task 3/5 step 25/360: policy 0.30s, stepping env
    [frozen_flower] chain 6/50 task 3/5 step 50/360: running policy
    [frozen_flower] chain 6/50 task 3/5 step 50/360: policy 0.45s, stepping env
    [frozen_flower] chain 6/50 task 3/5 step 75/360: running policy
    [frozen_flower] chain 6/50 task 3/5 step 75/360: policy 0.29s, stepping env
    [frozen_flower] chain 6/50 task 3/5 success at step 83
    [frozen_flower] chain 6/50 task 3/5 success: 83 steps, 38.0s
    [frozen_flower] chain 6/50 task 4/5 start: place_in_slider | instruction: store the grasped block in the sliding cabinet
    [frozen_flower] chain 6/50 task 4/5 step 1/360: running policy
    [frozen_flower] chain 6/50 task 4/5 step 1/360: policy 0.91s, stepping env
    [frozen_flower] chain 6/50 task 4/5 success at step 9
    [frozen_flower] chain 6/50 task 4/5 success: 9 steps, 3.9s
    [frozen_flower] chain 6/50 task 5/5 start: turn_off_lightbulb | instruction: use the switch to turn off the light bulb
    [frozen_flower] chain 6/50 task 5/5 step 1/360: running policy
    [frozen_flower] chain 6/50 task 5/5 step 1/360: policy 0.75s, stepping env
    [frozen_flower] chain 6/50 task 5/5 step 25/360: running policy
    [frozen_flower] chain 6/50 task 5/5 step 25/360: policy 0.30s, stepping env
    [frozen_flower] chain 6/50 task 5/5 success at step 49
    [frozen_flower] chain 6/50 task 5/5 success: 49 steps, 23.3s
    [frozen_flower] chain 7/50 start: ['open_drawer', 'rotate_red_block_right', 'turn_on_led', 'lift_pink_block_table', 'stack_block']
    [frozen_flower] chain 7/50 instructions: ['pull the handle to open the drawer', 'take the red block and rotate it to the right', 'press the button to turn on the led light', 'grasp and lift the pink block', 'stack the grasped block']
    [frozen_flower] chain 7/50 task 1/5 start: open_drawer | instruction: pull the handle to open the drawer
    [frozen_flower] chain 7/50 task 1/5 step 1/360: running policy
    [frozen_flower] chain 7/50 task 1/5 step 1/360: policy 1.10s, stepping env
    [frozen_flower] chain 7/50 task 1/5 step 25/360: running policy
    [frozen_flower] chain 7/50 task 1/5 step 25/360: policy 0.44s, stepping env
    [frozen_flower] chain 7/50 task 1/5 success at step 47
    [frozen_flower] chain 7/50 task 1/5 success: 47 steps, 22.3s
    [frozen_flower] chain 7/50 task 2/5 start: rotate_red_block_right | instruction: take the red block and rotate it to the right
    [frozen_flower] chain 7/50 task 2/5 step 1/360: running policy
    [frozen_flower] chain 7/50 task 2/5 step 1/360: policy 0.83s, stepping env
    [frozen_flower] chain 7/50 task 2/5 step 25/360: running policy
    [frozen_flower] chain 7/50 task 2/5 step 25/360: policy 0.41s, stepping env
    [frozen_flower] chain 7/50 task 2/5 step 50/360: running policy
    [frozen_flower] chain 7/50 task 2/5 step 50/360: policy 0.35s, stepping env
    [frozen_flower] chain 7/50 task 2/5 step 75/360: running policy
    [frozen_flower] chain 7/50 task 2/5 step 75/360: policy 0.23s, stepping env
    [frozen_flower] chain 7/50 task 2/5 step 100/360: running policy
    [frozen_flower] chain 7/50 task 2/5 step 100/360: policy 0.33s, stepping env
    [frozen_flower] chain 7/50 task 2/5 success at step 106
    [frozen_flower] chain 7/50 task 2/5 success: 106 steps, 43.9s
    [frozen_flower] chain 7/50 task 3/5 start: turn_on_led | instruction: press the button to turn on the led light
    [frozen_flower] chain 7/50 task 3/5 step 1/360: running policy
    [frozen_flower] chain 7/50 task 3/5 step 1/360: policy 0.83s, stepping env
    [frozen_flower] chain 7/50 task 3/5 step 25/360: running policy
    [frozen_flower] chain 7/50 task 3/5 step 25/360: policy 0.28s, stepping env
    [frozen_flower] chain 7/50 task 3/5 step 50/360: running policy
    [frozen_flower] chain 7/50 task 3/5 step 50/360: policy 0.18s, stepping env
    [frozen_flower] chain 7/50 task 3/5 success at step 68
    [frozen_flower] chain 7/50 task 3/5 success: 68 steps, 22.8s
    [frozen_flower] chain 7/50 task 4/5 start: lift_pink_block_table | instruction: grasp and lift the pink block
    [frozen_flower] chain 7/50 task 4/5 step 1/360: running policy
    [frozen_flower] chain 7/50 task 4/5 step 1/360: policy 0.96s, stepping env
    [frozen_flower] chain 7/50 task 4/5 step 25/360: running policy
    [frozen_flower] chain 7/50 task 4/5 step 25/360: policy 0.49s, stepping env
    [frozen_flower] chain 7/50 task 4/5 step 50/360: running policy
    [frozen_flower] chain 7/50 task 4/5 step 50/360: policy 0.44s, stepping env
    [frozen_flower] chain 7/50 task 4/5 success at step 53
    [frozen_flower] chain 7/50 task 4/5 success: 53 steps, 26.8s
    [frozen_flower] chain 7/50 task 5/5 start: stack_block | instruction: stack the grasped block
    [frozen_flower] chain 7/50 task 5/5 step 1/360: running policy
    [frozen_flower] chain 7/50 task 5/5 step 1/360: policy 1.09s, stepping env
    [frozen_flower] chain 7/50 task 5/5 step 25/360: running policy
    [frozen_flower] chain 7/50 task 5/5 step 25/360: policy 0.32s, stepping env
    [frozen_flower] chain 7/50 task 5/5 success at step 32
    [frozen_flower] chain 7/50 task 5/5 success: 32 steps, 16.7s
    [frozen_flower] chain 8/50 start: ['push_pink_block_right', 'lift_pink_block_table', 'place_in_slider', 'push_into_drawer', 'close_drawer']
    [frozen_flower] chain 8/50 instructions: ['go push the pink block right', 'grasp and lift the pink block', 'store the grasped block in the sliding cabinet', 'slide the block that it falls into the drawer', 'push the handle to close the drawer']
    [frozen_flower] chain 8/50 task 1/5 start: push_pink_block_right | instruction: go push the pink block right
    [frozen_flower] chain 8/50 task 1/5 step 1/360: running policy
    [frozen_flower] chain 8/50 task 1/5 step 1/360: policy 1.16s, stepping env
    [frozen_flower] chain 8/50 task 1/5 step 25/360: running policy
    [frozen_flower] chain 8/50 task 1/5 step 25/360: policy 0.28s, stepping env
    [frozen_flower] chain 8/50 task 1/5 step 50/360: running policy
    [frozen_flower] chain 8/50 task 1/5 step 50/360: policy 0.50s, stepping env
    [frozen_flower] chain 8/50 task 1/5 step 75/360: running policy
    [frozen_flower] chain 8/50 task 1/5 step 75/360: policy 0.31s, stepping env
    [frozen_flower] chain 8/50 task 1/5 success at step 96
    [frozen_flower] chain 8/50 task 1/5 success: 96 steps, 47.4s
    [frozen_flower] chain 8/50 task 2/5 start: lift_pink_block_table | instruction: grasp and lift the pink block
    [frozen_flower] chain 8/50 task 2/5 step 1/360: running policy
    [frozen_flower] chain 8/50 task 2/5 step 1/360: policy 0.77s, stepping env
    [frozen_flower] chain 8/50 task 2/5 step 25/360: running policy
    [frozen_flower] chain 8/50 task 2/5 step 25/360: policy 0.39s, stepping env
    [frozen_flower] chain 8/50 task 2/5 success at step 42
    [frozen_flower] chain 8/50 task 2/5 success: 42 steps, 21.3s
    [frozen_flower] chain 8/50 task 3/5 start: place_in_slider | instruction: store the grasped block in the sliding cabinet
    [frozen_flower] chain 8/50 task 3/5 step 1/360: running policy
    [frozen_flower] chain 8/50 task 3/5 step 1/360: policy 1.18s, stepping env
    [frozen_flower] chain 8/50 task 3/5 step 25/360: running policy
    [frozen_flower] chain 8/50 task 3/5 step 25/360: policy 0.30s, stepping env
    [frozen_flower] chain 8/50 task 3/5 success at step 41
    [frozen_flower] chain 8/50 task 3/5 success: 41 steps, 18.9s
    [frozen_flower] chain 8/50 task 4/5 start: push_into_drawer | instruction: slide the block that it falls into the drawer
    [frozen_flower] chain 8/50 task 4/5 step 1/360: running policy
    [frozen_flower] chain 8/50 task 4/5 step 1/360: policy 0.72s, stepping env
    [frozen_flower] chain 8/50 task 4/5 step 25/360: running policy
    [frozen_flower] chain 8/50 task 4/5 step 25/360: policy 0.30s, stepping env
    [frozen_flower] chain 8/50 task 4/5 step 50/360: running policy
    [frozen_flower] chain 8/50 task 4/5 step 50/360: policy 0.32s, stepping env
    [frozen_flower] chain 8/50 task 4/5 success at step 55
    [frozen_flower] chain 8/50 task 4/5 success: 55 steps, 24.7s
    [frozen_flower] chain 8/50 task 5/5 start: close_drawer | instruction: push the handle to close the drawer
    [frozen_flower] chain 8/50 task 5/5 step 1/360: running policy
    [frozen_flower] chain 8/50 task 5/5 step 1/360: policy 1.16s, stepping env
    [frozen_flower] chain 8/50 task 5/5 step 25/360: running policy
    [frozen_flower] chain 8/50 task 5/5 step 25/360: policy 0.36s, stepping env
    [frozen_flower] chain 8/50 task 5/5 step 50/360: running policy
    [frozen_flower] chain 8/50 task 5/5 step 50/360: policy 0.35s, stepping env
    [frozen_flower] chain 8/50 task 5/5 success at step 72
    [frozen_flower] chain 8/50 task 5/5 success: 72 steps, 34.7s
    [frozen_flower] chain 9/50 start: ['open_drawer', 'push_red_block_right', 'move_slider_left', 'lift_pink_block_slider', 'place_in_slider']
    [frozen_flower] chain 9/50 instructions: ['pull the handle to open the drawer', 'go push the red block right', 'push the sliding door to the left side', 'lift the pink block from the sliding cabinet', 'store the grasped block in the sliding cabinet']
    [frozen_flower] chain 9/50 task 1/5 start: open_drawer | instruction: pull the handle to open the drawer
    [frozen_flower] chain 9/50 task 1/5 step 1/360: running policy
    [frozen_flower] chain 9/50 task 1/5 step 1/360: policy 0.91s, stepping env
    [frozen_flower] chain 9/50 task 1/5 step 25/360: running policy
    [frozen_flower] chain 9/50 task 1/5 step 25/360: policy 0.30s, stepping env
    [frozen_flower] chain 9/50 task 1/5 step 50/360: running policy
    [frozen_flower] chain 9/50 task 1/5 step 50/360: policy 0.38s, stepping env
    [frozen_flower] chain 9/50 task 1/5 success at step 55
    [frozen_flower] chain 9/50 task 1/5 success: 55 steps, 25.0s
    [frozen_flower] chain 9/50 task 2/5 start: push_red_block_right | instruction: go push the red block right
    [frozen_flower] chain 9/50 task 2/5 step 1/360: running policy
    [frozen_flower] chain 9/50 task 2/5 step 1/360: policy 1.32s, stepping env
    [frozen_flower] chain 9/50 task 2/5 step 25/360: running policy
    [frozen_flower] chain 9/50 task 2/5 step 25/360: policy 0.45s, stepping env
    [frozen_flower] chain 9/50 task 2/5 step 50/360: running policy
    [frozen_flower] chain 9/50 task 2/5 step 50/360: policy 0.32s, stepping env
    [frozen_flower] chain 9/50 task 2/5 step 75/360: running policy
    [frozen_flower] chain 9/50 task 2/5 step 75/360: policy 0.34s, stepping env
    [frozen_flower] chain 9/50 task 2/5 step 100/360: running policy
    [frozen_flower] chain 9/50 task 2/5 step 100/360: policy 0.36s, stepping env
    [frozen_flower] chain 9/50 task 2/5 step 125/360: running policy
    [frozen_flower] chain 9/50 task 2/5 step 125/360: policy 0.46s, stepping env
    [frozen_flower] chain 9/50 task 2/5 step 150/360: running policy
    [frozen_flower] chain 9/50 task 2/5 step 150/360: policy 0.35s, stepping env
    [frozen_flower] chain 9/50 task 2/5 step 175/360: running policy
    [frozen_flower] chain 9/50 task 2/5 step 175/360: policy 0.41s, stepping env
    [frozen_flower] chain 9/50 task 2/5 step 200/360: running policy
    [frozen_flower] chain 9/50 task 2/5 step 200/360: policy 0.45s, stepping env
    [frozen_flower] chain 9/50 task 2/5 step 225/360: running policy
    [frozen_flower] chain 9/50 task 2/5 step 225/360: policy 0.40s, stepping env
    [frozen_flower] chain 9/50 task 2/5 success at step 239
    [frozen_flower] chain 9/50 task 2/5 success: 239 steps, 115.6s
    [frozen_flower] chain 9/50 task 3/5 start: move_slider_left | instruction: push the sliding door to the left side
    [frozen_flower] chain 9/50 task 3/5 step 1/360: running policy
    [frozen_flower] chain 9/50 task 3/5 step 1/360: policy 1.14s, stepping env
    [frozen_flower] chain 9/50 task 3/5 step 25/360: running policy
    [frozen_flower] chain 9/50 task 3/5 step 25/360: policy 0.42s, stepping env
    [frozen_flower] chain 9/50 task 3/5 step 50/360: running policy
    [frozen_flower] chain 9/50 task 3/5 step 50/360: policy 0.37s, stepping env
    [frozen_flower] chain 9/50 task 3/5 success at step 73
    [frozen_flower] chain 9/50 task 3/5 success: 73 steps, 38.0s
    [frozen_flower] chain 9/50 task 4/5 start: lift_pink_block_slider | instruction: lift the pink block from the sliding cabinet
    [frozen_flower] chain 9/50 task 4/5 step 1/360: running policy
    [frozen_flower] chain 9/50 task 4/5 step 1/360: policy 0.79s, stepping env
    [frozen_flower] chain 9/50 task 4/5 step 25/360: running policy
    [frozen_flower] chain 9/50 task 4/5 step 25/360: policy 0.45s, stepping env
    [frozen_flower] chain 9/50 task 4/5 step 50/360: running policy
    [frozen_flower] chain 9/50 task 4/5 step 50/360: policy 0.36s, stepping env
    [frozen_flower] chain 9/50 task 4/5 step 75/360: running policy
    [frozen_flower] chain 9/50 task 4/5 step 75/360: policy 0.31s, stepping env
    [frozen_flower] chain 9/50 task 4/5 step 100/360: running policy
    [frozen_flower] chain 9/50 task 4/5 step 100/360: policy 0.38s, stepping env
    [frozen_flower] chain 9/50 task 4/5 step 125/360: running policy
    [frozen_flower] chain 9/50 task 4/5 step 125/360: policy 0.40s, stepping env
    [frozen_flower] chain 9/50 task 4/5 success at step 129
    [frozen_flower] chain 9/50 task 4/5 success: 129 steps, 62.8s
    [frozen_flower] chain 9/50 task 5/5 start: place_in_slider | instruction: store the grasped block in the sliding cabinet
    [frozen_flower] chain 9/50 task 5/5 step 1/360: running policy
    [frozen_flower] chain 9/50 task 5/5 step 1/360: policy 0.99s, stepping env
    [frozen_flower] chain 9/50 task 5/5 success at step 8
    [frozen_flower] chain 9/50 task 5/5 success: 8 steps, 3.8s
    [frozen_flower] chain 10/50 start: ['push_red_block_left', 'lift_blue_block_table', 'place_in_slider', 'turn_on_lightbulb', 'move_slider_right']
    [frozen_flower] chain 10/50 instructions: ['go push the red block left', 'grasp and lift the blue block', 'store the grasped block in the sliding cabinet', 'use the switch to turn on the light bulb', 'push the sliding door to the right side']
    [frozen_flower] chain 10/50 task 1/5 start: push_red_block_left | instruction: go push the red block left
    [frozen_flower] chain 10/50 task 1/5 step 1/360: running policy
    [frozen_flower] chain 10/50 task 1/5 step 1/360: policy 1.02s, stepping env
    [frozen_flower] chain 10/50 task 1/5 step 25/360: running policy
    [frozen_flower] chain 10/50 task 1/5 step 25/360: policy 0.43s, stepping env
    [frozen_flower] chain 10/50 task 1/5 step 50/360: running policy
    [frozen_flower] chain 10/50 task 1/5 step 50/360: policy 0.52s, stepping env
    [frozen_flower] chain 10/50 task 1/5 step 75/360: running policy
    [frozen_flower] chain 10/50 task 1/5 step 75/360: policy 0.37s, stepping env
    [frozen_flower] chain 10/50 task 1/5 step 100/360: running policy
    [frozen_flower] chain 10/50 task 1/5 step 100/360: policy 0.34s, stepping env
    [frozen_flower] chain 10/50 task 1/5 step 125/360: running policy
    [frozen_flower] chain 10/50 task 1/5 step 125/360: policy 0.39s, stepping env
    [frozen_flower] chain 10/50 task 1/5 step 150/360: running policy
    [frozen_flower] chain 10/50 task 1/5 step 150/360: policy 0.37s, stepping env
    [frozen_flower] chain 10/50 task 1/5 step 175/360: running policy
    [frozen_flower] chain 10/50 task 1/5 step 175/360: policy 0.18s, stepping env
    [frozen_flower] chain 10/50 task 1/5 step 200/360: running policy
    [frozen_flower] chain 10/50 task 1/5 step 200/360: policy 0.19s, stepping env
    [frozen_flower] chain 10/50 task 1/5 step 225/360: running policy
    [frozen_flower] chain 10/50 task 1/5 step 225/360: policy 0.26s, stepping env
    [frozen_flower] chain 10/50 task 1/5 step 250/360: running policy
    [frozen_flower] chain 10/50 task 1/5 step 250/360: policy 0.20s, stepping env
    [frozen_flower] chain 10/50 task 1/5 step 275/360: running policy
    [frozen_flower] chain 10/50 task 1/5 step 275/360: policy 0.31s, stepping env
    [frozen_flower] chain 10/50 task 1/5 step 300/360: running policy
    [frozen_flower] chain 10/50 task 1/5 step 300/360: policy 0.24s, stepping env
    [frozen_flower] chain 10/50 task 1/5 step 325/360: running policy
    [frozen_flower] chain 10/50 task 1/5 step 325/360: policy 0.51s, stepping env
    [frozen_flower] chain 10/50 task 1/5 step 350/360: running policy
    [frozen_flower] chain 10/50 task 1/5 step 350/360: policy 0.35s, stepping env
    [frozen_flower] chain 10/50 task 1/5 failed: 360 steps, 159.0s
    [frozen_flower] 10/50 chains, L1 success: 90.0%
    [frozen_flower] chain 11/50 start: ['rotate_blue_block_left', 'lift_blue_block_table', 'place_in_drawer', 'move_slider_right', 'turn_off_lightbulb']
    [frozen_flower] chain 11/50 instructions: ['take the blue block and rotate it to the left', 'grasp and lift the blue block', 'store the grasped block in the drawer', 'push the sliding door to the right side', 'use the switch to turn off the light bulb']
    [frozen_flower] chain 11/50 task 1/5 start: rotate_blue_block_left | instruction: take the blue block and rotate it to the left
    [frozen_flower] chain 11/50 task 1/5 step 1/360: running policy
    [frozen_flower] chain 11/50 task 1/5 step 1/360: policy 0.92s, stepping env
    [frozen_flower] chain 11/50 task 1/5 step 25/360: running policy
    [frozen_flower] chain 11/50 task 1/5 step 25/360: policy 0.33s, stepping env
    [frozen_flower] chain 11/50 task 1/5 step 50/360: running policy
    [frozen_flower] chain 11/50 task 1/5 step 50/360: policy 0.35s, stepping env
    [frozen_flower] chain 11/50 task 1/5 step 75/360: running policy
    [frozen_flower] chain 11/50 task 1/5 step 75/360: policy 0.32s, stepping env
    [frozen_flower] chain 11/50 task 1/5 success at step 77
    [frozen_flower] chain 11/50 task 1/5 success: 77 steps, 36.2s
    [frozen_flower] chain 11/50 task 2/5 start: lift_blue_block_table | instruction: grasp and lift the blue block
    [frozen_flower] chain 11/50 task 2/5 step 1/360: running policy
    [frozen_flower] chain 11/50 task 2/5 step 1/360: policy 1.00s, stepping env
    [frozen_flower] chain 11/50 task 2/5 step 25/360: running policy
    [frozen_flower] chain 11/50 task 2/5 step 25/360: policy 0.39s, stepping env
    [frozen_flower] chain 11/50 task 2/5 step 50/360: running policy
    [frozen_flower] chain 11/50 task 2/5 step 50/360: policy 0.33s, stepping env
    [frozen_flower] chain 11/50 task 2/5 step 75/360: running policy
    [frozen_flower] chain 11/50 task 2/5 step 75/360: policy 0.35s, stepping env
    [frozen_flower] chain 11/50 task 2/5 step 100/360: running policy
    [frozen_flower] chain 11/50 task 2/5 step 100/360: policy 0.38s, stepping env
    [frozen_flower] chain 11/50 task 2/5 step 125/360: running policy
    [frozen_flower] chain 11/50 task 2/5 step 125/360: policy 0.28s, stepping env
    [frozen_flower] chain 11/50 task 2/5 success at step 143
    [frozen_flower] chain 11/50 task 2/5 success: 143 steps, 61.6s
    [frozen_flower] chain 11/50 task 3/5 start: place_in_drawer | instruction: store the grasped block in the drawer
    [frozen_flower] chain 11/50 task 3/5 step 1/360: running policy
    [frozen_flower] chain 11/50 task 3/5 step 1/360: policy 1.38s, stepping env
    [frozen_flower] chain 11/50 task 3/5 step 25/360: running policy
    [frozen_flower] chain 11/50 task 3/5 step 25/360: policy 0.26s, stepping env
    [frozen_flower] chain 11/50 task 3/5 success at step 40
    [frozen_flower] chain 11/50 task 3/5 success: 40 steps, 19.1s
    [frozen_flower] chain 11/50 task 4/5 start: move_slider_right | instruction: push the sliding door to the right side
    [frozen_flower] chain 11/50 task 4/5 step 1/360: running policy
    [frozen_flower] chain 11/50 task 4/5 step 1/360: policy 0.85s, stepping env
    [frozen_flower] chain 11/50 task 4/5 step 25/360: running policy
    [frozen_flower] chain 11/50 task 4/5 step 25/360: policy 0.30s, stepping env
    [frozen_flower] chain 11/50 task 4/5 step 50/360: running policy
    [frozen_flower] chain 11/50 task 4/5 step 50/360: policy 0.28s, stepping env
    [frozen_flower] chain 11/50 task 4/5 step 75/360: running policy
    [frozen_flower] chain 11/50 task 4/5 step 75/360: policy 0.33s, stepping env
    [frozen_flower] chain 11/50 task 4/5 success at step 77
    [frozen_flower] chain 11/50 task 4/5 success: 77 steps, 36.7s
    [frozen_flower] chain 11/50 task 5/5 start: turn_off_lightbulb | instruction: use the switch to turn off the light bulb
    [frozen_flower] chain 11/50 task 5/5 step 1/360: running policy
    [frozen_flower] chain 11/50 task 5/5 step 1/360: policy 0.88s, stepping env
    [frozen_flower] chain 11/50 task 5/5 step 25/360: running policy
    [frozen_flower] chain 11/50 task 5/5 step 25/360: policy 0.25s, stepping env
    [frozen_flower] chain 11/50 task 5/5 step 50/360: running policy
    [frozen_flower] chain 11/50 task 5/5 step 50/360: policy 0.36s, stepping env
    [frozen_flower] chain 11/50 task 5/5 success at step 60
    [frozen_flower] chain 11/50 task 5/5 success: 60 steps, 23.6s
    [frozen_flower] chain 12/50 start: ['lift_pink_block_slider', 'place_in_slider', 'turn_on_lightbulb', 'rotate_blue_block_right', 'open_drawer']
    [frozen_flower] chain 12/50 instructions: ['lift the pink block from the sliding cabinet', 'store the grasped block in the sliding cabinet', 'use the switch to turn on the light bulb', 'take the blue block and rotate it to the right', 'pull the handle to open the drawer']
    [frozen_flower] chain 12/50 task 1/5 start: lift_pink_block_slider | instruction: lift the pink block from the sliding cabinet
    [frozen_flower] chain 12/50 task 1/5 step 1/360: running policy
    [frozen_flower] chain 12/50 task 1/5 step 1/360: policy 0.99s, stepping env
    [frozen_flower] chain 12/50 task 1/5 step 25/360: running policy
    [frozen_flower] chain 12/50 task 1/5 step 25/360: policy 0.35s, stepping env
    [frozen_flower] chain 12/50 task 1/5 step 50/360: running policy
    [frozen_flower] chain 12/50 task 1/5 step 50/360: policy 0.48s, stepping env
    [frozen_flower] chain 12/50 task 1/5 success at step 61
    [frozen_flower] chain 12/50 task 1/5 success: 61 steps, 28.4s
    [frozen_flower] chain 12/50 task 2/5 start: place_in_slider | instruction: store the grasped block in the sliding cabinet
    [frozen_flower] chain 12/50 task 2/5 step 1/360: running policy
    [frozen_flower] chain 12/50 task 2/5 step 1/360: policy 0.97s, stepping env
    [frozen_flower] chain 12/50 task 2/5 success at step 18
    [frozen_flower] chain 12/50 task 2/5 success: 18 steps, 8.6s
    [frozen_flower] chain 12/50 task 3/5 start: turn_on_lightbulb | instruction: use the switch to turn on the light bulb
    [frozen_flower] chain 12/50 task 3/5 step 1/360: running policy
    [frozen_flower] chain 12/50 task 3/5 step 1/360: policy 0.96s, stepping env
    [frozen_flower] chain 12/50 task 3/5 step 25/360: running policy
    [frozen_flower] chain 12/50 task 3/5 step 25/360: policy 0.40s, stepping env
    [frozen_flower] chain 12/50 task 3/5 step 50/360: running policy
    [frozen_flower] chain 12/50 task 3/5 step 50/360: policy 0.30s, stepping env
    [frozen_flower] chain 12/50 task 3/5 success at step 65
    [frozen_flower] chain 12/50 task 3/5 success: 65 steps, 30.1s
    [frozen_flower] chain 12/50 task 4/5 start: rotate_blue_block_right | instruction: take the blue block and rotate it to the right
    [frozen_flower] chain 12/50 task 4/5 step 1/360: running policy
    [frozen_flower] chain 12/50 task 4/5 step 1/360: policy 1.00s, stepping env
    [frozen_flower] chain 12/50 task 4/5 step 25/360: running policy
    [frozen_flower] chain 12/50 task 4/5 step 25/360: policy 0.34s, stepping env
    [frozen_flower] chain 12/50 task 4/5 step 50/360: running policy
    [frozen_flower] chain 12/50 task 4/5 step 50/360: policy 0.45s, stepping env
    [frozen_flower] chain 12/50 task 4/5 step 75/360: running policy
    [frozen_flower] chain 12/50 task 4/5 step 75/360: policy 0.34s, stepping env
    [frozen_flower] chain 12/50 task 4/5 success at step 89
    [frozen_flower] chain 12/50 task 4/5 success: 89 steps, 40.5s
    [frozen_flower] chain 12/50 task 5/5 start: open_drawer | instruction: pull the handle to open the drawer
    [frozen_flower] chain 12/50 task 5/5 step 1/360: running policy
    [frozen_flower] chain 12/50 task 5/5 step 1/360: policy 1.24s, stepping env
    [frozen_flower] chain 12/50 task 5/5 step 25/360: running policy
    [frozen_flower] chain 12/50 task 5/5 step 25/360: policy 0.37s, stepping env
    [frozen_flower] chain 12/50 task 5/5 step 50/360: running policy
    [frozen_flower] chain 12/50 task 5/5 step 50/360: policy 0.43s, stepping env
    [frozen_flower] chain 12/50 task 5/5 step 75/360: running policy
    [frozen_flower] chain 12/50 task 5/5 step 75/360: policy 0.40s, stepping env
    [frozen_flower] chain 12/50 task 5/5 success at step 84
    [frozen_flower] chain 12/50 task 5/5 success: 84 steps, 40.8s
    [frozen_flower] chain 13/50 start: ['move_slider_left', 'rotate_red_block_left', 'turn_off_led', 'lift_pink_block_table', 'place_in_slider']
    [frozen_flower] chain 13/50 instructions: ['push the sliding door to the left side', 'take the red block and rotate it to the left', 'press the button to turn off the led light', 'grasp and lift the pink block', 'store the grasped block in the sliding cabinet']
    [frozen_flower] chain 13/50 task 1/5 start: move_slider_left | instruction: push the sliding door to the left side
    [frozen_flower] chain 13/50 task 1/5 step 1/360: running policy
    [frozen_flower] chain 13/50 task 1/5 step 1/360: policy 1.12s, stepping env
    [frozen_flower] chain 13/50 task 1/5 step 25/360: running policy
    [frozen_flower] chain 13/50 task 1/5 step 25/360: policy 0.43s, stepping env
    [frozen_flower] chain 13/50 task 1/5 success at step 47
    [frozen_flower] chain 13/50 task 1/5 success: 47 steps, 21.2s
    [frozen_flower] chain 13/50 task 2/5 start: rotate_red_block_left | instruction: take the red block and rotate it to the left
    [frozen_flower] chain 13/50 task 2/5 step 1/360: running policy
    [frozen_flower] chain 13/50 task 2/5 step 1/360: policy 0.76s, stepping env
    [frozen_flower] chain 13/50 task 2/5 step 25/360: running policy
    [frozen_flower] chain 13/50 task 2/5 step 25/360: policy 0.36s, stepping env
    [frozen_flower] chain 13/50 task 2/5 step 50/360: running policy
    [frozen_flower] chain 13/50 task 2/5 step 50/360: policy 0.28s, stepping env
    [frozen_flower] chain 13/50 task 2/5 step 75/360: running policy
    [frozen_flower] chain 13/50 task 2/5 step 75/360: policy 0.45s, stepping env
    [frozen_flower] chain 13/50 task 2/5 success at step 95
    [frozen_flower] chain 13/50 task 2/5 success: 95 steps, 46.0s
    [frozen_flower] chain 13/50 task 3/5 start: turn_off_led | instruction: press the button to turn off the led light
    [frozen_flower] chain 13/50 task 3/5 step 1/360: running policy
    [frozen_flower] chain 13/50 task 3/5 step 1/360: policy 1.24s, stepping env
    [frozen_flower] chain 13/50 task 3/5 step 25/360: running policy
    [frozen_flower] chain 13/50 task 3/5 step 25/360: policy 0.38s, stepping env
    [frozen_flower] chain 13/50 task 3/5 success at step 48
    [frozen_flower] chain 13/50 task 3/5 success: 48 steps, 20.7s
    [frozen_flower] chain 13/50 task 4/5 start: lift_pink_block_table | instruction: grasp and lift the pink block
    [frozen_flower] chain 13/50 task 4/5 step 1/360: running policy
    [frozen_flower] chain 13/50 task 4/5 step 1/360: policy 0.80s, stepping env
    [frozen_flower] chain 13/50 task 4/5 step 25/360: running policy
    [frozen_flower] chain 13/50 task 4/5 step 25/360: policy 0.39s, stepping env
    [frozen_flower] chain 13/50 task 4/5 step 50/360: running policy
    [frozen_flower] chain 13/50 task 4/5 step 50/360: policy 0.23s, stepping env
    [frozen_flower] chain 13/50 task 4/5 success at step 55
    [frozen_flower] chain 13/50 task 4/5 success: 55 steps, 22.4s
    [frozen_flower] chain 13/50 task 5/5 start: place_in_slider | instruction: store the grasped block in the sliding cabinet
    [frozen_flower] chain 13/50 task 5/5 step 1/360: running policy
    [frozen_flower] chain 13/50 task 5/5 step 1/360: policy 0.87s, stepping env
    [frozen_flower] chain 13/50 task 5/5 step 25/360: running policy
    [frozen_flower] chain 13/50 task 5/5 step 25/360: policy 0.37s, stepping env
    [frozen_flower] chain 13/50 task 5/5 success at step 29
    [frozen_flower] chain 13/50 task 5/5 success: 29 steps, 14.3s
    [frozen_flower] chain 14/50 start: ['turn_on_led', 'close_drawer', 'push_red_block_right', 'lift_red_block_table', 'place_in_slider']
    [frozen_flower] chain 14/50 instructions: ['press the button to turn on the led light', 'push the handle to close the drawer', 'go push the red block right', 'grasp and lift the red block', 'store the grasped block in the sliding cabinet']
    [frozen_flower] chain 14/50 task 1/5 start: turn_on_led | instruction: press the button to turn on the led light
    [frozen_flower] chain 14/50 task 1/5 step 1/360: running policy
    [frozen_flower] chain 14/50 task 1/5 step 1/360: policy 0.93s, stepping env
    [frozen_flower] chain 14/50 task 1/5 step 25/360: running policy
    [frozen_flower] chain 14/50 task 1/5 step 25/360: policy 0.38s, stepping env
    [frozen_flower] chain 14/50 task 1/5 success at step 37
    [frozen_flower] chain 14/50 task 1/5 success: 37 steps, 17.8s
    [frozen_flower] chain 14/50 task 2/5 start: close_drawer | instruction: push the handle to close the drawer
    [frozen_flower] chain 14/50 task 2/5 step 1/360: running policy
    [frozen_flower] chain 14/50 task 2/5 step 1/360: policy 1.01s, stepping env
    [frozen_flower] chain 14/50 task 2/5 step 25/360: running policy
    [frozen_flower] chain 14/50 task 2/5 step 25/360: policy 0.33s, stepping env
    [frozen_flower] chain 14/50 task 2/5 step 50/360: running policy
    [frozen_flower] chain 14/50 task 2/5 step 50/360: policy 0.22s, stepping env
    [frozen_flower] chain 14/50 task 2/5 success at step 74
    [frozen_flower] chain 14/50 task 2/5 success: 74 steps, 30.3s
    [frozen_flower] chain 14/50 task 3/5 start: push_red_block_right | instruction: go push the red block right
    [frozen_flower] chain 14/50 task 3/5 step 1/360: running policy
    [frozen_flower] chain 14/50 task 3/5 step 1/360: policy 1.05s, stepping env
    [frozen_flower] chain 14/50 task 3/5 step 25/360: running policy
    [frozen_flower] chain 14/50 task 3/5 step 25/360: policy 0.39s, stepping env
    [frozen_flower] chain 14/50 task 3/5 step 50/360: running policy
    [frozen_flower] chain 14/50 task 3/5 step 50/360: policy 0.27s, stepping env
    [frozen_flower] chain 14/50 task 3/5 step 75/360: running policy
    [frozen_flower] chain 14/50 task 3/5 step 75/360: policy 0.42s, stepping env
    [frozen_flower] chain 14/50 task 3/5 step 100/360: running policy
    [frozen_flower] chain 14/50 task 3/5 step 100/360: policy 0.53s, stepping env
    [frozen_flower] chain 14/50 task 3/5 step 125/360: running policy
    [frozen_flower] chain 14/50 task 3/5 step 125/360: policy 0.33s, stepping env
    [frozen_flower] chain 14/50 task 3/5 step 150/360: running policy
    [frozen_flower] chain 14/50 task 3/5 step 150/360: policy 0.50s, stepping env
    [frozen_flower] chain 14/50 task 3/5 step 175/360: running policy
    [frozen_flower] chain 14/50 task 3/5 step 175/360: policy 0.26s, stepping env
    [frozen_flower] chain 14/50 task 3/5 step 200/360: running policy
    [frozen_flower] chain 14/50 task 3/5 step 200/360: policy 0.41s, stepping env
    [frozen_flower] chain 14/50 task 3/5 step 225/360: running policy
    [frozen_flower] chain 14/50 task 3/5 step 225/360: policy 0.34s, stepping env
    [frozen_flower] chain 14/50 task 3/5 step 250/360: running policy
    [frozen_flower] chain 14/50 task 3/5 step 250/360: policy 0.38s, stepping env
    [frozen_flower] chain 14/50 task 3/5 step 275/360: running policy
    [frozen_flower] chain 14/50 task 3/5 step 275/360: policy 0.42s, stepping env
    [frozen_flower] chain 14/50 task 3/5 step 300/360: running policy
    [frozen_flower] chain 14/50 task 3/5 step 300/360: policy 0.39s, stepping env
    [frozen_flower] chain 14/50 task 3/5 success at step 322
    [frozen_flower] chain 14/50 task 3/5 success: 322 steps, 150.2s
    [frozen_flower] chain 14/50 task 4/5 start: lift_red_block_table | instruction: grasp and lift the red block
    [frozen_flower] chain 14/50 task 4/5 step 1/360: running policy
    [frozen_flower] chain 14/50 task 4/5 step 1/360: policy 0.99s, stepping env
    [frozen_flower] chain 14/50 task 4/5 step 25/360: running policy
    [frozen_flower] chain 14/50 task 4/5 step 25/360: policy 0.35s, stepping env
    [frozen_flower] chain 14/50 task 4/5 success at step 45
    [frozen_flower] chain 14/50 task 4/5 success: 45 steps, 22.2s
    [frozen_flower] chain 14/50 task 5/5 start: place_in_slider | instruction: store the grasped block in the sliding cabinet
    [frozen_flower] chain 14/50 task 5/5 step 1/360: running policy
    [frozen_flower] chain 14/50 task 5/5 step 1/360: policy 1.17s, stepping env
    [frozen_flower] chain 14/50 task 5/5 step 25/360: running policy
    [frozen_flower] chain 14/50 task 5/5 step 25/360: policy 0.36s, stepping env
    [frozen_flower] chain 14/50 task 5/5 success at step 39
    [frozen_flower] chain 14/50 task 5/5 success: 39 steps, 18.3s
    [frozen_flower] chain 15/50 start: ['lift_red_block_slider', 'stack_block', 'move_slider_left', 'turn_off_led', 'open_drawer']
    [frozen_flower] chain 15/50 instructions: ['lift the red block from the sliding cabinet', 'stack the grasped block', 'push the sliding door to the left side', 'press the button to turn off the led light', 'pull the handle to open the drawer']
    [frozen_flower] chain 15/50 task 1/5 start: lift_red_block_slider | instruction: lift the red block from the sliding cabinet
    [frozen_flower] chain 15/50 task 1/5 step 1/360: running policy
    [frozen_flower] chain 15/50 task 1/5 step 1/360: policy 0.73s, stepping env
    [frozen_flower] chain 15/50 task 1/5 step 25/360: running policy
    [frozen_flower] chain 15/50 task 1/5 step 25/360: policy 0.34s, stepping env
    [frozen_flower] chain 15/50 task 1/5 step 50/360: running policy
    [frozen_flower] chain 15/50 task 1/5 step 50/360: policy 0.42s, stepping env
    [frozen_flower] chain 15/50 task 1/5 success at step 63
    [frozen_flower] chain 15/50 task 1/5 success: 63 steps, 26.4s
    [frozen_flower] chain 15/50 task 2/5 start: stack_block | instruction: stack the grasped block
    [frozen_flower] chain 15/50 task 2/5 step 1/360: running policy
    [frozen_flower] chain 15/50 task 2/5 step 1/360: policy 0.97s, stepping env
    [frozen_flower] chain 15/50 task 2/5 step 25/360: running policy
    [frozen_flower] chain 15/50 task 2/5 step 25/360: policy 0.32s, stepping env
    [frozen_flower] chain 15/50 task 2/5 step 50/360: running policy
    [frozen_flower] chain 15/50 task 2/5 step 50/360: policy 0.46s, stepping env
    [frozen_flower] chain 15/50 task 2/5 success at step 54
    [frozen_flower] chain 15/50 task 2/5 success: 54 steps, 25.5s
    [frozen_flower] chain 15/50 task 3/5 start: move_slider_left | instruction: push the sliding door to the left side
    [frozen_flower] chain 15/50 task 3/5 step 1/360: running policy
    [frozen_flower] chain 15/50 task 3/5 step 1/360: policy 0.88s, stepping env
    [frozen_flower] chain 15/50 task 3/5 step 25/360: running policy
    [frozen_flower] chain 15/50 task 3/5 step 25/360: policy 0.33s, stepping env
    [frozen_flower] chain 15/50 task 3/5 success at step 47
    [frozen_flower] chain 15/50 task 3/5 success: 47 steps, 22.4s
    [frozen_flower] chain 15/50 task 4/5 start: turn_off_led | instruction: press the button to turn off the led light
    [frozen_flower] chain 15/50 task 4/5 step 1/360: running policy
    [frozen_flower] chain 15/50 task 4/5 step 1/360: policy 0.95s, stepping env
    [frozen_flower] chain 15/50 task 4/5 step 25/360: running policy
    [frozen_flower] chain 15/50 task 4/5 step 25/360: policy 0.43s, stepping env
    [frozen_flower] chain 15/50 task 4/5 success at step 38
    [frozen_flower] chain 15/50 task 4/5 success: 38 steps, 18.6s
    [frozen_flower] chain 15/50 task 5/5 start: open_drawer | instruction: pull the handle to open the drawer
    [frozen_flower] chain 15/50 task 5/5 step 1/360: running policy
    [frozen_flower] chain 15/50 task 5/5 step 1/360: policy 1.30s, stepping env
    [frozen_flower] chain 15/50 task 5/5 step 25/360: running policy
    [frozen_flower] chain 15/50 task 5/5 step 25/360: policy 0.44s, stepping env
    [frozen_flower] chain 15/50 task 5/5 step 50/360: running policy
    [frozen_flower] chain 15/50 task 5/5 step 50/360: policy 0.43s, stepping env
    [frozen_flower] chain 15/50 task 5/5 success at step 65
    [frozen_flower] chain 15/50 task 5/5 success: 65 steps, 30.8s
    [frozen_flower] chain 16/50 start: ['move_slider_left', 'push_pink_block_left', 'open_drawer', 'turn_on_lightbulb', 'lift_blue_block_table']
    [frozen_flower] chain 16/50 instructions: ['push the sliding door to the left side', 'go push the pink block left', 'pull the handle to open the drawer', 'use the switch to turn on the light bulb', 'grasp and lift the blue block']
    [frozen_flower] chain 16/50 task 1/5 start: move_slider_left | instruction: push the sliding door to the left side
    [frozen_flower] chain 16/50 task 1/5 step 1/360: running policy
    [frozen_flower] chain 16/50 task 1/5 step 1/360: policy 0.98s, stepping env
    [frozen_flower] chain 16/50 task 1/5 step 25/360: running policy
    [frozen_flower] chain 16/50 task 1/5 step 25/360: policy 0.33s, stepping env
    [frozen_flower] chain 16/50 task 1/5 step 50/360: running policy
    [frozen_flower] chain 16/50 task 1/5 step 50/360: policy 0.47s, stepping env
    [frozen_flower] chain 16/50 task 1/5 success at step 54
    [frozen_flower] chain 16/50 task 1/5 success: 54 steps, 25.0s
    [frozen_flower] chain 16/50 task 2/5 start: push_pink_block_left | instruction: go push the pink block left
    [frozen_flower] chain 16/50 task 2/5 step 1/360: running policy
    [frozen_flower] chain 16/50 task 2/5 step 1/360: policy 1.06s, stepping env
    [frozen_flower] chain 16/50 task 2/5 step 25/360: running policy
    [frozen_flower] chain 16/50 task 2/5 step 25/360: policy 0.38s, stepping env
    [frozen_flower] chain 16/50 task 2/5 step 50/360: running policy
    [frozen_flower] chain 16/50 task 2/5 step 50/360: policy 0.35s, stepping env
    [frozen_flower] chain 16/50 task 2/5 step 75/360: running policy
    [frozen_flower] chain 16/50 task 2/5 step 75/360: policy 0.36s, stepping env
    [frozen_flower] chain 16/50 task 2/5 step 100/360: running policy
    [frozen_flower] chain 16/50 task 2/5 step 100/360: policy 0.42s, stepping env
    [frozen_flower] chain 16/50 task 2/5 success at step 118
    [frozen_flower] chain 16/50 task 2/5 success: 118 steps, 57.2s
    [frozen_flower] chain 16/50 task 3/5 start: open_drawer | instruction: pull the handle to open the drawer
    [frozen_flower] chain 16/50 task 3/5 step 1/360: running policy
    [frozen_flower] chain 16/50 task 3/5 step 1/360: policy 1.16s, stepping env
    [frozen_flower] chain 16/50 task 3/5 step 25/360: running policy
    [frozen_flower] chain 16/50 task 3/5 step 25/360: policy 0.32s, stepping env
    [frozen_flower] chain 16/50 task 3/5 step 50/360: running policy
    [frozen_flower] chain 16/50 task 3/5 step 50/360: policy 0.27s, stepping env
    [frozen_flower] chain 16/50 task 3/5 success at step 62
    [frozen_flower] chain 16/50 task 3/5 success: 62 steps, 28.6s
    [frozen_flower] chain 16/50 task 4/5 start: turn_on_lightbulb | instruction: use the switch to turn on the light bulb
    [frozen_flower] chain 16/50 task 4/5 step 1/360: running policy
    [frozen_flower] chain 16/50 task 4/5 step 1/360: policy 0.80s, stepping env
    [frozen_flower] chain 16/50 task 4/5 step 25/360: running policy
    [frozen_flower] chain 16/50 task 4/5 step 25/360: policy 0.40s, stepping env
    [frozen_flower] chain 16/50 task 4/5 step 50/360: running policy
    [frozen_flower] chain 16/50 task 4/5 step 50/360: policy 0.32s, stepping env
    [frozen_flower] chain 16/50 task 4/5 success at step 71
    [frozen_flower] chain 16/50 task 4/5 success: 71 steps, 32.1s
    [frozen_flower] chain 16/50 task 5/5 start: lift_blue_block_table | instruction: grasp and lift the blue block
    [frozen_flower] chain 16/50 task 5/5 step 1/360: running policy
    [frozen_flower] chain 16/50 task 5/5 step 1/360: policy 1.06s, stepping env
    [frozen_flower] chain 16/50 task 5/5 step 25/360: running policy
    [frozen_flower] chain 16/50 task 5/5 step 25/360: policy 0.37s, stepping env
    [frozen_flower] chain 16/50 task 5/5 step 50/360: running policy
    [frozen_flower] chain 16/50 task 5/5 step 50/360: policy 0.36s, stepping env
    [frozen_flower] chain 16/50 task 5/5 success at step 66
    [frozen_flower] chain 16/50 task 5/5 success: 66 steps, 29.9s
    [frozen_flower] chain 17/50 start: ['push_red_block_left', 'lift_pink_block_slider', 'stack_block', 'turn_off_led', 'open_drawer']
    [frozen_flower] chain 17/50 instructions: ['go push the red block left', 'lift the pink block from the sliding cabinet', 'stack the grasped block', 'press the button to turn off the led light', 'pull the handle to open the drawer']
    [frozen_flower] chain 17/50 task 1/5 start: push_red_block_left | instruction: go push the red block left
    [frozen_flower] chain 17/50 task 1/5 step 1/360: running policy
    [frozen_flower] chain 17/50 task 1/5 step 1/360: policy 1.02s, stepping env
    [frozen_flower] chain 17/50 task 1/5 step 25/360: running policy
    [frozen_flower] chain 17/50 task 1/5 step 25/360: policy 0.36s, stepping env
    [frozen_flower] chain 17/50 task 1/5 step 50/360: running policy
    [frozen_flower] chain 17/50 task 1/5 step 50/360: policy 0.43s, stepping env
    [frozen_flower] chain 17/50 task 1/5 success at step 64
    [frozen_flower] chain 17/50 task 1/5 success: 64 steps, 29.7s
    [frozen_flower] chain 17/50 task 2/5 start: lift_pink_block_slider | instruction: lift the pink block from the sliding cabinet
    [frozen_flower] chain 17/50 task 2/5 step 1/360: running policy
    [frozen_flower] chain 17/50 task 2/5 step 1/360: policy 0.91s, stepping env
    [frozen_flower] chain 17/50 task 2/5 step 25/360: running policy
    [frozen_flower] chain 17/50 task 2/5 step 25/360: policy 0.39s, stepping env
    [frozen_flower] chain 17/50 task 2/5 step 50/360: running policy
    [frozen_flower] chain 17/50 task 2/5 step 50/360: policy 0.31s, stepping env
    [frozen_flower] chain 17/50 task 2/5 success at step 60
    [frozen_flower] chain 17/50 task 2/5 success: 60 steps, 26.7s
    [frozen_flower] chain 17/50 task 3/5 start: stack_block | instruction: stack the grasped block
    [frozen_flower] chain 17/50 task 3/5 step 1/360: running policy
    [frozen_flower] chain 17/50 task 3/5 step 1/360: policy 1.27s, stepping env
    [frozen_flower] chain 17/50 task 3/5 step 25/360: running policy
    [frozen_flower] chain 17/50 task 3/5 step 25/360: policy 0.33s, stepping env
    [frozen_flower] chain 17/50 task 3/5 success at step 29
    [frozen_flower] chain 17/50 task 3/5 success: 29 steps, 14.4s
    [frozen_flower] chain 17/50 task 4/5 start: turn_off_led | instruction: press the button to turn off the led light
    [frozen_flower] chain 17/50 task 4/5 step 1/360: running policy
    [frozen_flower] chain 17/50 task 4/5 step 1/360: policy 1.03s, stepping env
    [frozen_flower] chain 17/50 task 4/5 step 25/360: running policy
    [frozen_flower] chain 17/50 task 4/5 step 25/360: policy 0.37s, stepping env
    [frozen_flower] chain 17/50 task 4/5 success at step 43
    [frozen_flower] chain 17/50 task 4/5 success: 43 steps, 20.7s
    [frozen_flower] chain 17/50 task 5/5 start: open_drawer | instruction: pull the handle to open the drawer
    [frozen_flower] chain 17/50 task 5/5 step 1/360: running policy
    [frozen_flower] chain 17/50 task 5/5 step 1/360: policy 1.02s, stepping env
    [frozen_flower] chain 17/50 task 5/5 step 25/360: running policy
    [frozen_flower] chain 17/50 task 5/5 step 25/360: policy 0.44s, stepping env
    [frozen_flower] chain 17/50 task 5/5 step 50/360: running policy
    [frozen_flower] chain 17/50 task 5/5 step 50/360: policy 0.42s, stepping env
    [frozen_flower] chain 17/50 task 5/5 success at step 67
    [frozen_flower] chain 17/50 task 5/5 success: 67 steps, 33.3s
    [frozen_flower] chain 18/50 start: ['push_red_block_left', 'move_slider_right', 'lift_blue_block_slider', 'place_in_slider', 'turn_on_lightbulb']
    [frozen_flower] chain 18/50 instructions: ['go push the red block left', 'push the sliding door to the right side', 'lift the blue block from the sliding cabinet', 'store the grasped block in the sliding cabinet', 'use the switch to turn on the light bulb']
    [frozen_flower] chain 18/50 task 1/5 start: push_red_block_left | instruction: go push the red block left
    [frozen_flower] chain 18/50 task 1/5 step 1/360: running policy
    [frozen_flower] chain 18/50 task 1/5 step 1/360: policy 1.03s, stepping env
    [frozen_flower] chain 18/50 task 1/5 step 25/360: running policy
    [frozen_flower] chain 18/50 task 1/5 step 25/360: policy 0.40s, stepping env
    [frozen_flower] chain 18/50 task 1/5 step 50/360: running policy
    [frozen_flower] chain 18/50 task 1/5 step 50/360: policy 0.34s, stepping env
    [frozen_flower] chain 18/50 task 1/5 success at step 64
    [frozen_flower] chain 18/50 task 1/5 success: 64 steps, 31.0s
    [frozen_flower] chain 18/50 task 2/5 start: move_slider_right | instruction: push the sliding door to the right side
    [frozen_flower] chain 18/50 task 2/5 step 1/360: running policy
    [frozen_flower] chain 18/50 task 2/5 step 1/360: policy 1.27s, stepping env
    [frozen_flower] chain 18/50 task 2/5 step 25/360: running policy
    [frozen_flower] chain 18/50 task 2/5 step 25/360: policy 0.34s, stepping env
    [frozen_flower] chain 18/50 task 2/5 step 50/360: running policy
    [frozen_flower] chain 18/50 task 2/5 step 50/360: policy 0.37s, stepping env
    [frozen_flower] chain 18/50 task 2/5 step 75/360: running policy
    [frozen_flower] chain 18/50 task 2/5 step 75/360: policy 0.30s, stepping env
    [frozen_flower] chain 18/50 task 2/5 success at step 82
    [frozen_flower] chain 18/50 task 2/5 success: 82 steps, 40.0s
    [frozen_flower] chain 18/50 task 3/5 start: lift_blue_block_slider | instruction: lift the blue block from the sliding cabinet
    [frozen_flower] chain 18/50 task 3/5 step 1/360: running policy
    [frozen_flower] chain 18/50 task 3/5 step 1/360: policy 0.76s, stepping env
    [frozen_flower] chain 18/50 task 3/5 step 25/360: running policy
    [frozen_flower] chain 18/50 task 3/5 step 25/360: policy 0.18s, stepping env
    [frozen_flower] chain 18/50 task 3/5 step 50/360: running policy
    [frozen_flower] chain 18/50 task 3/5 step 50/360: policy 0.34s, stepping env
    [frozen_flower] chain 18/50 task 3/5 step 75/360: running policy
    [frozen_flower] chain 18/50 task 3/5 step 75/360: policy 0.56s, stepping env
    [frozen_flower] chain 18/50 task 3/5 step 100/360: running policy
    [frozen_flower] chain 18/50 task 3/5 step 100/360: policy 0.36s, stepping env
    [frozen_flower] chain 18/50 task 3/5 step 125/360: running policy
    [frozen_flower] chain 18/50 task 3/5 step 125/360: policy 0.28s, stepping env
    [frozen_flower] chain 18/50 task 3/5 step 150/360: running policy
    [frozen_flower] chain 18/50 task 3/5 step 150/360: policy 0.38s, stepping env
    [frozen_flower] chain 18/50 task 3/5 step 175/360: running policy
    [frozen_flower] chain 18/50 task 3/5 step 175/360: policy 0.46s, stepping env
    [frozen_flower] chain 18/50 task 3/5 step 200/360: running policy
    [frozen_flower] chain 18/50 task 3/5 step 200/360: policy 0.34s, stepping env
    [frozen_flower] chain 18/50 task 3/5 step 225/360: running policy
    [frozen_flower] chain 18/50 task 3/5 step 225/360: policy 0.40s, stepping env
    [frozen_flower] chain 18/50 task 3/5 step 250/360: running policy
    [frozen_flower] chain 18/50 task 3/5 step 250/360: policy 0.41s, stepping env
    [frozen_flower] chain 18/50 task 3/5 step 275/360: running policy
    [frozen_flower] chain 18/50 task 3/5 step 275/360: policy 0.29s, stepping env
    [frozen_flower] chain 18/50 task 3/5 step 300/360: running policy
    [frozen_flower] chain 18/50 task 3/5 step 300/360: policy 0.29s, stepping env
    [frozen_flower] chain 18/50 task 3/5 step 325/360: running policy
    [frozen_flower] chain 18/50 task 3/5 step 325/360: policy 0.16s, stepping env
    [frozen_flower] chain 18/50 task 3/5 step 350/360: running policy
    [frozen_flower] chain 18/50 task 3/5 step 350/360: policy 0.35s, stepping env
    [frozen_flower] chain 18/50 task 3/5 failed: 360 steps, 149.6s
    [frozen_flower] chain 19/50 start: ['turn_on_lightbulb', 'push_red_block_right', 'move_slider_left', 'lift_red_block_table', 'stack_block']
    [frozen_flower] chain 19/50 instructions: ['use the switch to turn on the light bulb', 'go push the red block right', 'push the sliding door to the left side', 'grasp and lift the red block', 'stack the grasped block']
    [frozen_flower] chain 19/50 task 1/5 start: turn_on_lightbulb | instruction: use the switch to turn on the light bulb
    [frozen_flower] chain 19/50 task 1/5 step 1/360: running policy
    [frozen_flower] chain 19/50 task 1/5 step 1/360: policy 1.24s, stepping env
    [frozen_flower] chain 19/50 task 1/5 step 25/360: running policy
    [frozen_flower] chain 19/50 task 1/5 step 25/360: policy 0.28s, stepping env
    [frozen_flower] chain 19/50 task 1/5 step 50/360: running policy
    [frozen_flower] chain 19/50 task 1/5 step 50/360: policy 0.33s, stepping env
    [frozen_flower] chain 19/50 task 1/5 success at step 52
    [frozen_flower] chain 19/50 task 1/5 success: 52 steps, 21.8s
    [frozen_flower] chain 19/50 task 2/5 start: push_red_block_right | instruction: go push the red block right
    [frozen_flower] chain 19/50 task 2/5 step 1/360: running policy
    [frozen_flower] chain 19/50 task 2/5 step 1/360: policy 0.46s, stepping env
    [frozen_flower] chain 19/50 task 2/5 step 25/360: running policy
    [frozen_flower] chain 19/50 task 2/5 step 25/360: policy 0.34s, stepping env
    [frozen_flower] chain 19/50 task 2/5 step 50/360: running policy
    [frozen_flower] chain 19/50 task 2/5 step 50/360: policy 0.41s, stepping env
    [frozen_flower] chain 19/50 task 2/5 step 75/360: running policy
    [frozen_flower] chain 19/50 task 2/5 step 75/360: policy 0.27s, stepping env
    [frozen_flower] chain 19/50 task 2/5 step 100/360: running policy
    [frozen_flower] chain 19/50 task 2/5 step 100/360: policy 0.48s, stepping env
    [frozen_flower] chain 19/50 task 2/5 step 125/360: running policy
    [frozen_flower] chain 19/50 task 2/5 step 125/360: policy 0.31s, stepping env
    [frozen_flower] chain 19/50 task 2/5 step 150/360: running policy
    [frozen_flower] chain 19/50 task 2/5 step 150/360: policy 0.29s, stepping env
    [frozen_flower] chain 19/50 task 2/5 step 175/360: running policy
    [frozen_flower] chain 19/50 task 2/5 step 175/360: policy 0.31s, stepping env
    [frozen_flower] chain 19/50 task 2/5 step 200/360: running policy
    [frozen_flower] chain 19/50 task 2/5 step 200/360: policy 0.57s, stepping env
    [frozen_flower] chain 19/50 task 2/5 success at step 208
    [frozen_flower] chain 19/50 task 2/5 success: 208 steps, 96.2s
    [frozen_flower] chain 19/50 task 3/5 start: move_slider_left | instruction: push the sliding door to the left side
    [frozen_flower] chain 19/50 task 3/5 step 1/360: running policy
    [frozen_flower] chain 19/50 task 3/5 step 1/360: policy 1.12s, stepping env
    [frozen_flower] chain 19/50 task 3/5 step 25/360: running policy
    [frozen_flower] chain 19/50 task 3/5 step 25/360: policy 0.39s, stepping env
    [frozen_flower] chain 19/50 task 3/5 step 50/360: running policy
    [frozen_flower] chain 19/50 task 3/5 step 50/360: policy 0.36s, stepping env
    [frozen_flower] chain 19/50 task 3/5 success at step 55
    [frozen_flower] chain 19/50 task 3/5 success: 55 steps, 25.3s
    [frozen_flower] chain 19/50 task 4/5 start: lift_red_block_table | instruction: grasp and lift the red block
    [frozen_flower] chain 19/50 task 4/5 step 1/360: running policy
    [frozen_flower] chain 19/50 task 4/5 step 1/360: policy 1.34s, stepping env
    [frozen_flower] chain 19/50 task 4/5 step 25/360: running policy
    [frozen_flower] chain 19/50 task 4/5 step 25/360: policy 0.42s, stepping env
    [frozen_flower] chain 19/50 task 4/5 step 50/360: running policy
    [frozen_flower] chain 19/50 task 4/5 step 50/360: policy 0.36s, stepping env
    [frozen_flower] chain 19/50 task 4/5 success at step 59
    [frozen_flower] chain 19/50 task 4/5 success: 59 steps, 26.9s
    [frozen_flower] chain 19/50 task 5/5 start: stack_block | instruction: stack the grasped block
    [frozen_flower] chain 19/50 task 5/5 step 1/360: running policy
    [frozen_flower] chain 19/50 task 5/5 step 1/360: policy 0.85s, stepping env
    [frozen_flower] chain 19/50 task 5/5 success at step 23
    [frozen_flower] chain 19/50 task 5/5 success: 23 steps, 11.6s
    [frozen_flower] chain 20/50 start: ['move_slider_left', 'lift_red_block_table', 'place_in_slider', 'turn_on_lightbulb', 'close_drawer']
    [frozen_flower] chain 20/50 instructions: ['push the sliding door to the left side', 'grasp and lift the red block', 'store the grasped block in the sliding cabinet', 'use the switch to turn on the light bulb', 'push the handle to close the drawer']
    [frozen_flower] chain 20/50 task 1/5 start: move_slider_left | instruction: push the sliding door to the left side
    [frozen_flower] chain 20/50 task 1/5 step 1/360: running policy
    [frozen_flower] chain 20/50 task 1/5 step 1/360: policy 1.16s, stepping env
    [frozen_flower] chain 20/50 task 1/5 step 25/360: running policy
    [frozen_flower] chain 20/50 task 1/5 step 25/360: policy 0.38s, stepping env
    [frozen_flower] chain 20/50 task 1/5 step 50/360: running policy
    [frozen_flower] chain 20/50 task 1/5 step 50/360: policy 0.37s, stepping env
    [frozen_flower] chain 20/50 task 1/5 step 75/360: running policy
    [frozen_flower] chain 20/50 task 1/5 step 75/360: policy 0.44s, stepping env
    [frozen_flower] chain 20/50 task 1/5 success at step 86
    [frozen_flower] chain 20/50 task 1/5 success: 86 steps, 40.2s
    [frozen_flower] chain 20/50 task 2/5 start: lift_red_block_table | instruction: grasp and lift the red block
    [frozen_flower] chain 20/50 task 2/5 step 1/360: running policy
    [frozen_flower] chain 20/50 task 2/5 step 1/360: policy 1.05s, stepping env
    [frozen_flower] chain 20/50 task 2/5 step 25/360: running policy
    [frozen_flower] chain 20/50 task 2/5 step 25/360: policy 0.30s, stepping env
    [frozen_flower] chain 20/50 task 2/5 step 50/360: running policy
    [frozen_flower] chain 20/50 task 2/5 step 50/360: policy 0.41s, stepping env
    [frozen_flower] chain 20/50 task 2/5 step 75/360: running policy
    [frozen_flower] chain 20/50 task 2/5 step 75/360: policy 0.18s, stepping env
    [frozen_flower] chain 20/50 task 2/5 step 100/360: running policy
    [frozen_flower] chain 20/50 task 2/5 step 100/360: policy 0.35s, stepping env
    [frozen_flower] chain 20/50 task 2/5 step 125/360: running policy
    [frozen_flower] chain 20/50 task 2/5 step 125/360: policy 0.17s, stepping env
    [frozen_flower] chain 20/50 task 2/5 step 150/360: running policy
    [frozen_flower] chain 20/50 task 2/5 step 150/360: policy 0.45s, stepping env
    [frozen_flower] chain 20/50 task 2/5 step 175/360: running policy
    [frozen_flower] chain 20/50 task 2/5 step 175/360: policy 0.33s, stepping env
    [frozen_flower] chain 20/50 task 2/5 step 200/360: running policy
    [frozen_flower] chain 20/50 task 2/5 step 200/360: policy 0.41s, stepping env
    [frozen_flower] chain 20/50 task 2/5 step 225/360: running policy
    [frozen_flower] chain 20/50 task 2/5 step 225/360: policy 0.30s, stepping env
    [frozen_flower] chain 20/50 task 2/5 step 250/360: running policy
    [frozen_flower] chain 20/50 task 2/5 step 250/360: policy 0.27s, stepping env
    [frozen_flower] chain 20/50 task 2/5 step 275/360: running policy
    [frozen_flower] chain 20/50 task 2/5 step 275/360: policy 0.36s, stepping env
    [frozen_flower] chain 20/50 task 2/5 step 300/360: running policy
    [frozen_flower] chain 20/50 task 2/5 step 300/360: policy 0.33s, stepping env
    [frozen_flower] chain 20/50 task 2/5 step 325/360: running policy
    [frozen_flower] chain 20/50 task 2/5 step 325/360: policy 0.48s, stepping env
    [frozen_flower] chain 20/50 task 2/5 step 350/360: running policy
    [frozen_flower] chain 20/50 task 2/5 step 350/360: policy 0.18s, stepping env
    [frozen_flower] chain 20/50 task 2/5 failed: 360 steps, 158.7s
    [frozen_flower] 20/50 chains, L1 success: 95.0%
    [frozen_flower] chain 21/50 start: ['open_drawer', 'turn_on_lightbulb', 'push_red_block_left', 'move_slider_left', 'push_into_drawer']
    [frozen_flower] chain 21/50 instructions: ['pull the handle to open the drawer', 'use the switch to turn on the light bulb', 'go push the red block left', 'push the sliding door to the left side', 'slide the block that it falls into the drawer']
    [frozen_flower] chain 21/50 task 1/5 start: open_drawer | instruction: pull the handle to open the drawer
    [frozen_flower] chain 21/50 task 1/5 step 1/360: running policy
    [frozen_flower] chain 21/50 task 1/5 step 1/360: policy 0.74s, stepping env
    [frozen_flower] chain 21/50 task 1/5 step 25/360: running policy
    [frozen_flower] chain 21/50 task 1/5 step 25/360: policy 0.34s, stepping env
    [frozen_flower] chain 21/50 task 1/5 success at step 48
    [frozen_flower] chain 21/50 task 1/5 success: 48 steps, 20.1s
    [frozen_flower] chain 21/50 task 2/5 start: turn_on_lightbulb | instruction: use the switch to turn on the light bulb
    [frozen_flower] chain 21/50 task 2/5 step 1/360: running policy
    [frozen_flower] chain 21/50 task 2/5 step 1/360: policy 1.21s, stepping env
    [frozen_flower] chain 21/50 task 2/5 step 25/360: running policy
    [frozen_flower] chain 21/50 task 2/5 step 25/360: policy 0.38s, stepping env
    [frozen_flower] chain 21/50 task 2/5 step 50/360: running policy
    [frozen_flower] chain 21/50 task 2/5 step 50/360: policy 0.36s, stepping env
    [frozen_flower] chain 21/50 task 2/5 success at step 72
    [frozen_flower] chain 21/50 task 2/5 success: 72 steps, 34.9s
    [frozen_flower] chain 21/50 task 3/5 start: push_red_block_left | instruction: go push the red block left
    [frozen_flower] chain 21/50 task 3/5 step 1/360: running policy
    [frozen_flower] chain 21/50 task 3/5 step 1/360: policy 0.77s, stepping env
    [frozen_flower] chain 21/50 task 3/5 step 25/360: running policy
    [frozen_flower] chain 21/50 task 3/5 step 25/360: policy 0.37s, stepping env
    [frozen_flower] chain 21/50 task 3/5 step 50/360: running policy
    [frozen_flower] chain 21/50 task 3/5 step 50/360: policy 0.27s, stepping env
    [frozen_flower] chain 21/50 task 3/5 success at step 66
    [frozen_flower] chain 21/50 task 3/5 success: 66 steps, 24.3s
    [frozen_flower] chain 21/50 task 4/5 start: move_slider_left | instruction: push the sliding door to the left side
    [frozen_flower] chain 21/50 task 4/5 step 1/360: running policy
    [frozen_flower] chain 21/50 task 4/5 step 1/360: policy 0.84s, stepping env
    [frozen_flower] chain 21/50 task 4/5 step 25/360: running policy
    [frozen_flower] chain 21/50 task 4/5 step 25/360: policy 0.34s, stepping env
    [frozen_flower] chain 21/50 task 4/5 step 50/360: running policy
    [frozen_flower] chain 21/50 task 4/5 step 50/360: policy 0.37s, stepping env
    [frozen_flower] chain 21/50 task 4/5 success at step 61
    [frozen_flower] chain 21/50 task 4/5 success: 61 steps, 26.7s
    [frozen_flower] chain 21/50 task 5/5 start: push_into_drawer | instruction: slide the block that it falls into the drawer
    [frozen_flower] chain 21/50 task 5/5 step 1/360: running policy
    [frozen_flower] chain 21/50 task 5/5 step 1/360: policy 1.10s, stepping env
    [frozen_flower] chain 21/50 task 5/5 step 25/360: running policy
    [frozen_flower] chain 21/50 task 5/5 step 25/360: policy 0.20s, stepping env
    [frozen_flower] chain 21/50 task 5/5 step 50/360: running policy
    [frozen_flower] chain 21/50 task 5/5 step 50/360: policy 0.50s, stepping env
    [frozen_flower] chain 21/50 task 5/5 success at step 66
    [frozen_flower] chain 21/50 task 5/5 success: 66 steps, 26.3s
    [frozen_flower] chain 22/50 start: ['move_slider_right', 'turn_off_lightbulb', 'lift_pink_block_table', 'place_in_drawer', 'lift_pink_block_drawer']
    [frozen_flower] chain 22/50 instructions: ['push the sliding door to the right side', 'use the switch to turn off the light bulb', 'grasp and lift the pink block', 'store the grasped block in the drawer', 'Take the pink block from the drawer']
    [frozen_flower] chain 22/50 task 1/5 start: move_slider_right | instruction: push the sliding door to the right side
    [frozen_flower] chain 22/50 task 1/5 step 1/360: running policy
    [frozen_flower] chain 22/50 task 1/5 step 1/360: policy 0.84s, stepping env
    [frozen_flower] chain 22/50 task 1/5 step 25/360: running policy
    [frozen_flower] chain 22/50 task 1/5 step 25/360: policy 0.34s, stepping env
    [frozen_flower] chain 22/50 task 1/5 step 50/360: running policy
    [frozen_flower] chain 22/50 task 1/5 step 50/360: policy 0.30s, stepping env
    [frozen_flower] chain 22/50 task 1/5 success at step 60
    [frozen_flower] chain 22/50 task 1/5 success: 60 steps, 26.8s
    [frozen_flower] chain 22/50 task 2/5 start: turn_off_lightbulb | instruction: use the switch to turn off the light bulb
    [frozen_flower] chain 22/50 task 2/5 step 1/360: running policy
    [frozen_flower] chain 22/50 task 2/5 step 1/360: policy 1.08s, stepping env
    [frozen_flower] chain 22/50 task 2/5 step 25/360: running policy
    [frozen_flower] chain 22/50 task 2/5 step 25/360: policy 0.32s, stepping env
    [frozen_flower] chain 22/50 task 2/5 step 50/360: running policy
    [frozen_flower] chain 22/50 task 2/5 step 50/360: policy 0.49s, stepping env
    [frozen_flower] chain 22/50 task 2/5 success at step 68
    [frozen_flower] chain 22/50 task 2/5 success: 68 steps, 31.6s
    [frozen_flower] chain 22/50 task 3/5 start: lift_pink_block_table | instruction: grasp and lift the pink block
    [frozen_flower] chain 22/50 task 3/5 step 1/360: running policy
    [frozen_flower] chain 22/50 task 3/5 step 1/360: policy 0.77s, stepping env
    [frozen_flower] chain 22/50 task 3/5 step 25/360: running policy
    [frozen_flower] chain 22/50 task 3/5 step 25/360: policy 0.19s, stepping env
    [frozen_flower] chain 22/50 task 3/5 step 50/360: running policy
    [frozen_flower] chain 22/50 task 3/5 step 50/360: policy 0.29s, stepping env
    [frozen_flower] chain 22/50 task 3/5 success at step 59
    [frozen_flower] chain 22/50 task 3/5 success: 59 steps, 19.3s
    [frozen_flower] chain 22/50 task 4/5 start: place_in_drawer | instruction: store the grasped block in the drawer
    [frozen_flower] chain 22/50 task 4/5 step 1/360: running policy
    [frozen_flower] chain 22/50 task 4/5 step 1/360: policy 0.85s, stepping env
    [frozen_flower] chain 22/50 task 4/5 step 25/360: running policy
    [frozen_flower] chain 22/50 task 4/5 step 25/360: policy 0.35s, stepping env
    [frozen_flower] chain 22/50 task 4/5 success at step 27
    [frozen_flower] chain 22/50 task 4/5 success: 27 steps, 10.5s
    [frozen_flower] chain 22/50 task 5/5 start: lift_pink_block_drawer | instruction: Take the pink block from the drawer
    [frozen_flower] chain 22/50 task 5/5 step 1/360: running policy
    [frozen_flower] chain 22/50 task 5/5 step 1/360: policy 0.75s, stepping env
    [frozen_flower] chain 22/50 task 5/5 step 25/360: running policy
    [frozen_flower] chain 22/50 task 5/5 step 25/360: policy 0.20s, stepping env
    [frozen_flower] chain 22/50 task 5/5 success at step 29
    [frozen_flower] chain 22/50 task 5/5 success: 29 steps, 8.8s
    [frozen_flower] chain 23/50 start: ['rotate_pink_block_right', 'open_drawer', 'lift_blue_block_table', 'place_in_slider', 'turn_off_lightbulb']
    [frozen_flower] chain 23/50 instructions: ['take the pink block and rotate it to the right', 'pull the handle to open the drawer', 'grasp and lift the blue block', 'store the grasped block in the sliding cabinet', 'use the switch to turn off the light bulb']
    [frozen_flower] chain 23/50 task 1/5 start: rotate_pink_block_right | instruction: take the pink block and rotate it to the right
    [frozen_flower] chain 23/50 task 1/5 step 1/360: running policy
    [frozen_flower] chain 23/50 task 1/5 step 1/360: policy 0.75s, stepping env
    [frozen_flower] chain 23/50 task 1/5 step 25/360: running policy
    [frozen_flower] chain 23/50 task 1/5 step 25/360: policy 0.17s, stepping env
    [frozen_flower] chain 23/50 task 1/5 step 50/360: running policy
    [frozen_flower] chain 23/50 task 1/5 step 50/360: policy 0.33s, stepping env
    [frozen_flower] chain 23/50 task 1/5 step 75/360: running policy
    [frozen_flower] chain 23/50 task 1/5 step 75/360: policy 0.26s, stepping env
    [frozen_flower] chain 23/50 task 1/5 success at step 85
    [frozen_flower] chain 23/50 task 1/5 success: 85 steps, 28.8s
    [frozen_flower] chain 23/50 task 2/5 start: open_drawer | instruction: pull the handle to open the drawer
    [frozen_flower] chain 23/50 task 2/5 step 1/360: running policy
    [frozen_flower] chain 23/50 task 2/5 step 1/360: policy 0.78s, stepping env
    [frozen_flower] chain 23/50 task 2/5 step 25/360: running policy
    [frozen_flower] chain 23/50 task 2/5 step 25/360: policy 0.24s, stepping env
    [frozen_flower] chain 23/50 task 2/5 step 50/360: running policy
    [frozen_flower] chain 23/50 task 2/5 step 50/360: policy 0.13s, stepping env
    [frozen_flower] chain 23/50 task 2/5 step 75/360: running policy
    [frozen_flower] chain 23/50 task 2/5 step 75/360: policy 0.29s, stepping env
    [frozen_flower] chain 23/50 task 2/5 success at step 77
    [frozen_flower] chain 23/50 task 2/5 success: 77 steps, 23.5s
    [frozen_flower] chain 23/50 task 3/5 start: lift_blue_block_table | instruction: grasp and lift the blue block
    [frozen_flower] chain 23/50 task 3/5 step 1/360: running policy
    [frozen_flower] chain 23/50 task 3/5 step 1/360: policy 1.00s, stepping env
    [frozen_flower] chain 23/50 task 3/5 step 25/360: running policy
    [frozen_flower] chain 23/50 task 3/5 step 25/360: policy 0.40s, stepping env
    [frozen_flower] chain 23/50 task 3/5 step 50/360: running policy
    [frozen_flower] chain 23/50 task 3/5 step 50/360: policy 0.41s, stepping env
    [frozen_flower] chain 23/50 task 3/5 success at step 67
    [frozen_flower] chain 23/50 task 3/5 success: 67 steps, 32.3s
    [frozen_flower] chain 23/50 task 4/5 start: place_in_slider | instruction: store the grasped block in the sliding cabinet
    [frozen_flower] chain 23/50 task 4/5 step 1/360: running policy
    [frozen_flower] chain 23/50 task 4/5 step 1/360: policy 1.16s, stepping env
    [frozen_flower] chain 23/50 task 4/5 step 25/360: running policy
    [frozen_flower] chain 23/50 task 4/5 step 25/360: policy 0.37s, stepping env
    [frozen_flower] chain 23/50 task 4/5 success at step 42
    [frozen_flower] chain 23/50 task 4/5 success: 42 steps, 20.8s
    [frozen_flower] chain 23/50 task 5/5 start: turn_off_lightbulb | instruction: use the switch to turn off the light bulb
    [frozen_flower] chain 23/50 task 5/5 step 1/360: running policy
    [frozen_flower] chain 23/50 task 5/5 step 1/360: policy 0.71s, stepping env
    [frozen_flower] chain 23/50 task 5/5 step 25/360: running policy
    [frozen_flower] chain 23/50 task 5/5 step 25/360: policy 0.39s, stepping env
    [frozen_flower] chain 23/50 task 5/5 step 50/360: running policy
    [frozen_flower] chain 23/50 task 5/5 step 50/360: policy 0.31s, stepping env
    [frozen_flower] chain 23/50 task 5/5 step 75/360: running policy
    [frozen_flower] chain 23/50 task 5/5 step 75/360: policy 0.25s, stepping env
    [frozen_flower] chain 23/50 task 5/5 success at step 75
    [frozen_flower] chain 23/50 task 5/5 success: 75 steps, 33.5s
    [frozen_flower] chain 24/50 start: ['turn_on_led', 'move_slider_left', 'lift_blue_block_table', 'stack_block', 'unstack_block']
    [frozen_flower] chain 24/50 instructions: ['press the button to turn on the led light', 'push the sliding door to the left side', 'grasp and lift the blue block', 'stack the grasped block', 'remove the stacked block']
    [frozen_flower] chain 24/50 task 1/5 start: turn_on_led | instruction: press the button to turn on the led light
    [frozen_flower] chain 24/50 task 1/5 step 1/360: running policy
    [frozen_flower] chain 24/50 task 1/5 step 1/360: policy 0.78s, stepping env
    [frozen_flower] chain 24/50 task 1/5 step 25/360: running policy
    [frozen_flower] chain 24/50 task 1/5 step 25/360: policy 0.31s, stepping env
    [frozen_flower] chain 24/50 task 1/5 success at step 42
    [frozen_flower] chain 24/50 task 1/5 success: 42 steps, 17.1s
    [frozen_flower] chain 24/50 task 2/5 start: move_slider_left | instruction: push the sliding door to the left side
    [frozen_flower] chain 24/50 task 2/5 step 1/360: running policy
    [frozen_flower] chain 24/50 task 2/5 step 1/360: policy 0.81s, stepping env
    [frozen_flower] chain 24/50 task 2/5 step 25/360: running policy
    [frozen_flower] chain 24/50 task 2/5 step 25/360: policy 0.43s, stepping env
    [frozen_flower] chain 24/50 task 2/5 step 50/360: running policy
    [frozen_flower] chain 24/50 task 2/5 step 50/360: policy 0.36s, stepping env
    [frozen_flower] chain 24/50 task 2/5 success at step 66
    [frozen_flower] chain 24/50 task 2/5 success: 66 steps, 29.9s
    [frozen_flower] chain 24/50 task 3/5 start: lift_blue_block_table | instruction: grasp and lift the blue block
    [frozen_flower] chain 24/50 task 3/5 step 1/360: running policy
    [frozen_flower] chain 24/50 task 3/5 step 1/360: policy 1.03s, stepping env
    [frozen_flower] chain 24/50 task 3/5 step 25/360: running policy
    [frozen_flower] chain 24/50 task 3/5 step 25/360: policy 0.35s, stepping env
    [frozen_flower] chain 24/50 task 3/5 step 50/360: running policy
    [frozen_flower] chain 24/50 task 3/5 step 50/360: policy 0.29s, stepping env
    [frozen_flower] chain 24/50 task 3/5 success at step 55
    [frozen_flower] chain 24/50 task 3/5 success: 55 steps, 26.4s
    [frozen_flower] chain 24/50 task 4/5 start: stack_block | instruction: stack the grasped block
    [frozen_flower] chain 24/50 task 4/5 step 1/360: running policy
    [frozen_flower] chain 24/50 task 4/5 step 1/360: policy 0.99s, stepping env
    [frozen_flower] chain 24/50 task 4/5 step 25/360: running policy
    [frozen_flower] chain 24/50 task 4/5 step 25/360: policy 0.27s, stepping env
    [frozen_flower] chain 24/50 task 4/5 step 50/360: running policy
    [frozen_flower] chain 24/50 task 4/5 step 50/360: policy 0.32s, stepping env
    [frozen_flower] chain 24/50 task 4/5 success at step 58
    [frozen_flower] chain 24/50 task 4/5 success: 58 steps, 25.4s
    [frozen_flower] chain 24/50 task 5/5 start: unstack_block | instruction: remove the stacked block
    [frozen_flower] chain 24/50 task 5/5 step 1/360: running policy
    [frozen_flower] chain 24/50 task 5/5 step 1/360: policy 0.76s, stepping env
    [frozen_flower] chain 24/50 task 5/5 step 25/360: running policy
    [frozen_flower] chain 24/50 task 5/5 step 25/360: policy 0.34s, stepping env
    [frozen_flower] chain 24/50 task 5/5 success at step 44
    [frozen_flower] chain 24/50 task 5/5 success: 44 steps, 18.5s
    [frozen_flower] chain 25/50 start: ['rotate_blue_block_right', 'open_drawer', 'turn_off_led', 'lift_blue_block_table', 'place_in_slider']
    [frozen_flower] chain 25/50 instructions: ['take the blue block and rotate it to the right', 'pull the handle to open the drawer', 'press the button to turn off the led light', 'grasp and lift the blue block', 'store the grasped block in the sliding cabinet']
    [frozen_flower] chain 25/50 task 1/5 start: rotate_blue_block_right | instruction: take the blue block and rotate it to the right
    [frozen_flower] chain 25/50 task 1/5 step 1/360: running policy
    [frozen_flower] chain 25/50 task 1/5 step 1/360: policy 0.69s, stepping env
    [frozen_flower] chain 25/50 task 1/5 step 25/360: running policy
    [frozen_flower] chain 25/50 task 1/5 step 25/360: policy 0.35s, stepping env
    [frozen_flower] chain 25/50 task 1/5 step 50/360: running policy
    [frozen_flower] chain 25/50 task 1/5 step 50/360: policy 0.53s, stepping env
    [frozen_flower] chain 25/50 task 1/5 step 75/360: running policy
    [frozen_flower] chain 25/50 task 1/5 step 75/360: policy 0.33s, stepping env
    [frozen_flower] chain 25/50 task 1/5 success at step 93
    [frozen_flower] chain 25/50 task 1/5 success: 93 steps, 39.8s
    [frozen_flower] chain 25/50 task 2/5 start: open_drawer | instruction: pull the handle to open the drawer
    [frozen_flower] chain 25/50 task 2/5 step 1/360: running policy
    [frozen_flower] chain 25/50 task 2/5 step 1/360: policy 0.94s, stepping env
    [frozen_flower] chain 25/50 task 2/5 step 25/360: running policy
    [frozen_flower] chain 25/50 task 2/5 step 25/360: policy 0.35s, stepping env
    [frozen_flower] chain 25/50 task 2/5 step 50/360: running policy
    [frozen_flower] chain 25/50 task 2/5 step 50/360: policy 0.36s, stepping env
    [frozen_flower] chain 25/50 task 2/5 step 75/360: running policy
    [frozen_flower] chain 25/50 task 2/5 step 75/360: policy 0.33s, stepping env
    [frozen_flower] chain 25/50 task 2/5 success at step 83
    [frozen_flower] chain 25/50 task 2/5 success: 83 steps, 36.9s
    [frozen_flower] chain 25/50 task 3/5 start: turn_off_led | instruction: press the button to turn off the led light
    [frozen_flower] chain 25/50 task 3/5 step 1/360: running policy
    [frozen_flower] chain 25/50 task 3/5 step 1/360: policy 1.45s, stepping env
    [frozen_flower] chain 25/50 task 3/5 step 25/360: running policy
    [frozen_flower] chain 25/50 task 3/5 step 25/360: policy 0.42s, stepping env
    [frozen_flower] chain 25/50 task 3/5 step 50/360: running policy
    [frozen_flower] chain 25/50 task 3/5 step 50/360: policy 0.28s, stepping env
    [frozen_flower] chain 25/50 task 3/5 success at step 66
    [frozen_flower] chain 25/50 task 3/5 success: 66 steps, 29.1s
    [frozen_flower] chain 25/50 task 4/5 start: lift_blue_block_table | instruction: grasp and lift the blue block
    [frozen_flower] chain 25/50 task 4/5 step 1/360: running policy
    [frozen_flower] chain 25/50 task 4/5 step 1/360: policy 0.78s, stepping env
    [frozen_flower] chain 25/50 task 4/5 step 25/360: running policy
    [frozen_flower] chain 25/50 task 4/5 step 25/360: policy 0.23s, stepping env
    [frozen_flower] chain 25/50 task 4/5 step 50/360: running policy
    [frozen_flower] chain 25/50 task 4/5 step 50/360: policy 0.41s, stepping env
    [frozen_flower] chain 25/50 task 4/5 step 75/360: running policy
    [frozen_flower] chain 25/50 task 4/5 step 75/360: policy 0.37s, stepping env
    [frozen_flower] chain 25/50 task 4/5 step 100/360: running policy
    [frozen_flower] chain 25/50 task 4/5 step 100/360: policy 0.30s, stepping env
    [frozen_flower] chain 25/50 task 4/5 step 125/360: running policy
    [frozen_flower] chain 25/50 task 4/5 step 125/360: policy 0.51s, stepping env
    [frozen_flower] chain 25/50 task 4/5 step 150/360: running policy
    [frozen_flower] chain 25/50 task 4/5 step 150/360: policy 0.33s, stepping env
    [frozen_flower] chain 25/50 task 4/5 step 175/360: running policy
    [frozen_flower] chain 25/50 task 4/5 step 175/360: policy 0.32s, stepping env
    [frozen_flower] chain 25/50 task 4/5 step 200/360: running policy
    [frozen_flower] chain 25/50 task 4/5 step 200/360: policy 0.41s, stepping env
    [frozen_flower] chain 25/50 task 4/5 step 225/360: running policy
    [frozen_flower] chain 25/50 task 4/5 step 225/360: policy 0.44s, stepping env
    [frozen_flower] chain 25/50 task 4/5 step 250/360: running policy
    [frozen_flower] chain 25/50 task 4/5 step 250/360: policy 0.37s, stepping env
    [frozen_flower] chain 25/50 task 4/5 step 275/360: running policy
    [frozen_flower] chain 25/50 task 4/5 step 275/360: policy 0.25s, stepping env
    [frozen_flower] chain 25/50 task 4/5 step 300/360: running policy
    [frozen_flower] chain 25/50 task 4/5 step 300/360: policy 0.34s, stepping env
    [frozen_flower] chain 25/50 task 4/5 step 325/360: running policy
    [frozen_flower] chain 25/50 task 4/5 step 325/360: policy 0.45s, stepping env
    [frozen_flower] chain 25/50 task 4/5 step 350/360: running policy
    [frozen_flower] chain 25/50 task 4/5 step 350/360: policy 0.42s, stepping env
    [frozen_flower] chain 25/50 task 4/5 failed: 360 steps, 160.1s
    [frozen_flower] chain 26/50 start: ['lift_blue_block_slider', 'stack_block', 'turn_off_led', 'unstack_block', 'push_blue_block_left']
    [frozen_flower] chain 26/50 instructions: ['lift the blue block from the sliding cabinet', 'stack the grasped block', 'press the button to turn off the led light', 'remove the stacked block', 'go push the blue block left']
    [frozen_flower] chain 26/50 task 1/5 start: lift_blue_block_slider | instruction: lift the blue block from the sliding cabinet
    [frozen_flower] chain 26/50 task 1/5 step 1/360: running policy
    [frozen_flower] chain 26/50 task 1/5 step 1/360: policy 1.10s, stepping env
    [frozen_flower] chain 26/50 task 1/5 step 25/360: running policy
    [frozen_flower] chain 26/50 task 1/5 step 25/360: policy 0.31s, stepping env
    [frozen_flower] chain 26/50 task 1/5 step 50/360: running policy
    [frozen_flower] chain 26/50 task 1/5 step 50/360: policy 0.39s, stepping env
    [frozen_flower] chain 26/50 task 1/5 success at step 71
    [frozen_flower] chain 26/50 task 1/5 success: 71 steps, 31.4s
    [frozen_flower] chain 26/50 task 2/5 start: stack_block | instruction: stack the grasped block
    [frozen_flower] chain 26/50 task 2/5 step 1/360: running policy
    [frozen_flower] chain 26/50 task 2/5 step 1/360: policy 0.89s, stepping env
    [frozen_flower] chain 26/50 task 2/5 step 25/360: running policy
    [frozen_flower] chain 26/50 task 2/5 step 25/360: policy 0.40s, stepping env
    [frozen_flower] chain 26/50 task 2/5 step 50/360: running policy
    [frozen_flower] chain 26/50 task 2/5 step 50/360: policy 0.43s, stepping env
    [frozen_flower] chain 26/50 task 2/5 success at step 51
    [frozen_flower] chain 26/50 task 2/5 success: 51 steps, 24.2s
    [frozen_flower] chain 26/50 task 3/5 start: turn_off_led | instruction: press the button to turn off the led light
    [frozen_flower] chain 26/50 task 3/5 step 1/360: running policy
    [frozen_flower] chain 26/50 task 3/5 step 1/360: policy 0.65s, stepping env
    [frozen_flower] chain 26/50 task 3/5 step 25/360: running policy
    [frozen_flower] chain 26/50 task 3/5 step 25/360: policy 0.44s, stepping env
    [frozen_flower] chain 26/50 task 3/5 success at step 49
    [frozen_flower] chain 26/50 task 3/5 success: 49 steps, 22.5s
    [frozen_flower] chain 26/50 task 4/5 start: unstack_block | instruction: remove the stacked block
    [frozen_flower] chain 26/50 task 4/5 step 1/360: running policy
    [frozen_flower] chain 26/50 task 4/5 step 1/360: policy 0.94s, stepping env
    [frozen_flower] chain 26/50 task 4/5 step 25/360: running policy
    [frozen_flower] chain 26/50 task 4/5 step 25/360: policy 0.30s, stepping env
    [frozen_flower] chain 26/50 task 4/5 step 50/360: running policy
    [frozen_flower] chain 26/50 task 4/5 step 50/360: policy 0.41s, stepping env
    [frozen_flower] chain 26/50 task 4/5 success at step 73
    [frozen_flower] chain 26/50 task 4/5 success: 73 steps, 32.1s
    [frozen_flower] chain 26/50 task 5/5 start: push_blue_block_left | instruction: go push the blue block left
    [frozen_flower] chain 26/50 task 5/5 step 1/360: running policy
    [frozen_flower] chain 26/50 task 5/5 step 1/360: policy 0.71s, stepping env
    [frozen_flower] chain 26/50 task 5/5 step 25/360: running policy
    [frozen_flower] chain 26/50 task 5/5 step 25/360: policy 0.38s, stepping env
    [frozen_flower] chain 26/50 task 5/5 step 50/360: running policy
    [frozen_flower] chain 26/50 task 5/5 step 50/360: policy 0.36s, stepping env
    [frozen_flower] chain 26/50 task 5/5 step 75/360: running policy
    [frozen_flower] chain 26/50 task 5/5 step 75/360: policy 0.37s, stepping env
    [frozen_flower] chain 26/50 task 5/5 step 100/360: running policy
    [frozen_flower] chain 26/50 task 5/5 step 100/360: policy 0.33s, stepping env
    [frozen_flower] chain 26/50 task 5/5 step 125/360: running policy
    [frozen_flower] chain 26/50 task 5/5 step 125/360: policy 0.38s, stepping env
    [frozen_flower] chain 26/50 task 5/5 step 150/360: running policy
    [frozen_flower] chain 26/50 task 5/5 step 150/360: policy 0.24s, stepping env
    [frozen_flower] chain 26/50 task 5/5 step 175/360: running policy
    [frozen_flower] chain 26/50 task 5/5 step 175/360: policy 0.41s, stepping env
    [frozen_flower] chain 26/50 task 5/5 step 200/360: running policy
    [frozen_flower] chain 26/50 task 5/5 step 200/360: policy 0.30s, stepping env
    [frozen_flower] chain 26/50 task 5/5 step 225/360: running policy
    [frozen_flower] chain 26/50 task 5/5 step 225/360: policy 0.23s, stepping env
    [frozen_flower] chain 26/50 task 5/5 step 250/360: running policy
    [frozen_flower] chain 26/50 task 5/5 step 250/360: policy 0.28s, stepping env
    [frozen_flower] chain 26/50 task 5/5 step 275/360: running policy
    [frozen_flower] chain 26/50 task 5/5 step 275/360: policy 0.29s, stepping env
    [frozen_flower] chain 26/50 task 5/5 step 300/360: running policy
    [frozen_flower] chain 26/50 task 5/5 step 300/360: policy 0.49s, stepping env
    [frozen_flower] chain 26/50 task 5/5 step 325/360: running policy
    [frozen_flower] chain 26/50 task 5/5 step 325/360: policy 0.37s, stepping env
    [frozen_flower] chain 26/50 task 5/5 step 350/360: running policy
    [frozen_flower] chain 26/50 task 5/5 step 350/360: policy 0.39s, stepping env
    [frozen_flower] chain 26/50 task 5/5 failed: 360 steps, 156.6s
    [frozen_flower] chain 27/50 start: ['push_blue_block_right', 'open_drawer', 'lift_pink_block_slider', 'place_in_slider', 'push_into_drawer']
    [frozen_flower] chain 27/50 instructions: ['go push the blue block right', 'pull the handle to open the drawer', 'lift the pink block from the sliding cabinet', 'store the grasped block in the sliding cabinet', 'slide the block that it falls into the drawer']
    [frozen_flower] chain 27/50 task 1/5 start: push_blue_block_right | instruction: go push the blue block right
    [frozen_flower] chain 27/50 task 1/5 step 1/360: running policy
    [frozen_flower] chain 27/50 task 1/5 step 1/360: policy 0.90s, stepping env
    [frozen_flower] chain 27/50 task 1/5 step 25/360: running policy
    [frozen_flower] chain 27/50 task 1/5 step 25/360: policy 0.36s, stepping env
    [frozen_flower] chain 27/50 task 1/5 step 50/360: running policy
    [frozen_flower] chain 27/50 task 1/5 step 50/360: policy 0.39s, stepping env
    [frozen_flower] chain 27/50 task 1/5 step 75/360: running policy
    [frozen_flower] chain 27/50 task 1/5 step 75/360: policy 0.34s, stepping env
    [frozen_flower] chain 27/50 task 1/5 step 100/360: running policy
    [frozen_flower] chain 27/50 task 1/5 step 100/360: policy 0.10s, stepping env
    [frozen_flower] chain 27/50 task 1/5 step 125/360: running policy
    [frozen_flower] chain 27/50 task 1/5 step 125/360: policy 0.20s, stepping env
    [frozen_flower] chain 27/50 task 1/5 step 150/360: running policy
    [frozen_flower] chain 27/50 task 1/5 step 150/360: policy 0.31s, stepping env
    [frozen_flower] chain 27/50 task 1/5 step 175/360: running policy
    [frozen_flower] chain 27/50 task 1/5 step 175/360: policy 0.38s, stepping env
    [frozen_flower] chain 27/50 task 1/5 step 200/360: running policy
    [frozen_flower] chain 27/50 task 1/5 step 200/360: policy 0.27s, stepping env
    [frozen_flower] chain 27/50 task 1/5 step 225/360: running policy
    [frozen_flower] chain 27/50 task 1/5 step 225/360: policy 0.36s, stepping env
    [frozen_flower] chain 27/50 task 1/5 step 250/360: running policy
    [frozen_flower] chain 27/50 task 1/5 step 250/360: policy 0.32s, stepping env
    [frozen_flower] chain 27/50 task 1/5 step 275/360: running policy
    [frozen_flower] chain 27/50 task 1/5 step 275/360: policy 0.29s, stepping env
    [frozen_flower] chain 27/50 task 1/5 step 300/360: running policy
    [frozen_flower] chain 27/50 task 1/5 step 300/360: policy 0.41s, stepping env
    [frozen_flower] chain 27/50 task 1/5 step 325/360: running policy
    [frozen_flower] chain 27/50 task 1/5 step 325/360: policy 0.32s, stepping env
    [frozen_flower] chain 27/50 task 1/5 success at step 326
    [frozen_flower] chain 27/50 task 1/5 success: 326 steps, 140.2s
    [frozen_flower] chain 27/50 task 2/5 start: open_drawer | instruction: pull the handle to open the drawer
    [frozen_flower] chain 27/50 task 2/5 step 1/360: running policy
    [frozen_flower] chain 27/50 task 2/5 step 1/360: policy 0.95s, stepping env
    [frozen_flower] chain 27/50 task 2/5 step 25/360: running policy
    [frozen_flower] chain 27/50 task 2/5 step 25/360: policy 0.28s, stepping env
    [frozen_flower] chain 27/50 task 2/5 step 50/360: running policy
    [frozen_flower] chain 27/50 task 2/5 step 50/360: policy 0.41s, stepping env
    [frozen_flower] chain 27/50 task 2/5 success at step 73
    [frozen_flower] chain 27/50 task 2/5 success: 73 steps, 26.0s
    [frozen_flower] chain 27/50 task 3/5 start: lift_pink_block_slider | instruction: lift the pink block from the sliding cabinet
    [frozen_flower] chain 27/50 task 3/5 step 1/360: running policy
    [frozen_flower] chain 27/50 task 3/5 step 1/360: policy 1.12s, stepping env
    [frozen_flower] chain 27/50 task 3/5 step 25/360: running policy
    [frozen_flower] chain 27/50 task 3/5 step 25/360: policy 0.39s, stepping env
    [frozen_flower] chain 27/50 task 3/5 step 50/360: running policy
    [frozen_flower] chain 27/50 task 3/5 step 50/360: policy 0.34s, stepping env
    [frozen_flower] chain 27/50 task 3/5 step 75/360: running policy
    [frozen_flower] chain 27/50 task 3/5 step 75/360: policy 0.41s, stepping env
    [frozen_flower] chain 27/50 task 3/5 step 100/360: running policy
    [frozen_flower] chain 27/50 task 3/5 step 100/360: policy 0.24s, stepping env
    [frozen_flower] chain 27/50 task 3/5 success at step 113
    [frozen_flower] chain 27/50 task 3/5 success: 113 steps, 46.8s
    [frozen_flower] chain 27/50 task 4/5 start: place_in_slider | instruction: store the grasped block in the sliding cabinet
    [frozen_flower] chain 27/50 task 4/5 step 1/360: running policy
    [frozen_flower] chain 27/50 task 4/5 step 1/360: policy 0.85s, stepping env
    [frozen_flower] chain 27/50 task 4/5 success at step 16
    [frozen_flower] chain 27/50 task 4/5 success: 16 steps, 5.9s
    [frozen_flower] chain 27/50 task 5/5 start: push_into_drawer | instruction: slide the block that it falls into the drawer
    [frozen_flower] chain 27/50 task 5/5 step 1/360: running policy
    [frozen_flower] chain 27/50 task 5/5 step 1/360: policy 0.70s, stepping env
    [frozen_flower] chain 27/50 task 5/5 step 25/360: running policy
    [frozen_flower] chain 27/50 task 5/5 step 25/360: policy 0.27s, stepping env
    [frozen_flower] chain 27/50 task 5/5 step 50/360: running policy
    [frozen_flower] chain 27/50 task 5/5 step 50/360: policy 0.43s, stepping env
    [frozen_flower] chain 27/50 task 5/5 step 75/360: running policy
    [frozen_flower] chain 27/50 task 5/5 step 75/360: policy 0.35s, stepping env
    [frozen_flower] chain 27/50 task 5/5 step 100/360: running policy
    [frozen_flower] chain 27/50 task 5/5 step 100/360: policy 0.27s, stepping env
    [frozen_flower] chain 27/50 task 5/5 step 125/360: running policy
    [frozen_flower] chain 27/50 task 5/5 step 125/360: policy 0.43s, stepping env
    [frozen_flower] chain 27/50 task 5/5 step 150/360: running policy
    [frozen_flower] chain 27/50 task 5/5 step 150/360: policy 0.32s, stepping env
    [frozen_flower] chain 27/50 task 5/5 success at step 151
    [frozen_flower] chain 27/50 task 5/5 success: 151 steps, 65.8s
    [frozen_flower] chain 28/50 start: ['push_red_block_right', 'turn_on_lightbulb', 'push_into_drawer', 'move_slider_left', 'close_drawer']
    [frozen_flower] chain 28/50 instructions: ['go push the red block right', 'use the switch to turn on the light bulb', 'slide the block that it falls into the drawer', 'push the sliding door to the left side', 'push the handle to close the drawer']
    [frozen_flower] chain 28/50 task 1/5 start: push_red_block_right | instruction: go push the red block right
    [frozen_flower] chain 28/50 task 1/5 step 1/360: running policy
    [frozen_flower] chain 28/50 task 1/5 step 1/360: policy 1.16s, stepping env
    [frozen_flower] chain 28/50 task 1/5 step 25/360: running policy
    [frozen_flower] chain 28/50 task 1/5 step 25/360: policy 0.40s, stepping env
    [frozen_flower] chain 28/50 task 1/5 success at step 47
    [frozen_flower] chain 28/50 task 1/5 success: 47 steps, 23.2s
    [frozen_flower] chain 28/50 task 2/5 start: turn_on_lightbulb | instruction: use the switch to turn on the light bulb
    [frozen_flower] chain 28/50 task 2/5 step 1/360: running policy
    [frozen_flower] chain 28/50 task 2/5 step 1/360: policy 0.79s, stepping env
    [frozen_flower] chain 28/50 task 2/5 step 25/360: running policy
    [frozen_flower] chain 28/50 task 2/5 step 25/360: policy 0.29s, stepping env
    [frozen_flower] chain 28/50 task 2/5 step 50/360: running policy
    [frozen_flower] chain 28/50 task 2/5 step 50/360: policy 0.42s, stepping env
    [frozen_flower] chain 28/50 task 2/5 success at step 63
    [frozen_flower] chain 28/50 task 2/5 success: 63 steps, 30.3s
    [frozen_flower] chain 28/50 task 3/5 start: push_into_drawer | instruction: slide the block that it falls into the drawer
    [frozen_flower] chain 28/50 task 3/5 step 1/360: running policy
    [frozen_flower] chain 28/50 task 3/5 step 1/360: policy 0.92s, stepping env
    [frozen_flower] chain 28/50 task 3/5 step 25/360: running policy
    [frozen_flower] chain 28/50 task 3/5 step 25/360: policy 0.30s, stepping env
    [frozen_flower] chain 28/50 task 3/5 step 50/360: running policy
    [frozen_flower] chain 28/50 task 3/5 step 50/360: policy 0.43s, stepping env
    [frozen_flower] chain 28/50 task 3/5 success at step 54
    [frozen_flower] chain 28/50 task 3/5 success: 54 steps, 25.8s
    [frozen_flower] chain 28/50 task 4/5 start: move_slider_left | instruction: push the sliding door to the left side
    [frozen_flower] chain 28/50 task 4/5 step 1/360: running policy
    [frozen_flower] chain 28/50 task 4/5 step 1/360: policy 1.13s, stepping env
    [frozen_flower] chain 28/50 task 4/5 step 25/360: running policy
    [frozen_flower] chain 28/50 task 4/5 step 25/360: policy 0.43s, stepping env
    [frozen_flower] chain 28/50 task 4/5 step 50/360: running policy
    [frozen_flower] chain 28/50 task 4/5 step 50/360: policy 0.45s, stepping env
    [frozen_flower] chain 28/50 task 4/5 success at step 55
    [frozen_flower] chain 28/50 task 4/5 success: 55 steps, 26.4s
    [frozen_flower] chain 28/50 task 5/5 start: close_drawer | instruction: push the handle to close the drawer
    [frozen_flower] chain 28/50 task 5/5 step 1/360: running policy
    [frozen_flower] chain 28/50 task 5/5 step 1/360: policy 1.27s, stepping env
    [frozen_flower] chain 28/50 task 5/5 step 25/360: running policy
    [frozen_flower] chain 28/50 task 5/5 step 25/360: policy 0.30s, stepping env
    [frozen_flower] chain 28/50 task 5/5 step 50/360: running policy
    [frozen_flower] chain 28/50 task 5/5 step 50/360: policy 0.34s, stepping env
    [frozen_flower] chain 28/50 task 5/5 step 75/360: running policy
    [frozen_flower] chain 28/50 task 5/5 step 75/360: policy 0.39s, stepping env
    [frozen_flower] chain 28/50 task 5/5 success at step 79
    [frozen_flower] chain 28/50 task 5/5 success: 79 steps, 37.8s
    [frozen_flower] chain 29/50 start: ['turn_off_lightbulb', 'rotate_blue_block_left', 'move_slider_left', 'open_drawer', 'lift_red_block_table']
    [frozen_flower] chain 29/50 instructions: ['use the switch to turn off the light bulb', 'take the blue block and rotate it to the left', 'push the sliding door to the left side', 'pull the handle to open the drawer', 'grasp and lift the red block']
    [frozen_flower] chain 29/50 task 1/5 start: turn_off_lightbulb | instruction: use the switch to turn off the light bulb
    [frozen_flower] chain 29/50 task 1/5 step 1/360: running policy
    [frozen_flower] chain 29/50 task 1/5 step 1/360: policy 1.06s, stepping env
    [frozen_flower] chain 29/50 task 1/5 step 25/360: running policy
    [frozen_flower] chain 29/50 task 1/5 step 25/360: policy 0.21s, stepping env
    [frozen_flower] chain 29/50 task 1/5 step 50/360: running policy
    [frozen_flower] chain 29/50 task 1/5 step 50/360: policy 0.22s, stepping env
    [frozen_flower] chain 29/50 task 1/5 success at step 52
    [frozen_flower] chain 29/50 task 1/5 success: 52 steps, 20.5s
    [frozen_flower] chain 29/50 task 2/5 start: rotate_blue_block_left | instruction: take the blue block and rotate it to the left
    [frozen_flower] chain 29/50 task 2/5 step 1/360: running policy
    [frozen_flower] chain 29/50 task 2/5 step 1/360: policy 0.72s, stepping env
    [frozen_flower] chain 29/50 task 2/5 step 25/360: running policy
    [frozen_flower] chain 29/50 task 2/5 step 25/360: policy 0.42s, stepping env
    [frozen_flower] chain 29/50 task 2/5 step 50/360: running policy
    [frozen_flower] chain 29/50 task 2/5 step 50/360: policy 0.36s, stepping env
    [frozen_flower] chain 29/50 task 2/5 step 75/360: running policy
    [frozen_flower] chain 29/50 task 2/5 step 75/360: policy 0.32s, stepping env
    [frozen_flower] chain 29/50 task 2/5 success at step 89
    [frozen_flower] chain 29/50 task 2/5 success: 89 steps, 37.5s
    [frozen_flower] chain 29/50 task 3/5 start: move_slider_left | instruction: push the sliding door to the left side
    [frozen_flower] chain 29/50 task 3/5 step 1/360: running policy
    [frozen_flower] chain 29/50 task 3/5 step 1/360: policy 0.89s, stepping env
    [frozen_flower] chain 29/50 task 3/5 step 25/360: running policy
    [frozen_flower] chain 29/50 task 3/5 step 25/360: policy 0.35s, stepping env
    [frozen_flower] chain 29/50 task 3/5 step 50/360: running policy
    [frozen_flower] chain 29/50 task 3/5 step 50/360: policy 0.35s, stepping env
    [frozen_flower] chain 29/50 task 3/5 step 75/360: running policy
    [frozen_flower] chain 29/50 task 3/5 step 75/360: policy 0.28s, stepping env
    [frozen_flower] chain 29/50 task 3/5 success at step 75
    [frozen_flower] chain 29/50 task 3/5 success: 75 steps, 29.6s
    [frozen_flower] chain 29/50 task 4/5 start: open_drawer | instruction: pull the handle to open the drawer
    [frozen_flower] chain 29/50 task 4/5 step 1/360: running policy
    [frozen_flower] chain 29/50 task 4/5 step 1/360: policy 0.64s, stepping env
    [frozen_flower] chain 29/50 task 4/5 step 25/360: running policy
    [frozen_flower] chain 29/50 task 4/5 step 25/360: policy 0.27s, stepping env
    [frozen_flower] chain 29/50 task 4/5 step 50/360: running policy
    [frozen_flower] chain 29/50 task 4/5 step 50/360: policy 0.27s, stepping env
    [frozen_flower] chain 29/50 task 4/5 step 75/360: running policy
    [frozen_flower] chain 29/50 task 4/5 step 75/360: policy 0.40s, stepping env
    [frozen_flower] chain 29/50 task 4/5 success at step 78
    [frozen_flower] chain 29/50 task 4/5 success: 78 steps, 29.8s
    [frozen_flower] chain 29/50 task 5/5 start: lift_red_block_table | instruction: grasp and lift the red block
    [frozen_flower] chain 29/50 task 5/5 step 1/360: running policy
    [frozen_flower] chain 29/50 task 5/5 step 1/360: policy 1.00s, stepping env
    [frozen_flower] chain 29/50 task 5/5 step 25/360: running policy
    [frozen_flower] chain 29/50 task 5/5 step 25/360: policy 0.26s, stepping env
    [frozen_flower] chain 29/50 task 5/5 step 50/360: running policy
    [frozen_flower] chain 29/50 task 5/5 step 50/360: policy 0.32s, stepping env
    [frozen_flower] chain 29/50 task 5/5 step 75/360: running policy
    [frozen_flower] chain 29/50 task 5/5 step 75/360: policy 0.34s, stepping env
    [frozen_flower] chain 29/50 task 5/5 success at step 76
    [frozen_flower] chain 29/50 task 5/5 success: 76 steps, 31.3s
    [frozen_flower] chain 30/50 start: ['lift_red_block_table', 'stack_block', 'unstack_block', 'open_drawer', 'turn_on_led']
    [frozen_flower] chain 30/50 instructions: ['grasp and lift the red block', 'stack the grasped block', 'remove the stacked block', 'pull the handle to open the drawer', 'press the button to turn on the led light']
    [frozen_flower] chain 30/50 task 1/5 start: lift_red_block_table | instruction: grasp and lift the red block
    [frozen_flower] chain 30/50 task 1/5 step 1/360: running policy
    [frozen_flower] chain 30/50 task 1/5 step 1/360: policy 0.74s, stepping env
    [frozen_flower] chain 30/50 task 1/5 step 25/360: running policy
    [frozen_flower] chain 30/50 task 1/5 step 25/360: policy 0.39s, stepping env
    [frozen_flower] chain 30/50 task 1/5 step 50/360: running policy
    [frozen_flower] chain 30/50 task 1/5 step 50/360: policy 0.33s, stepping env
    [frozen_flower] chain 30/50 task 1/5 step 75/360: running policy
    [frozen_flower] chain 30/50 task 1/5 step 75/360: policy 0.34s, stepping env
    [frozen_flower] chain 30/50 task 1/5 step 100/360: running policy
    [frozen_flower] chain 30/50 task 1/5 step 100/360: policy 0.25s, stepping env
    [frozen_flower] chain 30/50 task 1/5 step 125/360: running policy
    [frozen_flower] chain 30/50 task 1/5 step 125/360: policy 0.35s, stepping env
    [frozen_flower] chain 30/50 task 1/5 step 150/360: running policy
    [frozen_flower] chain 30/50 task 1/5 step 150/360: policy 0.35s, stepping env
    [frozen_flower] chain 30/50 task 1/5 success at step 172
    [frozen_flower] chain 30/50 task 1/5 success: 172 steps, 68.4s
    [frozen_flower] chain 30/50 task 2/5 start: stack_block | instruction: stack the grasped block
    [frozen_flower] chain 30/50 task 2/5 step 1/360: running policy
    [frozen_flower] chain 30/50 task 2/5 step 1/360: policy 0.69s, stepping env
    [frozen_flower] chain 30/50 task 2/5 step 25/360: running policy
    [frozen_flower] chain 30/50 task 2/5 step 25/360: policy 0.41s, stepping env
    [frozen_flower] chain 30/50 task 2/5 success at step 29
    [frozen_flower] chain 30/50 task 2/5 success: 29 steps, 11.8s
    [frozen_flower] chain 30/50 task 3/5 start: unstack_block | instruction: remove the stacked block
    [frozen_flower] chain 30/50 task 3/5 step 1/360: running policy
    [frozen_flower] chain 30/50 task 3/5 step 1/360: policy 1.09s, stepping env
    [frozen_flower] chain 30/50 task 3/5 success at step 3
    [frozen_flower] chain 30/50 task 3/5 success: 3 steps, 1.8s
    [frozen_flower] chain 30/50 task 4/5 start: open_drawer | instruction: pull the handle to open the drawer
    [frozen_flower] chain 30/50 task 4/5 step 1/360: running policy
    [frozen_flower] chain 30/50 task 4/5 step 1/360: policy 0.55s, stepping env
    [frozen_flower] chain 30/50 task 4/5 step 25/360: running policy
    [frozen_flower] chain 30/50 task 4/5 step 25/360: policy 0.40s, stepping env
    [frozen_flower] chain 30/50 task 4/5 step 50/360: running policy
    [frozen_flower] chain 30/50 task 4/5 step 50/360: policy 0.29s, stepping env
    [frozen_flower] chain 30/50 task 4/5 success at step 67
    [frozen_flower] chain 30/50 task 4/5 success: 67 steps, 28.9s
    [frozen_flower] chain 30/50 task 5/5 start: turn_on_led | instruction: press the button to turn on the led light
    [frozen_flower] chain 30/50 task 5/5 step 1/360: running policy
    [frozen_flower] chain 30/50 task 5/5 step 1/360: policy 0.91s, stepping env
    [frozen_flower] chain 30/50 task 5/5 step 25/360: running policy
    [frozen_flower] chain 30/50 task 5/5 step 25/360: policy 0.32s, stepping env
    [frozen_flower] chain 30/50 task 5/5 step 50/360: running policy
    [frozen_flower] chain 30/50 task 5/5 step 50/360: policy 0.32s, stepping env
    [frozen_flower] chain 30/50 task 5/5 step 75/360: running policy
    [frozen_flower] chain 30/50 task 5/5 step 75/360: policy 0.41s, stepping env
    [frozen_flower] chain 30/50 task 5/5 success at step 77
    [frozen_flower] chain 30/50 task 5/5 success: 77 steps, 36.1s
    [frozen_flower] 30/50 chains, L1 success: 96.7%
    [frozen_flower] chain 31/50 start: ['lift_blue_block_table', 'place_in_drawer', 'push_red_block_right', 'close_drawer', 'turn_off_led']
    [frozen_flower] chain 31/50 instructions: ['grasp and lift the blue block', 'store the grasped block in the drawer', 'go push the red block right', 'push the handle to close the drawer', 'press the button to turn off the led light']
    [frozen_flower] chain 31/50 task 1/5 start: lift_blue_block_table | instruction: grasp and lift the blue block
    [frozen_flower] chain 31/50 task 1/5 step 1/360: running policy
    [frozen_flower] chain 31/50 task 1/5 step 1/360: policy 0.80s, stepping env
    [frozen_flower] chain 31/50 task 1/5 step 25/360: running policy
    [frozen_flower] chain 31/50 task 1/5 step 25/360: policy 0.35s, stepping env
    [frozen_flower] chain 31/50 task 1/5 success at step 37
    [frozen_flower] chain 31/50 task 1/5 success: 37 steps, 15.6s
    [frozen_flower] chain 31/50 task 2/5 start: place_in_drawer | instruction: store the grasped block in the drawer
    [frozen_flower] chain 31/50 task 2/5 step 1/360: running policy
    [frozen_flower] chain 31/50 task 2/5 step 1/360: policy 0.78s, stepping env
    [frozen_flower] chain 31/50 task 2/5 step 25/360: running policy
    [frozen_flower] chain 31/50 task 2/5 step 25/360: policy 0.33s, stepping env
    [frozen_flower] chain 31/50 task 2/5 success at step 33
    [frozen_flower] chain 31/50 task 2/5 success: 33 steps, 13.9s
    [frozen_flower] chain 31/50 task 3/5 start: push_red_block_right | instruction: go push the red block right
    [frozen_flower] chain 31/50 task 3/5 step 1/360: running policy
    [frozen_flower] chain 31/50 task 3/5 step 1/360: policy 0.94s, stepping env
    [frozen_flower] chain 31/50 task 3/5 step 25/360: running policy
    [frozen_flower] chain 31/50 task 3/5 step 25/360: policy 0.38s, stepping env
    [frozen_flower] chain 31/50 task 3/5 step 50/360: running policy
    [frozen_flower] chain 31/50 task 3/5 step 50/360: policy 0.31s, stepping env
    [frozen_flower] chain 31/50 task 3/5 success at step 62
    [frozen_flower] chain 31/50 task 3/5 success: 62 steps, 27.5s
    [frozen_flower] chain 31/50 task 4/5 start: close_drawer | instruction: push the handle to close the drawer
    [frozen_flower] chain 31/50 task 4/5 step 1/360: running policy
    [frozen_flower] chain 31/50 task 4/5 step 1/360: policy 1.10s, stepping env
    [frozen_flower] chain 31/50 task 4/5 step 25/360: running policy
    [frozen_flower] chain 31/50 task 4/5 step 25/360: policy 0.19s, stepping env
    [frozen_flower] chain 31/50 task 4/5 step 50/360: running policy
    [frozen_flower] chain 31/50 task 4/5 step 50/360: policy 0.31s, stepping env
    [frozen_flower] chain 31/50 task 4/5 step 75/360: running policy
    [frozen_flower] chain 31/50 task 4/5 step 75/360: policy 0.38s, stepping env
    [frozen_flower] chain 31/50 task 4/5 success at step 82
    [frozen_flower] chain 31/50 task 4/5 success: 82 steps, 35.5s
    [frozen_flower] chain 31/50 task 5/5 start: turn_off_led | instruction: press the button to turn off the led light
    [frozen_flower] chain 31/50 task 5/5 step 1/360: running policy
    [frozen_flower] chain 31/50 task 5/5 step 1/360: policy 1.13s, stepping env
    [frozen_flower] chain 31/50 task 5/5 step 25/360: running policy
    [frozen_flower] chain 31/50 task 5/5 step 25/360: policy 0.23s, stepping env
    [frozen_flower] chain 31/50 task 5/5 step 50/360: running policy
    [frozen_flower] chain 31/50 task 5/5 step 50/360: policy 0.32s, stepping env
    [frozen_flower] chain 31/50 task 5/5 step 75/360: running policy
    [frozen_flower] chain 31/50 task 5/5 step 75/360: policy 0.19s, stepping env
    [frozen_flower] chain 31/50 task 5/5 success at step 89
    [frozen_flower] chain 31/50 task 5/5 success: 89 steps, 40.8s
    [frozen_flower] chain 32/50 start: ['lift_pink_block_table', 'place_in_slider', 'push_into_drawer', 'close_drawer', 'turn_off_led']
    [frozen_flower] chain 32/50 instructions: ['grasp and lift the pink block', 'store the grasped block in the sliding cabinet', 'slide the block that it falls into the drawer', 'push the handle to close the drawer', 'press the button to turn off the led light']
    [frozen_flower] chain 32/50 task 1/5 start: lift_pink_block_table | instruction: grasp and lift the pink block
    [frozen_flower] chain 32/50 task 1/5 step 1/360: running policy
    [frozen_flower] chain 32/50 task 1/5 step 1/360: policy 1.04s, stepping env
    [frozen_flower] chain 32/50 task 1/5 step 25/360: running policy
    [frozen_flower] chain 32/50 task 1/5 step 25/360: policy 0.40s, stepping env
    [frozen_flower] chain 32/50 task 1/5 step 50/360: running policy
    [frozen_flower] chain 32/50 task 1/5 step 50/360: policy 0.32s, stepping env
    [frozen_flower] chain 32/50 task 1/5 success at step 50
    [frozen_flower] chain 32/50 task 1/5 success: 50 steps, 20.4s
    [frozen_flower] chain 32/50 task 2/5 start: place_in_slider | instruction: store the grasped block in the sliding cabinet
    [frozen_flower] chain 32/50 task 2/5 step 1/360: running policy
    [frozen_flower] chain 32/50 task 2/5 step 1/360: policy 0.57s, stepping env
    [frozen_flower] chain 32/50 task 2/5 step 25/360: running policy
    [frozen_flower] chain 32/50 task 2/5 step 25/360: policy 0.24s, stepping env
    [frozen_flower] chain 32/50 task 2/5 success at step 32
    [frozen_flower] chain 32/50 task 2/5 success: 32 steps, 13.3s
    [frozen_flower] chain 32/50 task 3/5 start: push_into_drawer | instruction: slide the block that it falls into the drawer
    [frozen_flower] chain 32/50 task 3/5 step 1/360: running policy
    [frozen_flower] chain 32/50 task 3/5 step 1/360: policy 0.80s, stepping env
    [frozen_flower] chain 32/50 task 3/5 step 25/360: running policy
    [frozen_flower] chain 32/50 task 3/5 step 25/360: policy 0.36s, stepping env
    [frozen_flower] chain 32/50 task 3/5 step 50/360: running policy
    [frozen_flower] chain 32/50 task 3/5 step 50/360: policy 0.36s, stepping env
    [frozen_flower] chain 32/50 task 3/5 step 75/360: running policy
    [frozen_flower] chain 32/50 task 3/5 step 75/360: policy 0.46s, stepping env
    [frozen_flower] chain 32/50 task 3/5 success at step 83
    [frozen_flower] chain 32/50 task 3/5 success: 83 steps, 36.7s
    [frozen_flower] chain 32/50 task 4/5 start: close_drawer | instruction: push the handle to close the drawer
    [frozen_flower] chain 32/50 task 4/5 step 1/360: running policy
    [frozen_flower] chain 32/50 task 4/5 step 1/360: policy 1.15s, stepping env
    [frozen_flower] chain 32/50 task 4/5 step 25/360: running policy
    [frozen_flower] chain 32/50 task 4/5 step 25/360: policy 0.42s, stepping env
    [frozen_flower] chain 32/50 task 4/5 step 50/360: running policy
    [frozen_flower] chain 32/50 task 4/5 step 50/360: policy 0.40s, stepping env
    [frozen_flower] chain 32/50 task 4/5 success at step 66
    [frozen_flower] chain 32/50 task 4/5 success: 66 steps, 31.7s
    [frozen_flower] chain 32/50 task 5/5 start: turn_off_led | instruction: press the button to turn off the led light
    [frozen_flower] chain 32/50 task 5/5 step 1/360: running policy
    [frozen_flower] chain 32/50 task 5/5 step 1/360: policy 0.69s, stepping env
    [frozen_flower] chain 32/50 task 5/5 step 25/360: running policy
    [frozen_flower] chain 32/50 task 5/5 step 25/360: policy 0.41s, stepping env
    [frozen_flower] chain 32/50 task 5/5 step 50/360: running policy
    [frozen_flower] chain 32/50 task 5/5 step 50/360: policy 0.43s, stepping env
    [frozen_flower] chain 32/50 task 5/5 success at step 71
    [frozen_flower] chain 32/50 task 5/5 success: 71 steps, 33.0s
    [frozen_flower] chain 33/50 start: ['rotate_pink_block_left', 'lift_pink_block_table', 'stack_block', 'unstack_block', 'turn_off_led']
    [frozen_flower] chain 33/50 instructions: ['take the pink block and rotate it to the left', 'grasp and lift the pink block', 'stack the grasped block', 'remove the stacked block', 'press the button to turn off the led light']
    [frozen_flower] chain 33/50 task 1/5 start: rotate_pink_block_left | instruction: take the pink block and rotate it to the left
    [frozen_flower] chain 33/50 task 1/5 step 1/360: running policy
    [frozen_flower] chain 33/50 task 1/5 step 1/360: policy 0.77s, stepping env
    [frozen_flower] chain 33/50 task 1/5 step 25/360: running policy
    [frozen_flower] chain 33/50 task 1/5 step 25/360: policy 0.36s, stepping env
    [frozen_flower] chain 33/50 task 1/5 step 50/360: running policy
    [frozen_flower] chain 33/50 task 1/5 step 50/360: policy 0.20s, stepping env
    [frozen_flower] chain 33/50 task 1/5 success at step 62
    [frozen_flower] chain 33/50 task 1/5 success: 62 steps, 25.3s
    [frozen_flower] chain 33/50 task 2/5 start: lift_pink_block_table | instruction: grasp and lift the pink block
    [frozen_flower] chain 33/50 task 2/5 step 1/360: running policy
    [frozen_flower] chain 33/50 task 2/5 step 1/360: policy 1.09s, stepping env
    [frozen_flower] chain 33/50 task 2/5 success at step 15
    [frozen_flower] chain 33/50 task 2/5 success: 15 steps, 8.0s
    [frozen_flower] chain 33/50 task 3/5 start: stack_block | instruction: stack the grasped block
    [frozen_flower] chain 33/50 task 3/5 step 1/360: running policy
    [frozen_flower] chain 33/50 task 3/5 step 1/360: policy 1.02s, stepping env
    [frozen_flower] chain 33/50 task 3/5 step 25/360: running policy
    [frozen_flower] chain 33/50 task 3/5 step 25/360: policy 0.29s, stepping env
    [frozen_flower] chain 33/50 task 3/5 success at step 30
    [frozen_flower] chain 33/50 task 3/5 success: 30 steps, 14.7s
    [frozen_flower] chain 33/50 task 4/5 start: unstack_block | instruction: remove the stacked block
    [frozen_flower] chain 33/50 task 4/5 step 1/360: running policy
    [frozen_flower] chain 33/50 task 4/5 step 1/360: policy 0.96s, stepping env
    [frozen_flower] chain 33/50 task 4/5 step 25/360: running policy
    [frozen_flower] chain 33/50 task 4/5 step 25/360: policy 0.37s, stepping env
    [frozen_flower] chain 33/50 task 4/5 step 50/360: running policy
    [frozen_flower] chain 33/50 task 4/5 step 50/360: policy 0.46s, stepping env
    [frozen_flower] chain 33/50 task 4/5 success at step 57
    [frozen_flower] chain 33/50 task 4/5 success: 57 steps, 28.2s
    [frozen_flower] chain 33/50 task 5/5 start: turn_off_led | instruction: press the button to turn off the led light
    [frozen_flower] chain 33/50 task 5/5 step 1/360: running policy
    [frozen_flower] chain 33/50 task 5/5 step 1/360: policy 1.08s, stepping env
    [frozen_flower] chain 33/50 task 5/5 step 25/360: running policy
    [frozen_flower] chain 33/50 task 5/5 step 25/360: policy 0.32s, stepping env
    [frozen_flower] chain 33/50 task 5/5 success at step 38
    [frozen_flower] chain 33/50 task 5/5 success: 38 steps, 17.7s
    [frozen_flower] chain 34/50 start: ['turn_off_led', 'open_drawer', 'push_pink_block_left', 'lift_blue_block_table', 'place_in_slider']
    [frozen_flower] chain 34/50 instructions: ['press the button to turn off the led light', 'pull the handle to open the drawer', 'go push the pink block left', 'grasp and lift the blue block', 'store the grasped block in the sliding cabinet']
    [frozen_flower] chain 34/50 task 1/5 start: turn_off_led | instruction: press the button to turn off the led light
    [frozen_flower] chain 34/50 task 1/5 step 1/360: running policy
    [frozen_flower] chain 34/50 task 1/5 step 1/360: policy 0.87s, stepping env
    [frozen_flower] chain 34/50 task 1/5 step 25/360: running policy
    [frozen_flower] chain 34/50 task 1/5 step 25/360: policy 0.26s, stepping env
    [frozen_flower] chain 34/50 task 1/5 success at step 38
    [frozen_flower] chain 34/50 task 1/5 success: 38 steps, 12.1s
    [frozen_flower] chain 34/50 task 2/5 start: open_drawer | instruction: pull the handle to open the drawer
    [frozen_flower] chain 34/50 task 2/5 step 1/360: running policy
    [frozen_flower] chain 34/50 task 2/5 step 1/360: policy 0.56s, stepping env
    [frozen_flower] chain 34/50 task 2/5 step 25/360: running policy
    [frozen_flower] chain 34/50 task 2/5 step 25/360: policy 0.26s, stepping env
    [frozen_flower] chain 34/50 task 2/5 step 50/360: running policy
    [frozen_flower] chain 34/50 task 2/5 step 50/360: policy 0.39s, stepping env
    [frozen_flower] chain 34/50 task 2/5 success at step 66
    [frozen_flower] chain 34/50 task 2/5 success: 66 steps, 22.7s
    [frozen_flower] chain 34/50 task 3/5 start: push_pink_block_left | instruction: go push the pink block left
    [frozen_flower] chain 34/50 task 3/5 step 1/360: running policy
    [frozen_flower] chain 34/50 task 3/5 step 1/360: policy 0.76s, stepping env
    [frozen_flower] chain 34/50 task 3/5 step 25/360: running policy
    [frozen_flower] chain 34/50 task 3/5 step 25/360: policy 0.32s, stepping env
    [frozen_flower] chain 34/50 task 3/5 step 50/360: running policy
    [frozen_flower] chain 34/50 task 3/5 step 50/360: policy 0.28s, stepping env
    [frozen_flower] chain 34/50 task 3/5 step 75/360: running policy
    [frozen_flower] chain 34/50 task 3/5 step 75/360: policy 0.25s, stepping env
    [frozen_flower] chain 34/50 task 3/5 success at step 96
    [frozen_flower] chain 34/50 task 3/5 success: 96 steps, 40.0s
    [frozen_flower] chain 34/50 task 4/5 start: lift_blue_block_table | instruction: grasp and lift the blue block
    [frozen_flower] chain 34/50 task 4/5 step 1/360: running policy
    [frozen_flower] chain 34/50 task 4/5 step 1/360: policy 0.87s, stepping env
    [frozen_flower] chain 34/50 task 4/5 step 25/360: running policy
    [frozen_flower] chain 34/50 task 4/5 step 25/360: policy 0.22s, stepping env
    [frozen_flower] chain 34/50 task 4/5 step 50/360: running policy
    [frozen_flower] chain 34/50 task 4/5 step 50/360: policy 0.42s, stepping env
    [frozen_flower] chain 34/50 task 4/5 success at step 60
    [frozen_flower] chain 34/50 task 4/5 success: 60 steps, 25.8s
    [frozen_flower] chain 34/50 task 5/5 start: place_in_slider | instruction: store the grasped block in the sliding cabinet
    [frozen_flower] chain 34/50 task 5/5 step 1/360: running policy
    [frozen_flower] chain 34/50 task 5/5 step 1/360: policy 1.03s, stepping env
    [frozen_flower] chain 34/50 task 5/5 step 25/360: running policy
    [frozen_flower] chain 34/50 task 5/5 step 25/360: policy 0.34s, stepping env
    [frozen_flower] chain 34/50 task 5/5 success at step 42
    [frozen_flower] chain 34/50 task 5/5 success: 42 steps, 17.4s
    [frozen_flower] chain 35/50 start: ['move_slider_right', 'push_blue_block_left', 'open_drawer', 'lift_red_block_table', 'stack_block']
    [frozen_flower] chain 35/50 instructions: ['push the sliding door to the right side', 'go push the blue block left', 'pull the handle to open the drawer', 'grasp and lift the red block', 'stack the grasped block']
    [frozen_flower] chain 35/50 task 1/5 start: move_slider_right | instruction: push the sliding door to the right side
    [frozen_flower] chain 35/50 task 1/5 step 1/360: running policy
    [frozen_flower] chain 35/50 task 1/5 step 1/360: policy 0.74s, stepping env
    [frozen_flower] chain 35/50 task 1/5 step 25/360: running policy
    [frozen_flower] chain 35/50 task 1/5 step 25/360: policy 0.19s, stepping env
    [frozen_flower] chain 35/50 task 1/5 step 50/360: running policy
    [frozen_flower] chain 35/50 task 1/5 step 50/360: policy 0.44s, stepping env
    [frozen_flower] chain 35/50 task 1/5 success at step 63
    [frozen_flower] chain 35/50 task 1/5 success: 63 steps, 21.5s
    [frozen_flower] chain 35/50 task 2/5 start: push_blue_block_left | instruction: go push the blue block left
    [frozen_flower] chain 35/50 task 2/5 step 1/360: running policy
    [frozen_flower] chain 35/50 task 2/5 step 1/360: policy 0.65s, stepping env
    [frozen_flower] chain 35/50 task 2/5 step 25/360: running policy
    [frozen_flower] chain 35/50 task 2/5 step 25/360: policy 0.42s, stepping env
    [frozen_flower] chain 35/50 task 2/5 step 50/360: running policy
    [frozen_flower] chain 35/50 task 2/5 step 50/360: policy 0.29s, stepping env
    [frozen_flower] chain 35/50 task 2/5 step 75/360: running policy
    [frozen_flower] chain 35/50 task 2/5 step 75/360: policy 0.42s, stepping env
    [frozen_flower] chain 35/50 task 2/5 step 100/360: running policy
    [frozen_flower] chain 35/50 task 2/5 step 100/360: policy 0.28s, stepping env
    [frozen_flower] chain 35/50 task 2/5 step 125/360: running policy
    [frozen_flower] chain 35/50 task 2/5 step 125/360: policy 0.51s, stepping env
    [frozen_flower] chain 35/50 task 2/5 step 150/360: running policy
    [frozen_flower] chain 35/50 task 2/5 step 150/360: policy 0.42s, stepping env
    [frozen_flower] chain 35/50 task 2/5 step 175/360: running policy
    [frozen_flower] chain 35/50 task 2/5 step 175/360: policy 0.30s, stepping env
    [frozen_flower] chain 35/50 task 2/5 step 200/360: running policy
    [frozen_flower] chain 35/50 task 2/5 step 200/360: policy 0.34s, stepping env
    [frozen_flower] chain 35/50 task 2/5 step 225/360: running policy
    [frozen_flower] chain 35/50 task 2/5 step 225/360: policy 0.45s, stepping env
    [frozen_flower] chain 35/50 task 2/5 step 250/360: running policy
    [frozen_flower] chain 35/50 task 2/5 step 250/360: policy 0.25s, stepping env
    [frozen_flower] chain 35/50 task 2/5 step 275/360: running policy
    [frozen_flower] chain 35/50 task 2/5 step 275/360: policy 0.28s, stepping env
    [frozen_flower] chain 35/50 task 2/5 step 300/360: running policy
    [frozen_flower] chain 35/50 task 2/5 step 300/360: policy 0.29s, stepping env
    [frozen_flower] chain 35/50 task 2/5 step 325/360: running policy
    [frozen_flower] chain 35/50 task 2/5 step 325/360: policy 0.34s, stepping env
    [frozen_flower] chain 35/50 task 2/5 step 350/360: running policy
    [frozen_flower] chain 35/50 task 2/5 step 350/360: policy 0.27s, stepping env
    [frozen_flower] chain 35/50 task 2/5 failed: 360 steps, 152.4s
    [frozen_flower] chain 36/50 start: ['lift_red_block_slider', 'place_in_slider', 'move_slider_right', 'push_into_drawer', 'turn_off_led']
    [frozen_flower] chain 36/50 instructions: ['lift the red block from the sliding cabinet', 'store the grasped block in the sliding cabinet', 'push the sliding door to the right side', 'slide the block that it falls into the drawer', 'press the button to turn off the led light']
    [frozen_flower] chain 36/50 task 1/5 start: lift_red_block_slider | instruction: lift the red block from the sliding cabinet
    [frozen_flower] chain 36/50 task 1/5 step 1/360: running policy
    [frozen_flower] chain 36/50 task 1/5 step 1/360: policy 1.21s, stepping env
    [frozen_flower] chain 36/50 task 1/5 step 25/360: running policy
    [frozen_flower] chain 36/50 task 1/5 step 25/360: policy 0.35s, stepping env
    [frozen_flower] chain 36/50 task 1/5 success at step 45
    [frozen_flower] chain 36/50 task 1/5 success: 45 steps, 20.5s
    [frozen_flower] chain 36/50 task 2/5 start: place_in_slider | instruction: store the grasped block in the sliding cabinet
    [frozen_flower] chain 36/50 task 2/5 step 1/360: running policy
    [frozen_flower] chain 36/50 task 2/5 step 1/360: policy 0.98s, stepping env
    [frozen_flower] chain 36/50 task 2/5 success at step 14
    [frozen_flower] chain 36/50 task 2/5 success: 14 steps, 6.0s
    [frozen_flower] chain 36/50 task 3/5 start: move_slider_right | instruction: push the sliding door to the right side
    [frozen_flower] chain 36/50 task 3/5 step 1/360: running policy
    [frozen_flower] chain 36/50 task 3/5 step 1/360: policy 0.79s, stepping env
    [frozen_flower] chain 36/50 task 3/5 step 25/360: running policy
    [frozen_flower] chain 36/50 task 3/5 step 25/360: policy 0.33s, stepping env
    [frozen_flower] chain 36/50 task 3/5 step 50/360: running policy
    [frozen_flower] chain 36/50 task 3/5 step 50/360: policy 0.36s, stepping env
    [frozen_flower] chain 36/50 task 3/5 success at step 70
    [frozen_flower] chain 36/50 task 3/5 success: 70 steps, 30.5s
    [frozen_flower] chain 36/50 task 4/5 start: push_into_drawer | instruction: slide the block that it falls into the drawer
    [frozen_flower] chain 36/50 task 4/5 step 1/360: running policy
    [frozen_flower] chain 36/50 task 4/5 step 1/360: policy 0.87s, stepping env
    [frozen_flower] chain 36/50 task 4/5 step 25/360: running policy
    [frozen_flower] chain 36/50 task 4/5 step 25/360: policy 0.34s, stepping env
    [frozen_flower] chain 36/50 task 4/5 step 50/360: running policy
    [frozen_flower] chain 36/50 task 4/5 step 50/360: policy 0.31s, stepping env
    [frozen_flower] chain 36/50 task 4/5 step 75/360: running policy
    [frozen_flower] chain 36/50 task 4/5 step 75/360: policy 0.28s, stepping env
    [frozen_flower] chain 36/50 task 4/5 success at step 75
    [frozen_flower] chain 36/50 task 4/5 success: 75 steps, 33.8s
    [frozen_flower] chain 36/50 task 5/5 start: turn_off_led | instruction: press the button to turn off the led light
    [frozen_flower] chain 36/50 task 5/5 step 1/360: running policy
    [frozen_flower] chain 36/50 task 5/5 step 1/360: policy 0.79s, stepping env
    [frozen_flower] chain 36/50 task 5/5 step 25/360: running policy
    [frozen_flower] chain 36/50 task 5/5 step 25/360: policy 0.34s, stepping env
    [frozen_flower] chain 36/50 task 5/5 success at step 38
    [frozen_flower] chain 36/50 task 5/5 success: 38 steps, 17.1s
    [frozen_flower] chain 37/50 start: ['move_slider_right', 'turn_off_lightbulb', 'lift_pink_block_slider', 'place_in_slider', 'push_red_block_right']
    [frozen_flower] chain 37/50 instructions: ['push the sliding door to the right side', 'use the switch to turn off the light bulb', 'lift the pink block from the sliding cabinet', 'store the grasped block in the sliding cabinet', 'go push the red block right']
    [frozen_flower] chain 37/50 task 1/5 start: move_slider_right | instruction: push the sliding door to the right side
    [frozen_flower] chain 37/50 task 1/5 step 1/360: running policy
    [frozen_flower] chain 37/50 task 1/5 step 1/360: policy 1.03s, stepping env
    [frozen_flower] chain 37/50 task 1/5 step 25/360: running policy
    [frozen_flower] chain 37/50 task 1/5 step 25/360: policy 0.33s, stepping env
    [frozen_flower] chain 37/50 task 1/5 step 50/360: running policy
    [frozen_flower] chain 37/50 task 1/5 step 50/360: policy 0.27s, stepping env
    [frozen_flower] chain 37/50 task 1/5 success at step 60
    [frozen_flower] chain 37/50 task 1/5 success: 60 steps, 22.5s
    [frozen_flower] chain 37/50 task 2/5 start: turn_off_lightbulb | instruction: use the switch to turn off the light bulb
    [frozen_flower] chain 37/50 task 2/5 step 1/360: running policy
    [frozen_flower] chain 37/50 task 2/5 step 1/360: policy 0.79s, stepping env
    [frozen_flower] chain 37/50 task 2/5 step 25/360: running policy
    [frozen_flower] chain 37/50 task 2/5 step 25/360: policy 0.26s, stepping env
    [frozen_flower] chain 37/50 task 2/5 step 50/360: running policy
    [frozen_flower] chain 37/50 task 2/5 step 50/360: policy 0.34s, stepping env
    [frozen_flower] chain 37/50 task 2/5 success at step 60
    [frozen_flower] chain 37/50 task 2/5 success: 60 steps, 25.1s
    [frozen_flower] chain 37/50 task 3/5 start: lift_pink_block_slider | instruction: lift the pink block from the sliding cabinet
    [frozen_flower] chain 37/50 task 3/5 step 1/360: running policy
    [frozen_flower] chain 37/50 task 3/5 step 1/360: policy 0.90s, stepping env
    [frozen_flower] chain 37/50 task 3/5 step 25/360: running policy
    [frozen_flower] chain 37/50 task 3/5 step 25/360: policy 0.28s, stepping env
    [frozen_flower] chain 37/50 task 3/5 step 50/360: running policy
    [frozen_flower] chain 37/50 task 3/5 step 50/360: policy 0.20s, stepping env
    [frozen_flower] chain 37/50 task 3/5 step 75/360: running policy
    [frozen_flower] chain 37/50 task 3/5 step 75/360: policy 0.36s, stepping env
    [frozen_flower] chain 37/50 task 3/5 success at step 88
    [frozen_flower] chain 37/50 task 3/5 success: 88 steps, 33.2s
    [frozen_flower] chain 37/50 task 4/5 start: place_in_slider | instruction: store the grasped block in the sliding cabinet
    [frozen_flower] chain 37/50 task 4/5 step 1/360: running policy
    [frozen_flower] chain 37/50 task 4/5 step 1/360: policy 0.85s, stepping env
    [frozen_flower] chain 37/50 task 4/5 success at step 7
    [frozen_flower] chain 37/50 task 4/5 success: 7 steps, 3.3s
    [frozen_flower] chain 37/50 task 5/5 start: push_red_block_right | instruction: go push the red block right
    [frozen_flower] chain 37/50 task 5/5 step 1/360: running policy
    [frozen_flower] chain 37/50 task 5/5 step 1/360: policy 1.02s, stepping env
    [frozen_flower] chain 37/50 task 5/5 step 25/360: running policy
    [frozen_flower] chain 37/50 task 5/5 step 25/360: policy 0.33s, stepping env
    [frozen_flower] chain 37/50 task 5/5 step 50/360: running policy
    [frozen_flower] chain 37/50 task 5/5 step 50/360: policy 0.43s, stepping env
    [frozen_flower] chain 37/50 task 5/5 step 75/360: running policy
    [frozen_flower] chain 37/50 task 5/5 step 75/360: policy 0.36s, stepping env
    [frozen_flower] chain 37/50 task 5/5 step 100/360: running policy
    [frozen_flower] chain 37/50 task 5/5 step 100/360: policy 0.23s, stepping env
    [frozen_flower] chain 37/50 task 5/5 success at step 121
    [frozen_flower] chain 37/50 task 5/5 success: 121 steps, 49.3s
    [frozen_flower] chain 38/50 start: ['turn_off_lightbulb', 'push_red_block_right', 'push_into_drawer', 'move_slider_left', 'close_drawer']
    [frozen_flower] chain 38/50 instructions: ['use the switch to turn off the light bulb', 'go push the red block right', 'slide the block that it falls into the drawer', 'push the sliding door to the left side', 'push the handle to close the drawer']
    [frozen_flower] chain 38/50 task 1/5 start: turn_off_lightbulb | instruction: use the switch to turn off the light bulb
    [frozen_flower] chain 38/50 task 1/5 step 1/360: running policy
    [frozen_flower] chain 38/50 task 1/5 step 1/360: policy 0.81s, stepping env
    [frozen_flower] chain 38/50 task 1/5 step 25/360: running policy
    [frozen_flower] chain 38/50 task 1/5 step 25/360: policy 0.33s, stepping env
    [frozen_flower] chain 38/50 task 1/5 step 50/360: running policy
    [frozen_flower] chain 38/50 task 1/5 step 50/360: policy 0.32s, stepping env
    [frozen_flower] chain 38/50 task 1/5 success at step 57
    [frozen_flower] chain 38/50 task 1/5 success: 57 steps, 23.5s
    [frozen_flower] chain 38/50 task 2/5 start: push_red_block_right | instruction: go push the red block right
    [frozen_flower] chain 38/50 task 2/5 step 1/360: running policy
    [frozen_flower] chain 38/50 task 2/5 step 1/360: policy 0.94s, stepping env
    [frozen_flower] chain 38/50 task 2/5 step 25/360: running policy
    [frozen_flower] chain 38/50 task 2/5 step 25/360: policy 0.33s, stepping env
    [frozen_flower] chain 38/50 task 2/5 step 50/360: running policy
    [frozen_flower] chain 38/50 task 2/5 step 50/360: policy 0.34s, stepping env
    [frozen_flower] chain 38/50 task 2/5 step 75/360: running policy
    [frozen_flower] chain 38/50 task 2/5 step 75/360: policy 0.43s, stepping env
    [frozen_flower] chain 38/50 task 2/5 success at step 80
    [frozen_flower] chain 38/50 task 2/5 success: 80 steps, 32.9s
    [frozen_flower] chain 38/50 task 3/5 start: push_into_drawer | instruction: slide the block that it falls into the drawer
    [frozen_flower] chain 38/50 task 3/5 step 1/360: running policy
    [frozen_flower] chain 38/50 task 3/5 step 1/360: policy 0.80s, stepping env
    [frozen_flower] chain 38/50 task 3/5 step 25/360: running policy
    [frozen_flower] chain 38/50 task 3/5 step 25/360: policy 0.31s, stepping env
    [frozen_flower] chain 38/50 task 3/5 step 50/360: running policy
    [frozen_flower] chain 38/50 task 3/5 step 50/360: policy 0.34s, stepping env
    [frozen_flower] chain 38/50 task 3/5 step 75/360: running policy
    [frozen_flower] chain 38/50 task 3/5 step 75/360: policy 0.31s, stepping env
    [frozen_flower] chain 38/50 task 3/5 step 100/360: running policy
    [frozen_flower] chain 38/50 task 3/5 step 100/360: policy 0.41s, stepping env
    [frozen_flower] chain 38/50 task 3/5 step 125/360: running policy
    [frozen_flower] chain 38/50 task 3/5 step 125/360: policy 0.24s, stepping env
    [frozen_flower] chain 38/50 task 3/5 step 150/360: running policy
    [frozen_flower] chain 38/50 task 3/5 step 150/360: policy 0.38s, stepping env
    [frozen_flower] chain 38/50 task 3/5 step 175/360: running policy
    [frozen_flower] chain 38/50 task 3/5 step 175/360: policy 0.26s, stepping env
    [frozen_flower] chain 38/50 task 3/5 step 200/360: running policy
    [frozen_flower] chain 38/50 task 3/5 step 200/360: policy 0.46s, stepping env
    [frozen_flower] chain 38/50 task 3/5 step 225/360: running policy
    [frozen_flower] chain 38/50 task 3/5 step 225/360: policy 0.52s, stepping env
    [frozen_flower] chain 38/50 task 3/5 step 250/360: running policy
    [frozen_flower] chain 38/50 task 3/5 step 250/360: policy 0.29s, stepping env
    [frozen_flower] chain 38/50 task 3/5 step 275/360: running policy
    [frozen_flower] chain 38/50 task 3/5 step 275/360: policy 0.27s, stepping env
    [frozen_flower] chain 38/50 task 3/5 step 300/360: running policy
    [frozen_flower] chain 38/50 task 3/5 step 300/360: policy 0.35s, stepping env
    [frozen_flower] chain 38/50 task 3/5 step 325/360: running policy
    [frozen_flower] chain 38/50 task 3/5 step 325/360: policy 0.26s, stepping env
    [frozen_flower] chain 38/50 task 3/5 step 350/360: running policy
    [frozen_flower] chain 38/50 task 3/5 step 350/360: policy 0.27s, stepping env
    [frozen_flower] chain 38/50 task 3/5 failed: 360 steps, 152.5s
    [frozen_flower] chain 39/50 start: ['open_drawer', 'move_slider_right', 'push_blue_block_right', 'lift_blue_block_table', 'place_in_slider']
    [frozen_flower] chain 39/50 instructions: ['pull the handle to open the drawer', 'push the sliding door to the right side', 'go push the blue block right', 'grasp and lift the blue block', 'store the grasped block in the sliding cabinet']
    [frozen_flower] chain 39/50 task 1/5 start: open_drawer | instruction: pull the handle to open the drawer
    [frozen_flower] chain 39/50 task 1/5 step 1/360: running policy
    [frozen_flower] chain 39/50 task 1/5 step 1/360: policy 0.75s, stepping env
    [frozen_flower] chain 39/50 task 1/5 step 25/360: running policy
    [frozen_flower] chain 39/50 task 1/5 step 25/360: policy 0.25s, stepping env
    [frozen_flower] chain 39/50 task 1/5 step 50/360: running policy
    [frozen_flower] chain 39/50 task 1/5 step 50/360: policy 0.35s, stepping env
    [frozen_flower] chain 39/50 task 1/5 success at step 54
    [frozen_flower] chain 39/50 task 1/5 success: 54 steps, 19.6s
    [frozen_flower] chain 39/50 task 2/5 start: move_slider_right | instruction: push the sliding door to the right side
    [frozen_flower] chain 39/50 task 2/5 step 1/360: running policy
    [frozen_flower] chain 39/50 task 2/5 step 1/360: policy 0.72s, stepping env
    [frozen_flower] chain 39/50 task 2/5 step 25/360: running policy
    [frozen_flower] chain 39/50 task 2/5 step 25/360: policy 0.22s, stepping env
    [frozen_flower] chain 39/50 task 2/5 step 50/360: running policy
    [frozen_flower] chain 39/50 task 2/5 step 50/360: policy 0.39s, stepping env
    [frozen_flower] chain 39/50 task 2/5 step 75/360: running policy
    [frozen_flower] chain 39/50 task 2/5 step 75/360: policy 0.21s, stepping env
    [frozen_flower] chain 39/50 task 2/5 success at step 96
    [frozen_flower] chain 39/50 task 2/5 success: 96 steps, 32.7s
    [frozen_flower] chain 39/50 task 3/5 start: push_blue_block_right | instruction: go push the blue block right
    [frozen_flower] chain 39/50 task 3/5 step 1/360: running policy
    [frozen_flower] chain 39/50 task 3/5 step 1/360: policy 0.90s, stepping env
    [frozen_flower] chain 39/50 task 3/5 step 25/360: running policy
    [frozen_flower] chain 39/50 task 3/5 step 25/360: policy 0.43s, stepping env
    [frozen_flower] chain 39/50 task 3/5 step 50/360: running policy
    [frozen_flower] chain 39/50 task 3/5 step 50/360: policy 0.22s, stepping env
    [frozen_flower] chain 39/50 task 3/5 success at step 64
    [frozen_flower] chain 39/50 task 3/5 success: 64 steps, 26.6s
    [frozen_flower] chain 39/50 task 4/5 start: lift_blue_block_table | instruction: grasp and lift the blue block
    [frozen_flower] chain 39/50 task 4/5 step 1/360: running policy
    [frozen_flower] chain 39/50 task 4/5 step 1/360: policy 0.86s, stepping env
    [frozen_flower] chain 39/50 task 4/5 step 25/360: running policy
    [frozen_flower] chain 39/50 task 4/5 step 25/360: policy 0.31s, stepping env
    [frozen_flower] chain 39/50 task 4/5 step 50/360: running policy
    [frozen_flower] chain 39/50 task 4/5 step 50/360: policy 0.40s, stepping env
    [frozen_flower] chain 39/50 task 4/5 success at step 61
    [frozen_flower] chain 39/50 task 4/5 success: 61 steps, 24.2s
    [frozen_flower] chain 39/50 task 5/5 start: place_in_slider | instruction: store the grasped block in the sliding cabinet
    [frozen_flower] chain 39/50 task 5/5 step 1/360: running policy
    [frozen_flower] chain 39/50 task 5/5 step 1/360: policy 0.93s, stepping env
    [frozen_flower] chain 39/50 task 5/5 step 25/360: running policy
    [frozen_flower] chain 39/50 task 5/5 step 25/360: policy 0.24s, stepping env
    [frozen_flower] chain 39/50 task 5/5 step 50/360: running policy
    [frozen_flower] chain 39/50 task 5/5 step 50/360: policy 0.42s, stepping env
    [frozen_flower] chain 39/50 task 5/5 step 75/360: running policy
    [frozen_flower] chain 39/50 task 5/5 step 75/360: policy 0.17s, stepping env
    [frozen_flower] chain 39/50 task 5/5 step 100/360: running policy
    [frozen_flower] chain 39/50 task 5/5 step 100/360: policy 0.26s, stepping env
    [frozen_flower] chain 39/50 task 5/5 step 125/360: running policy
    [frozen_flower] chain 39/50 task 5/5 step 125/360: policy 0.26s, stepping env
    [frozen_flower] chain 39/50 task 5/5 step 150/360: running policy
    [frozen_flower] chain 39/50 task 5/5 step 150/360: policy 0.39s, stepping env
    [frozen_flower] chain 39/50 task 5/5 step 175/360: running policy
    [frozen_flower] chain 39/50 task 5/5 step 175/360: policy 0.31s, stepping env
    [frozen_flower] chain 39/50 task 5/5 step 200/360: running policy
    [frozen_flower] chain 39/50 task 5/5 step 200/360: policy 0.35s, stepping env
    [frozen_flower] chain 39/50 task 5/5 step 225/360: running policy
    [frozen_flower] chain 39/50 task 5/5 step 225/360: policy 0.33s, stepping env
    [frozen_flower] chain 39/50 task 5/5 step 250/360: running policy
    [frozen_flower] chain 39/50 task 5/5 step 250/360: policy 0.29s, stepping env
    [frozen_flower] chain 39/50 task 5/5 step 275/360: running policy
    [frozen_flower] chain 39/50 task 5/5 step 275/360: policy 0.24s, stepping env
    [frozen_flower] chain 39/50 task 5/5 step 300/360: running policy
    [frozen_flower] chain 39/50 task 5/5 step 300/360: policy 0.29s, stepping env
    [frozen_flower] chain 39/50 task 5/5 step 325/360: running policy
    [frozen_flower] chain 39/50 task 5/5 step 325/360: policy 0.32s, stepping env
    [frozen_flower] chain 39/50 task 5/5 step 350/360: running policy
    [frozen_flower] chain 39/50 task 5/5 step 350/360: policy 0.30s, stepping env
    [frozen_flower] chain 39/50 task 5/5 failed: 360 steps, 144.0s
    [frozen_flower] chain 40/50 start: ['turn_on_led', 'rotate_pink_block_right', 'move_slider_right', 'close_drawer', 'lift_pink_block_table']
    [frozen_flower] chain 40/50 instructions: ['press the button to turn on the led light', 'take the pink block and rotate it to the right', 'push the sliding door to the right side', 'push the handle to close the drawer', 'grasp and lift the pink block']
    [frozen_flower] chain 40/50 task 1/5 start: turn_on_led | instruction: press the button to turn on the led light
    [frozen_flower] chain 40/50 task 1/5 step 1/360: running policy
    [frozen_flower] chain 40/50 task 1/5 step 1/360: policy 0.97s, stepping env
    [frozen_flower] chain 40/50 task 1/5 step 25/360: running policy
    [frozen_flower] chain 40/50 task 1/5 step 25/360: policy 0.43s, stepping env
    [frozen_flower] chain 40/50 task 1/5 success at step 36
    [frozen_flower] chain 40/50 task 1/5 success: 36 steps, 16.5s
    [frozen_flower] chain 40/50 task 2/5 start: rotate_pink_block_right | instruction: take the pink block and rotate it to the right
    [frozen_flower] chain 40/50 task 2/5 step 1/360: running policy
    [frozen_flower] chain 40/50 task 2/5 step 1/360: policy 0.61s, stepping env
    [frozen_flower] chain 40/50 task 2/5 step 25/360: running policy
    [frozen_flower] chain 40/50 task 2/5 step 25/360: policy 0.22s, stepping env
    [frozen_flower] chain 40/50 task 2/5 step 50/360: running policy
    [frozen_flower] chain 40/50 task 2/5 step 50/360: policy 0.24s, stepping env
    [frozen_flower] chain 40/50 task 2/5 step 75/360: running policy
    [frozen_flower] chain 40/50 task 2/5 step 75/360: policy 0.21s, stepping env
    [frozen_flower] chain 40/50 task 2/5 step 100/360: running policy
    [frozen_flower] chain 40/50 task 2/5 step 100/360: policy 0.17s, stepping env
    [frozen_flower] chain 40/50 task 2/5 step 125/360: running policy
    [frozen_flower] chain 40/50 task 2/5 step 125/360: policy 0.20s, stepping env
    [frozen_flower] chain 40/50 task 2/5 success at step 138
    [frozen_flower] chain 40/50 task 2/5 success: 138 steps, 40.9s
    [frozen_flower] chain 40/50 task 3/5 start: move_slider_right | instruction: push the sliding door to the right side
    [frozen_flower] chain 40/50 task 3/5 step 1/360: running policy
    [frozen_flower] chain 40/50 task 3/5 step 1/360: policy 0.68s, stepping env
    [frozen_flower] chain 40/50 task 3/5 step 25/360: running policy
    [frozen_flower] chain 40/50 task 3/5 step 25/360: policy 0.31s, stepping env
    [frozen_flower] chain 40/50 task 3/5 step 50/360: running policy
    [frozen_flower] chain 40/50 task 3/5 step 50/360: policy 0.30s, stepping env
    [frozen_flower] chain 40/50 task 3/5 success at step 73
    [frozen_flower] chain 40/50 task 3/5 success: 73 steps, 27.7s
    [frozen_flower] chain 40/50 task 4/5 start: close_drawer | instruction: push the handle to close the drawer
    [frozen_flower] chain 40/50 task 4/5 step 1/360: running policy
    [frozen_flower] chain 40/50 task 4/5 step 1/360: policy 0.61s, stepping env
    [frozen_flower] chain 40/50 task 4/5 step 25/360: running policy
    [frozen_flower] chain 40/50 task 4/5 step 25/360: policy 0.23s, stepping env
    [frozen_flower] chain 40/50 task 4/5 step 50/360: running policy
    [frozen_flower] chain 40/50 task 4/5 step 50/360: policy 0.31s, stepping env
    [frozen_flower] chain 40/50 task 4/5 step 75/360: running policy
    [frozen_flower] chain 40/50 task 4/5 step 75/360: policy 0.37s, stepping env
    [frozen_flower] chain 40/50 task 4/5 success at step 84
    [frozen_flower] chain 40/50 task 4/5 success: 84 steps, 30.2s
    [frozen_flower] chain 40/50 task 5/5 start: lift_pink_block_table | instruction: grasp and lift the pink block
    [frozen_flower] chain 40/50 task 5/5 step 1/360: running policy
    [frozen_flower] chain 40/50 task 5/5 step 1/360: policy 0.68s, stepping env
    [frozen_flower] chain 40/50 task 5/5 step 25/360: running policy
    [frozen_flower] chain 40/50 task 5/5 step 25/360: policy 0.29s, stepping env
    [frozen_flower] chain 40/50 task 5/5 step 50/360: running policy
    [frozen_flower] chain 40/50 task 5/5 step 50/360: policy 0.30s, stepping env
    [frozen_flower] chain 40/50 task 5/5 step 75/360: running policy
    [frozen_flower] chain 40/50 task 5/5 step 75/360: policy 0.18s, stepping env
    [frozen_flower] chain 40/50 task 5/5 step 100/360: running policy
    [frozen_flower] chain 40/50 task 5/5 step 100/360: policy 0.26s, stepping env
    [frozen_flower] chain 40/50 task 5/5 step 125/360: running policy
    [frozen_flower] chain 40/50 task 5/5 step 125/360: policy 0.27s, stepping env
    [frozen_flower] chain 40/50 task 5/5 step 150/360: running policy
    [frozen_flower] chain 40/50 task 5/5 step 150/360: policy 0.31s, stepping env
    [frozen_flower] chain 40/50 task 5/5 step 175/360: running policy
    [frozen_flower] chain 40/50 task 5/5 step 175/360: policy 0.32s, stepping env
    [frozen_flower] chain 40/50 task 5/5 step 200/360: running policy
    [frozen_flower] chain 40/50 task 5/5 step 200/360: policy 0.23s, stepping env
    [frozen_flower] chain 40/50 task 5/5 success at step 224
    [frozen_flower] chain 40/50 task 5/5 success: 224 steps, 87.0s
    [frozen_flower] 40/50 chains, L1 success: 97.5%
    [frozen_flower] chain 41/50 start: ['move_slider_right', 'close_drawer', 'push_pink_block_left', 'lift_pink_block_table', 'place_in_slider']
    [frozen_flower] chain 41/50 instructions: ['push the sliding door to the right side', 'push the handle to close the drawer', 'go push the pink block left', 'grasp and lift the pink block', 'store the grasped block in the sliding cabinet']
    [frozen_flower] chain 41/50 task 1/5 start: move_slider_right | instruction: push the sliding door to the right side
    [frozen_flower] chain 41/50 task 1/5 step 1/360: running policy
    [frozen_flower] chain 41/50 task 1/5 step 1/360: policy 1.15s, stepping env
    [frozen_flower] chain 41/50 task 1/5 step 25/360: running policy
    [frozen_flower] chain 41/50 task 1/5 step 25/360: policy 0.22s, stepping env
    [frozen_flower] chain 41/50 task 1/5 step 50/360: running policy
    [frozen_flower] chain 41/50 task 1/5 step 50/360: policy 0.31s, stepping env
    [frozen_flower] chain 41/50 task 1/5 success at step 60
    [frozen_flower] chain 41/50 task 1/5 success: 60 steps, 25.1s
    [frozen_flower] chain 41/50 task 2/5 start: close_drawer | instruction: push the handle to close the drawer
    [frozen_flower] chain 41/50 task 2/5 step 1/360: running policy
    [frozen_flower] chain 41/50 task 2/5 step 1/360: policy 1.08s, stepping env
    [frozen_flower] chain 41/50 task 2/5 step 25/360: running policy
    [frozen_flower] chain 41/50 task 2/5 step 25/360: policy 0.36s, stepping env
    [frozen_flower] chain 41/50 task 2/5 step 50/360: running policy
    [frozen_flower] chain 41/50 task 2/5 step 50/360: policy 0.34s, stepping env
    [frozen_flower] chain 41/50 task 2/5 success at step 71
    [frozen_flower] chain 41/50 task 2/5 success: 71 steps, 31.5s
    [frozen_flower] chain 41/50 task 3/5 start: push_pink_block_left | instruction: go push the pink block left
    [frozen_flower] chain 41/50 task 3/5 step 1/360: running policy
    [frozen_flower] chain 41/50 task 3/5 step 1/360: policy 1.05s, stepping env
    [frozen_flower] chain 41/50 task 3/5 step 25/360: running policy
    [frozen_flower] chain 41/50 task 3/5 step 25/360: policy 0.32s, stepping env
    [frozen_flower] chain 41/50 task 3/5 step 50/360: running policy
    [frozen_flower] chain 41/50 task 3/5 step 50/360: policy 0.48s, stepping env
    [frozen_flower] chain 41/50 task 3/5 step 75/360: running policy
    [frozen_flower] chain 41/50 task 3/5 step 75/360: policy 0.35s, stepping env
    [frozen_flower] chain 41/50 task 3/5 success at step 97
    [frozen_flower] chain 41/50 task 3/5 success: 97 steps, 42.9s
    [frozen_flower] chain 41/50 task 4/5 start: lift_pink_block_table | instruction: grasp and lift the pink block
    [frozen_flower] chain 41/50 task 4/5 step 1/360: running policy
    [frozen_flower] chain 41/50 task 4/5 step 1/360: policy 0.64s, stepping env
    [frozen_flower] chain 41/50 task 4/5 step 25/360: running policy
    [frozen_flower] chain 41/50 task 4/5 step 25/360: policy 0.39s, stepping env
    [frozen_flower] chain 41/50 task 4/5 step 50/360: running policy
    [frozen_flower] chain 41/50 task 4/5 step 50/360: policy 0.41s, stepping env
    [frozen_flower] chain 41/50 task 4/5 success at step 56
    [frozen_flower] chain 41/50 task 4/5 success: 56 steps, 24.2s
    [frozen_flower] chain 41/50 task 5/5 start: place_in_slider | instruction: store the grasped block in the sliding cabinet
    [frozen_flower] chain 41/50 task 5/5 step 1/360: running policy
    [frozen_flower] chain 41/50 task 5/5 step 1/360: policy 0.90s, stepping env
    [frozen_flower] chain 41/50 task 5/5 step 25/360: running policy
    [frozen_flower] chain 41/50 task 5/5 step 25/360: policy 0.18s, stepping env
    [frozen_flower] chain 41/50 task 5/5 success at step 48
    [frozen_flower] chain 41/50 task 5/5 success: 48 steps, 19.3s
    [frozen_flower] chain 42/50 start: ['move_slider_right', 'push_into_drawer', 'turn_off_led', 'lift_pink_block_drawer', 'place_in_drawer']
    [frozen_flower] chain 42/50 instructions: ['push the sliding door to the right side', 'slide the block that it falls into the drawer', 'press the button to turn off the led light', 'Take the pink block from the drawer', 'store the grasped block in the drawer']
    [frozen_flower] chain 42/50 task 1/5 start: move_slider_right | instruction: push the sliding door to the right side
    [frozen_flower] chain 42/50 task 1/5 step 1/360: running policy
    [frozen_flower] chain 42/50 task 1/5 step 1/360: policy 0.79s, stepping env
    [frozen_flower] chain 42/50 task 1/5 step 25/360: running policy
    [frozen_flower] chain 42/50 task 1/5 step 25/360: policy 0.45s, stepping env
    [frozen_flower] chain 42/50 task 1/5 step 50/360: running policy
    [frozen_flower] chain 42/50 task 1/5 step 50/360: policy 0.27s, stepping env
    [frozen_flower] chain 42/50 task 1/5 success at step 61
    [frozen_flower] chain 42/50 task 1/5 success: 61 steps, 25.6s
    [frozen_flower] chain 42/50 task 2/5 start: push_into_drawer | instruction: slide the block that it falls into the drawer
    [frozen_flower] chain 42/50 task 2/5 step 1/360: running policy
    [frozen_flower] chain 42/50 task 2/5 step 1/360: policy 1.15s, stepping env
    [frozen_flower] chain 42/50 task 2/5 step 25/360: running policy
    [frozen_flower] chain 42/50 task 2/5 step 25/360: policy 0.27s, stepping env
    [frozen_flower] chain 42/50 task 2/5 step 50/360: running policy
    [frozen_flower] chain 42/50 task 2/5 step 50/360: policy 0.33s, stepping env
    [frozen_flower] chain 42/50 task 2/5 success at step 63
    [frozen_flower] chain 42/50 task 2/5 success: 63 steps, 30.2s
    [frozen_flower] chain 42/50 task 3/5 start: turn_off_led | instruction: press the button to turn off the led light
    [frozen_flower] chain 42/50 task 3/5 step 1/360: running policy
    [frozen_flower] chain 42/50 task 3/5 step 1/360: policy 1.25s, stepping env
    [frozen_flower] chain 42/50 task 3/5 step 25/360: running policy
    [frozen_flower] chain 42/50 task 3/5 step 25/360: policy 0.40s, stepping env
    [frozen_flower] chain 42/50 task 3/5 success at step 47
    [frozen_flower] chain 42/50 task 3/5 success: 47 steps, 20.5s
    [frozen_flower] chain 42/50 task 4/5 start: lift_pink_block_drawer | instruction: Take the pink block from the drawer
    [frozen_flower] chain 42/50 task 4/5 step 1/360: running policy
    [frozen_flower] chain 42/50 task 4/5 step 1/360: policy 0.55s, stepping env
    [frozen_flower] chain 42/50 task 4/5 step 25/360: running policy
    [frozen_flower] chain 42/50 task 4/5 step 25/360: policy 0.41s, stepping env
    [frozen_flower] chain 42/50 task 4/5 step 50/360: running policy
    [frozen_flower] chain 42/50 task 4/5 step 50/360: policy 0.29s, stepping env
    [frozen_flower] chain 42/50 task 4/5 step 75/360: running policy
    [frozen_flower] chain 42/50 task 4/5 step 75/360: policy 0.58s, stepping env
    [frozen_flower] chain 42/50 task 4/5 step 100/360: running policy
    [frozen_flower] chain 42/50 task 4/5 step 100/360: policy 0.49s, stepping env
    [frozen_flower] chain 42/50 task 4/5 step 125/360: running policy
    [frozen_flower] chain 42/50 task 4/5 step 125/360: policy 0.32s, stepping env
    [frozen_flower] chain 42/50 task 4/5 step 150/360: running policy
    [frozen_flower] chain 42/50 task 4/5 step 150/360: policy 0.33s, stepping env
    [frozen_flower] chain 42/50 task 4/5 step 175/360: running policy
    [frozen_flower] chain 42/50 task 4/5 step 175/360: policy 0.36s, stepping env
    [frozen_flower] chain 42/50 task 4/5 step 200/360: running policy
    [frozen_flower] chain 42/50 task 4/5 step 200/360: policy 0.27s, stepping env
    [frozen_flower] chain 42/50 task 4/5 step 225/360: running policy
    [frozen_flower] chain 42/50 task 4/5 step 225/360: policy 0.22s, stepping env
    [frozen_flower] chain 42/50 task 4/5 success at step 229
    [frozen_flower] chain 42/50 task 4/5 success: 229 steps, 104.0s
    [frozen_flower] chain 42/50 task 5/5 start: place_in_drawer | instruction: store the grasped block in the drawer
    [frozen_flower] chain 42/50 task 5/5 step 1/360: running policy
    [frozen_flower] chain 42/50 task 5/5 step 1/360: policy 0.55s, stepping env
    [frozen_flower] chain 42/50 task 5/5 success at step 13
    [frozen_flower] chain 42/50 task 5/5 success: 13 steps, 4.0s
    [frozen_flower] chain 43/50 start: ['move_slider_left', 'push_pink_block_left', 'lift_blue_block_slider', 'place_in_slider', 'turn_off_led']
    [frozen_flower] chain 43/50 instructions: ['push the sliding door to the left side', 'go push the pink block left', 'lift the blue block from the sliding cabinet', 'store the grasped block in the sliding cabinet', 'press the button to turn off the led light']
    [frozen_flower] chain 43/50 task 1/5 start: move_slider_left | instruction: push the sliding door to the left side
    [frozen_flower] chain 43/50 task 1/5 step 1/360: running policy
    [frozen_flower] chain 43/50 task 1/5 step 1/360: policy 0.87s, stepping env
    [frozen_flower] chain 43/50 task 1/5 step 25/360: running policy
    [frozen_flower] chain 43/50 task 1/5 step 25/360: policy 0.35s, stepping env
    [frozen_flower] chain 43/50 task 1/5 step 50/360: running policy
    [frozen_flower] chain 43/50 task 1/5 step 50/360: policy 0.37s, stepping env
    [frozen_flower] chain 43/50 task 1/5 step 75/360: running policy
    [frozen_flower] chain 43/50 task 1/5 step 75/360: policy 0.21s, stepping env
    [frozen_flower] chain 43/50 task 1/5 success at step 91
    [frozen_flower] chain 43/50 task 1/5 success: 91 steps, 33.5s
    [frozen_flower] chain 43/50 task 2/5 start: push_pink_block_left | instruction: go push the pink block left
    [frozen_flower] chain 43/50 task 2/5 step 1/360: running policy
    [frozen_flower] chain 43/50 task 2/5 step 1/360: policy 0.64s, stepping env
    [frozen_flower] chain 43/50 task 2/5 step 25/360: running policy
    [frozen_flower] chain 43/50 task 2/5 step 25/360: policy 0.21s, stepping env
    [frozen_flower] chain 43/50 task 2/5 step 50/360: running policy
    [frozen_flower] chain 43/50 task 2/5 step 50/360: policy 0.40s, stepping env
    [frozen_flower] chain 43/50 task 2/5 step 75/360: running policy
    [frozen_flower] chain 43/50 task 2/5 step 75/360: policy 0.34s, stepping env
    [frozen_flower] chain 43/50 task 2/5 success at step 79
    [frozen_flower] chain 43/50 task 2/5 success: 79 steps, 33.9s
    [frozen_flower] chain 43/50 task 3/5 start: lift_blue_block_slider | instruction: lift the blue block from the sliding cabinet
    [frozen_flower] chain 43/50 task 3/5 step 1/360: running policy
    [frozen_flower] chain 43/50 task 3/5 step 1/360: policy 1.04s, stepping env
    [frozen_flower] chain 43/50 task 3/5 step 25/360: running policy
    [frozen_flower] chain 43/50 task 3/5 step 25/360: policy 0.37s, stepping env
    [frozen_flower] chain 43/50 task 3/5 step 50/360: running policy
    [frozen_flower] chain 43/50 task 3/5 step 50/360: policy 0.42s, stepping env
    [frozen_flower] chain 43/50 task 3/5 step 75/360: running policy
    [frozen_flower] chain 43/50 task 3/5 step 75/360: policy 0.45s, stepping env
    [frozen_flower] chain 43/50 task 3/5 step 100/360: running policy
    [frozen_flower] chain 43/50 task 3/5 step 100/360: policy 0.32s, stepping env
    [frozen_flower] chain 43/50 task 3/5 step 125/360: running policy
    [frozen_flower] chain 43/50 task 3/5 step 125/360: policy 0.28s, stepping env
    [frozen_flower] chain 43/50 task 3/5 step 150/360: running policy
    [frozen_flower] chain 43/50 task 3/5 step 150/360: policy 0.40s, stepping env
    [frozen_flower] chain 43/50 task 3/5 step 175/360: running policy
    [frozen_flower] chain 43/50 task 3/5 step 175/360: policy 0.27s, stepping env
    [frozen_flower] chain 43/50 task 3/5 step 200/360: running policy
    [frozen_flower] chain 43/50 task 3/5 step 200/360: policy 0.30s, stepping env
    [frozen_flower] chain 43/50 task 3/5 step 225/360: running policy
    [frozen_flower] chain 43/50 task 3/5 step 225/360: policy 0.27s, stepping env
    [frozen_flower] chain 43/50 task 3/5 step 250/360: running policy
    [frozen_flower] chain 43/50 task 3/5 step 250/360: policy 0.27s, stepping env
    [frozen_flower] chain 43/50 task 3/5 step 275/360: running policy
    [frozen_flower] chain 43/50 task 3/5 step 275/360: policy 0.26s, stepping env
    [frozen_flower] chain 43/50 task 3/5 step 300/360: running policy
    [frozen_flower] chain 43/50 task 3/5 step 300/360: policy 0.38s, stepping env
    [frozen_flower] chain 43/50 task 3/5 step 325/360: running policy
    [frozen_flower] chain 43/50 task 3/5 step 325/360: policy 0.34s, stepping env
    [frozen_flower] chain 43/50 task 3/5 step 350/360: running policy
    [frozen_flower] chain 43/50 task 3/5 step 350/360: policy 0.31s, stepping env
    [frozen_flower] chain 43/50 task 3/5 failed: 360 steps, 155.9s
    [frozen_flower] chain 44/50 start: ['rotate_pink_block_right', 'lift_pink_block_table', 'place_in_slider', 'open_drawer', 'lift_blue_block_slider']
    [frozen_flower] chain 44/50 instructions: ['take the pink block and rotate it to the right', 'grasp and lift the pink block', 'store the grasped block in the sliding cabinet', 'pull the handle to open the drawer', 'lift the blue block from the sliding cabinet']
    [frozen_flower] chain 44/50 task 1/5 start: rotate_pink_block_right | instruction: take the pink block and rotate it to the right
    [frozen_flower] chain 44/50 task 1/5 step 1/360: running policy
    [frozen_flower] chain 44/50 task 1/5 step 1/360: policy 1.14s, stepping env
    [frozen_flower] chain 44/50 task 1/5 step 25/360: running policy
    [frozen_flower] chain 44/50 task 1/5 step 25/360: policy 0.33s, stepping env
    [frozen_flower] chain 44/50 task 1/5 step 50/360: running policy
    [frozen_flower] chain 44/50 task 1/5 step 50/360: policy 0.26s, stepping env
    [frozen_flower] chain 44/50 task 1/5 step 75/360: running policy
    [frozen_flower] chain 44/50 task 1/5 step 75/360: policy 0.29s, stepping env
    [frozen_flower] chain 44/50 task 1/5 success at step 77
    [frozen_flower] chain 44/50 task 1/5 success: 77 steps, 31.1s
    [frozen_flower] chain 44/50 task 2/5 start: lift_pink_block_table | instruction: grasp and lift the pink block
    [frozen_flower] chain 44/50 task 2/5 step 1/360: running policy
    [frozen_flower] chain 44/50 task 2/5 step 1/360: policy 0.99s, stepping env
    [frozen_flower] chain 44/50 task 2/5 step 25/360: running policy
    [frozen_flower] chain 44/50 task 2/5 step 25/360: policy 0.43s, stepping env
    [frozen_flower] chain 44/50 task 2/5 step 50/360: running policy
    [frozen_flower] chain 44/50 task 2/5 step 50/360: policy 0.35s, stepping env
    [frozen_flower] chain 44/50 task 2/5 success at step 53
    [frozen_flower] chain 44/50 task 2/5 success: 53 steps, 23.0s
    [frozen_flower] chain 44/50 task 3/5 start: place_in_slider | instruction: store the grasped block in the sliding cabinet
    [frozen_flower] chain 44/50 task 3/5 step 1/360: running policy
    [frozen_flower] chain 44/50 task 3/5 step 1/360: policy 0.77s, stepping env
    [frozen_flower] chain 44/50 task 3/5 step 25/360: running policy
    [frozen_flower] chain 44/50 task 3/5 step 25/360: policy 0.44s, stepping env
    [frozen_flower] chain 44/50 task 3/5 success at step 41
    [frozen_flower] chain 44/50 task 3/5 success: 41 steps, 17.6s
    [frozen_flower] chain 44/50 task 4/5 start: open_drawer | instruction: pull the handle to open the drawer
    [frozen_flower] chain 44/50 task 4/5 step 1/360: running policy
    [frozen_flower] chain 44/50 task 4/5 step 1/360: policy 1.23s, stepping env
    [frozen_flower] chain 44/50 task 4/5 step 25/360: running policy
    [frozen_flower] chain 44/50 task 4/5 step 25/360: policy 0.40s, stepping env
    [frozen_flower] chain 44/50 task 4/5 step 50/360: running policy
    [frozen_flower] chain 44/50 task 4/5 step 50/360: policy 0.29s, stepping env
    [frozen_flower] chain 44/50 task 4/5 success at step 73
    [frozen_flower] chain 44/50 task 4/5 success: 73 steps, 33.3s
    [frozen_flower] chain 44/50 task 5/5 start: lift_blue_block_slider | instruction: lift the blue block from the sliding cabinet
    [frozen_flower] chain 44/50 task 5/5 step 1/360: running policy
    [frozen_flower] chain 44/50 task 5/5 step 1/360: policy 0.80s, stepping env
    [frozen_flower] chain 44/50 task 5/5 step 25/360: running policy
    [frozen_flower] chain 44/50 task 5/5 step 25/360: policy 0.49s, stepping env
    [frozen_flower] chain 44/50 task 5/5 step 50/360: running policy
    [frozen_flower] chain 44/50 task 5/5 step 50/360: policy 0.41s, stepping env
    [frozen_flower] chain 44/50 task 5/5 step 75/360: running policy
    [frozen_flower] chain 44/50 task 5/5 step 75/360: policy 0.37s, stepping env
    [frozen_flower] chain 44/50 task 5/5 step 100/360: running policy
    [frozen_flower] chain 44/50 task 5/5 step 100/360: policy 0.39s, stepping env
    [frozen_flower] chain 44/50 task 5/5 success at step 102
    [frozen_flower] chain 44/50 task 5/5 success: 102 steps, 47.7s
    [frozen_flower] chain 45/50 start: ['lift_blue_block_table', 'place_in_slider', 'turn_on_led', 'rotate_pink_block_right', 'lift_red_block_slider']
    [frozen_flower] chain 45/50 instructions: ['grasp and lift the blue block', 'store the grasped block in the sliding cabinet', 'press the button to turn on the led light', 'take the pink block and rotate it to the right', 'lift the red block from the sliding cabinet']
    [frozen_flower] chain 45/50 task 1/5 start: lift_blue_block_table | instruction: grasp and lift the blue block
    [frozen_flower] chain 45/50 task 1/5 step 1/360: running policy
    [frozen_flower] chain 45/50 task 1/5 step 1/360: policy 0.85s, stepping env
    [frozen_flower] chain 45/50 task 1/5 step 25/360: running policy
    [frozen_flower] chain 45/50 task 1/5 step 25/360: policy 0.45s, stepping env
    [frozen_flower] chain 45/50 task 1/5 step 50/360: running policy
    [frozen_flower] chain 45/50 task 1/5 step 50/360: policy 0.48s, stepping env
    [frozen_flower] chain 45/50 task 1/5 success at step 54
    [frozen_flower] chain 45/50 task 1/5 success: 54 steps, 27.1s
    [frozen_flower] chain 45/50 task 2/5 start: place_in_slider | instruction: store the grasped block in the sliding cabinet
    [frozen_flower] chain 45/50 task 2/5 step 1/360: running policy
    [frozen_flower] chain 45/50 task 2/5 step 1/360: policy 1.23s, stepping env
    [frozen_flower] chain 45/50 task 2/5 step 25/360: running policy
    [frozen_flower] chain 45/50 task 2/5 step 25/360: policy 0.33s, stepping env
    [frozen_flower] chain 45/50 task 2/5 success at step 37
    [frozen_flower] chain 45/50 task 2/5 success: 37 steps, 18.0s
    [frozen_flower] chain 45/50 task 3/5 start: turn_on_led | instruction: press the button to turn on the led light
    [frozen_flower] chain 45/50 task 3/5 step 1/360: running policy
    [frozen_flower] chain 45/50 task 3/5 step 1/360: policy 0.95s, stepping env
    [frozen_flower] chain 45/50 task 3/5 step 25/360: running policy
    [frozen_flower] chain 45/50 task 3/5 step 25/360: policy 0.48s, stepping env
    [frozen_flower] chain 45/50 task 3/5 success at step 47
    [frozen_flower] chain 45/50 task 3/5 success: 47 steps, 21.6s
    [frozen_flower] chain 45/50 task 4/5 start: rotate_pink_block_right | instruction: take the pink block and rotate it to the right
    [frozen_flower] chain 45/50 task 4/5 step 1/360: running policy
    [frozen_flower] chain 45/50 task 4/5 step 1/360: policy 1.28s, stepping env
    [frozen_flower] chain 45/50 task 4/5 step 25/360: running policy
    [frozen_flower] chain 45/50 task 4/5 step 25/360: policy 0.35s, stepping env
    [frozen_flower] chain 45/50 task 4/5 step 50/360: running policy
    [frozen_flower] chain 45/50 task 4/5 step 50/360: policy 0.38s, stepping env
    [frozen_flower] chain 45/50 task 4/5 step 75/360: running policy
    [frozen_flower] chain 45/50 task 4/5 step 75/360: policy 0.34s, stepping env
    [frozen_flower] chain 45/50 task 4/5 success at step 95
    [frozen_flower] chain 45/50 task 4/5 success: 95 steps, 42.4s
    [frozen_flower] chain 45/50 task 5/5 start: lift_red_block_slider | instruction: lift the red block from the sliding cabinet
    [frozen_flower] chain 45/50 task 5/5 step 1/360: running policy
    [frozen_flower] chain 45/50 task 5/5 step 1/360: policy 0.85s, stepping env
    [frozen_flower] chain 45/50 task 5/5 step 25/360: running policy
    [frozen_flower] chain 45/50 task 5/5 step 25/360: policy 0.24s, stepping env
    [frozen_flower] chain 45/50 task 5/5 step 50/360: running policy
    [frozen_flower] chain 45/50 task 5/5 step 50/360: policy 0.43s, stepping env
    [frozen_flower] chain 45/50 task 5/5 step 75/360: running policy
    [frozen_flower] chain 45/50 task 5/5 step 75/360: policy 0.29s, stepping env
    [frozen_flower] chain 45/50 task 5/5 success at step 83
    [frozen_flower] chain 45/50 task 5/5 success: 83 steps, 34.2s
    [frozen_flower] chain 46/50 start: ['rotate_pink_block_right', 'turn_off_led', 'lift_pink_block_table', 'place_in_slider', 'open_drawer']
    [frozen_flower] chain 46/50 instructions: ['take the pink block and rotate it to the right', 'press the button to turn off the led light', 'grasp and lift the pink block', 'store the grasped block in the sliding cabinet', 'pull the handle to open the drawer']
    [frozen_flower] chain 46/50 task 1/5 start: rotate_pink_block_right | instruction: take the pink block and rotate it to the right
    [frozen_flower] chain 46/50 task 1/5 step 1/360: running policy
    [frozen_flower] chain 46/50 task 1/5 step 1/360: policy 0.68s, stepping env
    [frozen_flower] chain 46/50 task 1/5 step 25/360: running policy
    [frozen_flower] chain 46/50 task 1/5 step 25/360: policy 0.28s, stepping env
    [frozen_flower] chain 46/50 task 1/5 step 50/360: running policy
    [frozen_flower] chain 46/50 task 1/5 step 50/360: policy 0.18s, stepping env
    [frozen_flower] chain 46/50 task 1/5 step 75/360: running policy
    [frozen_flower] chain 46/50 task 1/5 step 75/360: policy 0.30s, stepping env
    [frozen_flower] chain 46/50 task 1/5 success at step 96
    [frozen_flower] chain 46/50 task 1/5 success: 96 steps, 33.3s
    [frozen_flower] chain 46/50 task 2/5 start: turn_off_led | instruction: press the button to turn off the led light
    [frozen_flower] chain 46/50 task 2/5 step 1/360: running policy
    [frozen_flower] chain 46/50 task 2/5 step 1/360: policy 0.71s, stepping env
    [frozen_flower] chain 46/50 task 2/5 step 25/360: running policy
    [frozen_flower] chain 46/50 task 2/5 step 25/360: policy 0.37s, stepping env
    [frozen_flower] chain 46/50 task 2/5 success at step 43
    [frozen_flower] chain 46/50 task 2/5 success: 43 steps, 17.8s
    [frozen_flower] chain 46/50 task 3/5 start: lift_pink_block_table | instruction: grasp and lift the pink block
    [frozen_flower] chain 46/50 task 3/5 step 1/360: running policy
    [frozen_flower] chain 46/50 task 3/5 step 1/360: policy 1.07s, stepping env
    [frozen_flower] chain 46/50 task 3/5 step 25/360: running policy
    [frozen_flower] chain 46/50 task 3/5 step 25/360: policy 0.31s, stepping env
    [frozen_flower] chain 46/50 task 3/5 step 50/360: running policy
    [frozen_flower] chain 46/50 task 3/5 step 50/360: policy 0.33s, stepping env
    [frozen_flower] chain 46/50 task 3/5 step 75/360: running policy
    [frozen_flower] chain 46/50 task 3/5 step 75/360: policy 0.38s, stepping env
    [frozen_flower] chain 46/50 task 3/5 step 100/360: running policy
    [frozen_flower] chain 46/50 task 3/5 step 100/360: policy 0.19s, stepping env
    [frozen_flower] chain 46/50 task 3/5 step 125/360: running policy
    [frozen_flower] chain 46/50 task 3/5 step 125/360: policy 0.25s, stepping env
    [frozen_flower] chain 46/50 task 3/5 step 150/360: running policy
    [frozen_flower] chain 46/50 task 3/5 step 150/360: policy 0.19s, stepping env
    [frozen_flower] chain 46/50 task 3/5 step 175/360: running policy
    [frozen_flower] chain 46/50 task 3/5 step 175/360: policy 0.29s, stepping env
    [frozen_flower] chain 46/50 task 3/5 step 200/360: running policy
    [frozen_flower] chain 46/50 task 3/5 step 200/360: policy 0.29s, stepping env
    [frozen_flower] chain 46/50 task 3/5 step 225/360: running policy
    [frozen_flower] chain 46/50 task 3/5 step 225/360: policy 0.25s, stepping env
    [frozen_flower] chain 46/50 task 3/5 success at step 236
    [frozen_flower] chain 46/50 task 3/5 success: 236 steps, 93.0s
    [frozen_flower] chain 46/50 task 4/5 start: place_in_slider | instruction: store the grasped block in the sliding cabinet
    [frozen_flower] chain 46/50 task 4/5 step 1/360: running policy
    [frozen_flower] chain 46/50 task 4/5 step 1/360: policy 1.00s, stepping env
    [frozen_flower] chain 46/50 task 4/5 step 25/360: running policy
    [frozen_flower] chain 46/50 task 4/5 step 25/360: policy 0.32s, stepping env
    [frozen_flower] chain 46/50 task 4/5 step 50/360: running policy
    [frozen_flower] chain 46/50 task 4/5 step 50/360: policy 0.35s, stepping env
    [frozen_flower] chain 46/50 task 4/5 step 75/360: running policy
    [frozen_flower] chain 46/50 task 4/5 step 75/360: policy 0.27s, stepping env
    [frozen_flower] chain 46/50 task 4/5 step 100/360: running policy
    [frozen_flower] chain 46/50 task 4/5 step 100/360: policy 0.38s, stepping env
    [frozen_flower] chain 46/50 task 4/5 step 125/360: running policy
    [frozen_flower] chain 46/50 task 4/5 step 125/360: policy 0.33s, stepping env
    [frozen_flower] chain 46/50 task 4/5 step 150/360: running policy
    [frozen_flower] chain 46/50 task 4/5 step 150/360: policy 0.24s, stepping env
    [frozen_flower] chain 46/50 task 4/5 step 175/360: running policy
    [frozen_flower] chain 46/50 task 4/5 step 175/360: policy 0.39s, stepping env
    [frozen_flower] chain 46/50 task 4/5 step 200/360: running policy
    [frozen_flower] chain 46/50 task 4/5 step 200/360: policy 0.35s, stepping env
    [frozen_flower] chain 46/50 task 4/5 step 225/360: running policy
    [frozen_flower] chain 46/50 task 4/5 step 225/360: policy 0.22s, stepping env
    [frozen_flower] chain 46/50 task 4/5 step 250/360: running policy
    [frozen_flower] chain 46/50 task 4/5 step 250/360: policy 0.34s, stepping env
    [frozen_flower] chain 46/50 task 4/5 step 275/360: running policy
    [frozen_flower] chain 46/50 task 4/5 step 275/360: policy 0.40s, stepping env
    [frozen_flower] chain 46/50 task 4/5 step 300/360: running policy
    [frozen_flower] chain 46/50 task 4/5 step 300/360: policy 0.26s, stepping env
    [frozen_flower] chain 46/50 task 4/5 step 325/360: running policy
    [frozen_flower] chain 46/50 task 4/5 step 325/360: policy 0.38s, stepping env
    [frozen_flower] chain 46/50 task 4/5 step 350/360: running policy
    [frozen_flower] chain 46/50 task 4/5 step 350/360: policy 0.17s, stepping env
    [frozen_flower] chain 46/50 task 4/5 failed: 360 steps, 147.8s
    [frozen_flower] chain 47/50 start: ['turn_off_lightbulb', 'push_pink_block_left', 'move_slider_left', 'open_drawer', 'lift_pink_block_table']
    [frozen_flower] chain 47/50 instructions: ['use the switch to turn off the light bulb', 'go push the pink block left', 'push the sliding door to the left side', 'pull the handle to open the drawer', 'grasp and lift the pink block']
    [frozen_flower] chain 47/50 task 1/5 start: turn_off_lightbulb | instruction: use the switch to turn off the light bulb
    [frozen_flower] chain 47/50 task 1/5 step 1/360: running policy
    [frozen_flower] chain 47/50 task 1/5 step 1/360: policy 0.55s, stepping env
    [frozen_flower] chain 47/50 task 1/5 step 25/360: running policy
    [frozen_flower] chain 47/50 task 1/5 step 25/360: policy 0.32s, stepping env
    [frozen_flower] chain 47/50 task 1/5 step 50/360: running policy
    [frozen_flower] chain 47/50 task 1/5 step 50/360: policy 0.39s, stepping env
    [frozen_flower] chain 47/50 task 1/5 success at step 54
    [frozen_flower] chain 47/50 task 1/5 success: 54 steps, 20.2s
    [frozen_flower] chain 47/50 task 2/5 start: push_pink_block_left | instruction: go push the pink block left
    [frozen_flower] chain 47/50 task 2/5 step 1/360: running policy
    [frozen_flower] chain 47/50 task 2/5 step 1/360: policy 0.86s, stepping env
    [frozen_flower] chain 47/50 task 2/5 step 25/360: running policy
    [frozen_flower] chain 47/50 task 2/5 step 25/360: policy 0.42s, stepping env
    [frozen_flower] chain 47/50 task 2/5 step 50/360: running policy
    [frozen_flower] chain 47/50 task 2/5 step 50/360: policy 0.44s, stepping env
    [frozen_flower] chain 47/50 task 2/5 success at step 72
    [frozen_flower] chain 47/50 task 2/5 success: 72 steps, 31.9s
    [frozen_flower] chain 47/50 task 3/5 start: move_slider_left | instruction: push the sliding door to the left side
    [frozen_flower] chain 47/50 task 3/5 step 1/360: running policy
    [frozen_flower] chain 47/50 task 3/5 step 1/360: policy 1.18s, stepping env
    [frozen_flower] chain 47/50 task 3/5 step 25/360: running policy
    [frozen_flower] chain 47/50 task 3/5 step 25/360: policy 0.36s, stepping env
    [frozen_flower] chain 47/50 task 3/5 step 50/360: running policy
    [frozen_flower] chain 47/50 task 3/5 step 50/360: policy 0.35s, stepping env
    [frozen_flower] chain 47/50 task 3/5 step 75/360: running policy
    [frozen_flower] chain 47/50 task 3/5 step 75/360: policy 0.18s, stepping env
    [frozen_flower] chain 47/50 task 3/5 success at step 91
    [frozen_flower] chain 47/50 task 3/5 success: 91 steps, 33.9s
    [frozen_flower] chain 47/50 task 4/5 start: open_drawer | instruction: pull the handle to open the drawer
    [frozen_flower] chain 47/50 task 4/5 step 1/360: running policy
    [frozen_flower] chain 47/50 task 4/5 step 1/360: policy 1.00s, stepping env
    [frozen_flower] chain 47/50 task 4/5 step 25/360: running policy
    [frozen_flower] chain 47/50 task 4/5 step 25/360: policy 0.29s, stepping env
    [frozen_flower] chain 47/50 task 4/5 step 50/360: running policy
    [frozen_flower] chain 47/50 task 4/5 step 50/360: policy 0.37s, stepping env
    [frozen_flower] chain 47/50 task 4/5 step 75/360: running policy
    [frozen_flower] chain 47/50 task 4/5 step 75/360: policy 0.32s, stepping env
    [frozen_flower] chain 47/50 task 4/5 success at step 80
    [frozen_flower] chain 47/50 task 4/5 success: 80 steps, 35.2s
    [frozen_flower] chain 47/50 task 5/5 start: lift_pink_block_table | instruction: grasp and lift the pink block
    [frozen_flower] chain 47/50 task 5/5 step 1/360: running policy
    [frozen_flower] chain 47/50 task 5/5 step 1/360: policy 1.02s, stepping env
    [frozen_flower] chain 47/50 task 5/5 step 25/360: running policy
    [frozen_flower] chain 47/50 task 5/5 step 25/360: policy 0.33s, stepping env
    [frozen_flower] chain 47/50 task 5/5 step 50/360: running policy
    [frozen_flower] chain 47/50 task 5/5 step 50/360: policy 0.35s, stepping env
    [frozen_flower] chain 47/50 task 5/5 success at step 64
    [frozen_flower] chain 47/50 task 5/5 success: 64 steps, 28.7s
    [frozen_flower] chain 48/50 start: ['lift_red_block_slider', 'stack_block', 'turn_on_led', 'unstack_block', 'lift_red_block_table']
    [frozen_flower] chain 48/50 instructions: ['lift the red block from the sliding cabinet', 'stack the grasped block', 'press the button to turn on the led light', 'remove the stacked block', 'grasp and lift the red block']
    [frozen_flower] chain 48/50 task 1/5 start: lift_red_block_slider | instruction: lift the red block from the sliding cabinet
    [frozen_flower] chain 48/50 task 1/5 step 1/360: running policy
    [frozen_flower] chain 48/50 task 1/5 step 1/360: policy 0.78s, stepping env
    [frozen_flower] chain 48/50 task 1/5 step 25/360: running policy
    [frozen_flower] chain 48/50 task 1/5 step 25/360: policy 0.28s, stepping env
    [frozen_flower] chain 48/50 task 1/5 step 50/360: running policy
    [frozen_flower] chain 48/50 task 1/5 step 50/360: policy 0.28s, stepping env
    [frozen_flower] chain 48/50 task 1/5 success at step 68
    [frozen_flower] chain 48/50 task 1/5 success: 68 steps, 26.6s
    [frozen_flower] chain 48/50 task 2/5 start: stack_block | instruction: stack the grasped block
    [frozen_flower] chain 48/50 task 2/5 step 1/360: running policy
    [frozen_flower] chain 48/50 task 2/5 step 1/360: policy 0.55s, stepping env
    [frozen_flower] chain 48/50 task 2/5 step 25/360: running policy
    [frozen_flower] chain 48/50 task 2/5 step 25/360: policy 0.23s, stepping env
    [frozen_flower] chain 48/50 task 2/5 step 50/360: running policy
    [frozen_flower] chain 48/50 task 2/5 step 50/360: policy 0.20s, stepping env
    [frozen_flower] chain 48/50 task 2/5 success at step 66
    [frozen_flower] chain 48/50 task 2/5 success: 66 steps, 18.3s
    [frozen_flower] chain 48/50 task 3/5 start: turn_on_led | instruction: press the button to turn on the led light
    [frozen_flower] chain 48/50 task 3/5 step 1/360: running policy
    [frozen_flower] chain 48/50 task 3/5 step 1/360: policy 0.77s, stepping env
    [frozen_flower] chain 48/50 task 3/5 step 25/360: running policy
    [frozen_flower] chain 48/50 task 3/5 step 25/360: policy 0.25s, stepping env
    [frozen_flower] chain 48/50 task 3/5 step 50/360: running policy
    [frozen_flower] chain 48/50 task 3/5 step 50/360: policy 0.28s, stepping env
    [frozen_flower] chain 48/50 task 3/5 success at step 57
    [frozen_flower] chain 48/50 task 3/5 success: 57 steps, 23.2s
    [frozen_flower] chain 48/50 task 4/5 start: unstack_block | instruction: remove the stacked block
    [frozen_flower] chain 48/50 task 4/5 step 1/360: running policy
    [frozen_flower] chain 48/50 task 4/5 step 1/360: policy 1.03s, stepping env
    [frozen_flower] chain 48/50 task 4/5 step 25/360: running policy
    [frozen_flower] chain 48/50 task 4/5 step 25/360: policy 0.24s, stepping env
    [frozen_flower] chain 48/50 task 4/5 step 50/360: running policy
    [frozen_flower] chain 48/50 task 4/5 step 50/360: policy 0.28s, stepping env
    [frozen_flower] chain 48/50 task 4/5 success at step 67
    [frozen_flower] chain 48/50 task 4/5 success: 67 steps, 27.8s
    [frozen_flower] chain 48/50 task 5/5 start: lift_red_block_table | instruction: grasp and lift the red block
    [frozen_flower] chain 48/50 task 5/5 step 1/360: running policy
    [frozen_flower] chain 48/50 task 5/5 step 1/360: policy 0.92s, stepping env
    [frozen_flower] chain 48/50 task 5/5 step 25/360: running policy
    [frozen_flower] chain 48/50 task 5/5 step 25/360: policy 0.23s, stepping env
    [frozen_flower] chain 48/50 task 5/5 step 50/360: running policy
    [frozen_flower] chain 48/50 task 5/5 step 50/360: policy 0.38s, stepping env
    [frozen_flower] chain 48/50 task 5/5 step 75/360: running policy
    [frozen_flower] chain 48/50 task 5/5 step 75/360: policy 0.39s, stepping env
    [frozen_flower] chain 48/50 task 5/5 step 100/360: running policy
    [frozen_flower] chain 48/50 task 5/5 step 100/360: policy 0.28s, stepping env
    [frozen_flower] chain 48/50 task 5/5 step 125/360: running policy
    [frozen_flower] chain 48/50 task 5/5 step 125/360: policy 0.29s, stepping env
    [frozen_flower] chain 48/50 task 5/5 step 150/360: running policy
    [frozen_flower] chain 48/50 task 5/5 step 150/360: policy 0.40s, stepping env
    [frozen_flower] chain 48/50 task 5/5 step 175/360: running policy
    [frozen_flower] chain 48/50 task 5/5 step 175/360: policy 0.20s, stepping env
    [frozen_flower] chain 48/50 task 5/5 step 200/360: running policy
    [frozen_flower] chain 48/50 task 5/5 step 200/360: policy 0.33s, stepping env
    [frozen_flower] chain 48/50 task 5/5 step 225/360: running policy
    [frozen_flower] chain 48/50 task 5/5 step 225/360: policy 0.42s, stepping env
    [frozen_flower] chain 48/50 task 5/5 step 250/360: running policy
    [frozen_flower] chain 48/50 task 5/5 step 250/360: policy 0.34s, stepping env
    [frozen_flower] chain 48/50 task 5/5 step 275/360: running policy
    [frozen_flower] chain 48/50 task 5/5 step 275/360: policy 0.38s, stepping env
    [frozen_flower] chain 48/50 task 5/5 step 300/360: running policy
    [frozen_flower] chain 48/50 task 5/5 step 300/360: policy 0.27s, stepping env
    [frozen_flower] chain 48/50 task 5/5 step 325/360: running policy
    [frozen_flower] chain 48/50 task 5/5 step 325/360: policy 0.25s, stepping env
    [frozen_flower] chain 48/50 task 5/5 step 350/360: running policy
    [frozen_flower] chain 48/50 task 5/5 step 350/360: policy 0.23s, stepping env
    [frozen_flower] chain 48/50 task 5/5 failed: 360 steps, 157.9s
    [frozen_flower] chain 49/50 start: ['rotate_blue_block_left', 'move_slider_left', 'open_drawer', 'lift_red_block_slider', 'place_in_drawer']
    [frozen_flower] chain 49/50 instructions: ['take the blue block and rotate it to the left', 'push the sliding door to the left side', 'pull the handle to open the drawer', 'lift the red block from the sliding cabinet', 'store the grasped block in the drawer']
    [frozen_flower] chain 49/50 task 1/5 start: rotate_blue_block_left | instruction: take the blue block and rotate it to the left
    [frozen_flower] chain 49/50 task 1/5 step 1/360: running policy
    [frozen_flower] chain 49/50 task 1/5 step 1/360: policy 0.55s, stepping env
    [frozen_flower] chain 49/50 task 1/5 step 25/360: running policy
    [frozen_flower] chain 49/50 task 1/5 step 25/360: policy 0.43s, stepping env
    [frozen_flower] chain 49/50 task 1/5 step 50/360: running policy
    [frozen_flower] chain 49/50 task 1/5 step 50/360: policy 0.31s, stepping env
    [frozen_flower] chain 49/50 task 1/5 success at step 68
    [frozen_flower] chain 49/50 task 1/5 success: 68 steps, 27.4s
    [frozen_flower] chain 49/50 task 2/5 start: move_slider_left | instruction: push the sliding door to the left side
    [frozen_flower] chain 49/50 task 2/5 step 1/360: running policy
    [frozen_flower] chain 49/50 task 2/5 step 1/360: policy 0.75s, stepping env
    [frozen_flower] chain 49/50 task 2/5 step 25/360: running policy
    [frozen_flower] chain 49/50 task 2/5 step 25/360: policy 0.30s, stepping env
    [frozen_flower] chain 49/50 task 2/5 step 50/360: running policy
    [frozen_flower] chain 49/50 task 2/5 step 50/360: policy 0.38s, stepping env
    [frozen_flower] chain 49/50 task 2/5 success at step 71
    [frozen_flower] chain 49/50 task 2/5 success: 71 steps, 31.5s
    [frozen_flower] chain 49/50 task 3/5 start: open_drawer | instruction: pull the handle to open the drawer
    [frozen_flower] chain 49/50 task 3/5 step 1/360: running policy
    [frozen_flower] chain 49/50 task 3/5 step 1/360: policy 0.80s, stepping env
    [frozen_flower] chain 49/50 task 3/5 step 25/360: running policy
    [frozen_flower] chain 49/50 task 3/5 step 25/360: policy 0.28s, stepping env
    [frozen_flower] chain 49/50 task 3/5 step 50/360: running policy
    [frozen_flower] chain 49/50 task 3/5 step 50/360: policy 0.26s, stepping env
    [frozen_flower] chain 49/50 task 3/5 step 75/360: running policy
    [frozen_flower] chain 49/50 task 3/5 step 75/360: policy 0.23s, stepping env
    [frozen_flower] chain 49/50 task 3/5 success at step 79
    [frozen_flower] chain 49/50 task 3/5 success: 79 steps, 33.6s
    [frozen_flower] chain 49/50 task 4/5 start: lift_red_block_slider | instruction: lift the red block from the sliding cabinet
    [frozen_flower] chain 49/50 task 4/5 step 1/360: running policy
    [frozen_flower] chain 49/50 task 4/5 step 1/360: policy 0.82s, stepping env
    [frozen_flower] chain 49/50 task 4/5 step 25/360: running policy
    [frozen_flower] chain 49/50 task 4/5 step 25/360: policy 0.48s, stepping env
    [frozen_flower] chain 49/50 task 4/5 step 50/360: running policy
    [frozen_flower] chain 49/50 task 4/5 step 50/360: policy 0.32s, stepping env
    [frozen_flower] chain 49/50 task 4/5 step 75/360: running policy
    [frozen_flower] chain 49/50 task 4/5 step 75/360: policy 0.39s, stepping env
    [frozen_flower] chain 49/50 task 4/5 step 100/360: running policy
    [frozen_flower] chain 49/50 task 4/5 step 100/360: policy 0.36s, stepping env
    [frozen_flower] chain 49/50 task 4/5 step 125/360: running policy
    [frozen_flower] chain 49/50 task 4/5 step 125/360: policy 0.38s, stepping env
    [frozen_flower] chain 49/50 task 4/5 step 150/360: running policy
    [frozen_flower] chain 49/50 task 4/5 step 150/360: policy 0.14s, stepping env
    [frozen_flower] chain 49/50 task 4/5 step 175/360: running policy
    [frozen_flower] chain 49/50 task 4/5 step 175/360: policy 0.41s, stepping env
    [frozen_flower] chain 49/50 task 4/5 step 200/360: running policy
    [frozen_flower] chain 49/50 task 4/5 step 200/360: policy 0.52s, stepping env
    [frozen_flower] chain 49/50 task 4/5 step 225/360: running policy
    [frozen_flower] chain 49/50 task 4/5 step 225/360: policy 0.22s, stepping env
    [frozen_flower] chain 49/50 task 4/5 step 250/360: running policy
    [frozen_flower] chain 49/50 task 4/5 step 250/360: policy 0.25s, stepping env
    [frozen_flower] chain 49/50 task 4/5 success at step 254
    [frozen_flower] chain 49/50 task 4/5 success: 254 steps, 110.7s
    [frozen_flower] chain 49/50 task 5/5 start: place_in_drawer | instruction: store the grasped block in the drawer
    [frozen_flower] chain 49/50 task 5/5 step 1/360: running policy
    [frozen_flower] chain 49/50 task 5/5 step 1/360: policy 0.55s, stepping env
    [frozen_flower] chain 49/50 task 5/5 step 25/360: running policy
    [frozen_flower] chain 49/50 task 5/5 step 25/360: policy 0.39s, stepping env
    [frozen_flower] chain 49/50 task 5/5 success at step 49
    [frozen_flower] chain 49/50 task 5/5 success: 49 steps, 19.8s
    [frozen_flower] chain 50/50 start: ['lift_red_block_table', 'place_in_drawer', 'rotate_blue_block_right', 'lift_pink_block_slider', 'stack_block']
    [frozen_flower] chain 50/50 instructions: ['grasp and lift the red block', 'store the grasped block in the drawer', 'take the blue block and rotate it to the right', 'lift the pink block from the sliding cabinet', 'stack the grasped block']
    [frozen_flower] chain 50/50 task 1/5 start: lift_red_block_table | instruction: grasp and lift the red block
    [frozen_flower] chain 50/50 task 1/5 step 1/360: running policy
    [frozen_flower] chain 50/50 task 1/5 step 1/360: policy 1.03s, stepping env
    [frozen_flower] chain 50/50 task 1/5 step 25/360: running policy
    [frozen_flower] chain 50/50 task 1/5 step 25/360: policy 0.35s, stepping env
    [frozen_flower] chain 50/50 task 1/5 step 50/360: running policy
    [frozen_flower] chain 50/50 task 1/5 step 50/360: policy 0.39s, stepping env
    [frozen_flower] chain 50/50 task 1/5 step 75/360: running policy
    [frozen_flower] chain 50/50 task 1/5 step 75/360: policy 0.29s, stepping env
    [frozen_flower] chain 50/50 task 1/5 step 100/360: running policy
    [frozen_flower] chain 50/50 task 1/5 step 100/360: policy 0.24s, stepping env
    [frozen_flower] chain 50/50 task 1/5 success at step 103
    [frozen_flower] chain 50/50 task 1/5 success: 103 steps, 40.8s
    [frozen_flower] chain 50/50 task 2/5 start: place_in_drawer | instruction: store the grasped block in the drawer
    [frozen_flower] chain 50/50 task 2/5 step 1/360: running policy
    [frozen_flower] chain 50/50 task 2/5 step 1/360: policy 0.66s, stepping env
    [frozen_flower] chain 50/50 task 2/5 step 25/360: running policy
    [frozen_flower] chain 50/50 task 2/5 step 25/360: policy 0.36s, stepping env
    [frozen_flower] chain 50/50 task 2/5 success at step 32
    [frozen_flower] chain 50/50 task 2/5 success: 32 steps, 14.6s
    [frozen_flower] chain 50/50 task 3/5 start: rotate_blue_block_right | instruction: take the blue block and rotate it to the right
    [frozen_flower] chain 50/50 task 3/5 step 1/360: running policy
    [frozen_flower] chain 50/50 task 3/5 step 1/360: policy 1.10s, stepping env
    [frozen_flower] chain 50/50 task 3/5 step 25/360: running policy
    [frozen_flower] chain 50/50 task 3/5 step 25/360: policy 0.39s, stepping env
    [frozen_flower] chain 50/50 task 3/5 step 50/360: running policy
    [frozen_flower] chain 50/50 task 3/5 step 50/360: policy 0.34s, stepping env
    [frozen_flower] chain 50/50 task 3/5 step 75/360: running policy
    [frozen_flower] chain 50/50 task 3/5 step 75/360: policy 0.28s, stepping env
    [frozen_flower] chain 50/50 task 3/5 step 100/360: running policy
    [frozen_flower] chain 50/50 task 3/5 step 100/360: policy 0.20s, stepping env
    [frozen_flower] chain 50/50 task 3/5 success at step 124
    [frozen_flower] chain 50/50 task 3/5 success: 124 steps, 53.3s
    [frozen_flower] chain 50/50 task 4/5 start: lift_pink_block_slider | instruction: lift the pink block from the sliding cabinet
    [frozen_flower] chain 50/50 task 4/5 step 1/360: running policy
    [frozen_flower] chain 50/50 task 4/5 step 1/360: policy 0.78s, stepping env
    [frozen_flower] chain 50/50 task 4/5 step 25/360: running policy
    [frozen_flower] chain 50/50 task 4/5 step 25/360: policy 0.20s, stepping env
    [frozen_flower] chain 50/50 task 4/5 step 50/360: running policy
    [frozen_flower] chain 50/50 task 4/5 step 50/360: policy 0.52s, stepping env
    [frozen_flower] chain 50/50 task 4/5 step 75/360: running policy
    [frozen_flower] chain 50/50 task 4/5 step 75/360: policy 0.23s, stepping env
    [frozen_flower] chain 50/50 task 4/5 success at step 81
    [frozen_flower] chain 50/50 task 4/5 success: 81 steps, 33.5s
    [frozen_flower] chain 50/50 task 5/5 start: stack_block | instruction: stack the grasped block
    [frozen_flower] chain 50/50 task 5/5 step 1/360: running policy
    [frozen_flower] chain 50/50 task 5/5 step 1/360: policy 0.88s, stepping env
    [frozen_flower] chain 50/50 task 5/5 step 25/360: running policy
    [frozen_flower] chain 50/50 task 5/5 step 25/360: policy 0.31s, stepping env
    [frozen_flower] chain 50/50 task 5/5 success at step 39
    [frozen_flower] chain 50/50 task 5/5 success: 39 steps, 15.3s
    [frozen_flower] 50/50 chains, L1 success: 98.0%
  [frozen_flower] L1=98.0%, L3=88.0%, L5=76.0%, latency=435.4ms

Results saved: results/ce_ais_aggressive/baseline_flower/main_experiment.json

======================================================================
Method                     L1       L2       L3       L4       L5  Lat(ms)
----------------------------------------------------------------------
frozen_flower          98.0%   94.0%   88.0%   82.0%   76.0%   435.4
======================================================================
disconnecting id 0 from server
Destroy EGL OpenGL window.
disconnecting id -1 from server
