======================================================================
CE-AIS Paper Main Experiments
Methods: ['frozen_flower']
Chains: 1000 x 1
Device: cuda:7 (requested=cuda:7, visible=None)
EGL: enabled (EGL_VISIBLE_DEVICES=7)
======================================================================

[1] Initializing CALVIN environment...
/data0/yejinxuan/ce-ais/.venv/lib/python3.12/site-packages/hydra/_internal/defaults_list.py:251: UserWarning: In 'config_data_collection': Defaults list is missing `_self_`. See https://hydra.cc/docs/1.2/upgrades/1.0_to_1.1/default_composition_order for more information
  warnings.warn(msg, UserWarning)
/data0/yejinxuan/ce-ais/.venv/lib/python3.12/site-packages/hydra/core/default_element.py:124: UserWarning: In 'vr_input/vr_controller/vive': Usage of deprecated keyword in package header '# @package _group_'.
See https://hydra.cc/docs/1.2/upgrades/1.0_to_1.1/changes_to_package_header for more information
  deprecation_warning(
Gym has been unmaintained since 2022 and does not support NumPy 2.0 amongst other critical functionality.
Please upgrade to Gymnasium, the maintained drop-in replacement of Gym, or contact the authors of your software and request that they upgrade.
Users of this version of Gym should be able to simply replace 'import gym' with 'import gymnasium as gym' in the vast majority of cases.
See the migration guide at https://gymnasium.farama.org/introduction/migration_guide/ for additional information.
pybullet build time: Oct 21 2025 10:07:17
/data0/yejinxuan/workspace/calvin/calvin_env/calvin_env/envs/play_table_env.py:289: UserWarning: 
The version_base parameter is not specified.
Please specify a compatability version level, or None.
Will assume defaults for version 1.1
  @hydra.main(config_path="../../conf", config_name="config_data_collection")
argv[0]=--width=200
argv[1]=--height=200
EGL device choice: 7 of 17 (from EGL_VISIBLE_DEVICES)
Loaded EGL 1.5 after reload.
GL_VENDOR=NVIDIA Corporation
GL_RENDERER=NVIDIA A100-SXM4-80GB/PCIe/SSE2
GL_VERSION=3.3.0 NVIDIA 595.71.05
GL_SHADING_LANGUAGE_VERSION=3.30 NVIDIA via Cg compiler
Version = 3.3.0 NVIDIA 595.71.05
Vendor = NVIDIA Corporation
Renderer = NVIDIA A100-SXM4-80GB/PCIe/SSE2
  Available tasks: 34
/data0/yejinxuan/ce-ais/.venv/lib/python3.12/site-packages/lightning_lite/__init__.py:29: UserWarning: pkg_resources is deprecated as an API. See https://setuptools.pypa.io/en/latest/pkg_resources.html. The pkg_resources package is slated for removal as early as 2025-11-30. Refrain from using this package or pin to Setuptools<81.
  __import__("pkg_resources").declare_namespace(__name__)
  Sequence source: flower_official

[Eval] Running: frozen_flower
Loading Florence-2 from /data0/yejinxuan/hf_cache/hub/Florence-2-large
Loading pretrained weights from /data0/yejinxuan/ce-ais/data/flower_calvin_abc/model.safetensors...
Loaded safetensors file
Pretrained weights loaded with the following issues:
  ⚠️ Missing keys (not found in checkpoint, using default init): 2
    ['vlm.language_model.final_logits_bias', 'vlm.language_model.model.shared.weight'] ...
  ⚠️ Unexpected keys (ignored): 2
    ['vlm.language_final_logits_bias', 'vlm.language_shared.weight'] ...
    [frozen_flower] chain 1/1000 start: ['rotate_blue_block_right']
    [frozen_flower] chain 1/1000 instructions: ['take the blue block and rotate it to the right']
ven = NVIDIA Corporation
ven = NVIDIA Corporation
    [frozen_flower] chain 1/1000 task 1/1 start: rotate_blue_block_right | instruction: take the blue block and rotate it to the right
    [frozen_flower] chain 1/1000 task 1/1 step 1/360: running policy
    [frozen_flower] chain 1/1000 task 1/1 step 1/360: policy 0.43s, stepping env
    [frozen_flower] chain 1/1000 task 1/1 step 25/360: running policy
    [frozen_flower] chain 1/1000 task 1/1 step 25/360: policy 0.00s, stepping env
    [frozen_flower] chain 1/1000 task 1/1 step 50/360: running policy
    [frozen_flower] chain 1/1000 task 1/1 step 50/360: policy 0.00s, stepping env
    [frozen_flower] chain 1/1000 task 1/1 step 75/360: running policy
    [frozen_flower] chain 1/1000 task 1/1 step 75/360: policy 0.00s, stepping env
    [frozen_flower] chain 1/1000 task 1/1 success at step 84
    [frozen_flower] chain 1/1000 task 1/1 success: 84 steps, 2.2s
    [frozen_flower] chain 2/1000 start: ['turn_off_led']
    [frozen_flower] chain 2/1000 instructions: ['press the button to turn off the led light']
    [frozen_flower] chain 2/1000 task 1/1 start: turn_off_led | instruction: press the button to turn off the led light
    [frozen_flower] chain 2/1000 task 1/1 step 1/360: running policy
    [frozen_flower] chain 2/1000 task 1/1 step 1/360: policy 0.15s, stepping env
    [frozen_flower] chain 2/1000 task 1/1 step 25/360: running policy
    [frozen_flower] chain 2/1000 task 1/1 step 25/360: policy 0.00s, stepping env
    [frozen_flower] chain 2/1000 task 1/1 success at step 37
    [frozen_flower] chain 2/1000 task 1/1 success: 37 steps, 0.8s
    [frozen_flower] chain 3/1000 start: ['lift_pink_block_slider']
    [frozen_flower] chain 3/1000 instructions: ['lift the pink block from the sliding cabinet']
    [frozen_flower] chain 3/1000 task 1/1 start: lift_pink_block_slider | instruction: lift the pink block from the sliding cabinet
    [frozen_flower] chain 3/1000 task 1/1 step 1/360: running policy
    [frozen_flower] chain 3/1000 task 1/1 step 1/360: policy 0.15s, stepping env
    [frozen_flower] chain 3/1000 task 1/1 step 25/360: running policy
    [frozen_flower] chain 3/1000 task 1/1 step 25/360: policy 0.00s, stepping env
    [frozen_flower] chain 3/1000 task 1/1 step 50/360: running policy
    [frozen_flower] chain 3/1000 task 1/1 step 50/360: policy 0.00s, stepping env
    [frozen_flower] chain 3/1000 task 1/1 success at step 63
    [frozen_flower] chain 3/1000 task 1/1 success: 63 steps, 1.5s
    [frozen_flower] chain 4/1000 start: ['rotate_blue_block_right']
    [frozen_flower] chain 4/1000 instructions: ['take the blue block and rotate it to the right']
    [frozen_flower] chain 4/1000 task 1/1 start: rotate_blue_block_right | instruction: take the blue block and rotate it to the right
    [frozen_flower] chain 4/1000 task 1/1 step 1/360: running policy
    [frozen_flower] chain 4/1000 task 1/1 step 1/360: policy 0.15s, stepping env
    [frozen_flower] chain 4/1000 task 1/1 step 25/360: running policy
    [frozen_flower] chain 4/1000 task 1/1 step 25/360: policy 0.00s, stepping env
    [frozen_flower] chain 4/1000 task 1/1 step 50/360: running policy
    [frozen_flower] chain 4/1000 task 1/1 step 50/360: policy 0.00s, stepping env
    [frozen_flower] chain 4/1000 task 1/1 step 75/360: running policy
    [frozen_flower] chain 4/1000 task 1/1 step 75/360: policy 0.00s, stepping env
    [frozen_flower] chain 4/1000 task 1/1 success at step 86
    [frozen_flower] chain 4/1000 task 1/1 success: 86 steps, 2.0s
    [frozen_flower] chain 5/1000 start: ['open_drawer']
    [frozen_flower] chain 5/1000 instructions: ['pull the handle to open the drawer']
    [frozen_flower] chain 5/1000 task 1/1 start: open_drawer | instruction: pull the handle to open the drawer
    [frozen_flower] chain 5/1000 task 1/1 step 1/360: running policy
    [frozen_flower] chain 5/1000 task 1/1 step 1/360: policy 0.15s, stepping env
    [frozen_flower] chain 5/1000 task 1/1 step 25/360: running policy
    [frozen_flower] chain 5/1000 task 1/1 step 25/360: policy 0.00s, stepping env
    [frozen_flower] chain 5/1000 task 1/1 step 50/360: running policy
    [frozen_flower] chain 5/1000 task 1/1 step 50/360: policy 0.00s, stepping env
    [frozen_flower] chain 5/1000 task 1/1 success at step 53
    [frozen_flower] chain 5/1000 task 1/1 success: 53 steps, 1.2s
    [frozen_flower] chain 6/1000 start: ['push_blue_block_left']
    [frozen_flower] chain 6/1000 instructions: ['go push the blue block left']
    [frozen_flower] chain 6/1000 task 1/1 start: push_blue_block_left | instruction: go push the blue block left
    [frozen_flower] chain 6/1000 task 1/1 step 1/360: running policy
    [frozen_flower] chain 6/1000 task 1/1 step 1/360: policy 0.15s, stepping env
    [frozen_flower] chain 6/1000 task 1/1 step 25/360: running policy
    [frozen_flower] chain 6/1000 task 1/1 step 25/360: policy 0.00s, stepping env
    [frozen_flower] chain 6/1000 task 1/1 step 50/360: running policy
    [frozen_flower] chain 6/1000 task 1/1 step 50/360: policy 0.00s, stepping env
    [frozen_flower] chain 6/1000 task 1/1 success at step 64
    [frozen_flower] chain 6/1000 task 1/1 success: 64 steps, 1.5s
    [frozen_flower] chain 7/1000 start: ['open_drawer']
    [frozen_flower] chain 7/1000 instructions: ['pull the handle to open the drawer']
    [frozen_flower] chain 7/1000 task 1/1 start: open_drawer | instruction: pull the handle to open the drawer
    [frozen_flower] chain 7/1000 task 1/1 step 1/360: running policy
    [frozen_flower] chain 7/1000 task 1/1 step 1/360: policy 0.15s, stepping env
    [frozen_flower] chain 7/1000 task 1/1 step 25/360: running policy
    [frozen_flower] chain 7/1000 task 1/1 step 25/360: policy 0.00s, stepping env
    [frozen_flower] chain 7/1000 task 1/1 step 50/360: running policy
    [frozen_flower] chain 7/1000 task 1/1 step 50/360: policy 0.00s, stepping env
    [frozen_flower] chain 7/1000 task 1/1 success at step 53
    [frozen_flower] chain 7/1000 task 1/1 success: 53 steps, 1.2s
    [frozen_flower] chain 8/1000 start: ['push_pink_block_right']
    [frozen_flower] chain 8/1000 instructions: ['go push the pink block right']
    [frozen_flower] chain 8/1000 task 1/1 start: push_pink_block_right | instruction: go push the pink block right
    [frozen_flower] chain 8/1000 task 1/1 step 1/360: running policy
    [frozen_flower] chain 8/1000 task 1/1 step 1/360: policy 0.15s, stepping env
    [frozen_flower] chain 8/1000 task 1/1 step 25/360: running policy
    [frozen_flower] chain 8/1000 task 1/1 step 25/360: policy 0.00s, stepping env
    [frozen_flower] chain 8/1000 task 1/1 step 50/360: running policy
    [frozen_flower] chain 8/1000 task 1/1 step 50/360: policy 0.00s, stepping env
    [frozen_flower] chain 8/1000 task 1/1 step 75/360: running policy
    [frozen_flower] chain 8/1000 task 1/1 step 75/360: policy 0.00s, stepping env
    [frozen_flower] chain 8/1000 task 1/1 step 100/360: running policy
    [frozen_flower] chain 8/1000 task 1/1 step 100/360: policy 0.00s, stepping env
    [frozen_flower] chain 8/1000 task 1/1 step 125/360: running policy
    [frozen_flower] chain 8/1000 task 1/1 step 125/360: policy 0.00s, stepping env
    [frozen_flower] chain 8/1000 task 1/1 step 150/360: running policy
    [frozen_flower] chain 8/1000 task 1/1 step 150/360: policy 0.00s, stepping env
    [frozen_flower] chain 8/1000 task 1/1 success at step 162
    [frozen_flower] chain 8/1000 task 1/1 success: 162 steps, 3.6s
    [frozen_flower] chain 9/1000 start: ['open_drawer']
    [frozen_flower] chain 9/1000 instructions: ['pull the handle to open the drawer']
    [frozen_flower] chain 9/1000 task 1/1 start: open_drawer | instruction: pull the handle to open the drawer
    [frozen_flower] chain 9/1000 task 1/1 step 1/360: running policy
    [frozen_flower] chain 9/1000 task 1/1 step 1/360: policy 0.15s, stepping env
    [frozen_flower] chain 9/1000 task 1/1 step 25/360: running policy
    [frozen_flower] chain 9/1000 task 1/1 step 25/360: policy 0.00s, stepping env
    [frozen_flower] chain 9/1000 task 1/1 step 50/360: running policy
    [frozen_flower] chain 9/1000 task 1/1 step 50/360: policy 0.00s, stepping env
    [frozen_flower] chain 9/1000 task 1/1 success at step 57
    [frozen_flower] chain 9/1000 task 1/1 success: 57 steps, 1.3s
    [frozen_flower] chain 10/1000 start: ['push_red_block_left']
    [frozen_flower] chain 10/1000 instructions: ['go push the red block left']
    [frozen_flower] chain 10/1000 task 1/1 start: push_red_block_left | instruction: go push the red block left
    [frozen_flower] chain 10/1000 task 1/1 step 1/360: running policy
    [frozen_flower] chain 10/1000 task 1/1 step 1/360: policy 0.15s, stepping env
    [frozen_flower] chain 10/1000 task 1/1 step 25/360: running policy
    [frozen_flower] chain 10/1000 task 1/1 step 25/360: policy 0.00s, stepping env
    [frozen_flower] chain 10/1000 task 1/1 step 50/360: running policy
    [frozen_flower] chain 10/1000 task 1/1 step 50/360: policy 0.00s, stepping env
    [frozen_flower] chain 10/1000 task 1/1 step 75/360: running policy
    [frozen_flower] chain 10/1000 task 1/1 step 75/360: policy 0.00s, stepping env
    [frozen_flower] chain 10/1000 task 1/1 step 100/360: running policy
    [frozen_flower] chain 10/1000 task 1/1 step 100/360: policy 0.00s, stepping env
    [frozen_flower] chain 10/1000 task 1/1 step 125/360: running policy
    [frozen_flower] chain 10/1000 task 1/1 step 125/360: policy 0.00s, stepping env
    [frozen_flower] chain 10/1000 task 1/1 step 150/360: running policy
    [frozen_flower] chain 10/1000 task 1/1 step 150/360: policy 0.00s, stepping env
    [frozen_flower] chain 10/1000 task 1/1 step 175/360: running policy
    [frozen_flower] chain 10/1000 task 1/1 step 175/360: policy 0.00s, stepping env
    [frozen_flower] chain 10/1000 task 1/1 step 200/360: running policy
    [frozen_flower] chain 10/1000 task 1/1 step 200/360: policy 0.00s, stepping env
    [frozen_flower] chain 10/1000 task 1/1 step 225/360: running policy
    [frozen_flower] chain 10/1000 task 1/1 step 225/360: policy 0.00s, stepping env
    [frozen_flower] chain 10/1000 task 1/1 step 250/360: running policy
    [frozen_flower] chain 10/1000 task 1/1 step 250/360: policy 0.00s, stepping env
    [frozen_flower] chain 10/1000 task 1/1 step 275/360: running policy
    [frozen_flower] chain 10/1000 task 1/1 step 275/360: policy 0.00s, stepping env
    [frozen_flower] chain 10/1000 task 1/1 step 300/360: running policy
    [frozen_flower] chain 10/1000 task 1/1 step 300/360: policy 0.00s, stepping env
    [frozen_flower] chain 10/1000 task 1/1 step 325/360: running policy
    [frozen_flower] chain 10/1000 task 1/1 step 325/360: policy 0.00s, stepping env
    [frozen_flower] chain 10/1000 task 1/1 step 350/360: running policy
    [frozen_flower] chain 10/1000 task 1/1 step 350/360: policy 0.00s, stepping env
    [frozen_flower] chain 10/1000 task 1/1 failed: 360 steps, 7.9s
    [frozen_flower] 10/1000 chains, L1 success: 90.0%
    [frozen_flower] chain 11/1000 start: ['rotate_blue_block_left']
    [frozen_flower] chain 11/1000 instructions: ['take the blue block and rotate it to the left']
    [frozen_flower] chain 11/1000 task 1/1 start: rotate_blue_block_left | instruction: take the blue block and rotate it to the left
    [frozen_flower] chain 11/1000 task 1/1 step 1/360: running policy
    [frozen_flower] chain 11/1000 task 1/1 step 1/360: policy 0.15s, stepping env
    [frozen_flower] chain 11/1000 task 1/1 step 25/360: running policy
    [frozen_flower] chain 11/1000 task 1/1 step 25/360: policy 0.00s, stepping env
    [frozen_flower] chain 11/1000 task 1/1 step 50/360: running policy
    [frozen_flower] chain 11/1000 task 1/1 step 50/360: policy 0.00s, stepping env
    [frozen_flower] chain 11/1000 task 1/1 step 75/360: running policy
    [frozen_flower] chain 11/1000 task 1/1 step 75/360: policy 0.00s, stepping env
    [frozen_flower] chain 11/1000 task 1/1 success at step 80
    [frozen_flower] chain 11/1000 task 1/1 success: 80 steps, 1.7s
    [frozen_flower] chain 12/1000 start: ['lift_pink_block_slider']
    [frozen_flower] chain 12/1000 instructions: ['lift the pink block from the sliding cabinet']
    [frozen_flower] chain 12/1000 task 1/1 start: lift_pink_block_slider | instruction: lift the pink block from the sliding cabinet
    [frozen_flower] chain 12/1000 task 1/1 step 1/360: running policy
    [frozen_flower] chain 12/1000 task 1/1 step 1/360: policy 0.15s, stepping env
    [frozen_flower] chain 12/1000 task 1/1 step 25/360: running policy
    [frozen_flower] chain 12/1000 task 1/1 step 25/360: policy 0.00s, stepping env
    [frozen_flower] chain 12/1000 task 1/1 step 50/360: running policy
    [frozen_flower] chain 12/1000 task 1/1 step 50/360: policy 0.00s, stepping env
    [frozen_flower] chain 12/1000 task 1/1 success at step 61
    [frozen_flower] chain 12/1000 task 1/1 success: 61 steps, 1.4s
    [frozen_flower] chain 13/1000 start: ['move_slider_left']
    [frozen_flower] chain 13/1000 instructions: ['push the sliding door to the left side']
    [frozen_flower] chain 13/1000 task 1/1 start: move_slider_left | instruction: push the sliding door to the left side
    [frozen_flower] chain 13/1000 task 1/1 step 1/360: running policy
    [frozen_flower] chain 13/1000 task 1/1 step 1/360: policy 0.15s, stepping env
    [frozen_flower] chain 13/1000 task 1/1 step 25/360: running policy
    [frozen_flower] chain 13/1000 task 1/1 step 25/360: policy 0.00s, stepping env
    [frozen_flower] chain 13/1000 task 1/1 step 50/360: running policy
    [frozen_flower] chain 13/1000 task 1/1 step 50/360: policy 0.00s, stepping env
    [frozen_flower] chain 13/1000 task 1/1 step 75/360: running policy
    [frozen_flower] chain 13/1000 task 1/1 step 75/360: policy 0.00s, stepping env
    [frozen_flower] chain 13/1000 task 1/1 success at step 93
    [frozen_flower] chain 13/1000 task 1/1 success: 93 steps, 2.1s
    [frozen_flower] chain 14/1000 start: ['turn_on_led']
    [frozen_flower] chain 14/1000 instructions: ['press the button to turn on the led light']
    [frozen_flower] chain 14/1000 task 1/1 start: turn_on_led | instruction: press the button to turn on the led light
    [frozen_flower] chain 14/1000 task 1/1 step 1/360: running policy
    [frozen_flower] chain 14/1000 task 1/1 step 1/360: policy 0.15s, stepping env
    [frozen_flower] chain 14/1000 task 1/1 step 25/360: running policy
    [frozen_flower] chain 14/1000 task 1/1 step 25/360: policy 0.00s, stepping env
    [frozen_flower] chain 14/1000 task 1/1 success at step 30
    [frozen_flower] chain 14/1000 task 1/1 success: 30 steps, 0.6s
    [frozen_flower] chain 15/1000 start: ['lift_red_block_slider']
    [frozen_flower] chain 15/1000 instructions: ['lift the red block from the sliding cabinet']
    [frozen_flower] chain 15/1000 task 1/1 start: lift_red_block_slider | instruction: lift the red block from the sliding cabinet
    [frozen_flower] chain 15/1000 task 1/1 step 1/360: running policy
    [frozen_flower] chain 15/1000 task 1/1 step 1/360: policy 0.15s, stepping env
    [frozen_flower] chain 15/1000 task 1/1 step 25/360: running policy
    [frozen_flower] chain 15/1000 task 1/1 step 25/360: policy 0.00s, stepping env
    [frozen_flower] chain 15/1000 task 1/1 step 50/360: running policy
    [frozen_flower] chain 15/1000 task 1/1 step 50/360: policy 0.00s, stepping env
    [frozen_flower] chain 15/1000 task 1/1 success at step 70
    [frozen_flower] chain 15/1000 task 1/1 success: 70 steps, 1.5s
    [frozen_flower] chain 16/1000 start: ['move_slider_left']
    [frozen_flower] chain 16/1000 instructions: ['push the sliding door to the left side']
    [frozen_flower] chain 16/1000 task 1/1 start: move_slider_left | instruction: push the sliding door to the left side
    [frozen_flower] chain 16/1000 task 1/1 step 1/360: running policy
    [frozen_flower] chain 16/1000 task 1/1 step 1/360: policy 0.15s, stepping env
    [frozen_flower] chain 16/1000 task 1/1 step 25/360: running policy
    [frozen_flower] chain 16/1000 task 1/1 step 25/360: policy 0.00s, stepping env
    [frozen_flower] chain 16/1000 task 1/1 step 50/360: running policy
    [frozen_flower] chain 16/1000 task 1/1 step 50/360: policy 0.00s, stepping env
    [frozen_flower] chain 16/1000 task 1/1 success at step 51
    [frozen_flower] chain 16/1000 task 1/1 success: 51 steps, 1.2s
    [frozen_flower] chain 17/1000 start: ['push_red_block_left']
    [frozen_flower] chain 17/1000 instructions: ['go push the red block left']
    [frozen_flower] chain 17/1000 task 1/1 start: push_red_block_left | instruction: go push the red block left
    [frozen_flower] chain 17/1000 task 1/1 step 1/360: running policy
    [frozen_flower] chain 17/1000 task 1/1 step 1/360: policy 0.15s, stepping env
    [frozen_flower] chain 17/1000 task 1/1 step 25/360: running policy
    [frozen_flower] chain 17/1000 task 1/1 step 25/360: policy 0.00s, stepping env
    [frozen_flower] chain 17/1000 task 1/1 step 50/360: running policy
    [frozen_flower] chain 17/1000 task 1/1 step 50/360: policy 0.00s, stepping env
    [frozen_flower] chain 17/1000 task 1/1 success at step 65
    [frozen_flower] chain 17/1000 task 1/1 success: 65 steps, 1.5s
    [frozen_flower] chain 18/1000 start: ['push_red_block_left']
    [frozen_flower] chain 18/1000 instructions: ['go push the red block left']
    [frozen_flower] chain 18/1000 task 1/1 start: push_red_block_left | instruction: go push the red block left
    [frozen_flower] chain 18/1000 task 1/1 step 1/360: running policy
    [frozen_flower] chain 18/1000 task 1/1 step 1/360: policy 0.15s, stepping env
    [frozen_flower] chain 18/1000 task 1/1 step 25/360: running policy
    [frozen_flower] chain 18/1000 task 1/1 step 25/360: policy 0.00s, stepping env
    [frozen_flower] chain 18/1000 task 1/1 step 50/360: running policy
    [frozen_flower] chain 18/1000 task 1/1 step 50/360: policy 0.00s, stepping env
    [frozen_flower] chain 18/1000 task 1/1 success at step 64
    [frozen_flower] chain 18/1000 task 1/1 success: 64 steps, 1.5s
    [frozen_flower] chain 19/1000 start: ['turn_on_lightbulb']
    [frozen_flower] chain 19/1000 instructions: ['use the switch to turn on the light bulb']
    [frozen_flower] chain 19/1000 task 1/1 start: turn_on_lightbulb | instruction: use the switch to turn on the light bulb
    [frozen_flower] chain 19/1000 task 1/1 step 1/360: running policy
    [frozen_flower] chain 19/1000 task 1/1 step 1/360: policy 0.15s, stepping env
    [frozen_flower] chain 19/1000 task 1/1 step 25/360: running policy
    [frozen_flower] chain 19/1000 task 1/1 step 25/360: policy 0.00s, stepping env
    [frozen_flower] chain 19/1000 task 1/1 step 50/360: running policy
    [frozen_flower] chain 19/1000 task 1/1 step 50/360: policy 0.00s, stepping env
    [frozen_flower] chain 19/1000 task 1/1 success at step 53
    [frozen_flower] chain 19/1000 task 1/1 success: 53 steps, 1.2s
    [frozen_flower] chain 20/1000 start: ['move_slider_left']
    [frozen_flower] chain 20/1000 instructions: ['push the sliding door to the left side']
    [frozen_flower] chain 20/1000 task 1/1 start: move_slider_left | instruction: push the sliding door to the left side
    [frozen_flower] chain 20/1000 task 1/1 step 1/360: running policy
    [frozen_flower] chain 20/1000 task 1/1 step 1/360: policy 0.15s, stepping env
    [frozen_flower] chain 20/1000 task 1/1 step 25/360: running policy
    [frozen_flower] chain 20/1000 task 1/1 step 25/360: policy 0.00s, stepping env
    [frozen_flower] chain 20/1000 task 1/1 success at step 43
    [frozen_flower] chain 20/1000 task 1/1 success: 43 steps, 1.1s
    [frozen_flower] 20/1000 chains, L1 success: 95.0%
    [frozen_flower] chain 21/1000 start: ['open_drawer']
    [frozen_flower] chain 21/1000 instructions: ['pull the handle to open the drawer']
    [frozen_flower] chain 21/1000 task 1/1 start: open_drawer | instruction: pull the handle to open the drawer
    [frozen_flower] chain 21/1000 task 1/1 step 1/360: running policy
    [frozen_flower] chain 21/1000 task 1/1 step 1/360: policy 0.15s, stepping env
    [frozen_flower] chain 21/1000 task 1/1 step 25/360: running policy
    [frozen_flower] chain 21/1000 task 1/1 step 25/360: policy 0.00s, stepping env
    [frozen_flower] chain 21/1000 task 1/1 step 50/360: running policy
    [frozen_flower] chain 21/1000 task 1/1 step 50/360: policy 0.00s, stepping env
    [frozen_flower] chain 21/1000 task 1/1 success at step 55
    [frozen_flower] chain 21/1000 task 1/1 success: 55 steps, 1.2s
    [frozen_flower] chain 22/1000 start: ['move_slider_right']
    [frozen_flower] chain 22/1000 instructions: ['push the sliding door to the right side']
    [frozen_flower] chain 22/1000 task 1/1 start: move_slider_right | instruction: push the sliding door to the right side
    [frozen_flower] chain 22/1000 task 1/1 step 1/360: running policy
    [frozen_flower] chain 22/1000 task 1/1 step 1/360: policy 0.15s, stepping env
    [frozen_flower] chain 22/1000 task 1/1 step 25/360: running policy
    [frozen_flower] chain 22/1000 task 1/1 step 25/360: policy 0.00s, stepping env
    [frozen_flower] chain 22/1000 task 1/1 step 50/360: running policy
    [frozen_flower] chain 22/1000 task 1/1 step 50/360: policy 0.00s, stepping env
    [frozen_flower] chain 22/1000 task 1/1 success at step 68
    [frozen_flower] chain 22/1000 task 1/1 success: 68 steps, 1.5s
    [frozen_flower] chain 23/1000 start: ['rotate_pink_block_right']
    [frozen_flower] chain 23/1000 instructions: ['take the pink block and rotate it to the right']
    [frozen_flower] chain 23/1000 task 1/1 start: rotate_pink_block_right | instruction: take the pink block and rotate it to the right
    [frozen_flower] chain 23/1000 task 1/1 step 1/360: running policy
    [frozen_flower] chain 23/1000 task 1/1 step 1/360: policy 0.15s, stepping env
    [frozen_flower] chain 23/1000 task 1/1 step 25/360: running policy
    [frozen_flower] chain 23/1000 task 1/1 step 25/360: policy 0.00s, stepping env
    [frozen_flower] chain 23/1000 task 1/1 step 50/360: running policy
    [frozen_flower] chain 23/1000 task 1/1 step 50/360: policy 0.00s, stepping env
    [frozen_flower] chain 23/1000 task 1/1 step 75/360: running policy
    [frozen_flower] chain 23/1000 task 1/1 step 75/360: policy 0.00s, stepping env
    [frozen_flower] chain 23/1000 task 1/1 success at step 85
    [frozen_flower] chain 23/1000 task 1/1 success: 85 steps, 1.9s
    [frozen_flower] chain 24/1000 start: ['turn_on_led']
    [frozen_flower] chain 24/1000 instructions: ['press the button to turn on the led light']
    [frozen_flower] chain 24/1000 task 1/1 start: turn_on_led | instruction: press the button to turn on the led light
    [frozen_flower] chain 24/1000 task 1/1 step 1/360: running policy
    [frozen_flower] chain 24/1000 task 1/1 step 1/360: policy 0.15s, stepping env
    [frozen_flower] chain 24/1000 task 1/1 step 25/360: running policy
    [frozen_flower] chain 24/1000 task 1/1 step 25/360: policy 0.00s, stepping env
    [frozen_flower] chain 24/1000 task 1/1 success at step 29
    [frozen_flower] chain 24/1000 task 1/1 success: 29 steps, 0.6s
    [frozen_flower] chain 25/1000 start: ['rotate_blue_block_right']
    [frozen_flower] chain 25/1000 instructions: ['take the blue block and rotate it to the right']
    [frozen_flower] chain 25/1000 task 1/1 start: rotate_blue_block_right | instruction: take the blue block and rotate it to the right
    [frozen_flower] chain 25/1000 task 1/1 step 1/360: running policy
    [frozen_flower] chain 25/1000 task 1/1 step 1/360: policy 0.15s, stepping env
    [frozen_flower] chain 25/1000 task 1/1 step 25/360: running policy
    [frozen_flower] chain 25/1000 task 1/1 step 25/360: policy 0.00s, stepping env
    [frozen_flower] chain 25/1000 task 1/1 step 50/360: running policy
    [frozen_flower] chain 25/1000 task 1/1 step 50/360: policy 0.00s, stepping env
    [frozen_flower] chain 25/1000 task 1/1 success at step 63
    [frozen_flower] chain 25/1000 task 1/1 success: 63 steps, 1.5s
    [frozen_flower] chain 26/1000 start: ['lift_blue_block_slider']
    [frozen_flower] chain 26/1000 instructions: ['lift the blue block from the sliding cabinet']
    [frozen_flower] chain 26/1000 task 1/1 start: lift_blue_block_slider | instruction: lift the blue block from the sliding cabinet
    [frozen_flower] chain 26/1000 task 1/1 step 1/360: running policy
    [frozen_flower] chain 26/1000 task 1/1 step 1/360: policy 0.15s, stepping env
    [frozen_flower] chain 26/1000 task 1/1 step 25/360: running policy
    [frozen_flower] chain 26/1000 task 1/1 step 25/360: policy 0.00s, stepping env
    [frozen_flower] chain 26/1000 task 1/1 step 50/360: running policy
    [frozen_flower] chain 26/1000 task 1/1 step 50/360: policy 0.00s, stepping env
    [frozen_flower] chain 26/1000 task 1/1 success at step 71
    [frozen_flower] chain 26/1000 task 1/1 success: 71 steps, 1.6s
    [frozen_flower] chain 27/1000 start: ['push_blue_block_right']
    [frozen_flower] chain 27/1000 instructions: ['go push the blue block right']
    [frozen_flower] chain 27/1000 task 1/1 start: push_blue_block_right | instruction: go push the blue block right
    [frozen_flower] chain 27/1000 task 1/1 step 1/360: running policy
    [frozen_flower] chain 27/1000 task 1/1 step 1/360: policy 0.15s, stepping env
    [frozen_flower] chain 27/1000 task 1/1 step 25/360: running policy
    [frozen_flower] chain 27/1000 task 1/1 step 25/360: policy 0.00s, stepping env
    [frozen_flower] chain 27/1000 task 1/1 step 50/360: running policy
    [frozen_flower] chain 27/1000 task 1/1 step 50/360: policy 0.00s, stepping env
    [frozen_flower] chain 27/1000 task 1/1 step 75/360: running policy
    [frozen_flower] chain 27/1000 task 1/1 step 75/360: policy 0.00s, stepping env
    [frozen_flower] chain 27/1000 task 1/1 step 100/360: running policy
    [frozen_flower] chain 27/1000 task 1/1 step 100/360: policy 0.00s, stepping env
    [frozen_flower] chain 27/1000 task 1/1 step 125/360: running policy
    [frozen_flower] chain 27/1000 task 1/1 step 125/360: policy 0.00s, stepping env
    [frozen_flower] chain 27/1000 task 1/1 step 150/360: running policy
    [frozen_flower] chain 27/1000 task 1/1 step 150/360: policy 0.00s, stepping env
    [frozen_flower] chain 27/1000 task 1/1 success at step 169
    [frozen_flower] chain 27/1000 task 1/1 success: 169 steps, 3.6s
    [frozen_flower] chain 28/1000 start: ['push_red_block_right']
    [frozen_flower] chain 28/1000 instructions: ['go push the red block right']
    [frozen_flower] chain 28/1000 task 1/1 start: push_red_block_right | instruction: go push the red block right
    [frozen_flower] chain 28/1000 task 1/1 step 1/360: running policy
    [frozen_flower] chain 28/1000 task 1/1 step 1/360: policy 0.15s, stepping env
    [frozen_flower] chain 28/1000 task 1/1 step 25/360: running policy
    [frozen_flower] chain 28/1000 task 1/1 step 25/360: policy 0.00s, stepping env
    [frozen_flower] chain 28/1000 task 1/1 step 50/360: running policy
    [frozen_flower] chain 28/1000 task 1/1 step 50/360: policy 0.00s, stepping env
    [frozen_flower] chain 28/1000 task 1/1 success at step 51
    [frozen_flower] chain 28/1000 task 1/1 success: 51 steps, 1.2s
    [frozen_flower] chain 29/1000 start: ['turn_off_lightbulb']
    [frozen_flower] chain 29/1000 instructions: ['use the switch to turn off the light bulb']
    [frozen_flower] chain 29/1000 task 1/1 start: turn_off_lightbulb | instruction: use the switch to turn off the light bulb
    [frozen_flower] chain 29/1000 task 1/1 step 1/360: running policy
    [frozen_flower] chain 29/1000 task 1/1 step 1/360: policy 0.15s, stepping env
    [frozen_flower] chain 29/1000 task 1/1 step 25/360: running policy
    [frozen_flower] chain 29/1000 task 1/1 step 25/360: policy 0.00s, stepping env
    [frozen_flower] chain 29/1000 task 1/1 step 50/360: running policy
    [frozen_flower] chain 29/1000 task 1/1 step 50/360: policy 0.00s, stepping env
    [frozen_flower] chain 29/1000 task 1/1 success at step 51
    [frozen_flower] chain 29/1000 task 1/1 success: 51 steps, 1.3s
    [frozen_flower] chain 30/1000 start: ['lift_red_block_table']
    [frozen_flower] chain 30/1000 instructions: ['grasp and lift the red block']
    [frozen_flower] chain 30/1000 task 1/1 start: lift_red_block_table | instruction: grasp and lift the red block
    [frozen_flower] chain 30/1000 task 1/1 step 1/360: running policy
    [frozen_flower] chain 30/1000 task 1/1 step 1/360: policy 0.15s, stepping env
    [frozen_flower] chain 30/1000 task 1/1 step 25/360: running policy
    [frozen_flower] chain 30/1000 task 1/1 step 25/360: policy 0.00s, stepping env
    [frozen_flower] chain 30/1000 task 1/1 step 50/360: running policy
    [frozen_flower] chain 30/1000 task 1/1 step 50/360: policy 0.00s, stepping env
    [frozen_flower] chain 30/1000 task 1/1 step 75/360: running policy
    [frozen_flower] chain 30/1000 task 1/1 step 75/360: policy 0.00s, stepping env
    [frozen_flower] chain 30/1000 task 1/1 step 100/360: running policy
    [frozen_flower] chain 30/1000 task 1/1 step 100/360: policy 0.00s, stepping env
    [frozen_flower] chain 30/1000 task 1/1 step 125/360: running policy
    [frozen_flower] chain 30/1000 task 1/1 step 125/360: policy 0.00s, stepping env
    [frozen_flower] chain 30/1000 task 1/1 step 150/360: running policy
    [frozen_flower] chain 30/1000 task 1/1 step 150/360: policy 0.00s, stepping env
    [frozen_flower] chain 30/1000 task 1/1 step 175/360: running policy
    [frozen_flower] chain 30/1000 task 1/1 step 175/360: policy 0.00s, stepping env
    [frozen_flower] chain 30/1000 task 1/1 success at step 189
    [frozen_flower] chain 30/1000 task 1/1 success: 189 steps, 4.3s
    [frozen_flower] 30/1000 chains, L1 success: 96.7%
    [frozen_flower] chain 31/1000 start: ['lift_blue_block_table']
    [frozen_flower] chain 31/1000 instructions: ['grasp and lift the blue block']
    [frozen_flower] chain 31/1000 task 1/1 start: lift_blue_block_table | instruction: grasp and lift the blue block
    [frozen_flower] chain 31/1000 task 1/1 step 1/360: running policy
    [frozen_flower] chain 31/1000 task 1/1 step 1/360: policy 0.15s, stepping env
    [frozen_flower] chain 31/1000 task 1/1 step 25/360: running policy
    [frozen_flower] chain 31/1000 task 1/1 step 25/360: policy 0.00s, stepping env
    [frozen_flower] chain 31/1000 task 1/1 success at step 39
    [frozen_flower] chain 31/1000 task 1/1 success: 39 steps, 1.0s
    [frozen_flower] chain 32/1000 start: ['lift_pink_block_table']
    [frozen_flower] chain 32/1000 instructions: ['grasp and lift the pink block']
    [frozen_flower] chain 32/1000 task 1/1 start: lift_pink_block_table | instruction: grasp and lift the pink block
    [frozen_flower] chain 32/1000 task 1/1 step 1/360: running policy
    [frozen_flower] chain 32/1000 task 1/1 step 1/360: policy 0.15s, stepping env
    [frozen_flower] chain 32/1000 task 1/1 step 25/360: running policy
    [frozen_flower] chain 32/1000 task 1/1 step 25/360: policy 0.00s, stepping env
    [frozen_flower] chain 32/1000 task 1/1 step 50/360: running policy
    [frozen_flower] chain 32/1000 task 1/1 step 50/360: policy 0.00s, stepping env
    [frozen_flower] chain 32/1000 task 1/1 success at step 52
    [frozen_flower] chain 32/1000 task 1/1 success: 52 steps, 1.3s
    [frozen_flower] chain 33/1000 start: ['rotate_pink_block_left']
    [frozen_flower] chain 33/1000 instructions: ['take the pink block and rotate it to the left']
    [frozen_flower] chain 33/1000 task 1/1 start: rotate_pink_block_left | instruction: take the pink block and rotate it to the left
    [frozen_flower] chain 33/1000 task 1/1 step 1/360: running policy
    [frozen_flower] chain 33/1000 task 1/1 step 1/360: policy 0.15s, stepping env
    [frozen_flower] chain 33/1000 task 1/1 step 25/360: running policy
    [frozen_flower] chain 33/1000 task 1/1 step 25/360: policy 0.00s, stepping env
    [frozen_flower] chain 33/1000 task 1/1 step 50/360: running policy
    [frozen_flower] chain 33/1000 task 1/1 step 50/360: policy 0.00s, stepping env
    [frozen_flower] chain 33/1000 task 1/1 success at step 68
    [frozen_flower] chain 33/1000 task 1/1 success: 68 steps, 1.6s
    [frozen_flower] chain 34/1000 start: ['turn_off_led']
    [frozen_flower] chain 34/1000 instructions: ['press the button to turn off the led light']
    [frozen_flower] chain 34/1000 task 1/1 start: turn_off_led | instruction: press the button to turn off the led light
    [frozen_flower] chain 34/1000 task 1/1 step 1/360: running policy
    [frozen_flower] chain 34/1000 task 1/1 step 1/360: policy 0.20s, stepping env
    [frozen_flower] chain 34/1000 task 1/1 step 25/360: running policy
    [frozen_flower] chain 34/1000 task 1/1 step 25/360: policy 0.00s, stepping env
    [frozen_flower] chain 34/1000 task 1/1 success at step 35
    [frozen_flower] chain 34/1000 task 1/1 success: 35 steps, 1.1s
    [frozen_flower] chain 35/1000 start: ['move_slider_right']
    [frozen_flower] chain 35/1000 instructions: ['push the sliding door to the right side']
    [frozen_flower] chain 35/1000 task 1/1 start: move_slider_right | instruction: push the sliding door to the right side
    [frozen_flower] chain 35/1000 task 1/1 step 1/360: running policy
    [frozen_flower] chain 35/1000 task 1/1 step 1/360: policy 0.15s, stepping env
    [frozen_flower] chain 35/1000 task 1/1 step 25/360: running policy
    [frozen_flower] chain 35/1000 task 1/1 step 25/360: policy 0.00s, stepping env
    [frozen_flower] chain 35/1000 task 1/1 step 50/360: running policy
    [frozen_flower] chain 35/1000 task 1/1 step 50/360: policy 0.00s, stepping env
    [frozen_flower] chain 35/1000 task 1/1 success at step 65
    [frozen_flower] chain 35/1000 task 1/1 success: 65 steps, 1.5s
    [frozen_flower] chain 36/1000 start: ['lift_red_block_slider']
    [frozen_flower] chain 36/1000 instructions: ['lift the red block from the sliding cabinet']
    [frozen_flower] chain 36/1000 task 1/1 start: lift_red_block_slider | instruction: lift the red block from the sliding cabinet
    [frozen_flower] chain 36/1000 task 1/1 step 1/360: running policy
    [frozen_flower] chain 36/1000 task 1/1 step 1/360: policy 0.15s, stepping env
    [frozen_flower] chain 36/1000 task 1/1 step 25/360: running policy
    [frozen_flower] chain 36/1000 task 1/1 step 25/360: policy 0.00s, stepping env
    [frozen_flower] chain 36/1000 task 1/1 success at step 45
    [frozen_flower] chain 36/1000 task 1/1 success: 45 steps, 1.1s
    [frozen_flower] chain 37/1000 start: ['move_slider_right']
    [frozen_flower] chain 37/1000 instructions: ['push the sliding door to the right side']
    [frozen_flower] chain 37/1000 task 1/1 start: move_slider_right | instruction: push the sliding door to the right side
    [frozen_flower] chain 37/1000 task 1/1 step 1/360: running policy
    [frozen_flower] chain 37/1000 task 1/1 step 1/360: policy 0.15s, stepping env
    [frozen_flower] chain 37/1000 task 1/1 step 25/360: running policy
    [frozen_flower] chain 37/1000 task 1/1 step 25/360: policy 0.00s, stepping env
    [frozen_flower] chain 37/1000 task 1/1 step 50/360: running policy
    [frozen_flower] chain 37/1000 task 1/1 step 50/360: policy 0.00s, stepping env
    [frozen_flower] chain 37/1000 task 1/1 success at step 61
    [frozen_flower] chain 37/1000 task 1/1 success: 61 steps, 1.5s
    [frozen_flower] chain 38/1000 start: ['turn_off_lightbulb']
    [frozen_flower] chain 38/1000 instructions: ['use the switch to turn off the light bulb']
    [frozen_flower] chain 38/1000 task 1/1 start: turn_off_lightbulb | instruction: use the switch to turn off the light bulb
    [frozen_flower] chain 38/1000 task 1/1 step 1/360: running policy
    [frozen_flower] chain 38/1000 task 1/1 step 1/360: policy 0.15s, stepping env
    [frozen_flower] chain 38/1000 task 1/1 step 25/360: running policy
    [frozen_flower] chain 38/1000 task 1/1 step 25/360: policy 0.00s, stepping env
    [frozen_flower] chain 38/1000 task 1/1 step 50/360: running policy
    [frozen_flower] chain 38/1000 task 1/1 step 50/360: policy 0.00s, stepping env
    [frozen_flower] chain 38/1000 task 1/1 success at step 57
    [frozen_flower] chain 38/1000 task 1/1 success: 57 steps, 1.3s
    [frozen_flower] chain 39/1000 start: ['open_drawer']
    [frozen_flower] chain 39/1000 instructions: ['pull the handle to open the drawer']
    [frozen_flower] chain 39/1000 task 1/1 start: open_drawer | instruction: pull the handle to open the drawer
    [frozen_flower] chain 39/1000 task 1/1 step 1/360: running policy
    [frozen_flower] chain 39/1000 task 1/1 step 1/360: policy 0.15s, stepping env
    [frozen_flower] chain 39/1000 task 1/1 step 25/360: running policy
    [frozen_flower] chain 39/1000 task 1/1 step 25/360: policy 0.00s, stepping env
    [frozen_flower] chain 39/1000 task 1/1 step 50/360: running policy
    [frozen_flower] chain 39/1000 task 1/1 step 50/360: policy 0.00s, stepping env
    [frozen_flower] chain 39/1000 task 1/1 success at step 61
    [frozen_flower] chain 39/1000 task 1/1 success: 61 steps, 1.5s
    [frozen_flower] chain 40/1000 start: ['turn_on_led']
    [frozen_flower] chain 40/1000 instructions: ['press the button to turn on the led light']
    [frozen_flower] chain 40/1000 task 1/1 start: turn_on_led | instruction: press the button to turn on the led light
    [frozen_flower] chain 40/1000 task 1/1 step 1/360: running policy
    [frozen_flower] chain 40/1000 task 1/1 step 1/360: policy 0.15s, stepping env
    [frozen_flower] chain 40/1000 task 1/1 step 25/360: running policy
    [frozen_flower] chain 40/1000 task 1/1 step 25/360: policy 0.00s, stepping env
    [frozen_flower] chain 40/1000 task 1/1 success at step 28
    [frozen_flower] chain 40/1000 task 1/1 success: 28 steps, 0.7s
    [frozen_flower] 40/1000 chains, L1 success: 97.5%
    [frozen_flower] chain 41/1000 start: ['move_slider_right']
    [frozen_flower] chain 41/1000 instructions: ['push the sliding door to the right side']
    [frozen_flower] chain 41/1000 task 1/1 start: move_slider_right | instruction: push the sliding door to the right side
    [frozen_flower] chain 41/1000 task 1/1 step 1/360: running policy
    [frozen_flower] chain 41/1000 task 1/1 step 1/360: policy 0.15s, stepping env
    [frozen_flower] chain 41/1000 task 1/1 step 25/360: running policy
    [frozen_flower] chain 41/1000 task 1/1 step 25/360: policy 0.00s, stepping env
    [frozen_flower] chain 41/1000 task 1/1 step 50/360: running policy
    [frozen_flower] chain 41/1000 task 1/1 step 50/360: policy 0.00s, stepping env
    [frozen_flower] chain 41/1000 task 1/1 success at step 66
    [frozen_flower] chain 41/1000 task 1/1 success: 66 steps, 1.6s
    [frozen_flower] chain 42/1000 start: ['move_slider_right']
    [frozen_flower] chain 42/1000 instructions: ['push the sliding door to the right side']
    [frozen_flower] chain 42/1000 task 1/1 start: move_slider_right | instruction: push the sliding door to the right side
    [frozen_flower] chain 42/1000 task 1/1 step 1/360: running policy
    [frozen_flower] chain 42/1000 task 1/1 step 1/360: policy 0.15s, stepping env
    [frozen_flower] chain 42/1000 task 1/1 step 25/360: running policy
    [frozen_flower] chain 42/1000 task 1/1 step 25/360: policy 0.00s, stepping env
    [frozen_flower] chain 42/1000 task 1/1 step 50/360: running policy
    [frozen_flower] chain 42/1000 task 1/1 step 50/360: policy 0.00s, stepping env
    [frozen_flower] chain 42/1000 task 1/1 success at step 59
    [frozen_flower] chain 42/1000 task 1/1 success: 59 steps, 1.4s
    [frozen_flower] chain 43/1000 start: ['move_slider_left']
    [frozen_flower] chain 43/1000 instructions: ['push the sliding door to the left side']
    [frozen_flower] chain 43/1000 task 1/1 start: move_slider_left | instruction: push the sliding door to the left side
    [frozen_flower] chain 43/1000 task 1/1 step 1/360: running policy
    [frozen_flower] chain 43/1000 task 1/1 step 1/360: policy 0.15s, stepping env
    [frozen_flower] chain 43/1000 task 1/1 step 25/360: running policy
    [frozen_flower] chain 43/1000 task 1/1 step 25/360: policy 0.00s, stepping env
    [frozen_flower] chain 43/1000 task 1/1 success at step 47
    [frozen_flower] chain 43/1000 task 1/1 success: 47 steps, 1.1s
    [frozen_flower] chain 44/1000 start: ['rotate_pink_block_right']
    [frozen_flower] chain 44/1000 instructions: ['take the pink block and rotate it to the right']
    [frozen_flower] chain 44/1000 task 1/1 start: rotate_pink_block_right | instruction: take the pink block and rotate it to the right
    [frozen_flower] chain 44/1000 task 1/1 step 1/360: running policy
    [frozen_flower] chain 44/1000 task 1/1 step 1/360: policy 0.15s, stepping env
    [frozen_flower] chain 44/1000 task 1/1 step 25/360: running policy
    [frozen_flower] chain 44/1000 task 1/1 step 25/360: policy 0.00s, stepping env
    [frozen_flower] chain 44/1000 task 1/1 step 50/360: running policy
    [frozen_flower] chain 44/1000 task 1/1 step 50/360: policy 0.00s, stepping env
    [frozen_flower] chain 44/1000 task 1/1 step 75/360: running policy
    [frozen_flower] chain 44/1000 task 1/1 step 75/360: policy 0.00s, stepping env
    [frozen_flower] chain 44/1000 task 1/1 success at step 88
    [frozen_flower] chain 44/1000 task 1/1 success: 88 steps, 2.1s
    [frozen_flower] chain 45/1000 start: ['lift_blue_block_table']
    [frozen_flower] chain 45/1000 instructions: ['grasp and lift the blue block']
    [frozen_flower] chain 45/1000 task 1/1 start: lift_blue_block_table | instruction: grasp and lift the blue block
    [frozen_flower] chain 45/1000 task 1/1 step 1/360: running policy
    [frozen_flower] chain 45/1000 task 1/1 step 1/360: policy 0.15s, stepping env
    [frozen_flower] chain 45/1000 task 1/1 step 25/360: running policy
    [frozen_flower] chain 45/1000 task 1/1 step 25/360: policy 0.00s, stepping env
    [frozen_flower] chain 45/1000 task 1/1 step 50/360: running policy
    [frozen_flower] chain 45/1000 task 1/1 step 50/360: policy 0.00s, stepping env
    [frozen_flower] chain 45/1000 task 1/1 step 75/360: running policy
    [frozen_flower] chain 45/1000 task 1/1 step 75/360: policy 0.00s, stepping env
    [frozen_flower] chain 45/1000 task 1/1 success at step 91
    [frozen_flower] chain 45/1000 task 1/1 success: 91 steps, 2.2s
    [frozen_flower] chain 46/1000 start: ['rotate_pink_block_right']
    [frozen_flower] chain 46/1000 instructions: ['take the pink block and rotate it to the right']
    [frozen_flower] chain 46/1000 task 1/1 start: rotate_pink_block_right | instruction: take the pink block and rotate it to the right
    [frozen_flower] chain 46/1000 task 1/1 step 1/360: running policy
    [frozen_flower] chain 46/1000 task 1/1 step 1/360: policy 0.15s, stepping env
    [frozen_flower] chain 46/1000 task 1/1 step 25/360: running policy
    [frozen_flower] chain 46/1000 task 1/1 step 25/360: policy 0.00s, stepping env
    [frozen_flower] chain 46/1000 task 1/1 step 50/360: running policy
    [frozen_flower] chain 46/1000 task 1/1 step 50/360: policy 0.00s, stepping env
    [frozen_flower] chain 46/1000 task 1/1 success at step 66
    [frozen_flower] chain 46/1000 task 1/1 success: 66 steps, 1.6s
    [frozen_flower] chain 47/1000 start: ['turn_off_lightbulb']
    [frozen_flower] chain 47/1000 instructions: ['use the switch to turn off the light bulb']
    [frozen_flower] chain 47/1000 task 1/1 start: turn_off_lightbulb | instruction: use the switch to turn off the light bulb
    [frozen_flower] chain 47/1000 task 1/1 step 1/360: running policy
    [frozen_flower] chain 47/1000 task 1/1 step 1/360: policy 0.15s, stepping env
    [frozen_flower] chain 47/1000 task 1/1 step 25/360: running policy
    [frozen_flower] chain 47/1000 task 1/1 step 25/360: policy 0.00s, stepping env
    [frozen_flower] chain 47/1000 task 1/1 step 50/360: running policy
    [frozen_flower] chain 47/1000 task 1/1 step 50/360: policy 0.00s, stepping env
    [frozen_flower] chain 47/1000 task 1/1 success at step 55
    [frozen_flower] chain 47/1000 task 1/1 success: 55 steps, 1.3s
    [frozen_flower] chain 48/1000 start: ['lift_red_block_slider']
    [frozen_flower] chain 48/1000 instructions: ['lift the red block from the sliding cabinet']
    [frozen_flower] chain 48/1000 task 1/1 start: lift_red_block_slider | instruction: lift the red block from the sliding cabinet
    [frozen_flower] chain 48/1000 task 1/1 step 1/360: running policy
    [frozen_flower] chain 48/1000 task 1/1 step 1/360: policy 0.15s, stepping env
    [frozen_flower] chain 48/1000 task 1/1 step 25/360: running policy
    [frozen_flower] chain 48/1000 task 1/1 step 25/360: policy 0.00s, stepping env
    [frozen_flower] chain 48/1000 task 1/1 step 50/360: running policy
    [frozen_flower] chain 48/1000 task 1/1 step 50/360: policy 0.00s, stepping env
    [frozen_flower] chain 48/1000 task 1/1 success at step 65
    [frozen_flower] chain 48/1000 task 1/1 success: 65 steps, 1.6s
    [frozen_flower] chain 49/1000 start: ['rotate_blue_block_left']
    [frozen_flower] chain 49/1000 instructions: ['take the blue block and rotate it to the left']
    [frozen_flower] chain 49/1000 task 1/1 start: rotate_blue_block_left | instruction: take the blue block and rotate it to the left
    [frozen_flower] chain 49/1000 task 1/1 step 1/360: running policy
    [frozen_flower] chain 49/1000 task 1/1 step 1/360: policy 0.15s, stepping env
    [frozen_flower] chain 49/1000 task 1/1 step 25/360: running policy
    [frozen_flower] chain 49/1000 task 1/1 step 25/360: policy 0.00s, stepping env
    [frozen_flower] chain 49/1000 task 1/1 step 50/360: running policy
    [frozen_flower] chain 49/1000 task 1/1 step 50/360: policy 0.00s, stepping env
    [frozen_flower] chain 49/1000 task 1/1 success at step 66
    [frozen_flower] chain 49/1000 task 1/1 success: 66 steps, 1.6s
    [frozen_flower] chain 50/1000 start: ['lift_red_block_table']
    [frozen_flower] chain 50/1000 instructions: ['grasp and lift the red block']
    [frozen_flower] chain 50/1000 task 1/1 start: lift_red_block_table | instruction: grasp and lift the red block
    [frozen_flower] chain 50/1000 task 1/1 step 1/360: running policy
    [frozen_flower] chain 50/1000 task 1/1 step 1/360: policy 0.15s, stepping env
    [frozen_flower] chain 50/1000 task 1/1 step 25/360: running policy
    [frozen_flower] chain 50/1000 task 1/1 step 25/360: policy 0.00s, stepping env
    [frozen_flower] chain 50/1000 task 1/1 step 50/360: running policy
    [frozen_flower] chain 50/1000 task 1/1 step 50/360: policy 0.00s, stepping env
    [frozen_flower] chain 50/1000 task 1/1 step 75/360: running policy
    [frozen_flower] chain 50/1000 task 1/1 step 75/360: policy 0.00s, stepping env
    [frozen_flower] chain 50/1000 task 1/1 step 100/360: running policy
    [frozen_flower] chain 50/1000 task 1/1 step 100/360: policy 0.00s, stepping env
    [frozen_flower] chain 50/1000 task 1/1 step 125/360: running policy
    [frozen_flower] chain 50/1000 task 1/1 step 125/360: policy 0.00s, stepping env
    [frozen_flower] chain 50/1000 task 1/1 success at step 146
    [frozen_flower] chain 50/1000 task 1/1 success: 146 steps, 3.4s
    [frozen_flower] 50/1000 chains, L1 success: 98.0%
    [frozen_flower] chain 51/1000 start: ['open_drawer']
    [frozen_flower] chain 51/1000 instructions: ['pull the handle to open the drawer']
    [frozen_flower] chain 51/1000 task 1/1 start: open_drawer | instruction: pull the handle to open the drawer
    [frozen_flower] chain 51/1000 task 1/1 step 1/360: running policy
    [frozen_flower] chain 51/1000 task 1/1 step 1/360: policy 0.15s, stepping env
    [frozen_flower] chain 51/1000 task 1/1 step 25/360: running policy
    [frozen_flower] chain 51/1000 task 1/1 step 25/360: policy 0.00s, stepping env
    [frozen_flower] chain 51/1000 task 1/1 step 50/360: running policy
    [frozen_flower] chain 51/1000 task 1/1 step 50/360: policy 0.00s, stepping env
    [frozen_flower] chain 51/1000 task 1/1 success at step 57
    [frozen_flower] chain 51/1000 task 1/1 success: 57 steps, 1.3s
    [frozen_flower] chain 52/1000 start: ['rotate_red_block_right']
    [frozen_flower] chain 52/1000 instructions: ['take the red block and rotate it to the right']
    [frozen_flower] chain 52/1000 task 1/1 start: rotate_red_block_right | instruction: take the red block and rotate it to the right
    [frozen_flower] chain 52/1000 task 1/1 step 1/360: running policy
    [frozen_flower] chain 52/1000 task 1/1 step 1/360: policy 0.15s, stepping env
    [frozen_flower] chain 52/1000 task 1/1 step 25/360: running policy
    [frozen_flower] chain 52/1000 task 1/1 step 25/360: policy 0.00s, stepping env
    [frozen_flower] chain 52/1000 task 1/1 step 50/360: running policy
    [frozen_flower] chain 52/1000 task 1/1 step 50/360: policy 0.00s, stepping env
    [frozen_flower] chain 52/1000 task 1/1 step 75/360: running policy
    [frozen_flower] chain 52/1000 task 1/1 step 75/360: policy 0.00s, stepping env
    [frozen_flower] chain 52/1000 task 1/1 success at step 77
    [frozen_flower] chain 52/1000 task 1/1 success: 77 steps, 1.8s
    [frozen_flower] chain 53/1000 start: ['turn_on_led']
    [frozen_flower] chain 53/1000 instructions: ['press the button to turn on the led light']
    [frozen_flower] chain 53/1000 task 1/1 start: turn_on_led | instruction: press the button to turn on the led light
    [frozen_flower] chain 53/1000 task 1/1 step 1/360: running policy
    [frozen_flower] chain 53/1000 task 1/1 step 1/360: policy 0.15s, stepping env
    [frozen_flower] chain 53/1000 task 1/1 step 25/360: running policy
    [frozen_flower] chain 53/1000 task 1/1 step 25/360: policy 0.00s, stepping env
    [frozen_flower] chain 53/1000 task 1/1 success at step 31
    [frozen_flower] chain 53/1000 task 1/1 success: 31 steps, 0.8s
    [frozen_flower] chain 54/1000 start: ['turn_on_led']
    [frozen_flower] chain 54/1000 instructions: ['press the button to turn on the led light']
    [frozen_flower] chain 54/1000 task 1/1 start: turn_on_led | instruction: press the button to turn on the led light
    [frozen_flower] chain 54/1000 task 1/1 step 1/360: running policy
    [frozen_flower] chain 54/1000 task 1/1 step 1/360: policy 0.15s, stepping env
    [frozen_flower] chain 54/1000 task 1/1 step 25/360: running policy
    [frozen_flower] chain 54/1000 task 1/1 step 25/360: policy 0.00s, stepping env
    [frozen_flower] chain 54/1000 task 1/1 success at step 39
    [frozen_flower] chain 54/1000 task 1/1 success: 39 steps, 0.9s
    [frozen_flower] chain 55/1000 start: ['turn_off_led']
    [frozen_flower] chain 55/1000 instructions: ['press the button to turn off the led light']
    [frozen_flower] chain 55/1000 task 1/1 start: turn_off_led | instruction: press the button to turn off the led light
    [frozen_flower] chain 55/1000 task 1/1 step 1/360: running policy
    [frozen_flower] chain 55/1000 task 1/1 step 1/360: policy 0.15s, stepping env
    [frozen_flower] chain 55/1000 task 1/1 step 25/360: running policy
    [frozen_flower] chain 55/1000 task 1/1 step 25/360: policy 0.00s, stepping env
    [frozen_flower] chain 55/1000 task 1/1 success at step 37
    [frozen_flower] chain 55/1000 task 1/1 success: 37 steps, 0.9s
    [frozen_flower] chain 56/1000 start: ['close_drawer']
    [frozen_flower] chain 56/1000 instructions: ['push the handle to close the drawer']
    [frozen_flower] chain 56/1000 task 1/1 start: close_drawer | instruction: push the handle to close the drawer
    [frozen_flower] chain 56/1000 task 1/1 step 1/360: running policy
    [frozen_flower] chain 56/1000 task 1/1 step 1/360: policy 0.15s, stepping env
    [frozen_flower] chain 56/1000 task 1/1 step 25/360: running policy
    [frozen_flower] chain 56/1000 task 1/1 step 25/360: policy 0.00s, stepping env
    [frozen_flower] chain 56/1000 task 1/1 step 50/360: running policy
    [frozen_flower] chain 56/1000 task 1/1 step 50/360: policy 0.00s, stepping env
    [frozen_flower] chain 56/1000 task 1/1 success at step 59
    [frozen_flower] chain 56/1000 task 1/1 success: 59 steps, 1.3s
    [frozen_flower] chain 57/1000 start: ['move_slider_right']
    [frozen_flower] chain 57/1000 instructions: ['push the sliding door to the right side']
    [frozen_flower] chain 57/1000 task 1/1 start: move_slider_right | instruction: push the sliding door to the right side
    [frozen_flower] chain 57/1000 task 1/1 step 1/360: running policy
    [frozen_flower] chain 57/1000 task 1/1 step 1/360: policy 0.15s, stepping env
    [frozen_flower] chain 57/1000 task 1/1 step 25/360: running policy
    [frozen_flower] chain 57/1000 task 1/1 step 25/360: policy 0.00s, stepping env
    [frozen_flower] chain 57/1000 task 1/1 step 50/360: running policy
    [frozen_flower] chain 57/1000 task 1/1 step 50/360: policy 0.00s, stepping env
    [frozen_flower] chain 57/1000 task 1/1 success at step 59
    [frozen_flower] chain 57/1000 task 1/1 success: 59 steps, 1.4s
    [frozen_flower] chain 58/1000 start: ['push_blue_block_left']
    [frozen_flower] chain 58/1000 instructions: ['go push the blue block left']
    [frozen_flower] chain 58/1000 task 1/1 start: push_blue_block_left | instruction: go push the blue block left
    [frozen_flower] chain 58/1000 task 1/1 step 1/360: running policy
    [frozen_flower] chain 58/1000 task 1/1 step 1/360: policy 0.15s, stepping env
    [frozen_flower] chain 58/1000 task 1/1 step 25/360: running policy
    [frozen_flower] chain 58/1000 task 1/1 step 25/360: policy 0.00s, stepping env
    [frozen_flower] chain 58/1000 task 1/1 step 50/360: running policy
    [frozen_flower] chain 58/1000 task 1/1 step 50/360: policy 0.00s, stepping env
    [frozen_flower] chain 58/1000 task 1/1 success at step 61
    [frozen_flower] chain 58/1000 task 1/1 success: 61 steps, 1.5s
    [frozen_flower] chain 59/1000 start: ['move_slider_right']
    [frozen_flower] chain 59/1000 instructions: ['push the sliding door to the right side']
    [frozen_flower] chain 59/1000 task 1/1 start: move_slider_right | instruction: push the sliding door to the right side
    [frozen_flower] chain 59/1000 task 1/1 step 1/360: running policy
    [frozen_flower] chain 59/1000 task 1/1 step 1/360: policy 0.15s, stepping env
    [frozen_flower] chain 59/1000 task 1/1 step 25/360: running policy
    [frozen_flower] chain 59/1000 task 1/1 step 25/360: policy 0.00s, stepping env
    [frozen_flower] chain 59/1000 task 1/1 step 50/360: running policy
    [frozen_flower] chain 59/1000 task 1/1 step 50/360: policy 0.00s, stepping env
    [frozen_flower] chain 59/1000 task 1/1 success at step 63
    [frozen_flower] chain 59/1000 task 1/1 success: 63 steps, 1.6s
    [frozen_flower] chain 60/1000 start: ['turn_off_lightbulb']
    [frozen_flower] chain 60/1000 instructions: ['use the switch to turn off the light bulb']
    [frozen_flower] chain 60/1000 task 1/1 start: turn_off_lightbulb | instruction: use the switch to turn off the light bulb
    [frozen_flower] chain 60/1000 task 1/1 step 1/360: running policy
    [frozen_flower] chain 60/1000 task 1/1 step 1/360: policy 0.15s, stepping env
    [frozen_flower] chain 60/1000 task 1/1 step 25/360: running policy
    [frozen_flower] chain 60/1000 task 1/1 step 25/360: policy 0.00s, stepping env
    [frozen_flower] chain 60/1000 task 1/1 step 50/360: running policy
    [frozen_flower] chain 60/1000 task 1/1 step 50/360: policy 0.00s, stepping env
    [frozen_flower] chain 60/1000 task 1/1 success at step 56
    [frozen_flower] chain 60/1000 task 1/1 success: 56 steps, 1.3s
    [frozen_flower] 60/1000 chains, L1 success: 98.3%
    [frozen_flower] chain 61/1000 start: ['turn_on_lightbulb']
    [frozen_flower] chain 61/1000 instructions: ['use the switch to turn on the light bulb']
    [frozen_flower] chain 61/1000 task 1/1 start: turn_on_lightbulb | instruction: use the switch to turn on the light bulb
    [frozen_flower] chain 61/1000 task 1/1 step 1/360: running policy
    [frozen_flower] chain 61/1000 task 1/1 step 1/360: policy 0.15s, stepping env
    [frozen_flower] chain 61/1000 task 1/1 step 25/360: running policy
    [frozen_flower] chain 61/1000 task 1/1 step 25/360: policy 0.00s, stepping env
    [frozen_flower] chain 61/1000 task 1/1 success at step 48
    [frozen_flower] chain 61/1000 task 1/1 success: 48 steps, 1.1s
    [frozen_flower] chain 62/1000 start: ['push_blue_block_right']
    [frozen_flower] chain 62/1000 instructions: ['go push the blue block right']
    [frozen_flower] chain 62/1000 task 1/1 start: push_blue_block_right | instruction: go push the blue block right
    [frozen_flower] chain 62/1000 task 1/1 step 1/360: running policy
    [frozen_flower] chain 62/1000 task 1/1 step 1/360: policy 0.15s, stepping env
    [frozen_flower] chain 62/1000 task 1/1 step 25/360: running policy
    [frozen_flower] chain 62/1000 task 1/1 step 25/360: policy 0.00s, stepping env
    [frozen_flower] chain 62/1000 task 1/1 step 50/360: running policy
    [frozen_flower] chain 62/1000 task 1/1 step 50/360: policy 0.00s, stepping env
    [frozen_flower] chain 62/1000 task 1/1 step 75/360: running policy
    [frozen_flower] chain 62/1000 task 1/1 step 75/360: policy 0.00s, stepping env
    [frozen_flower] chain 62/1000 task 1/1 step 100/360: running policy
    [frozen_flower] chain 62/1000 task 1/1 step 100/360: policy 0.00s, stepping env
    [frozen_flower] chain 62/1000 task 1/1 step 125/360: running policy
    [frozen_flower] chain 62/1000 task 1/1 step 125/360: policy 0.00s, stepping env
    [frozen_flower] chain 62/1000 task 1/1 step 150/360: running policy
    [frozen_flower] chain 62/1000 task 1/1 step 150/360: policy 0.00s, stepping env
    [frozen_flower] chain 62/1000 task 1/1 step 175/360: running policy
    [frozen_flower] chain 62/1000 task 1/1 step 175/360: policy 0.00s, stepping env
    [frozen_flower] chain 62/1000 task 1/1 step 200/360: running policy
    [frozen_flower] chain 62/1000 task 1/1 step 200/360: policy 0.00s, stepping env
    [frozen_flower] chain 62/1000 task 1/1 step 225/360: running policy
    [frozen_flower] chain 62/1000 task 1/1 step 225/360: policy 0.00s, stepping env
    [frozen_flower] chain 62/1000 task 1/1 step 250/360: running policy
    [frozen_flower] chain 62/1000 task 1/1 step 250/360: policy 0.00s, stepping env
    [frozen_flower] chain 62/1000 task 1/1 step 275/360: running policy
    [frozen_flower] chain 62/1000 task 1/1 step 275/360: policy 0.00s, stepping env
    [frozen_flower] chain 62/1000 task 1/1 step 300/360: running policy
    [frozen_flower] chain 62/1000 task 1/1 step 300/360: policy 0.00s, stepping env
    [frozen_flower] chain 62/1000 task 1/1 step 325/360: running policy
    [frozen_flower] chain 62/1000 task 1/1 step 325/360: policy 0.00s, stepping env
    [frozen_flower] chain 62/1000 task 1/1 step 350/360: running policy
    [frozen_flower] chain 62/1000 task 1/1 step 350/360: policy 0.00s, stepping env
    [frozen_flower] chain 62/1000 task 1/1 failed: 360 steps, 8.4s
    [frozen_flower] chain 63/1000 start: ['rotate_pink_block_left']
    [frozen_flower] chain 63/1000 instructions: ['take the pink block and rotate it to the left']
    [frozen_flower] chain 63/1000 task 1/1 start: rotate_pink_block_left | instruction: take the pink block and rotate it to the left
    [frozen_flower] chain 63/1000 task 1/1 step 1/360: running policy
    [frozen_flower] chain 63/1000 task 1/1 step 1/360: policy 0.15s, stepping env
    [frozen_flower] chain 63/1000 task 1/1 step 25/360: running policy
    [frozen_flower] chain 63/1000 task 1/1 step 25/360: policy 0.00s, stepping env
    [frozen_flower] chain 63/1000 task 1/1 step 50/360: running policy
    [frozen_flower] chain 63/1000 task 1/1 step 50/360: policy 0.00s, stepping env
    [frozen_flower] chain 63/1000 task 1/1 step 75/360: running policy
    [frozen_flower] chain 63/1000 task 1/1 step 75/360: policy 0.00s, stepping env
    [frozen_flower] chain 63/1000 task 1/1 success at step 99
    [frozen_flower] chain 63/1000 task 1/1 success: 99 steps, 2.3s
    [frozen_flower] chain 64/1000 start: ['move_slider_right']
    [frozen_flower] chain 64/1000 instructions: ['push the sliding door to the right side']
    [frozen_flower] chain 64/1000 task 1/1 start: move_slider_right | instruction: push the sliding door to the right side
    [frozen_flower] chain 64/1000 task 1/1 step 1/360: running policy
    [frozen_flower] chain 64/1000 task 1/1 step 1/360: policy 0.15s, stepping env
    [frozen_flower] chain 64/1000 task 1/1 step 25/360: running policy
    [frozen_flower] chain 64/1000 task 1/1 step 25/360: policy 0.00s, stepping env
    [frozen_flower] chain 64/1000 task 1/1 step 50/360: running policy
    [frozen_flower] chain 64/1000 task 1/1 step 50/360: policy 0.00s, stepping env
    [frozen_flower] chain 64/1000 task 1/1 success at step 60
    [frozen_flower] chain 64/1000 task 1/1 success: 60 steps, 1.4s
    [frozen_flower] chain 65/1000 start: ['open_drawer']
    [frozen_flower] chain 65/1000 instructions: ['pull the handle to open the drawer']
    [frozen_flower] chain 65/1000 task 1/1 start: open_drawer | instruction: pull the handle to open the drawer
    [frozen_flower] chain 65/1000 task 1/1 step 1/360: running policy
    [frozen_flower] chain 65/1000 task 1/1 step 1/360: policy 0.15s, stepping env
    [frozen_flower] chain 65/1000 task 1/1 step 25/360: running policy
    [frozen_flower] chain 65/1000 task 1/1 step 25/360: policy 0.00s, stepping env
    [frozen_flower] chain 65/1000 task 1/1 step 50/360: running policy
    [frozen_flower] chain 65/1000 task 1/1 step 50/360: policy 0.00s, stepping env
    [frozen_flower] chain 65/1000 task 1/1 success at step 56
    [frozen_flower] chain 65/1000 task 1/1 success: 56 steps, 1.3s
    [frozen_flower] chain 66/1000 start: ['open_drawer']
    [frozen_flower] chain 66/1000 instructions: ['pull the handle to open the drawer']
    [frozen_flower] chain 66/1000 task 1/1 start: open_drawer | instruction: pull the handle to open the drawer
    [frozen_flower] chain 66/1000 task 1/1 step 1/360: running policy
    [frozen_flower] chain 66/1000 task 1/1 step 1/360: policy 0.15s, stepping env
    [frozen_flower] chain 66/1000 task 1/1 step 25/360: running policy
    [frozen_flower] chain 66/1000 task 1/1 step 25/360: policy 0.00s, stepping env
    [frozen_flower] chain 66/1000 task 1/1 step 50/360: running policy
    [frozen_flower] chain 66/1000 task 1/1 step 50/360: policy 0.00s, stepping env
    [frozen_flower] chain 66/1000 task 1/1 success at step 56
    [frozen_flower] chain 66/1000 task 1/1 success: 56 steps, 1.3s
    [frozen_flower] chain 67/1000 start: ['rotate_pink_block_right']
    [frozen_flower] chain 67/1000 instructions: ['take the pink block and rotate it to the right']
    [frozen_flower] chain 67/1000 task 1/1 start: rotate_pink_block_right | instruction: take the pink block and rotate it to the right
    [frozen_flower] chain 67/1000 task 1/1 step 1/360: running policy
    [frozen_flower] chain 67/1000 task 1/1 step 1/360: policy 0.15s, stepping env
    [frozen_flower] chain 67/1000 task 1/1 step 25/360: running policy
    [frozen_flower] chain 67/1000 task 1/1 step 25/360: policy 0.00s, stepping env
    [frozen_flower] chain 67/1000 task 1/1 step 50/360: running policy
    [frozen_flower] chain 67/1000 task 1/1 step 50/360: policy 0.00s, stepping env
    [frozen_flower] chain 67/1000 task 1/1 step 75/360: running policy
    [frozen_flower] chain 67/1000 task 1/1 step 75/360: policy 0.00s, stepping env
    [frozen_flower] chain 67/1000 task 1/1 success at step 98
    [frozen_flower] chain 67/1000 task 1/1 success: 98 steps, 2.3s
    [frozen_flower] chain 68/1000 start: ['lift_pink_block_table']
    [frozen_flower] chain 68/1000 instructions: ['grasp and lift the pink block']
    [frozen_flower] chain 68/1000 task 1/1 start: lift_pink_block_table | instruction: grasp and lift the pink block
    [frozen_flower] chain 68/1000 task 1/1 step 1/360: running policy
    [frozen_flower] chain 68/1000 task 1/1 step 1/360: policy 0.15s, stepping env
    [frozen_flower] chain 68/1000 task 1/1 step 25/360: running policy
    [frozen_flower] chain 68/1000 task 1/1 step 25/360: policy 0.00s, stepping env
    [frozen_flower] chain 68/1000 task 1/1 step 50/360: running policy
    [frozen_flower] chain 68/1000 task 1/1 step 50/360: policy 0.00s, stepping env
    [frozen_flower] chain 68/1000 task 1/1 success at step 50
    [frozen_flower] chain 68/1000 task 1/1 success: 50 steps, 1.2s
    [frozen_flower] chain 69/1000 start: ['push_pink_block_left']
    [frozen_flower] chain 69/1000 instructions: ['go push the pink block left']
    [frozen_flower] chain 69/1000 task 1/1 start: push_pink_block_left | instruction: go push the pink block left
    [frozen_flower] chain 69/1000 task 1/1 step 1/360: running policy
    [frozen_flower] chain 69/1000 task 1/1 step 1/360: policy 0.15s, stepping env
    [frozen_flower] chain 69/1000 task 1/1 step 25/360: running policy
    [frozen_flower] chain 69/1000 task 1/1 step 25/360: policy 0.00s, stepping env
    [frozen_flower] chain 69/1000 task 1/1 step 50/360: running policy
    [frozen_flower] chain 69/1000 task 1/1 step 50/360: policy 0.00s, stepping env
    [frozen_flower] chain 69/1000 task 1/1 success at step 52
    [frozen_flower] chain 69/1000 task 1/1 success: 52 steps, 1.3s
    [frozen_flower] chain 70/1000 start: ['open_drawer']
    [frozen_flower] chain 70/1000 instructions: ['pull the handle to open the drawer']
    [frozen_flower] chain 70/1000 task 1/1 start: open_drawer | instruction: pull the handle to open the drawer
    [frozen_flower] chain 70/1000 task 1/1 step 1/360: running policy
    [frozen_flower] chain 70/1000 task 1/1 step 1/360: policy 0.15s, stepping env
    [frozen_flower] chain 70/1000 task 1/1 step 25/360: running policy
    [frozen_flower] chain 70/1000 task 1/1 step 25/360: policy 0.00s, stepping env
    [frozen_flower] chain 70/1000 task 1/1 step 50/360: running policy
    [frozen_flower] chain 70/1000 task 1/1 step 50/360: policy 0.00s, stepping env
    [frozen_flower] chain 70/1000 task 1/1 success at step 57
    [frozen_flower] chain 70/1000 task 1/1 success: 57 steps, 1.3s
    [frozen_flower] 70/1000 chains, L1 success: 97.1%
    [frozen_flower] chain 71/1000 start: ['close_drawer']
    [frozen_flower] chain 71/1000 instructions: ['push the handle to close the drawer']
    [frozen_flower] chain 71/1000 task 1/1 start: close_drawer | instruction: push the handle to close the drawer
    [frozen_flower] chain 71/1000 task 1/1 step 1/360: running policy
    [frozen_flower] chain 71/1000 task 1/1 step 1/360: policy 0.15s, stepping env
    [frozen_flower] chain 71/1000 task 1/1 step 25/360: running policy
    [frozen_flower] chain 71/1000 task 1/1 step 25/360: policy 0.00s, stepping env
    [frozen_flower] chain 71/1000 task 1/1 step 50/360: running policy
    [frozen_flower] chain 71/1000 task 1/1 step 50/360: policy 0.00s, stepping env
    [frozen_flower] chain 71/1000 task 1/1 success at step 52
    [frozen_flower] chain 71/1000 task 1/1 success: 52 steps, 1.3s
    [frozen_flower] chain 72/1000 start: ['open_drawer']
    [frozen_flower] chain 72/1000 instructions: ['pull the handle to open the drawer']
    [frozen_flower] chain 72/1000 task 1/1 start: open_drawer | instruction: pull the handle to open the drawer
    [frozen_flower] chain 72/1000 task 1/1 step 1/360: running policy
    [frozen_flower] chain 72/1000 task 1/1 step 1/360: policy 0.15s, stepping env
    [frozen_flower] chain 72/1000 task 1/1 step 25/360: running policy
    [frozen_flower] chain 72/1000 task 1/1 step 25/360: policy 0.00s, stepping env
    [frozen_flower] chain 72/1000 task 1/1 step 50/360: running policy
    [frozen_flower] chain 72/1000 task 1/1 step 50/360: policy 0.00s, stepping env
    [frozen_flower] chain 72/1000 task 1/1 success at step 56
    [frozen_flower] chain 72/1000 task 1/1 success: 56 steps, 1.3s
    [frozen_flower] chain 73/1000 start: ['move_slider_right']
    [frozen_flower] chain 73/1000 instructions: ['push the sliding door to the right side']
    [frozen_flower] chain 73/1000 task 1/1 start: move_slider_right | instruction: push the sliding door to the right side
    [frozen_flower] chain 73/1000 task 1/1 step 1/360: running policy
    [frozen_flower] chain 73/1000 task 1/1 step 1/360: policy 0.15s, stepping env
    [frozen_flower] chain 73/1000 task 1/1 step 25/360: running policy
    [frozen_flower] chain 73/1000 task 1/1 step 25/360: policy 0.00s, stepping env
    [frozen_flower] chain 73/1000 task 1/1 step 50/360: running policy
    [frozen_flower] chain 73/1000 task 1/1 step 50/360: policy 0.00s, stepping env
    [frozen_flower] chain 73/1000 task 1/1 success at step 59
    [frozen_flower] chain 73/1000 task 1/1 success: 59 steps, 1.4s
    [frozen_flower] chain 74/1000 start: ['push_red_block_left']
    [frozen_flower] chain 74/1000 instructions: ['go push the red block left']
    [frozen_flower] chain 74/1000 task 1/1 start: push_red_block_left | instruction: go push the red block left
    [frozen_flower] chain 74/1000 task 1/1 step 1/360: running policy
    [frozen_flower] chain 74/1000 task 1/1 step 1/360: policy 0.15s, stepping env
    [frozen_flower] chain 74/1000 task 1/1 step 25/360: running policy
    [frozen_flower] chain 74/1000 task 1/1 step 25/360: policy 0.00s, stepping env
    [frozen_flower] chain 74/1000 task 1/1 step 50/360: running policy
    [frozen_flower] chain 74/1000 task 1/1 step 50/360: policy 0.00s, stepping env
    [frozen_flower] chain 74/1000 task 1/1 success at step 55
    [frozen_flower] chain 74/1000 task 1/1 success: 55 steps, 1.3s
    [frozen_flower] chain 75/1000 start: ['turn_off_lightbulb']
    [frozen_flower] chain 75/1000 instructions: ['use the switch to turn off the light bulb']
    [frozen_flower] chain 75/1000 task 1/1 start: turn_off_lightbulb | instruction: use the switch to turn off the light bulb
    [frozen_flower] chain 75/1000 task 1/1 step 1/360: running policy
    [frozen_flower] chain 75/1000 task 1/1 step 1/360: policy 0.15s, stepping env
    [frozen_flower] chain 75/1000 task 1/1 step 25/360: running policy
    [frozen_flower] chain 75/1000 task 1/1 step 25/360: policy 0.00s, stepping env
    [frozen_flower] chain 75/1000 task 1/1 step 50/360: running policy
    [frozen_flower] chain 75/1000 task 1/1 step 50/360: policy 0.00s, stepping env
    [frozen_flower] chain 75/1000 task 1/1 success at step 52
    [frozen_flower] chain 75/1000 task 1/1 success: 52 steps, 1.3s
    [frozen_flower] chain 76/1000 start: ['move_slider_right']
    [frozen_flower] chain 76/1000 instructions: ['push the sliding door to the right side']
    [frozen_flower] chain 76/1000 task 1/1 start: move_slider_right | instruction: push the sliding door to the right side
    [frozen_flower] chain 76/1000 task 1/1 step 1/360: running policy
    [frozen_flower] chain 76/1000 task 1/1 step 1/360: policy 0.15s, stepping env
    [frozen_flower] chain 76/1000 task 1/1 step 25/360: running policy
    [frozen_flower] chain 76/1000 task 1/1 step 25/360: policy 0.00s, stepping env
    [frozen_flower] chain 76/1000 task 1/1 step 50/360: running policy
    [frozen_flower] chain 76/1000 task 1/1 step 50/360: policy 0.00s, stepping env
    [frozen_flower] chain 76/1000 task 1/1 success at step 61
    [frozen_flower] chain 76/1000 task 1/1 success: 61 steps, 1.6s
    [frozen_flower] chain 77/1000 start: ['rotate_blue_block_left']
    [frozen_flower] chain 77/1000 instructions: ['take the blue block and rotate it to the left']
    [frozen_flower] chain 77/1000 task 1/1 start: rotate_blue_block_left | instruction: take the blue block and rotate it to the left
    [frozen_flower] chain 77/1000 task 1/1 step 1/360: running policy
    [frozen_flower] chain 77/1000 task 1/1 step 1/360: policy 0.15s, stepping env
    [frozen_flower] chain 77/1000 task 1/1 step 25/360: running policy
    [frozen_flower] chain 77/1000 task 1/1 step 25/360: policy 0.00s, stepping env
    [frozen_flower] chain 77/1000 task 1/1 step 50/360: running policy
    [frozen_flower] chain 77/1000 task 1/1 step 50/360: policy 0.00s, stepping env
    [frozen_flower] chain 77/1000 task 1/1 success at step 70
    [frozen_flower] chain 77/1000 task 1/1 success: 70 steps, 1.6s
    [frozen_flower] chain 78/1000 start: ['turn_off_led']
    [frozen_flower] chain 78/1000 instructions: ['press the button to turn off the led light']
    [frozen_flower] chain 78/1000 task 1/1 start: turn_off_led | instruction: press the button to turn off the led light
    [frozen_flower] chain 78/1000 task 1/1 step 1/360: running policy
    [frozen_flower] chain 78/1000 task 1/1 step 1/360: policy 0.15s, stepping env
    [frozen_flower] chain 78/1000 task 1/1 step 25/360: running policy
    [frozen_flower] chain 78/1000 task 1/1 step 25/360: policy 0.00s, stepping env
    [frozen_flower] chain 78/1000 task 1/1 success at step 37
    [frozen_flower] chain 78/1000 task 1/1 success: 37 steps, 0.9s
    [frozen_flower] chain 79/1000 start: ['lift_blue_block_slider']
    [frozen_flower] chain 79/1000 instructions: ['lift the blue block from the sliding cabinet']
    [frozen_flower] chain 79/1000 task 1/1 start: lift_blue_block_slider | instruction: lift the blue block from the sliding cabinet
    [frozen_flower] chain 79/1000 task 1/1 step 1/360: running policy
    [frozen_flower] chain 79/1000 task 1/1 step 1/360: policy 0.15s, stepping env
    [frozen_flower] chain 79/1000 task 1/1 step 25/360: running policy
    [frozen_flower] chain 79/1000 task 1/1 step 25/360: policy 0.00s, stepping env
    [frozen_flower] chain 79/1000 task 1/1 step 50/360: running policy
    [frozen_flower] chain 79/1000 task 1/1 step 50/360: policy 0.00s, stepping env
    [frozen_flower] chain 79/1000 task 1/1 success at step 65
    [frozen_flower] chain 79/1000 task 1/1 success: 65 steps, 1.6s
    [frozen_flower] chain 80/1000 start: ['rotate_red_block_left']
    [frozen_flower] chain 80/1000 instructions: ['take the red block and rotate it to the left']
    [frozen_flower] chain 80/1000 task 1/1 start: rotate_red_block_left | instruction: take the red block and rotate it to the left
    [frozen_flower] chain 80/1000 task 1/1 step 1/360: running policy
    [frozen_flower] chain 80/1000 task 1/1 step 1/360: policy 0.15s, stepping env
    [frozen_flower] chain 80/1000 task 1/1 step 25/360: running policy
    [frozen_flower] chain 80/1000 task 1/1 step 25/360: policy 0.00s, stepping env
    [frozen_flower] chain 80/1000 task 1/1 step 50/360: running policy
    [frozen_flower] chain 80/1000 task 1/1 step 50/360: policy 0.00s, stepping env
    [frozen_flower] chain 80/1000 task 1/1 success at step 69
    [frozen_flower] chain 80/1000 task 1/1 success: 69 steps, 1.6s
    [frozen_flower] 80/1000 chains, L1 success: 97.5%
    [frozen_flower] chain 81/1000 start: ['push_pink_block_left']
    [frozen_flower] chain 81/1000 instructions: ['go push the pink block left']
    [frozen_flower] chain 81/1000 task 1/1 start: push_pink_block_left | instruction: go push the pink block left
    [frozen_flower] chain 81/1000 task 1/1 step 1/360: running policy
    [frozen_flower] chain 81/1000 task 1/1 step 1/360: policy 0.15s, stepping env
    [frozen_flower] chain 81/1000 task 1/1 step 25/360: running policy
    [frozen_flower] chain 81/1000 task 1/1 step 25/360: policy 0.00s, stepping env
    [frozen_flower] chain 81/1000 task 1/1 step 50/360: running policy
    [frozen_flower] chain 81/1000 task 1/1 step 50/360: policy 0.00s, stepping env
    [frozen_flower] chain 81/1000 task 1/1 success at step 59
    [frozen_flower] chain 81/1000 task 1/1 success: 59 steps, 1.4s
    [frozen_flower] chain 82/1000 start: ['open_drawer']
    [frozen_flower] chain 82/1000 instructions: ['pull the handle to open the drawer']
    [frozen_flower] chain 82/1000 task 1/1 start: open_drawer | instruction: pull the handle to open the drawer
    [frozen_flower] chain 82/1000 task 1/1 step 1/360: running policy
    [frozen_flower] chain 82/1000 task 1/1 step 1/360: policy 0.15s, stepping env
    [frozen_flower] chain 82/1000 task 1/1 step 25/360: running policy
    [frozen_flower] chain 82/1000 task 1/1 step 25/360: policy 0.00s, stepping env
    [frozen_flower] chain 82/1000 task 1/1 step 50/360: running policy
    [frozen_flower] chain 82/1000 task 1/1 step 50/360: policy 0.00s, stepping env
    [frozen_flower] chain 82/1000 task 1/1 success at step 55
    [frozen_flower] chain 82/1000 task 1/1 success: 55 steps, 1.3s
    [frozen_flower] chain 83/1000 start: ['lift_red_block_slider']
    [frozen_flower] chain 83/1000 instructions: ['lift the red block from the sliding cabinet']
    [frozen_flower] chain 83/1000 task 1/1 start: lift_red_block_slider | instruction: lift the red block from the sliding cabinet
    [frozen_flower] chain 83/1000 task 1/1 step 1/360: running policy
    [frozen_flower] chain 83/1000 task 1/1 step 1/360: policy 0.15s, stepping env
    [frozen_flower] chain 83/1000 task 1/1 step 25/360: running policy
    [frozen_flower] chain 83/1000 task 1/1 step 25/360: policy 0.00s, stepping env
    [frozen_flower] chain 83/1000 task 1/1 step 50/360: running policy
    [frozen_flower] chain 83/1000 task 1/1 step 50/360: policy 0.00s, stepping env
    [frozen_flower] chain 83/1000 task 1/1 success at step 73
    [frozen_flower] chain 83/1000 task 1/1 success: 73 steps, 1.8s
    [frozen_flower] chain 84/1000 start: ['push_into_drawer']
    [frozen_flower] chain 84/1000 instructions: ['slide the block that it falls into the drawer']
    [frozen_flower] chain 84/1000 task 1/1 start: push_into_drawer | instruction: slide the block that it falls into the drawer
    [frozen_flower] chain 84/1000 task 1/1 step 1/360: running policy
    [frozen_flower] chain 84/1000 task 1/1 step 1/360: policy 0.15s, stepping env
    [frozen_flower] chain 84/1000 task 1/1 step 25/360: running policy
    [frozen_flower] chain 84/1000 task 1/1 step 25/360: policy 0.00s, stepping env
    [frozen_flower] chain 84/1000 task 1/1 step 50/360: running policy
    [frozen_flower] chain 84/1000 task 1/1 step 50/360: policy 0.00s, stepping env
    [frozen_flower] chain 84/1000 task 1/1 step 75/360: running policy
    [frozen_flower] chain 84/1000 task 1/1 step 75/360: policy 0.00s, stepping env
    [frozen_flower] chain 84/1000 task 1/1 success at step 85
    [frozen_flower] chain 84/1000 task 1/1 success: 85 steps, 2.0s
    [frozen_flower] chain 85/1000 start: ['move_slider_right']
    [frozen_flower] chain 85/1000 instructions: ['push the sliding door to the right side']
    [frozen_flower] chain 85/1000 task 1/1 start: move_slider_right | instruction: push the sliding door to the right side
    [frozen_flower] chain 85/1000 task 1/1 step 1/360: running policy
    [frozen_flower] chain 85/1000 task 1/1 step 1/360: policy 0.15s, stepping env
    [frozen_flower] chain 85/1000 task 1/1 step 25/360: running policy
    [frozen_flower] chain 85/1000 task 1/1 step 25/360: policy 0.00s, stepping env
    [frozen_flower] chain 85/1000 task 1/1 step 50/360: running policy
    [frozen_flower] chain 85/1000 task 1/1 step 50/360: policy 0.00s, stepping env
    [frozen_flower] chain 85/1000 task 1/1 success at step 69
    [frozen_flower] chain 85/1000 task 1/1 success: 69 steps, 2.0s
    [frozen_flower] chain 86/1000 start: ['lift_pink_block_slider']
    [frozen_flower] chain 86/1000 instructions: ['lift the pink block from the sliding cabinet']
    [frozen_flower] chain 86/1000 task 1/1 start: lift_pink_block_slider | instruction: lift the pink block from the sliding cabinet
    [frozen_flower] chain 86/1000 task 1/1 step 1/360: running policy
    [frozen_flower] chain 86/1000 task 1/1 step 1/360: policy 0.20s, stepping env
    [frozen_flower] chain 86/1000 task 1/1 step 25/360: running policy
    [frozen_flower] chain 86/1000 task 1/1 step 25/360: policy 0.00s, stepping env
    [frozen_flower] chain 86/1000 task 1/1 step 50/360: running policy
    [frozen_flower] chain 86/1000 task 1/1 step 50/360: policy 0.00s, stepping env
    [frozen_flower] chain 86/1000 task 1/1 success at step 55
    [frozen_flower] chain 86/1000 task 1/1 success: 55 steps, 1.9s
    [frozen_flower] chain 87/1000 start: ['move_slider_right']
    [frozen_flower] chain 87/1000 instructions: ['push the sliding door to the right side']
    [frozen_flower] chain 87/1000 task 1/1 start: move_slider_right | instruction: push the sliding door to the right side
    [frozen_flower] chain 87/1000 task 1/1 step 1/360: running policy
    [frozen_flower] chain 87/1000 task 1/1 step 1/360: policy 0.22s, stepping env
    [frozen_flower] chain 87/1000 task 1/1 step 25/360: running policy
    [frozen_flower] chain 87/1000 task 1/1 step 25/360: policy 0.00s, stepping env
    [frozen_flower] chain 87/1000 task 1/1 step 50/360: running policy
    [frozen_flower] chain 87/1000 task 1/1 step 50/360: policy 0.00s, stepping env
    [frozen_flower] chain 87/1000 task 1/1 success at step 58
    [frozen_flower] chain 87/1000 task 1/1 success: 58 steps, 2.0s
    [frozen_flower] chain 88/1000 start: ['push_pink_block_right']
    [frozen_flower] chain 88/1000 instructions: ['go push the pink block right']
    [frozen_flower] chain 88/1000 task 1/1 start: push_pink_block_right | instruction: go push the pink block right
    [frozen_flower] chain 88/1000 task 1/1 step 1/360: running policy
    [frozen_flower] chain 88/1000 task 1/1 step 1/360: policy 0.21s, stepping env
    [frozen_flower] chain 88/1000 task 1/1 step 25/360: running policy
    [frozen_flower] chain 88/1000 task 1/1 step 25/360: policy 0.00s, stepping env
    [frozen_flower] chain 88/1000 task 1/1 step 50/360: running policy
    [frozen_flower] chain 88/1000 task 1/1 step 50/360: policy 0.00s, stepping env
    [frozen_flower] chain 88/1000 task 1/1 step 75/360: running policy
    [frozen_flower] chain 88/1000 task 1/1 step 75/360: policy 0.00s, stepping env
    [frozen_flower] chain 88/1000 task 1/1 step 100/360: running policy
    [frozen_flower] chain 88/1000 task 1/1 step 100/360: policy 0.00s, stepping env
    [frozen_flower] chain 88/1000 task 1/1 step 125/360: running policy
    [frozen_flower] chain 88/1000 task 1/1 step 125/360: policy 0.00s, stepping env
    [frozen_flower] chain 88/1000 task 1/1 success at step 134
    [frozen_flower] chain 88/1000 task 1/1 success: 134 steps, 4.1s
    [frozen_flower] chain 89/1000 start: ['push_blue_block_left']
    [frozen_flower] chain 89/1000 instructions: ['go push the blue block left']
    [frozen_flower] chain 89/1000 task 1/1 start: push_blue_block_left | instruction: go push the blue block left
    [frozen_flower] chain 89/1000 task 1/1 step 1/360: running policy
    [frozen_flower] chain 89/1000 task 1/1 step 1/360: policy 0.15s, stepping env
    [frozen_flower] chain 89/1000 task 1/1 step 25/360: running policy
    [frozen_flower] chain 89/1000 task 1/1 step 25/360: policy 0.00s, stepping env
    [frozen_flower] chain 89/1000 task 1/1 step 50/360: running policy
    [frozen_flower] chain 89/1000 task 1/1 step 50/360: policy 0.00s, stepping env
    [frozen_flower] chain 89/1000 task 1/1 success at step 58
    [frozen_flower] chain 89/1000 task 1/1 success: 58 steps, 1.3s
    [frozen_flower] chain 90/1000 start: ['close_drawer']
    [frozen_flower] chain 90/1000 instructions: ['push the handle to close the drawer']
    [frozen_flower] chain 90/1000 task 1/1 start: close_drawer | instruction: push the handle to close the drawer
    [frozen_flower] chain 90/1000 task 1/1 step 1/360: running policy
    [frozen_flower] chain 90/1000 task 1/1 step 1/360: policy 0.15s, stepping env
    [frozen_flower] chain 90/1000 task 1/1 step 25/360: running policy
    [frozen_flower] chain 90/1000 task 1/1 step 25/360: policy 0.00s, stepping env
    [frozen_flower] chain 90/1000 task 1/1 step 50/360: running policy
    [frozen_flower] chain 90/1000 task 1/1 step 50/360: policy 0.00s, stepping env
    [frozen_flower] chain 90/1000 task 1/1 success at step 53
    [frozen_flower] chain 90/1000 task 1/1 success: 53 steps, 1.4s
    [frozen_flower] 90/1000 chains, L1 success: 97.8%
    [frozen_flower] chain 91/1000 start: ['rotate_blue_block_left']
    [frozen_flower] chain 91/1000 instructions: ['take the blue block and rotate it to the left']
    [frozen_flower] chain 91/1000 task 1/1 start: rotate_blue_block_left | instruction: take the blue block and rotate it to the left
    [frozen_flower] chain 91/1000 task 1/1 step 1/360: running policy
    [frozen_flower] chain 91/1000 task 1/1 step 1/360: policy 0.22s, stepping env
    [frozen_flower] chain 91/1000 task 1/1 step 25/360: running policy
    [frozen_flower] chain 91/1000 task 1/1 step 25/360: policy 0.00s, stepping env
    [frozen_flower] chain 91/1000 task 1/1 step 50/360: running policy
    [frozen_flower] chain 91/1000 task 1/1 step 50/360: policy 0.00s, stepping env
    [frozen_flower] chain 91/1000 task 1/1 success at step 66
    [frozen_flower] chain 91/1000 task 1/1 success: 66 steps, 2.1s
    [frozen_flower] chain 92/1000 start: ['turn_on_led']
    [frozen_flower] chain 92/1000 instructions: ['press the button to turn on the led light']
    [frozen_flower] chain 92/1000 task 1/1 start: turn_on_led | instruction: press the button to turn on the led light
    [frozen_flower] chain 92/1000 task 1/1 step 1/360: running policy
    [frozen_flower] chain 92/1000 task 1/1 step 1/360: policy 0.22s, stepping env
    [frozen_flower] chain 92/1000 task 1/1 step 25/360: running policy
    [frozen_flower] chain 92/1000 task 1/1 step 25/360: policy 0.00s, stepping env
    [frozen_flower] chain 92/1000 task 1/1 success at step 36
    [frozen_flower] chain 92/1000 task 1/1 success: 36 steps, 1.1s
    [frozen_flower] chain 93/1000 start: ['open_drawer']
    [frozen_flower] chain 93/1000 instructions: ['pull the handle to open the drawer']
    [frozen_flower] chain 93/1000 task 1/1 start: open_drawer | instruction: pull the handle to open the drawer
    [frozen_flower] chain 93/1000 task 1/1 step 1/360: running policy
    [frozen_flower] chain 93/1000 task 1/1 step 1/360: policy 0.16s, stepping env
    [frozen_flower] chain 93/1000 task 1/1 step 25/360: running policy
    [frozen_flower] chain 93/1000 task 1/1 step 25/360: policy 0.00s, stepping env
    [frozen_flower] chain 93/1000 task 1/1 step 50/360: running policy
    [frozen_flower] chain 93/1000 task 1/1 step 50/360: policy 0.00s, stepping env
    [frozen_flower] chain 93/1000 task 1/1 success at step 56
    [frozen_flower] chain 93/1000 task 1/1 success: 56 steps, 1.3s
    [frozen_flower] chain 94/1000 start: ['push_pink_block_right']
    [frozen_flower] chain 94/1000 instructions: ['go push the pink block right']
    [frozen_flower] chain 94/1000 task 1/1 start: push_pink_block_right | instruction: go push the pink block right
    [frozen_flower] chain 94/1000 task 1/1 step 1/360: running policy
    [frozen_flower] chain 94/1000 task 1/1 step 1/360: policy 0.15s, stepping env
    [frozen_flower] chain 94/1000 task 1/1 step 25/360: running policy
    [frozen_flower] chain 94/1000 task 1/1 step 25/360: policy 0.00s, stepping env
    [frozen_flower] chain 94/1000 task 1/1 step 50/360: running policy
    [frozen_flower] chain 94/1000 task 1/1 step 50/360: policy 0.00s, stepping env
    [frozen_flower] chain 94/1000 task 1/1 step 75/360: running policy
    [frozen_flower] chain 94/1000 task 1/1 step 75/360: policy 0.00s, stepping env
    [frozen_flower] chain 94/1000 task 1/1 step 100/360: running policy
    [frozen_flower] chain 94/1000 task 1/1 step 100/360: policy 0.00s, stepping env
    [frozen_flower] chain 94/1000 task 1/1 step 125/360: running policy
    [frozen_flower] chain 94/1000 task 1/1 step 125/360: policy 0.00s, stepping env
    [frozen_flower] chain 94/1000 task 1/1 step 150/360: running policy
    [frozen_flower] chain 94/1000 task 1/1 step 150/360: policy 0.00s, stepping env
    [frozen_flower] chain 94/1000 task 1/1 step 175/360: running policy
    [frozen_flower] chain 94/1000 task 1/1 step 175/360: policy 0.00s, stepping env
    [frozen_flower] chain 94/1000 task 1/1 step 200/360: running policy
    [frozen_flower] chain 94/1000 task 1/1 step 200/360: policy 0.00s, stepping env
    [frozen_flower] chain 94/1000 task 1/1 success at step 203
    [frozen_flower] chain 94/1000 task 1/1 success: 203 steps, 4.6s
    [frozen_flower] chain 95/1000 start: ['rotate_pink_block_right']
    [frozen_flower] chain 95/1000 instructions: ['take the pink block and rotate it to the right']
    [frozen_flower] chain 95/1000 task 1/1 start: rotate_pink_block_right | instruction: take the pink block and rotate it to the right
    [frozen_flower] chain 95/1000 task 1/1 step 1/360: running policy
    [frozen_flower] chain 95/1000 task 1/1 step 1/360: policy 0.16s, stepping env
    [frozen_flower] chain 95/1000 task 1/1 step 25/360: running policy
    [frozen_flower] chain 95/1000 task 1/1 step 25/360: policy 0.00s, stepping env
    [frozen_flower] chain 95/1000 task 1/1 step 50/360: running policy
    [frozen_flower] chain 95/1000 task 1/1 step 50/360: policy 0.00s, stepping env
    [frozen_flower] chain 95/1000 task 1/1 step 75/360: running policy
    [frozen_flower] chain 95/1000 task 1/1 step 75/360: policy 0.00s, stepping env
    [frozen_flower] chain 95/1000 task 1/1 success at step 82
    [frozen_flower] chain 95/1000 task 1/1 success: 82 steps, 3.0s
    [frozen_flower] chain 96/1000 start: ['close_drawer']
    [frozen_flower] chain 96/1000 instructions: ['push the handle to close the drawer']
    [frozen_flower] chain 96/1000 task 1/1 start: close_drawer | instruction: push the handle to close the drawer
    [frozen_flower] chain 96/1000 task 1/1 step 1/360: running policy
    [frozen_flower] chain 96/1000 task 1/1 step 1/360: policy 0.24s, stepping env
    [frozen_flower] chain 96/1000 task 1/1 step 25/360: running policy
    [frozen_flower] chain 96/1000 task 1/1 step 25/360: policy 0.00s, stepping env
    [frozen_flower] chain 96/1000 task 1/1 step 50/360: running policy
    [frozen_flower] chain 96/1000 task 1/1 step 50/360: policy 0.00s, stepping env
    [frozen_flower] chain 96/1000 task 1/1 success at step 54
    [frozen_flower] chain 96/1000 task 1/1 success: 54 steps, 2.0s
    [frozen_flower] chain 97/1000 start: ['lift_pink_block_table']
    [frozen_flower] chain 97/1000 instructions: ['grasp and lift the pink block']
    [frozen_flower] chain 97/1000 task 1/1 start: lift_pink_block_table | instruction: grasp and lift the pink block
    [frozen_flower] chain 97/1000 task 1/1 step 1/360: running policy
    [frozen_flower] chain 97/1000 task 1/1 step 1/360: policy 0.24s, stepping env
    [frozen_flower] chain 97/1000 task 1/1 step 25/360: running policy
    [frozen_flower] chain 97/1000 task 1/1 step 25/360: policy 0.00s, stepping env
    [frozen_flower] chain 97/1000 task 1/1 success at step 47
    [frozen_flower] chain 97/1000 task 1/1 success: 47 steps, 1.7s
    [frozen_flower] chain 98/1000 start: ['close_drawer']
    [frozen_flower] chain 98/1000 instructions: ['push the handle to close the drawer']
    [frozen_flower] chain 98/1000 task 1/1 start: close_drawer | instruction: push the handle to close the drawer
    [frozen_flower] chain 98/1000 task 1/1 step 1/360: running policy
    [frozen_flower] chain 98/1000 task 1/1 step 1/360: policy 0.24s, stepping env
    [frozen_flower] chain 98/1000 task 1/1 step 25/360: running policy
    [frozen_flower] chain 98/1000 task 1/1 step 25/360: policy 0.00s, stepping env
    [frozen_flower] chain 98/1000 task 1/1 step 50/360: running policy
    [frozen_flower] chain 98/1000 task 1/1 step 50/360: policy 0.00s, stepping env
    [frozen_flower] chain 98/1000 task 1/1 success at step 61
    [frozen_flower] chain 98/1000 task 1/1 success: 61 steps, 1.9s
    [frozen_flower] chain 99/1000 start: ['move_slider_left']
    [frozen_flower] chain 99/1000 instructions: ['push the sliding door to the left side']
    [frozen_flower] chain 99/1000 task 1/1 start: move_slider_left | instruction: push the sliding door to the left side
    [frozen_flower] chain 99/1000 task 1/1 step 1/360: running policy
    [frozen_flower] chain 99/1000 task 1/1 step 1/360: policy 0.16s, stepping env
    [frozen_flower] chain 99/1000 task 1/1 step 25/360: running policy
    [frozen_flower] chain 99/1000 task 1/1 step 25/360: policy 0.00s, stepping env
    [frozen_flower] chain 99/1000 task 1/1 success at step 48
    [frozen_flower] chain 99/1000 task 1/1 success: 48 steps, 1.2s
    [frozen_flower] chain 100/1000 start: ['rotate_red_block_right']
    [frozen_flower] chain 100/1000 instructions: ['take the red block and rotate it to the right']
    [frozen_flower] chain 100/1000 task 1/1 start: rotate_red_block_right | instruction: take the red block and rotate it to the right
    [frozen_flower] chain 100/1000 task 1/1 step 1/360: running policy
    [frozen_flower] chain 100/1000 task 1/1 step 1/360: policy 0.16s, stepping env
    [frozen_flower] chain 100/1000 task 1/1 step 25/360: running policy
    [frozen_flower] chain 100/1000 task 1/1 step 25/360: policy 0.00s, stepping env
    [frozen_flower] chain 100/1000 task 1/1 step 50/360: running policy
    [frozen_flower] chain 100/1000 task 1/1 step 50/360: policy 0.00s, stepping env
    [frozen_flower] chain 100/1000 task 1/1 step 75/360: running policy
    [frozen_flower] chain 100/1000 task 1/1 step 75/360: policy 0.00s, stepping env
    [frozen_flower] chain 100/1000 task 1/1 step 100/360: running policy
    [frozen_flower] chain 100/1000 task 1/1 step 100/360: policy 0.00s, stepping env
    [frozen_flower] chain 100/1000 task 1/1 step 125/360: running policy
    [frozen_flower] chain 100/1000 task 1/1 step 125/360: policy 0.00s, stepping env
    [frozen_flower] chain 100/1000 task 1/1 step 150/360: running policy
    [frozen_flower] chain 100/1000 task 1/1 step 150/360: policy 0.00s, stepping env
    [frozen_flower] chain 100/1000 task 1/1 step 175/360: running policy
    [frozen_flower] chain 100/1000 task 1/1 step 175/360: policy 0.00s, stepping env
    [frozen_flower] chain 100/1000 task 1/1 step 200/360: running policy
    [frozen_flower] chain 100/1000 task 1/1 step 200/360: policy 0.00s, stepping env
    [frozen_flower] chain 100/1000 task 1/1 step 225/360: running policy
    [frozen_flower] chain 100/1000 task 1/1 step 225/360: policy 0.00s, stepping env
    [frozen_flower] chain 100/1000 task 1/1 step 250/360: running policy
    [frozen_flower] chain 100/1000 task 1/1 step 250/360: policy 0.00s, stepping env
    [frozen_flower] chain 100/1000 task 1/1 step 275/360: running policy
    [frozen_flower] chain 100/1000 task 1/1 step 275/360: policy 0.00s, stepping env
    [frozen_flower] chain 100/1000 task 1/1 step 300/360: running policy
    [frozen_flower] chain 100/1000 task 1/1 step 300/360: policy 0.00s, stepping env
    [frozen_flower] chain 100/1000 task 1/1 step 325/360: running policy
    [frozen_flower] chain 100/1000 task 1/1 step 325/360: policy 0.00s, stepping env
    [frozen_flower] chain 100/1000 task 1/1 step 350/360: running policy
    [frozen_flower] chain 100/1000 task 1/1 step 350/360: policy 0.00s, stepping env
    [frozen_flower] chain 100/1000 task 1/1 failed: 360 steps, 8.4s
    [frozen_flower] 100/1000 chains, L1 success: 97.0%
    [frozen_flower] chain 101/1000 start: ['open_drawer']
    [frozen_flower] chain 101/1000 instructions: ['pull the handle to open the drawer']
    [frozen_flower] chain 101/1000 task 1/1 start: open_drawer | instruction: pull the handle to open the drawer
    [frozen_flower] chain 101/1000 task 1/1 step 1/360: running policy
    [frozen_flower] chain 101/1000 task 1/1 step 1/360: policy 0.16s, stepping env
    [frozen_flower] chain 101/1000 task 1/1 step 25/360: running policy
    [frozen_flower] chain 101/1000 task 1/1 step 25/360: policy 0.00s, stepping env
    [frozen_flower] chain 101/1000 task 1/1 step 50/360: running policy
    [frozen_flower] chain 101/1000 task 1/1 step 50/360: policy 0.00s, stepping env
    [frozen_flower] chain 101/1000 task 1/1 success at step 52
    [frozen_flower] chain 101/1000 task 1/1 success: 52 steps, 1.3s
    [frozen_flower] chain 102/1000 start: ['move_slider_left']
    [frozen_flower] chain 102/1000 instructions: ['push the sliding door to the left side']
    [frozen_flower] chain 102/1000 task 1/1 start: move_slider_left | instruction: push the sliding door to the left side
    [frozen_flower] chain 102/1000 task 1/1 step 1/360: running policy
    [frozen_flower] chain 102/1000 task 1/1 step 1/360: policy 0.16s, stepping env
    [frozen_flower] chain 102/1000 task 1/1 step 25/360: running policy
    [frozen_flower] chain 102/1000 task 1/1 step 25/360: policy 0.00s, stepping env
    [frozen_flower] chain 102/1000 task 1/1 success at step 47
    [frozen_flower] chain 102/1000 task 1/1 success: 47 steps, 1.1s
    [frozen_flower] chain 103/1000 start: ['open_drawer']
    [frozen_flower] chain 103/1000 instructions: ['pull the handle to open the drawer']
    [frozen_flower] chain 103/1000 task 1/1 start: open_drawer | instruction: pull the handle to open the drawer
    [frozen_flower] chain 103/1000 task 1/1 step 1/360: running policy
    [frozen_flower] chain 103/1000 task 1/1 step 1/360: policy 0.16s, stepping env
    [frozen_flower] chain 103/1000 task 1/1 step 25/360: running policy
    [frozen_flower] chain 103/1000 task 1/1 step 25/360: policy 0.00s, stepping env
    [frozen_flower] chain 103/1000 task 1/1 step 50/360: running policy
    [frozen_flower] chain 103/1000 task 1/1 step 50/360: policy 0.00s, stepping env
    [frozen_flower] chain 103/1000 task 1/1 success at step 56
    [frozen_flower] chain 103/1000 task 1/1 success: 56 steps, 1.3s
    [frozen_flower] chain 104/1000 start: ['push_red_block_right']
    [frozen_flower] chain 104/1000 instructions: ['go push the red block right']
    [frozen_flower] chain 104/1000 task 1/1 start: push_red_block_right | instruction: go push the red block right
    [frozen_flower] chain 104/1000 task 1/1 step 1/360: running policy
    [frozen_flower] chain 104/1000 task 1/1 step 1/360: policy 0.16s, stepping env
    [frozen_flower] chain 104/1000 task 1/1 step 25/360: running policy
    [frozen_flower] chain 104/1000 task 1/1 step 25/360: policy 0.00s, stepping env
    [frozen_flower] chain 104/1000 task 1/1 step 50/360: running policy
    [frozen_flower] chain 104/1000 task 1/1 step 50/360: policy 0.00s, stepping env
    [frozen_flower] chain 104/1000 task 1/1 step 75/360: running policy
    [frozen_flower] chain 104/1000 task 1/1 step 75/360: policy 0.00s, stepping env
    [frozen_flower] chain 104/1000 task 1/1 step 100/360: running policy
    [frozen_flower] chain 104/1000 task 1/1 step 100/360: policy 0.00s, stepping env
    [frozen_flower] chain 104/1000 task 1/1 step 125/360: running policy
    [frozen_flower] chain 104/1000 task 1/1 step 125/360: policy 0.00s, stepping env
    [frozen_flower] chain 104/1000 task 1/1 success at step 127
    [frozen_flower] chain 104/1000 task 1/1 success: 127 steps, 2.9s
    [frozen_flower] chain 105/1000 start: ['turn_on_led']
    [frozen_flower] chain 105/1000 instructions: ['press the button to turn on the led light']
    [frozen_flower] chain 105/1000 task 1/1 start: turn_on_led | instruction: press the button to turn on the led light
    [frozen_flower] chain 105/1000 task 1/1 step 1/360: running policy
    [frozen_flower] chain 105/1000 task 1/1 step 1/360: policy 0.16s, stepping env
    [frozen_flower] chain 105/1000 task 1/1 step 25/360: running policy
    [frozen_flower] chain 105/1000 task 1/1 step 25/360: policy 0.00s, stepping env
    [frozen_flower] chain 105/1000 task 1/1 success at step 39
    [frozen_flower] chain 105/1000 task 1/1 success: 39 steps, 0.9s
    [frozen_flower] chain 106/1000 start: ['turn_off_led']
    [frozen_flower] chain 106/1000 instructions: ['press the button to turn off the led light']
    [frozen_flower] chain 106/1000 task 1/1 start: turn_off_led | instruction: press the button to turn off the led light
    [frozen_flower] chain 106/1000 task 1/1 step 1/360: running policy
    [frozen_flower] chain 106/1000 task 1/1 step 1/360: policy 0.16s, stepping env
    [frozen_flower] chain 106/1000 task 1/1 step 25/360: running policy
    [frozen_flower] chain 106/1000 task 1/1 step 25/360: policy 0.00s, stepping env
    [frozen_flower] chain 106/1000 task 1/1 success at step 34
    [frozen_flower] chain 106/1000 task 1/1 success: 34 steps, 0.8s
    [frozen_flower] chain 107/1000 start: ['open_drawer']
    [frozen_flower] chain 107/1000 instructions: ['pull the handle to open the drawer']
    [frozen_flower] chain 107/1000 task 1/1 start: open_drawer | instruction: pull the handle to open the drawer
    [frozen_flower] chain 107/1000 task 1/1 step 1/360: running policy
    [frozen_flower] chain 107/1000 task 1/1 step 1/360: policy 0.15s, stepping env
    [frozen_flower] chain 107/1000 task 1/1 step 25/360: running policy
    [frozen_flower] chain 107/1000 task 1/1 step 25/360: policy 0.00s, stepping env
    [frozen_flower] chain 107/1000 task 1/1 step 50/360: running policy
    [frozen_flower] chain 107/1000 task 1/1 step 50/360: policy 0.00s, stepping env
    [frozen_flower] chain 107/1000 task 1/1 success at step 59
    [frozen_flower] chain 107/1000 task 1/1 success: 59 steps, 1.3s
    [frozen_flower] chain 108/1000 start: ['move_slider_left']
    [frozen_flower] chain 108/1000 instructions: ['push the sliding door to the left side']
    [frozen_flower] chain 108/1000 task 1/1 start: move_slider_left | instruction: push the sliding door to the left side
    [frozen_flower] chain 108/1000 task 1/1 step 1/360: running policy
    [frozen_flower] chain 108/1000 task 1/1 step 1/360: policy 0.16s, stepping env
    [frozen_flower] chain 108/1000 task 1/1 step 25/360: running policy
    [frozen_flower] chain 108/1000 task 1/1 step 25/360: policy 0.00s, stepping env
    [frozen_flower] chain 108/1000 task 1/1 step 50/360: running policy
    [frozen_flower] chain 108/1000 task 1/1 step 50/360: policy 0.00s, stepping env
    [frozen_flower] chain 108/1000 task 1/1 success at step 50
    [frozen_flower] chain 108/1000 task 1/1 success: 50 steps, 1.2s
    [frozen_flower] chain 109/1000 start: ['turn_off_lightbulb']
    [frozen_flower] chain 109/1000 instructions: ['use the switch to turn off the light bulb']
    [frozen_flower] chain 109/1000 task 1/1 start: turn_off_lightbulb | instruction: use the switch to turn off the light bulb
    [frozen_flower] chain 109/1000 task 1/1 step 1/360: running policy
    [frozen_flower] chain 109/1000 task 1/1 step 1/360: policy 0.16s, stepping env
    [frozen_flower] chain 109/1000 task 1/1 step 25/360: running policy
    [frozen_flower] chain 109/1000 task 1/1 step 25/360: policy 0.00s, stepping env
    [frozen_flower] chain 109/1000 task 1/1 step 50/360: running policy
    [frozen_flower] chain 109/1000 task 1/1 step 50/360: policy 0.00s, stepping env
    [frozen_flower] chain 109/1000 task 1/1 success at step 51
    [frozen_flower] chain 109/1000 task 1/1 success: 51 steps, 1.3s
    [frozen_flower] chain 110/1000 start: ['push_pink_block_right']
    [frozen_flower] chain 110/1000 instructions: ['go push the pink block right']
    [frozen_flower] chain 110/1000 task 1/1 start: push_pink_block_right | instruction: go push the pink block right
    [frozen_flower] chain 110/1000 task 1/1 step 1/360: running policy
    [frozen_flower] chain 110/1000 task 1/1 step 1/360: policy 0.16s, stepping env
    [frozen_flower] chain 110/1000 task 1/1 step 25/360: running policy
    [frozen_flower] chain 110/1000 task 1/1 step 25/360: policy 0.00s, stepping env
    [frozen_flower] chain 110/1000 task 1/1 success at step 47
    [frozen_flower] chain 110/1000 task 1/1 success: 47 steps, 1.1s
    [frozen_flower] 110/1000 chains, L1 success: 97.3%
    [frozen_flower] chain 111/1000 start: ['lift_red_block_table']
    [frozen_flower] chain 111/1000 instructions: ['grasp and lift the red block']
    [frozen_flower] chain 111/1000 task 1/1 start: lift_red_block_table | instruction: grasp and lift the red block
    [frozen_flower] chain 111/1000 task 1/1 step 1/360: running policy
    [frozen_flower] chain 111/1000 task 1/1 step 1/360: policy 0.16s, stepping env
    [frozen_flower] chain 111/1000 task 1/1 step 25/360: running policy
    [frozen_flower] chain 111/1000 task 1/1 step 25/360: policy 0.00s, stepping env
    [frozen_flower] chain 111/1000 task 1/1 step 50/360: running policy
    [frozen_flower] chain 111/1000 task 1/1 step 50/360: policy 0.00s, stepping env
    [frozen_flower] chain 111/1000 task 1/1 success at step 51
    [frozen_flower] chain 111/1000 task 1/1 success: 51 steps, 1.3s
    [frozen_flower] chain 112/1000 start: ['move_slider_left']
    [frozen_flower] chain 112/1000 instructions: ['push the sliding door to the left side']
    [frozen_flower] chain 112/1000 task 1/1 start: move_slider_left | instruction: push the sliding door to the left side
    [frozen_flower] chain 112/1000 task 1/1 step 1/360: running policy
    [frozen_flower] chain 112/1000 task 1/1 step 1/360: policy 0.16s, stepping env
    [frozen_flower] chain 112/1000 task 1/1 step 25/360: running policy
    [frozen_flower] chain 112/1000 task 1/1 step 25/360: policy 0.00s, stepping env
    [frozen_flower] chain 112/1000 task 1/1 success at step 48
    [frozen_flower] chain 112/1000 task 1/1 success: 48 steps, 1.1s
    [frozen_flower] chain 113/1000 start: ['push_red_block_right']
    [frozen_flower] chain 113/1000 instructions: ['go push the red block right']
    [frozen_flower] chain 113/1000 task 1/1 start: push_red_block_right | instruction: go push the red block right
    [frozen_flower] chain 113/1000 task 1/1 step 1/360: running policy
    [frozen_flower] chain 113/1000 task 1/1 step 1/360: policy 0.16s, stepping env
    [frozen_flower] chain 113/1000 task 1/1 step 25/360: running policy
    [frozen_flower] chain 113/1000 task 1/1 step 25/360: policy 0.00s, stepping env
    [frozen_flower] chain 113/1000 task 1/1 step 50/360: running policy
    [frozen_flower] chain 113/1000 task 1/1 step 50/360: policy 0.00s, stepping env
    [frozen_flower] chain 113/1000 task 1/1 step 75/360: running policy
    [frozen_flower] chain 113/1000 task 1/1 step 75/360: policy 0.00s, stepping env
    [frozen_flower] chain 113/1000 task 1/1 step 100/360: running policy
    [frozen_flower] chain 113/1000 task 1/1 step 100/360: policy 0.00s, stepping env
    [frozen_flower] chain 113/1000 task 1/1 step 125/360: running policy
    [frozen_flower] chain 113/1000 task 1/1 step 125/360: policy 0.00s, stepping env
    [frozen_flower] chain 113/1000 task 1/1 step 150/360: running policy
    [frozen_flower] chain 113/1000 task 1/1 step 150/360: policy 0.00s, stepping env
    [frozen_flower] chain 113/1000 task 1/1 step 175/360: running policy
    [frozen_flower] chain 113/1000 task 1/1 step 175/360: policy 0.00s, stepping env
    [frozen_flower] chain 113/1000 task 1/1 step 200/360: running policy
    [frozen_flower] chain 113/1000 task 1/1 step 200/360: policy 0.00s, stepping env
    [frozen_flower] chain 113/1000 task 1/1 step 225/360: running policy
    [frozen_flower] chain 113/1000 task 1/1 step 225/360: policy 0.00s, stepping env
    [frozen_flower] chain 113/1000 task 1/1 step 250/360: running policy
    [frozen_flower] chain 113/1000 task 1/1 step 250/360: policy 0.00s, stepping env
    [frozen_flower] chain 113/1000 task 1/1 step 275/360: running policy
    [frozen_flower] chain 113/1000 task 1/1 step 275/360: policy 0.00s, stepping env
    [frozen_flower] chain 113/1000 task 1/1 step 300/360: running policy
    [frozen_flower] chain 113/1000 task 1/1 step 300/360: policy 0.00s, stepping env
    [frozen_flower] chain 113/1000 task 1/1 step 325/360: running policy
    [frozen_flower] chain 113/1000 task 1/1 step 325/360: policy 0.00s, stepping env
    [frozen_flower] chain 113/1000 task 1/1 step 350/360: running policy
    [frozen_flower] chain 113/1000 task 1/1 step 350/360: policy 0.00s, stepping env
    [frozen_flower] chain 113/1000 task 1/1 failed: 360 steps, 8.1s
    [frozen_flower] chain 114/1000 start: ['rotate_blue_block_right']
    [frozen_flower] chain 114/1000 instructions: ['take the blue block and rotate it to the right']
    [frozen_flower] chain 114/1000 task 1/1 start: rotate_blue_block_right | instruction: take the blue block and rotate it to the right
    [frozen_flower] chain 114/1000 task 1/1 step 1/360: running policy
    [frozen_flower] chain 114/1000 task 1/1 step 1/360: policy 0.16s, stepping env
    [frozen_flower] chain 114/1000 task 1/1 step 25/360: running policy
    [frozen_flower] chain 114/1000 task 1/1 step 25/360: policy 0.00s, stepping env
    [frozen_flower] chain 114/1000 task 1/1 step 50/360: running policy
    [frozen_flower] chain 114/1000 task 1/1 step 50/360: policy 0.00s, stepping env
    [frozen_flower] chain 114/1000 task 1/1 step 75/360: running policy
    [frozen_flower] chain 114/1000 task 1/1 step 75/360: policy 0.00s, stepping env
    [frozen_flower] chain 114/1000 task 1/1 step 100/360: running policy
    [frozen_flower] chain 114/1000 task 1/1 step 100/360: policy 0.00s, stepping env
    [frozen_flower] chain 114/1000 task 1/1 step 125/360: running policy
    [frozen_flower] chain 114/1000 task 1/1 step 125/360: policy 0.00s, stepping env
    [frozen_flower] chain 114/1000 task 1/1 step 150/360: running policy
    [frozen_flower] chain 114/1000 task 1/1 step 150/360: policy 0.00s, stepping env
    [frozen_flower] chain 114/1000 task 1/1 step 175/360: running policy
    [frozen_flower] chain 114/1000 task 1/1 step 175/360: policy 0.00s, stepping env
    [frozen_flower] chain 114/1000 task 1/1 step 200/360: running policy
    [frozen_flower] chain 114/1000 task 1/1 step 200/360: policy 0.00s, stepping env
    [frozen_flower] chain 114/1000 task 1/1 step 225/360: running policy
    [frozen_flower] chain 114/1000 task 1/1 step 225/360: policy 0.00s, stepping env
    [frozen_flower] chain 114/1000 task 1/1 step 250/360: running policy
    [frozen_flower] chain 114/1000 task 1/1 step 250/360: policy 0.00s, stepping env
    [frozen_flower] chain 114/1000 task 1/1 step 275/360: running policy
    [frozen_flower] chain 114/1000 task 1/1 step 275/360: policy 0.00s, stepping env
    [frozen_flower] chain 114/1000 task 1/1 step 300/360: running policy
    [frozen_flower] chain 114/1000 task 1/1 step 300/360: policy 0.00s, stepping env
    [frozen_flower] chain 114/1000 task 1/1 step 325/360: running policy
    [frozen_flower] chain 114/1000 task 1/1 step 325/360: policy 0.00s, stepping env
    [frozen_flower] chain 114/1000 task 1/1 step 350/360: running policy
    [frozen_flower] chain 114/1000 task 1/1 step 350/360: policy 0.00s, stepping env
    [frozen_flower] chain 114/1000 task 1/1 failed: 360 steps, 8.3s
    [frozen_flower] chain 115/1000 start: ['lift_red_block_slider']
    [frozen_flower] chain 115/1000 instructions: ['lift the red block from the sliding cabinet']
    [frozen_flower] chain 115/1000 task 1/1 start: lift_red_block_slider | instruction: lift the red block from the sliding cabinet
    [frozen_flower] chain 115/1000 task 1/1 step 1/360: running policy
    [frozen_flower] chain 115/1000 task 1/1 step 1/360: policy 0.16s, stepping env
    [frozen_flower] chain 115/1000 task 1/1 step 25/360: running policy
    [frozen_flower] chain 115/1000 task 1/1 step 25/360: policy 0.00s, stepping env
    [frozen_flower] chain 115/1000 task 1/1 step 50/360: running policy
    [frozen_flower] chain 115/1000 task 1/1 step 50/360: policy 0.00s, stepping env
    [frozen_flower] chain 115/1000 task 1/1 step 75/360: running policy
    [frozen_flower] chain 115/1000 task 1/1 step 75/360: policy 0.00s, stepping env
    [frozen_flower] chain 115/1000 task 1/1 step 100/360: running policy
    [frozen_flower] chain 115/1000 task 1/1 step 100/360: policy 0.00s, stepping env
    [frozen_flower] chain 115/1000 task 1/1 step 125/360: running policy
    [frozen_flower] chain 115/1000 task 1/1 step 125/360: policy 0.00s, stepping env
    [frozen_flower] chain 115/1000 task 1/1 step 150/360: running policy
    [frozen_flower] chain 115/1000 task 1/1 step 150/360: policy 0.00s, stepping env
    [frozen_flower] chain 115/1000 task 1/1 step 175/360: running policy
    [frozen_flower] chain 115/1000 task 1/1 step 175/360: policy 0.00s, stepping env
    [frozen_flower] chain 115/1000 task 1/1 step 200/360: running policy
    [frozen_flower] chain 115/1000 task 1/1 step 200/360: policy 0.00s, stepping env
    [frozen_flower] chain 115/1000 task 1/1 step 225/360: running policy
    [frozen_flower] chain 115/1000 task 1/1 step 225/360: policy 0.00s, stepping env
    [frozen_flower] chain 115/1000 task 1/1 step 250/360: running policy
    [frozen_flower] chain 115/1000 task 1/1 step 250/360: policy 0.00s, stepping env
    [frozen_flower] chain 115/1000 task 1/1 step 275/360: running policy
    [frozen_flower] chain 115/1000 task 1/1 step 275/360: policy 0.00s, stepping env
    [frozen_flower] chain 115/1000 task 1/1 step 300/360: running policy
    [frozen_flower] chain 115/1000 task 1/1 step 300/360: policy 0.00s, stepping env
    [frozen_flower] chain 115/1000 task 1/1 step 325/360: running policy
    [frozen_flower] chain 115/1000 task 1/1 step 325/360: policy 0.00s, stepping env
    [frozen_flower] chain 115/1000 task 1/1 success at step 340
    [frozen_flower] chain 115/1000 task 1/1 success: 340 steps, 8.1s
    [frozen_flower] chain 116/1000 start: ['push_pink_block_left']
    [frozen_flower] chain 116/1000 instructions: ['go push the pink block left']
    [frozen_flower] chain 116/1000 task 1/1 start: push_pink_block_left | instruction: go push the pink block left
    [frozen_flower] chain 116/1000 task 1/1 step 1/360: running policy
    [frozen_flower] chain 116/1000 task 1/1 step 1/360: policy 0.16s, stepping env
    [frozen_flower] chain 116/1000 task 1/1 step 25/360: running policy
    [frozen_flower] chain 116/1000 task 1/1 step 25/360: policy 0.00s, stepping env
    [frozen_flower] chain 116/1000 task 1/1 step 50/360: running policy
    [frozen_flower] chain 116/1000 task 1/1 step 50/360: policy 0.00s, stepping env
    [frozen_flower] chain 116/1000 task 1/1 success at step 59
    [frozen_flower] chain 116/1000 task 1/1 success: 59 steps, 1.3s
    [frozen_flower] chain 117/1000 start: ['push_red_block_left']
    [frozen_flower] chain 117/1000 instructions: ['go push the red block left']
    [frozen_flower] chain 117/1000 task 1/1 start: push_red_block_left | instruction: go push the red block left
    [frozen_flower] chain 117/1000 task 1/1 step 1/360: running policy
    [frozen_flower] chain 117/1000 task 1/1 step 1/360: policy 0.16s, stepping env
    [frozen_flower] chain 117/1000 task 1/1 step 25/360: running policy
    [frozen_flower] chain 117/1000 task 1/1 step 25/360: policy 0.00s, stepping env
    [frozen_flower] chain 117/1000 task 1/1 step 50/360: running policy
    [frozen_flower] chain 117/1000 task 1/1 step 50/360: policy 0.00s, stepping env
    [frozen_flower] chain 117/1000 task 1/1 success at step 59
    [frozen_flower] chain 117/1000 task 1/1 success: 59 steps, 1.3s
    [frozen_flower] chain 118/1000 start: ['push_pink_block_right']
    [frozen_flower] chain 118/1000 instructions: ['go push the pink block right']
    [frozen_flower] chain 118/1000 task 1/1 start: push_pink_block_right | instruction: go push the pink block right
    [frozen_flower] chain 118/1000 task 1/1 step 1/360: running policy
    [frozen_flower] chain 118/1000 task 1/1 step 1/360: policy 0.16s, stepping env
    [frozen_flower] chain 118/1000 task 1/1 step 25/360: running policy
    [frozen_flower] chain 118/1000 task 1/1 step 25/360: policy 0.00s, stepping env
    [frozen_flower] chain 118/1000 task 1/1 step 50/360: running policy
    [frozen_flower] chain 118/1000 task 1/1 step 50/360: policy 0.00s, stepping env
    [frozen_flower] chain 118/1000 task 1/1 step 75/360: running policy
    [frozen_flower] chain 118/1000 task 1/1 step 75/360: policy 0.00s, stepping env
    [frozen_flower] chain 118/1000 task 1/1 step 100/360: running policy
    [frozen_flower] chain 118/1000 task 1/1 step 100/360: policy 0.00s, stepping env
    [frozen_flower] chain 118/1000 task 1/1 step 125/360: running policy
    [frozen_flower] chain 118/1000 task 1/1 step 125/360: policy 0.00s, stepping env
    [frozen_flower] chain 118/1000 task 1/1 step 150/360: running policy
    [frozen_flower] chain 118/1000 task 1/1 step 150/360: policy 0.00s, stepping env
    [frozen_flower] chain 118/1000 task 1/1 step 175/360: running policy
    [frozen_flower] chain 118/1000 task 1/1 step 175/360: policy 0.00s, stepping env
    [frozen_flower] chain 118/1000 task 1/1 step 200/360: running policy
    [frozen_flower] chain 118/1000 task 1/1 step 200/360: policy 0.00s, stepping env
    [frozen_flower] chain 118/1000 task 1/1 success at step 212
    [frozen_flower] chain 118/1000 task 1/1 success: 212 steps, 4.9s
    [frozen_flower] chain 119/1000 start: ['rotate_red_block_left']
    [frozen_flower] chain 119/1000 instructions: ['take the red block and rotate it to the left']
    [frozen_flower] chain 119/1000 task 1/1 start: rotate_red_block_left | instruction: take the red block and rotate it to the left
    [frozen_flower] chain 119/1000 task 1/1 step 1/360: running policy
    [frozen_flower] chain 119/1000 task 1/1 step 1/360: policy 0.16s, stepping env
    [frozen_flower] chain 119/1000 task 1/1 step 25/360: running policy
    [frozen_flower] chain 119/1000 task 1/1 step 25/360: policy 0.00s, stepping env
    [frozen_flower] chain 119/1000 task 1/1 step 50/360: running policy
    [frozen_flower] chain 119/1000 task 1/1 step 50/360: policy 0.00s, stepping env
    [frozen_flower] chain 119/1000 task 1/1 step 75/360: running policy
    [frozen_flower] chain 119/1000 task 1/1 step 75/360: policy 0.00s, stepping env
    [frozen_flower] chain 119/1000 task 1/1 step 100/360: running policy
    [frozen_flower] chain 119/1000 task 1/1 step 100/360: policy 0.00s, stepping env
    [frozen_flower] chain 119/1000 task 1/1 success at step 104
    [frozen_flower] chain 119/1000 task 1/1 success: 104 steps, 2.4s
    [frozen_flower] chain 120/1000 start: ['move_slider_right']
    [frozen_flower] chain 120/1000 instructions: ['push the sliding door to the right side']
    [frozen_flower] chain 120/1000 task 1/1 start: move_slider_right | instruction: push the sliding door to the right side
    [frozen_flower] chain 120/1000 task 1/1 step 1/360: running policy
    [frozen_flower] chain 120/1000 task 1/1 step 1/360: policy 0.16s, stepping env
    [frozen_flower] chain 120/1000 task 1/1 step 25/360: running policy
    [frozen_flower] chain 120/1000 task 1/1 step 25/360: policy 0.00s, stepping env
    [frozen_flower] chain 120/1000 task 1/1 step 50/360: running policy
    [frozen_flower] chain 120/1000 task 1/1 step 50/360: policy 0.00s, stepping env
    [frozen_flower] chain 120/1000 task 1/1 success at step 59
    [frozen_flower] chain 120/1000 task 1/1 success: 59 steps, 1.4s
    [frozen_flower] 120/1000 chains, L1 success: 95.8%
    [frozen_flower] chain 121/1000 start: ['open_drawer']
    [frozen_flower] chain 121/1000 instructions: ['pull the handle to open the drawer']
    [frozen_flower] chain 121/1000 task 1/1 start: open_drawer | instruction: pull the handle to open the drawer
    [frozen_flower] chain 121/1000 task 1/1 step 1/360: running policy
    [frozen_flower] chain 121/1000 task 1/1 step 1/360: policy 0.16s, stepping env
    [frozen_flower] chain 121/1000 task 1/1 step 25/360: running policy
    [frozen_flower] chain 121/1000 task 1/1 step 25/360: policy 0.00s, stepping env
    [frozen_flower] chain 121/1000 task 1/1 step 50/360: running policy
    [frozen_flower] chain 121/1000 task 1/1 step 50/360: policy 0.00s, stepping env
    [frozen_flower] chain 121/1000 task 1/1 success at step 51
    [frozen_flower] chain 121/1000 task 1/1 success: 51 steps, 1.3s
    [frozen_flower] chain 122/1000 start: ['turn_off_led']
    [frozen_flower] chain 122/1000 instructions: ['press the button to turn off the led light']
    [frozen_flower] chain 122/1000 task 1/1 start: turn_off_led | instruction: press the button to turn off the led light
    [frozen_flower] chain 122/1000 task 1/1 step 1/360: running policy
    [frozen_flower] chain 122/1000 task 1/1 step 1/360: policy 0.16s, stepping env
    [frozen_flower] chain 122/1000 task 1/1 step 25/360: running policy
    [frozen_flower] chain 122/1000 task 1/1 step 25/360: policy 0.00s, stepping env
    [frozen_flower] chain 122/1000 task 1/1 success at step 38
    [frozen_flower] chain 122/1000 task 1/1 success: 38 steps, 0.9s
    [frozen_flower] chain 123/1000 start: ['rotate_pink_block_left']
    [frozen_flower] chain 123/1000 instructions: ['take the pink block and rotate it to the left']
    [frozen_flower] chain 123/1000 task 1/1 start: rotate_pink_block_left | instruction: take the pink block and rotate it to the left
    [frozen_flower] chain 123/1000 task 1/1 step 1/360: running policy
    [frozen_flower] chain 123/1000 task 1/1 step 1/360: policy 0.16s, stepping env
    [frozen_flower] chain 123/1000 task 1/1 step 25/360: running policy
    [frozen_flower] chain 123/1000 task 1/1 step 25/360: policy 0.00s, stepping env
    [frozen_flower] chain 123/1000 task 1/1 step 50/360: running policy
    [frozen_flower] chain 123/1000 task 1/1 step 50/360: policy 0.00s, stepping env
    [frozen_flower] chain 123/1000 task 1/1 step 75/360: running policy
    [frozen_flower] chain 123/1000 task 1/1 step 75/360: policy 0.00s, stepping env
    [frozen_flower] chain 123/1000 task 1/1 success at step 84
    [frozen_flower] chain 123/1000 task 1/1 success: 84 steps, 2.0s
    [frozen_flower] chain 124/1000 start: ['move_slider_right']
    [frozen_flower] chain 124/1000 instructions: ['push the sliding door to the right side']
    [frozen_flower] chain 124/1000 task 1/1 start: move_slider_right | instruction: push the sliding door to the right side
    [frozen_flower] chain 124/1000 task 1/1 step 1/360: running policy
    [frozen_flower] chain 124/1000 task 1/1 step 1/360: policy 0.16s, stepping env
    [frozen_flower] chain 124/1000 task 1/1 step 25/360: running policy
    [frozen_flower] chain 124/1000 task 1/1 step 25/360: policy 0.00s, stepping env
    [frozen_flower] chain 124/1000 task 1/1 step 50/360: running policy
    [frozen_flower] chain 124/1000 task 1/1 step 50/360: policy 0.00s, stepping env
    [frozen_flower] chain 124/1000 task 1/1 success at step 61
    [frozen_flower] chain 124/1000 task 1/1 success: 61 steps, 1.5s
    [frozen_flower] chain 125/1000 start: ['open_drawer']
    [frozen_flower] chain 125/1000 instructions: ['pull the handle to open the drawer']
    [frozen_flower] chain 125/1000 task 1/1 start: open_drawer | instruction: pull the handle to open the drawer
    [frozen_flower] chain 125/1000 task 1/1 step 1/360: running policy
    [frozen_flower] chain 125/1000 task 1/1 step 1/360: policy 0.16s, stepping env
    [frozen_flower] chain 125/1000 task 1/1 step 25/360: running policy
    [frozen_flower] chain 125/1000 task 1/1 step 25/360: policy 0.00s, stepping env
    [frozen_flower] chain 125/1000 task 1/1 step 50/360: running policy
    [frozen_flower] chain 125/1000 task 1/1 step 50/360: policy 0.00s, stepping env
    [frozen_flower] chain 125/1000 task 1/1 success at step 50
    [frozen_flower] chain 125/1000 task 1/1 success: 50 steps, 1.1s
    [frozen_flower] chain 126/1000 start: ['push_pink_block_left']
    [frozen_flower] chain 126/1000 instructions: ['go push the pink block left']
    [frozen_flower] chain 126/1000 task 1/1 start: push_pink_block_left | instruction: go push the pink block left
    [frozen_flower] chain 126/1000 task 1/1 step 1/360: running policy
    [frozen_flower] chain 126/1000 task 1/1 step 1/360: policy 0.16s, stepping env
    [frozen_flower] chain 126/1000 task 1/1 step 25/360: running policy
    [frozen_flower] chain 126/1000 task 1/1 step 25/360: policy 0.00s, stepping env
    [frozen_flower] chain 126/1000 task 1/1 step 50/360: running policy
    [frozen_flower] chain 126/1000 task 1/1 step 50/360: policy 0.00s, stepping env
    [frozen_flower] chain 126/1000 task 1/1 success at step 53
    [frozen_flower] chain 126/1000 task 1/1 success: 53 steps, 1.3s
    [frozen_flower] chain 127/1000 start: ['rotate_pink_block_right']
    [frozen_flower] chain 127/1000 instructions: ['take the pink block and rotate it to the right']
    [frozen_flower] chain 127/1000 task 1/1 start: rotate_pink_block_right | instruction: take the pink block and rotate it to the right
    [frozen_flower] chain 127/1000 task 1/1 step 1/360: running policy
    [frozen_flower] chain 127/1000 task 1/1 step 1/360: policy 0.16s, stepping env
    [frozen_flower] chain 127/1000 task 1/1 step 25/360: running policy
    [frozen_flower] chain 127/1000 task 1/1 step 25/360: policy 0.00s, stepping env
    [frozen_flower] chain 127/1000 task 1/1 step 50/360: running policy
    [frozen_flower] chain 127/1000 task 1/1 step 50/360: policy 0.00s, stepping env
    [frozen_flower] chain 127/1000 task 1/1 step 75/360: running policy
    [frozen_flower] chain 127/1000 task 1/1 step 75/360: policy 0.00s, stepping env
    [frozen_flower] chain 127/1000 task 1/1 success at step 84
    [frozen_flower] chain 127/1000 task 1/1 success: 84 steps, 2.0s
    [frozen_flower] chain 128/1000 start: ['open_drawer']
    [frozen_flower] chain 128/1000 instructions: ['pull the handle to open the drawer']
    [frozen_flower] chain 128/1000 task 1/1 start: open_drawer | instruction: pull the handle to open the drawer
    [frozen_flower] chain 128/1000 task 1/1 step 1/360: running policy
    [frozen_flower] chain 128/1000 task 1/1 step 1/360: policy 0.16s, stepping env
    [frozen_flower] chain 128/1000 task 1/1 step 25/360: running policy
    [frozen_flower] chain 128/1000 task 1/1 step 25/360: policy 0.00s, stepping env
    [frozen_flower] chain 128/1000 task 1/1 step 50/360: running policy
    [frozen_flower] chain 128/1000 task 1/1 step 50/360: policy 0.00s, stepping env
    [frozen_flower] chain 128/1000 task 1/1 success at step 53
    [frozen_flower] chain 128/1000 task 1/1 success: 53 steps, 1.3s
    [frozen_flower] chain 129/1000 start: ['turn_off_led']
    [frozen_flower] chain 129/1000 instructions: ['press the button to turn off the led light']
    [frozen_flower] chain 129/1000 task 1/1 start: turn_off_led | instruction: press the button to turn off the led light
    [frozen_flower] chain 129/1000 task 1/1 step 1/360: running policy
    [frozen_flower] chain 129/1000 task 1/1 step 1/360: policy 0.16s, stepping env
    [frozen_flower] chain 129/1000 task 1/1 step 25/360: running policy
    [frozen_flower] chain 129/1000 task 1/1 step 25/360: policy 0.00s, stepping env
    [frozen_flower] chain 129/1000 task 1/1 success at step 36
    [frozen_flower] chain 129/1000 task 1/1 success: 36 steps, 0.9s
    [frozen_flower] chain 130/1000 start: ['lift_blue_block_slider']
    [frozen_flower] chain 130/1000 instructions: ['lift the blue block from the sliding cabinet']
    [frozen_flower] chain 130/1000 task 1/1 start: lift_blue_block_slider | instruction: lift the blue block from the sliding cabinet
    [frozen_flower] chain 130/1000 task 1/1 step 1/360: running policy
    [frozen_flower] chain 130/1000 task 1/1 step 1/360: policy 0.16s, stepping env
    [frozen_flower] chain 130/1000 task 1/1 step 25/360: running policy
    [frozen_flower] chain 130/1000 task 1/1 step 25/360: policy 0.00s, stepping env
    [frozen_flower] chain 130/1000 task 1/1 step 50/360: running policy
    [frozen_flower] chain 130/1000 task 1/1 step 50/360: policy 0.00s, stepping env
    [frozen_flower] chain 130/1000 task 1/1 success at step 65
    [frozen_flower] chain 130/1000 task 1/1 success: 65 steps, 1.5s
    [frozen_flower] 130/1000 chains, L1 success: 96.2%
    [frozen_flower] chain 131/1000 start: ['lift_red_block_slider']
    [frozen_flower] chain 131/1000 instructions: ['lift the red block from the sliding cabinet']
    [frozen_flower] chain 131/1000 task 1/1 start: lift_red_block_slider | instruction: lift the red block from the sliding cabinet
    [frozen_flower] chain 131/1000 task 1/1 step 1/360: running policy
    [frozen_flower] chain 131/1000 task 1/1 step 1/360: policy 0.16s, stepping env
    [frozen_flower] chain 131/1000 task 1/1 step 25/360: running policy
    [frozen_flower] chain 131/1000 task 1/1 step 25/360: policy 0.00s, stepping env
    [frozen_flower] chain 131/1000 task 1/1 success at step 49
    [frozen_flower] chain 131/1000 task 1/1 success: 49 steps, 1.1s
    [frozen_flower] chain 132/1000 start: ['move_slider_left']
    [frozen_flower] chain 132/1000 instructions: ['push the sliding door to the left side']
    [frozen_flower] chain 132/1000 task 1/1 start: move_slider_left | instruction: push the sliding door to the left side
    [frozen_flower] chain 132/1000 task 1/1 step 1/360: running policy
    [frozen_flower] chain 132/1000 task 1/1 step 1/360: policy 0.16s, stepping env
    [frozen_flower] chain 132/1000 task 1/1 step 25/360: running policy
    [frozen_flower] chain 132/1000 task 1/1 step 25/360: policy 0.00s, stepping env
    [frozen_flower] chain 132/1000 task 1/1 step 50/360: running policy
    [frozen_flower] chain 132/1000 task 1/1 step 50/360: policy 0.00s, stepping env
    [frozen_flower] chain 132/1000 task 1/1 step 75/360: running policy
    [frozen_flower] chain 132/1000 task 1/1 step 75/360: policy 0.00s, stepping env
    [frozen_flower] chain 132/1000 task 1/1 success at step 93
    [frozen_flower] chain 132/1000 task 1/1 success: 93 steps, 2.2s
    [frozen_flower] chain 133/1000 start: ['close_drawer']
    [frozen_flower] chain 133/1000 instructions: ['push the handle to close the drawer']
    [frozen_flower] chain 133/1000 task 1/1 start: close_drawer | instruction: push the handle to close the drawer
    [frozen_flower] chain 133/1000 task 1/1 step 1/360: running policy
    [frozen_flower] chain 133/1000 task 1/1 step 1/360: policy 0.16s, stepping env
    [frozen_flower] chain 133/1000 task 1/1 step 25/360: running policy
    [frozen_flower] chain 133/1000 task 1/1 step 25/360: policy 0.00s, stepping env
    [frozen_flower] chain 133/1000 task 1/1 step 50/360: running policy
    [frozen_flower] chain 133/1000 task 1/1 step 50/360: policy 0.00s, stepping env
    [frozen_flower] chain 133/1000 task 1/1 success at step 52
    [frozen_flower] chain 133/1000 task 1/1 success: 52 steps, 1.3s
    [frozen_flower] chain 134/1000 start: ['lift_blue_block_slider']
    [frozen_flower] chain 134/1000 instructions: ['lift the blue block from the sliding cabinet']
    [frozen_flower] chain 134/1000 task 1/1 start: lift_blue_block_slider | instruction: lift the blue block from the sliding cabinet
    [frozen_flower] chain 134/1000 task 1/1 step 1/360: running policy
    [frozen_flower] chain 134/1000 task 1/1 step 1/360: policy 0.16s, stepping env
    [frozen_flower] chain 134/1000 task 1/1 step 25/360: running policy
    [frozen_flower] chain 134/1000 task 1/1 step 25/360: policy 0.00s, stepping env
    [frozen_flower] chain 134/1000 task 1/1 step 50/360: running policy
    [frozen_flower] chain 134/1000 task 1/1 step 50/360: policy 0.00s, stepping env
    [frozen_flower] chain 134/1000 task 1/1 step 75/360: running policy
    [frozen_flower] chain 134/1000 task 1/1 step 75/360: policy 0.00s, stepping env
    [frozen_flower] chain 134/1000 task 1/1 step 100/360: running policy
    [frozen_flower] chain 134/1000 task 1/1 step 100/360: policy 0.00s, stepping env
    [frozen_flower] chain 134/1000 task 1/1 step 125/360: running policy
    [frozen_flower] chain 134/1000 task 1/1 step 125/360: policy 0.00s, stepping env
    [frozen_flower] chain 134/1000 task 1/1 step 150/360: running policy
    [frozen_flower] chain 134/1000 task 1/1 step 150/360: policy 0.00s, stepping env
    [frozen_flower] chain 134/1000 task 1/1 step 175/360: running policy
    [frozen_flower] chain 134/1000 task 1/1 step 175/360: policy 0.00s, stepping env
    [frozen_flower] chain 134/1000 task 1/1 step 200/360: running policy
    [frozen_flower] chain 134/1000 task 1/1 step 200/360: policy 0.00s, stepping env
    [frozen_flower] chain 134/1000 task 1/1 step 225/360: running policy
    [frozen_flower] chain 134/1000 task 1/1 step 225/360: policy 0.00s, stepping env
    [frozen_flower] chain 134/1000 task 1/1 step 250/360: running policy
    [frozen_flower] chain 134/1000 task 1/1 step 250/360: policy 0.00s, stepping env
    [frozen_flower] chain 134/1000 task 1/1 step 275/360: running policy
    [frozen_flower] chain 134/1000 task 1/1 step 275/360: policy 0.00s, stepping env
    [frozen_flower] chain 134/1000 task 1/1 step 300/360: running policy
    [frozen_flower] chain 134/1000 task 1/1 step 300/360: policy 0.00s, stepping env
    [frozen_flower] chain 134/1000 task 1/1 step 325/360: running policy
    [frozen_flower] chain 134/1000 task 1/1 step 325/360: policy 0.00s, stepping env
    [frozen_flower] chain 134/1000 task 1/1 step 350/360: running policy
    [frozen_flower] chain 134/1000 task 1/1 step 350/360: policy 0.00s, stepping env
    [frozen_flower] chain 134/1000 task 1/1 failed: 360 steps, 8.5s
    [frozen_flower] chain 135/1000 start: ['push_into_drawer']
    [frozen_flower] chain 135/1000 instructions: ['slide the block that it falls into the drawer']
    [frozen_flower] chain 135/1000 task 1/1 start: push_into_drawer | instruction: slide the block that it falls into the drawer
    [frozen_flower] chain 135/1000 task 1/1 step 1/360: running policy
    [frozen_flower] chain 135/1000 task 1/1 step 1/360: policy 0.16s, stepping env
    [frozen_flower] chain 135/1000 task 1/1 step 25/360: running policy
    [frozen_flower] chain 135/1000 task 1/1 step 25/360: policy 0.00s, stepping env
    [frozen_flower] chain 135/1000 task 1/1 step 50/360: running policy
    [frozen_flower] chain 135/1000 task 1/1 step 50/360: policy 0.00s, stepping env
    [frozen_flower] chain 135/1000 task 1/1 success at step 62
    [frozen_flower] chain 135/1000 task 1/1 success: 62 steps, 1.5s
    [frozen_flower] chain 136/1000 start: ['lift_blue_block_slider']
    [frozen_flower] chain 136/1000 instructions: ['lift the blue block from the sliding cabinet']
    [frozen_flower] chain 136/1000 task 1/1 start: lift_blue_block_slider | instruction: lift the blue block from the sliding cabinet
    [frozen_flower] chain 136/1000 task 1/1 step 1/360: running policy
    [frozen_flower] chain 136/1000 task 1/1 step 1/360: policy 0.16s, stepping env
    [frozen_flower] chain 136/1000 task 1/1 step 25/360: running policy
    [frozen_flower] chain 136/1000 task 1/1 step 25/360: policy 0.00s, stepping env
    [frozen_flower] chain 136/1000 task 1/1 step 50/360: running policy
    [frozen_flower] chain 136/1000 task 1/1 step 50/360: policy 0.00s, stepping env
    [frozen_flower] chain 136/1000 task 1/1 success at step 73
    [frozen_flower] chain 136/1000 task 1/1 success: 73 steps, 1.7s
    [frozen_flower] chain 137/1000 start: ['open_drawer']
    [frozen_flower] chain 137/1000 instructions: ['pull the handle to open the drawer']
    [frozen_flower] chain 137/1000 task 1/1 start: open_drawer | instruction: pull the handle to open the drawer
    [frozen_flower] chain 137/1000 task 1/1 step 1/360: running policy
    [frozen_flower] chain 137/1000 task 1/1 step 1/360: policy 0.16s, stepping env
    [frozen_flower] chain 137/1000 task 1/1 step 25/360: running policy
    [frozen_flower] chain 137/1000 task 1/1 step 25/360: policy 0.00s, stepping env
    [frozen_flower] chain 137/1000 task 1/1 step 50/360: running policy
    [frozen_flower] chain 137/1000 task 1/1 step 50/360: policy 0.00s, stepping env
    [frozen_flower] chain 137/1000 task 1/1 success at step 51
    [frozen_flower] chain 137/1000 task 1/1 success: 51 steps, 1.3s
    [frozen_flower] chain 138/1000 start: ['push_red_block_left']
    [frozen_flower] chain 138/1000 instructions: ['go push the red block left']
    [frozen_flower] chain 138/1000 task 1/1 start: push_red_block_left | instruction: go push the red block left
    [frozen_flower] chain 138/1000 task 1/1 step 1/360: running policy
    [frozen_flower] chain 138/1000 task 1/1 step 1/360: policy 0.16s, stepping env
    [frozen_flower] chain 138/1000 task 1/1 step 25/360: running policy
    [frozen_flower] chain 138/1000 task 1/1 step 25/360: policy 0.00s, stepping env
    [frozen_flower] chain 138/1000 task 1/1 step 50/360: running policy
    [frozen_flower] chain 138/1000 task 1/1 step 50/360: policy 0.00s, stepping env
    [frozen_flower] chain 138/1000 task 1/1 step 75/360: running policy
    [frozen_flower] chain 138/1000 task 1/1 step 75/360: policy 0.00s, stepping env
    [frozen_flower] chain 138/1000 task 1/1 step 100/360: running policy
    [frozen_flower] chain 138/1000 task 1/1 step 100/360: policy 0.00s, stepping env
    [frozen_flower] chain 138/1000 task 1/1 success at step 109
    [frozen_flower] chain 138/1000 task 1/1 success: 109 steps, 2.5s
    [frozen_flower] chain 139/1000 start: ['rotate_red_block_left']
    [frozen_flower] chain 139/1000 instructions: ['take the red block and rotate it to the left']
    [frozen_flower] chain 139/1000 task 1/1 start: rotate_red_block_left | instruction: take the red block and rotate it to the left
    [frozen_flower] chain 139/1000 task 1/1 step 1/360: running policy
    [frozen_flower] chain 139/1000 task 1/1 step 1/360: policy 0.16s, stepping env
    [frozen_flower] chain 139/1000 task 1/1 step 25/360: running policy
    [frozen_flower] chain 139/1000 task 1/1 step 25/360: policy 0.00s, stepping env
    [frozen_flower] chain 139/1000 task 1/1 step 50/360: running policy
    [frozen_flower] chain 139/1000 task 1/1 step 50/360: policy 0.00s, stepping env
    [frozen_flower] chain 139/1000 task 1/1 step 75/360: running policy
    [frozen_flower] chain 139/1000 task 1/1 step 75/360: policy 0.00s, stepping env
    [frozen_flower] chain 139/1000 task 1/1 step 100/360: running policy
    [frozen_flower] chain 139/1000 task 1/1 step 100/360: policy 0.00s, stepping env
    [frozen_flower] chain 139/1000 task 1/1 step 125/360: running policy
    [frozen_flower] chain 139/1000 task 1/1 step 125/360: policy 0.00s, stepping env
    [frozen_flower] chain 139/1000 task 1/1 success at step 126
    [frozen_flower] chain 139/1000 task 1/1 success: 126 steps, 3.0s
    [frozen_flower] chain 140/1000 start: ['move_slider_left']
    [frozen_flower] chain 140/1000 instructions: ['push the sliding door to the left side']
    [frozen_flower] chain 140/1000 task 1/1 start: move_slider_left | instruction: push the sliding door to the left side
    [frozen_flower] chain 140/1000 task 1/1 step 1/360: running policy
    [frozen_flower] chain 140/1000 task 1/1 step 1/360: policy 0.16s, stepping env
    [frozen_flower] chain 140/1000 task 1/1 step 25/360: running policy
    [frozen_flower] chain 140/1000 task 1/1 step 25/360: policy 0.00s, stepping env
    [frozen_flower] chain 140/1000 task 1/1 step 50/360: running policy
    [frozen_flower] chain 140/1000 task 1/1 step 50/360: policy 0.00s, stepping env
    [frozen_flower] chain 140/1000 task 1/1 success at step 54
    [frozen_flower] chain 140/1000 task 1/1 success: 54 steps, 1.3s
    [frozen_flower] 140/1000 chains, L1 success: 95.7%
    [frozen_flower] chain 141/1000 start: ['turn_on_led']
    [frozen_flower] chain 141/1000 instructions: ['press the button to turn on the led light']
    [frozen_flower] chain 141/1000 task 1/1 start: turn_on_led | instruction: press the button to turn on the led light
    [frozen_flower] chain 141/1000 task 1/1 step 1/360: running policy
    [frozen_flower] chain 141/1000 task 1/1 step 1/360: policy 0.16s, stepping env
    [frozen_flower] chain 141/1000 task 1/1 step 25/360: running policy
    [frozen_flower] chain 141/1000 task 1/1 step 25/360: policy 0.00s, stepping env
    [frozen_flower] chain 141/1000 task 1/1 success at step 38
    [frozen_flower] chain 141/1000 task 1/1 success: 38 steps, 0.9s
    [frozen_flower] chain 142/1000 start: ['turn_on_lightbulb']
    [frozen_flower] chain 142/1000 instructions: ['use the switch to turn on the light bulb']
    [frozen_flower] chain 142/1000 task 1/1 start: turn_on_lightbulb | instruction: use the switch to turn on the light bulb
    [frozen_flower] chain 142/1000 task 1/1 step 1/360: running policy
    [frozen_flower] chain 142/1000 task 1/1 step 1/360: policy 0.16s, stepping env
    [frozen_flower] chain 142/1000 task 1/1 step 25/360: running policy
    [frozen_flower] chain 142/1000 task 1/1 step 25/360: policy 0.00s, stepping env
    [frozen_flower] chain 142/1000 task 1/1 success at step 44
    [frozen_flower] chain 142/1000 task 1/1 success: 44 steps, 1.1s
    [frozen_flower] chain 143/1000 start: ['turn_off_led']
    [frozen_flower] chain 143/1000 instructions: ['press the button to turn off the led light']
    [frozen_flower] chain 143/1000 task 1/1 start: turn_off_led | instruction: press the button to turn off the led light
    [frozen_flower] chain 143/1000 task 1/1 step 1/360: running policy
    [frozen_flower] chain 143/1000 task 1/1 step 1/360: policy 0.16s, stepping env
    [frozen_flower] chain 143/1000 task 1/1 step 25/360: running policy
    [frozen_flower] chain 143/1000 task 1/1 step 25/360: policy 0.00s, stepping env
    [frozen_flower] chain 143/1000 task 1/1 success at step 37
    [frozen_flower] chain 143/1000 task 1/1 success: 37 steps, 0.9s
    [frozen_flower] chain 144/1000 start: ['rotate_red_block_right']
    [frozen_flower] chain 144/1000 instructions: ['take the red block and rotate it to the right']
    [frozen_flower] chain 144/1000 task 1/1 start: rotate_red_block_right | instruction: take the red block and rotate it to the right
    [frozen_flower] chain 144/1000 task 1/1 step 1/360: running policy
    [frozen_flower] chain 144/1000 task 1/1 step 1/360: policy 0.16s, stepping env
    [frozen_flower] chain 144/1000 task 1/1 step 25/360: running policy
    [frozen_flower] chain 144/1000 task 1/1 step 25/360: policy 0.00s, stepping env
    [frozen_flower] chain 144/1000 task 1/1 step 50/360: running policy
    [frozen_flower] chain 144/1000 task 1/1 step 50/360: policy 0.00s, stepping env
    [frozen_flower] chain 144/1000 task 1/1 step 75/360: running policy
    [frozen_flower] chain 144/1000 task 1/1 step 75/360: policy 0.00s, stepping env
    [frozen_flower] chain 144/1000 task 1/1 step 100/360: running policy
    [frozen_flower] chain 144/1000 task 1/1 step 100/360: policy 0.00s, stepping env
    [frozen_flower] chain 144/1000 task 1/1 step 125/360: running policy
    [frozen_flower] chain 144/1000 task 1/1 step 125/360: policy 0.00s, stepping env
    [frozen_flower] chain 144/1000 task 1/1 success at step 134
    [frozen_flower] chain 144/1000 task 1/1 success: 134 steps, 3.1s
    [frozen_flower] chain 145/1000 start: ['rotate_pink_block_right']
    [frozen_flower] chain 145/1000 instructions: ['take the pink block and rotate it to the right']
    [frozen_flower] chain 145/1000 task 1/1 start: rotate_pink_block_right | instruction: take the pink block and rotate it to the right
    [frozen_flower] chain 145/1000 task 1/1 step 1/360: running policy
    [frozen_flower] chain 145/1000 task 1/1 step 1/360: policy 0.16s, stepping env
    [frozen_flower] chain 145/1000 task 1/1 step 25/360: running policy
    [frozen_flower] chain 145/1000 task 1/1 step 25/360: policy 0.00s, stepping env
    [frozen_flower] chain 145/1000 task 1/1 step 50/360: running policy
    [frozen_flower] chain 145/1000 task 1/1 step 50/360: policy 0.00s, stepping env
    [frozen_flower] chain 145/1000 task 1/1 step 75/360: running policy
    [frozen_flower] chain 145/1000 task 1/1 step 75/360: policy 0.00s, stepping env
    [frozen_flower] chain 145/1000 task 1/1 step 100/360: running policy
    [frozen_flower] chain 145/1000 task 1/1 step 100/360: policy 0.00s, stepping env
    [frozen_flower] chain 145/1000 task 1/1 success at step 111
    [frozen_flower] chain 145/1000 task 1/1 success: 111 steps, 3.2s
    [frozen_flower] chain 146/1000 start: ['move_slider_right']
    [frozen_flower] chain 146/1000 instructions: ['push the sliding door to the right side']
    [frozen_flower] chain 146/1000 task 1/1 start: move_slider_right | instruction: push the sliding door to the right side
    [frozen_flower] chain 146/1000 task 1/1 step 1/360: running policy
    [frozen_flower] chain 146/1000 task 1/1 step 1/360: policy 0.20s, stepping env
    [frozen_flower] chain 146/1000 task 1/1 step 25/360: running policy
    [frozen_flower] chain 146/1000 task 1/1 step 25/360: policy 0.00s, stepping env
    [frozen_flower] chain 146/1000 task 1/1 step 50/360: running policy
    [frozen_flower] chain 146/1000 task 1/1 step 50/360: policy 0.00s, stepping env
    [frozen_flower] chain 146/1000 task 1/1 success at step 64
    [frozen_flower] chain 146/1000 task 1/1 success: 64 steps, 1.6s
    [frozen_flower] chain 147/1000 start: ['push_pink_block_right']
    [frozen_flower] chain 147/1000 instructions: ['go push the pink block right']
    [frozen_flower] chain 147/1000 task 1/1 start: push_pink_block_right | instruction: go push the pink block right
    [frozen_flower] chain 147/1000 task 1/1 step 1/360: running policy
    [frozen_flower] chain 147/1000 task 1/1 step 1/360: policy 0.15s, stepping env
    [frozen_flower] chain 147/1000 task 1/1 step 25/360: running policy
    [frozen_flower] chain 147/1000 task 1/1 step 25/360: policy 0.00s, stepping env
    [frozen_flower] chain 147/1000 task 1/1 step 50/360: running policy
    [frozen_flower] chain 147/1000 task 1/1 step 50/360: policy 0.00s, stepping env
    [frozen_flower] chain 147/1000 task 1/1 step 75/360: running policy
    [frozen_flower] chain 147/1000 task 1/1 step 75/360: policy 0.00s, stepping env
    [frozen_flower] chain 147/1000 task 1/1 step 100/360: running policy
    [frozen_flower] chain 147/1000 task 1/1 step 100/360: policy 0.00s, stepping env
    [frozen_flower] chain 147/1000 task 1/1 step 125/360: running policy
    [frozen_flower] chain 147/1000 task 1/1 step 125/360: policy 0.00s, stepping env
    [frozen_flower] chain 147/1000 task 1/1 step 150/360: running policy
    [frozen_flower] chain 147/1000 task 1/1 step 150/360: policy 0.00s, stepping env
    [frozen_flower] chain 147/1000 task 1/1 step 175/360: running policy
    [frozen_flower] chain 147/1000 task 1/1 step 175/360: policy 0.00s, stepping env
    [frozen_flower] chain 147/1000 task 1/1 step 200/360: running policy
    [frozen_flower] chain 147/1000 task 1/1 step 200/360: policy 0.00s, stepping env
    [frozen_flower] chain 147/1000 task 1/1 step 225/360: running policy
    [frozen_flower] chain 147/1000 task 1/1 step 225/360: policy 0.00s, stepping env
    [frozen_flower] chain 147/1000 task 1/1 step 250/360: running policy
    [frozen_flower] chain 147/1000 task 1/1 step 250/360: policy 0.00s, stepping env
    [frozen_flower] chain 147/1000 task 1/1 step 275/360: running policy
    [frozen_flower] chain 147/1000 task 1/1 step 275/360: policy 0.00s, stepping env
    [frozen_flower] chain 147/1000 task 1/1 step 300/360: running policy
    [frozen_flower] chain 147/1000 task 1/1 step 300/360: policy 0.00s, stepping env
    [frozen_flower] chain 147/1000 task 1/1 step 325/360: running policy
    [frozen_flower] chain 147/1000 task 1/1 step 325/360: policy 0.00s, stepping env
    [frozen_flower] chain 147/1000 task 1/1 success at step 342
    [frozen_flower] chain 147/1000 task 1/1 success: 342 steps, 7.7s
    [frozen_flower] chain 148/1000 start: ['turn_on_led']
    [frozen_flower] chain 148/1000 instructions: ['press the button to turn on the led light']
    [frozen_flower] chain 148/1000 task 1/1 start: turn_on_led | instruction: press the button to turn on the led light
    [frozen_flower] chain 148/1000 task 1/1 step 1/360: running policy
    [frozen_flower] chain 148/1000 task 1/1 step 1/360: policy 0.15s, stepping env
    [frozen_flower] chain 148/1000 task 1/1 step 25/360: running policy
    [frozen_flower] chain 148/1000 task 1/1 step 25/360: policy 0.00s, stepping env
    [frozen_flower] chain 148/1000 task 1/1 success at step 30
    [frozen_flower] chain 148/1000 task 1/1 success: 30 steps, 0.6s
    [frozen_flower] chain 149/1000 start: ['lift_blue_block_table']
    [frozen_flower] chain 149/1000 instructions: ['grasp and lift the blue block']
    [frozen_flower] chain 149/1000 task 1/1 start: lift_blue_block_table | instruction: grasp and lift the blue block
    [frozen_flower] chain 149/1000 task 1/1 step 1/360: running policy
    [frozen_flower] chain 149/1000 task 1/1 step 1/360: policy 0.15s, stepping env
    [frozen_flower] chain 149/1000 task 1/1 step 25/360: running policy
    [frozen_flower] chain 149/1000 task 1/1 step 25/360: policy 0.00s, stepping env
    [frozen_flower] chain 149/1000 task 1/1 success at step 41
    [frozen_flower] chain 149/1000 task 1/1 success: 41 steps, 1.0s
    [frozen_flower] chain 150/1000 start: ['turn_on_lightbulb']
    [frozen_flower] chain 150/1000 instructions: ['use the switch to turn on the light bulb']
    [frozen_flower] chain 150/1000 task 1/1 start: turn_on_lightbulb | instruction: use the switch to turn on the light bulb
    [frozen_flower] chain 150/1000 task 1/1 step 1/360: running policy
    [frozen_flower] chain 150/1000 task 1/1 step 1/360: policy 0.15s, stepping env
    [frozen_flower] chain 150/1000 task 1/1 step 25/360: running policy
    [frozen_flower] chain 150/1000 task 1/1 step 25/360: policy 0.00s, stepping env
    [frozen_flower] chain 150/1000 task 1/1 step 50/360: running policy
    [frozen_flower] chain 150/1000 task 1/1 step 50/360: policy 0.00s, stepping env
    [frozen_flower] chain 150/1000 task 1/1 success at step 50
    [frozen_flower] chain 150/1000 task 1/1 success: 50 steps, 1.1s
    [frozen_flower] 150/1000 chains, L1 success: 96.0%
    [frozen_flower] chain 151/1000 start: ['push_into_drawer']
    [frozen_flower] chain 151/1000 instructions: ['slide the block that it falls into the drawer']
    [frozen_flower] chain 151/1000 task 1/1 start: push_into_drawer | instruction: slide the block that it falls into the drawer
    [frozen_flower] chain 151/1000 task 1/1 step 1/360: running policy
    [frozen_flower] chain 151/1000 task 1/1 step 1/360: policy 0.15s, stepping env
    [frozen_flower] chain 151/1000 task 1/1 step 25/360: running policy
    [frozen_flower] chain 151/1000 task 1/1 step 25/360: policy 0.00s, stepping env
    [frozen_flower] chain 151/1000 task 1/1 step 50/360: running policy
    [frozen_flower] chain 151/1000 task 1/1 step 50/360: policy 0.00s, stepping env
    [frozen_flower] chain 151/1000 task 1/1 success at step 69
    [frozen_flower] chain 151/1000 task 1/1 success: 69 steps, 1.5s
    [frozen_flower] chain 152/1000 start: ['open_drawer']
    [frozen_flower] chain 152/1000 instructions: ['pull the handle to open the drawer']
    [frozen_flower] chain 152/1000 task 1/1 start: open_drawer | instruction: pull the handle to open the drawer
    [frozen_flower] chain 152/1000 task 1/1 step 1/360: running policy
    [frozen_flower] chain 152/1000 task 1/1 step 1/360: policy 0.16s, stepping env
    [frozen_flower] chain 152/1000 task 1/1 step 25/360: running policy
    [frozen_flower] chain 152/1000 task 1/1 step 25/360: policy 0.00s, stepping env
    [frozen_flower] chain 152/1000 task 1/1 step 50/360: running policy
    [frozen_flower] chain 152/1000 task 1/1 step 50/360: policy 0.00s, stepping env
    [frozen_flower] chain 152/1000 task 1/1 success at step 60
    [frozen_flower] chain 152/1000 task 1/1 success: 60 steps, 1.3s
    [frozen_flower] chain 153/1000 start: ['turn_on_led']
    [frozen_flower] chain 153/1000 instructions: ['press the button to turn on the led light']
    [frozen_flower] chain 153/1000 task 1/1 start: turn_on_led | instruction: press the button to turn on the led light
    [frozen_flower] chain 153/1000 task 1/1 step 1/360: running policy
    [frozen_flower] chain 153/1000 task 1/1 step 1/360: policy 0.16s, stepping env
    [frozen_flower] chain 153/1000 task 1/1 step 25/360: running policy
    [frozen_flower] chain 153/1000 task 1/1 step 25/360: policy 0.00s, stepping env
    [frozen_flower] chain 153/1000 task 1/1 success at step 36
    [frozen_flower] chain 153/1000 task 1/1 success: 36 steps, 0.9s
    [frozen_flower] chain 154/1000 start: ['turn_on_lightbulb']
    [frozen_flower] chain 154/1000 instructions: ['use the switch to turn on the light bulb']
    [frozen_flower] chain 154/1000 task 1/1 start: turn_on_lightbulb | instruction: use the switch to turn on the light bulb
    [frozen_flower] chain 154/1000 task 1/1 step 1/360: running policy
    [frozen_flower] chain 154/1000 task 1/1 step 1/360: policy 0.15s, stepping env
    [frozen_flower] chain 154/1000 task 1/1 step 25/360: running policy
    [frozen_flower] chain 154/1000 task 1/1 step 25/360: policy 0.00s, stepping env
    [frozen_flower] chain 154/1000 task 1/1 step 50/360: running policy
    [frozen_flower] chain 154/1000 task 1/1 step 50/360: policy 0.00s, stepping env
    [frozen_flower] chain 154/1000 task 1/1 success at step 51
    [frozen_flower] chain 154/1000 task 1/1 success: 51 steps, 1.3s
    [frozen_flower] chain 155/1000 start: ['turn_off_led']
    [frozen_flower] chain 155/1000 instructions: ['press the button to turn off the led light']
    [frozen_flower] chain 155/1000 task 1/1 start: turn_off_led | instruction: press the button to turn off the led light
    [frozen_flower] chain 155/1000 task 1/1 step 1/360: running policy
    [frozen_flower] chain 155/1000 task 1/1 step 1/360: policy 0.15s, stepping env
    [frozen_flower] chain 155/1000 task 1/1 step 25/360: running policy
    [frozen_flower] chain 155/1000 task 1/1 step 25/360: policy 0.00s, stepping env
    [frozen_flower] chain 155/1000 task 1/1 success at step 36
    [frozen_flower] chain 155/1000 task 1/1 success: 36 steps, 0.8s
    [frozen_flower] chain 156/1000 start: ['turn_off_led']
    [frozen_flower] chain 156/1000 instructions: ['press the button to turn off the led light']
    [frozen_flower] chain 156/1000 task 1/1 start: turn_off_led | instruction: press the button to turn off the led light
    [frozen_flower] chain 156/1000 task 1/1 step 1/360: running policy
    [frozen_flower] chain 156/1000 task 1/1 step 1/360: policy 0.15s, stepping env
    [frozen_flower] chain 156/1000 task 1/1 step 25/360: running policy
    [frozen_flower] chain 156/1000 task 1/1 step 25/360: policy 0.00s, stepping env
    [frozen_flower] chain 156/1000 task 1/1 success at step 32
    [frozen_flower] chain 156/1000 task 1/1 success: 32 steps, 0.8s
    [frozen_flower] chain 157/1000 start: ['push_pink_block_right']
    [frozen_flower] chain 157/1000 instructions: ['go push the pink block right']
    [frozen_flower] chain 157/1000 task 1/1 start: push_pink_block_right | instruction: go push the pink block right
    [frozen_flower] chain 157/1000 task 1/1 step 1/360: running policy
    [frozen_flower] chain 157/1000 task 1/1 step 1/360: policy 0.15s, stepping env
    [frozen_flower] chain 157/1000 task 1/1 step 25/360: running policy
    [frozen_flower] chain 157/1000 task 1/1 step 25/360: policy 0.00s, stepping env
    [frozen_flower] chain 157/1000 task 1/1 step 50/360: running policy
    [frozen_flower] chain 157/1000 task 1/1 step 50/360: policy 0.00s, stepping env
    [frozen_flower] chain 157/1000 task 1/1 step 75/360: running policy
    [frozen_flower] chain 157/1000 task 1/1 step 75/360: policy 0.00s, stepping env
    [frozen_flower] chain 157/1000 task 1/1 step 100/360: running policy
    [frozen_flower] chain 157/1000 task 1/1 step 100/360: policy 0.00s, stepping env
    [frozen_flower] chain 157/1000 task 1/1 success at step 123
    [frozen_flower] chain 157/1000 task 1/1 success: 123 steps, 2.8s
    [frozen_flower] chain 158/1000 start: ['lift_blue_block_slider']
    [frozen_flower] chain 158/1000 instructions: ['lift the blue block from the sliding cabinet']
    [frozen_flower] chain 158/1000 task 1/1 start: lift_blue_block_slider | instruction: lift the blue block from the sliding cabinet
    [frozen_flower] chain 158/1000 task 1/1 step 1/360: running policy
    [frozen_flower] chain 158/1000 task 1/1 step 1/360: policy 0.15s, stepping env
    [frozen_flower] chain 158/1000 task 1/1 step 25/360: running policy
    [frozen_flower] chain 158/1000 task 1/1 step 25/360: policy 0.00s, stepping env
    [frozen_flower] chain 158/1000 task 1/1 step 50/360: running policy
    [frozen_flower] chain 158/1000 task 1/1 step 50/360: policy 0.00s, stepping env
    [frozen_flower] chain 158/1000 task 1/1 success at step 67
    [frozen_flower] chain 158/1000 task 1/1 success: 67 steps, 1.5s
    [frozen_flower] chain 159/1000 start: ['push_pink_block_right']
    [frozen_flower] chain 159/1000 instructions: ['go push the pink block right']
    [frozen_flower] chain 159/1000 task 1/1 start: push_pink_block_right | instruction: go push the pink block right
    [frozen_flower] chain 159/1000 task 1/1 step 1/360: running policy
    [frozen_flower] chain 159/1000 task 1/1 step 1/360: policy 0.15s, stepping env
    [frozen_flower] chain 159/1000 task 1/1 step 25/360: running policy
    [frozen_flower] chain 159/1000 task 1/1 step 25/360: policy 0.00s, stepping env
    [frozen_flower] chain 159/1000 task 1/1 success at step 43
    [frozen_flower] chain 159/1000 task 1/1 success: 43 steps, 1.1s
    [frozen_flower] chain 160/1000 start: ['close_drawer']
    [frozen_flower] chain 160/1000 instructions: ['push the handle to close the drawer']
    [frozen_flower] chain 160/1000 task 1/1 start: close_drawer | instruction: push the handle to close the drawer
    [frozen_flower] chain 160/1000 task 1/1 step 1/360: running policy
    [frozen_flower] chain 160/1000 task 1/1 step 1/360: policy 0.15s, stepping env
    [frozen_flower] chain 160/1000 task 1/1 step 25/360: running policy
    [frozen_flower] chain 160/1000 task 1/1 step 25/360: policy 0.00s, stepping env
    [frozen_flower] chain 160/1000 task 1/1 step 50/360: running policy
    [frozen_flower] chain 160/1000 task 1/1 step 50/360: policy 0.00s, stepping env
    [frozen_flower] chain 160/1000 task 1/1 success at step 56
    [frozen_flower] chain 160/1000 task 1/1 success: 56 steps, 1.3s
    [frozen_flower] 160/1000 chains, L1 success: 96.2%
    [frozen_flower] chain 161/1000 start: ['lift_red_block_table']
    [frozen_flower] chain 161/1000 instructions: ['grasp and lift the red block']
    [frozen_flower] chain 161/1000 task 1/1 start: lift_red_block_table | instruction: grasp and lift the red block
    [frozen_flower] chain 161/1000 task 1/1 step 1/360: running policy
    [frozen_flower] chain 161/1000 task 1/1 step 1/360: policy 0.16s, stepping env
    [frozen_flower] chain 161/1000 task 1/1 step 25/360: running policy
    [frozen_flower] chain 161/1000 task 1/1 step 25/360: policy 0.00s, stepping env
    [frozen_flower] chain 161/1000 task 1/1 step 50/360: running policy
    [frozen_flower] chain 161/1000 task 1/1 step 50/360: policy 0.00s, stepping env
    [frozen_flower] chain 161/1000 task 1/1 step 75/360: running policy
    [frozen_flower] chain 161/1000 task 1/1 step 75/360: policy 0.00s, stepping env
    [frozen_flower] chain 161/1000 task 1/1 step 100/360: running policy
    [frozen_flower] chain 161/1000 task 1/1 step 100/360: policy 0.00s, stepping env
    [frozen_flower] chain 161/1000 task 1/1 step 125/360: running policy
    [frozen_flower] chain 161/1000 task 1/1 step 125/360: policy 0.00s, stepping env
    [frozen_flower] chain 161/1000 task 1/1 success at step 146
    [frozen_flower] chain 161/1000 task 1/1 success: 146 steps, 3.4s
    [frozen_flower] chain 162/1000 start: ['move_slider_right']
    [frozen_flower] chain 162/1000 instructions: ['push the sliding door to the right side']
    [frozen_flower] chain 162/1000 task 1/1 start: move_slider_right | instruction: push the sliding door to the right side
    [frozen_flower] chain 162/1000 task 1/1 step 1/360: running policy
    [frozen_flower] chain 162/1000 task 1/1 step 1/360: policy 0.15s, stepping env
    [frozen_flower] chain 162/1000 task 1/1 step 25/360: running policy
    [frozen_flower] chain 162/1000 task 1/1 step 25/360: policy 0.00s, stepping env
    [frozen_flower] chain 162/1000 task 1/1 step 50/360: running policy
    [frozen_flower] chain 162/1000 task 1/1 step 50/360: policy 0.00s, stepping env
    [frozen_flower] chain 162/1000 task 1/1 success at step 63
    [frozen_flower] chain 162/1000 task 1/1 success: 63 steps, 1.5s
    [frozen_flower] chain 163/1000 start: ['rotate_blue_block_left']
    [frozen_flower] chain 163/1000 instructions: ['take the blue block and rotate it to the left']
    [frozen_flower] chain 163/1000 task 1/1 start: rotate_blue_block_left | instruction: take the blue block and rotate it to the left
    [frozen_flower] chain 163/1000 task 1/1 step 1/360: running policy
    [frozen_flower] chain 163/1000 task 1/1 step 1/360: policy 0.15s, stepping env
    [frozen_flower] chain 163/1000 task 1/1 step 25/360: running policy
    [frozen_flower] chain 163/1000 task 1/1 step 25/360: policy 0.00s, stepping env
    [frozen_flower] chain 163/1000 task 1/1 step 50/360: running policy
    [frozen_flower] chain 163/1000 task 1/1 step 50/360: policy 0.00s, stepping env
    [frozen_flower] chain 163/1000 task 1/1 success at step 73
    [frozen_flower] chain 163/1000 task 1/1 success: 73 steps, 1.7s
    [frozen_flower] chain 164/1000 start: ['lift_blue_block_slider']
    [frozen_flower] chain 164/1000 instructions: ['lift the blue block from the sliding cabinet']
    [frozen_flower] chain 164/1000 task 1/1 start: lift_blue_block_slider | instruction: lift the blue block from the sliding cabinet
    [frozen_flower] chain 164/1000 task 1/1 step 1/360: running policy
    [frozen_flower] chain 164/1000 task 1/1 step 1/360: policy 0.15s, stepping env
    [frozen_flower] chain 164/1000 task 1/1 step 25/360: running policy
    [frozen_flower] chain 164/1000 task 1/1 step 25/360: policy 0.00s, stepping env
    [frozen_flower] chain 164/1000 task 1/1 step 50/360: running policy
    [frozen_flower] chain 164/1000 task 1/1 step 50/360: policy 0.00s, stepping env
    [frozen_flower] chain 164/1000 task 1/1 success at step 60
    [frozen_flower] chain 164/1000 task 1/1 success: 60 steps, 1.3s
    [frozen_flower] chain 165/1000 start: ['rotate_blue_block_right']
    [frozen_flower] chain 165/1000 instructions: ['take the blue block and rotate it to the right']
    [frozen_flower] chain 165/1000 task 1/1 start: rotate_blue_block_right | instruction: take the blue block and rotate it to the right
    [frozen_flower] chain 165/1000 task 1/1 step 1/360: running policy
    [frozen_flower] chain 165/1000 task 1/1 step 1/360: policy 0.15s, stepping env
    [frozen_flower] chain 165/1000 task 1/1 step 25/360: running policy
    [frozen_flower] chain 165/1000 task 1/1 step 25/360: policy 0.00s, stepping env
    [frozen_flower] chain 165/1000 task 1/1 step 50/360: running policy
    [frozen_flower] chain 165/1000 task 1/1 step 50/360: policy 0.00s, stepping env
    [frozen_flower] chain 165/1000 task 1/1 success at step 74
    [frozen_flower] chain 165/1000 task 1/1 success: 74 steps, 1.8s
    [frozen_flower] chain 166/1000 start: ['close_drawer']
    [frozen_flower] chain 166/1000 instructions: ['push the handle to close the drawer']
    [frozen_flower] chain 166/1000 task 1/1 start: close_drawer | instruction: push the handle to close the drawer
    [frozen_flower] chain 166/1000 task 1/1 step 1/360: running policy
    [frozen_flower] chain 166/1000 task 1/1 step 1/360: policy 0.16s, stepping env
    [frozen_flower] chain 166/1000 task 1/1 step 25/360: running policy
    [frozen_flower] chain 166/1000 task 1/1 step 25/360: policy 0.00s, stepping env
    [frozen_flower] chain 166/1000 task 1/1 step 50/360: running policy
    [frozen_flower] chain 166/1000 task 1/1 step 50/360: policy 0.00s, stepping env
    [frozen_flower] chain 166/1000 task 1/1 success at step 60
    [frozen_flower] chain 166/1000 task 1/1 success: 60 steps, 1.3s
    [frozen_flower] chain 167/1000 start: ['open_drawer']
    [frozen_flower] chain 167/1000 instructions: ['pull the handle to open the drawer']
    [frozen_flower] chain 167/1000 task 1/1 start: open_drawer | instruction: pull the handle to open the drawer
    [frozen_flower] chain 167/1000 task 1/1 step 1/360: running policy
    [frozen_flower] chain 167/1000 task 1/1 step 1/360: policy 0.15s, stepping env
    [frozen_flower] chain 167/1000 task 1/1 step 25/360: running policy
    [frozen_flower] chain 167/1000 task 1/1 step 25/360: policy 0.00s, stepping env
    [frozen_flower] chain 167/1000 task 1/1 step 50/360: running policy
    [frozen_flower] chain 167/1000 task 1/1 step 50/360: policy 0.00s, stepping env
    [frozen_flower] chain 167/1000 task 1/1 success at step 52
    [frozen_flower] chain 167/1000 task 1/1 success: 52 steps, 1.3s
    [frozen_flower] chain 168/1000 start: ['move_slider_right']
    [frozen_flower] chain 168/1000 instructions: ['push the sliding door to the right side']
    [frozen_flower] chain 168/1000 task 1/1 start: move_slider_right | instruction: push the sliding door to the right side
    [frozen_flower] chain 168/1000 task 1/1 step 1/360: running policy
    [frozen_flower] chain 168/1000 task 1/1 step 1/360: policy 0.15s, stepping env
    [frozen_flower] chain 168/1000 task 1/1 step 25/360: running policy
    [frozen_flower] chain 168/1000 task 1/1 step 25/360: policy 0.00s, stepping env
    [frozen_flower] chain 168/1000 task 1/1 step 50/360: running policy
    [frozen_flower] chain 168/1000 task 1/1 step 50/360: policy 0.00s, stepping env
    [frozen_flower] chain 168/1000 task 1/1 success at step 64
    [frozen_flower] chain 168/1000 task 1/1 success: 64 steps, 1.5s
    [frozen_flower] chain 169/1000 start: ['push_pink_block_right']
    [frozen_flower] chain 169/1000 instructions: ['go push the pink block right']
    [frozen_flower] chain 169/1000 task 1/1 start: push_pink_block_right | instruction: go push the pink block right
    [frozen_flower] chain 169/1000 task 1/1 step 1/360: running policy
    [frozen_flower] chain 169/1000 task 1/1 step 1/360: policy 0.15s, stepping env
    [frozen_flower] chain 169/1000 task 1/1 step 25/360: running policy
    [frozen_flower] chain 169/1000 task 1/1 step 25/360: policy 0.00s, stepping env
    [frozen_flower] chain 169/1000 task 1/1 step 50/360: running policy
    [frozen_flower] chain 169/1000 task 1/1 step 50/360: policy 0.00s, stepping env
    [frozen_flower] chain 169/1000 task 1/1 success at step 51
    [frozen_flower] chain 169/1000 task 1/1 success: 51 steps, 1.3s
    [frozen_flower] chain 170/1000 start: ['open_drawer']
    [frozen_flower] chain 170/1000 instructions: ['pull the handle to open the drawer']
    [frozen_flower] chain 170/1000 task 1/1 start: open_drawer | instruction: pull the handle to open the drawer
    [frozen_flower] chain 170/1000 task 1/1 step 1/360: running policy
    [frozen_flower] chain 170/1000 task 1/1 step 1/360: policy 0.16s, stepping env
    [frozen_flower] chain 170/1000 task 1/1 step 25/360: running policy
    [frozen_flower] chain 170/1000 task 1/1 step 25/360: policy 0.00s, stepping env
    [frozen_flower] chain 170/1000 task 1/1 step 50/360: running policy
    [frozen_flower] chain 170/1000 task 1/1 step 50/360: policy 0.00s, stepping env
    [frozen_flower] chain 170/1000 task 1/1 success at step 56
    [frozen_flower] chain 170/1000 task 1/1 success: 56 steps, 1.3s
    [frozen_flower] 170/1000 chains, L1 success: 96.5%
    [frozen_flower] chain 171/1000 start: ['turn_off_lightbulb']
    [frozen_flower] chain 171/1000 instructions: ['use the switch to turn off the light bulb']
    [frozen_flower] chain 171/1000 task 1/1 start: turn_off_lightbulb | instruction: use the switch to turn off the light bulb
    [frozen_flower] chain 171/1000 task 1/1 step 1/360: running policy
    [frozen_flower] chain 171/1000 task 1/1 step 1/360: policy 0.15s, stepping env
    [frozen_flower] chain 171/1000 task 1/1 step 25/360: running policy
    [frozen_flower] chain 171/1000 task 1/1 step 25/360: policy 0.00s, stepping env
    [frozen_flower] chain 171/1000 task 1/1 step 50/360: running policy
    [frozen_flower] chain 171/1000 task 1/1 step 50/360: policy 0.00s, stepping env
    [frozen_flower] chain 171/1000 task 1/1 success at step 54
    [frozen_flower] chain 171/1000 task 1/1 success: 54 steps, 1.3s
    [frozen_flower] chain 172/1000 start: ['push_blue_block_left']
    [frozen_flower] chain 172/1000 instructions: ['go push the blue block left']
    [frozen_flower] chain 172/1000 task 1/1 start: push_blue_block_left | instruction: go push the blue block left
    [frozen_flower] chain 172/1000 task 1/1 step 1/360: running policy
    [frozen_flower] chain 172/1000 task 1/1 step 1/360: policy 0.16s, stepping env
    [frozen_flower] chain 172/1000 task 1/1 step 25/360: running policy
    [frozen_flower] chain 172/1000 task 1/1 step 25/360: policy 0.00s, stepping env
    [frozen_flower] chain 172/1000 task 1/1 step 50/360: running policy
    [frozen_flower] chain 172/1000 task 1/1 step 50/360: policy 0.00s, stepping env
    [frozen_flower] chain 172/1000 task 1/1 success at step 66
    [frozen_flower] chain 172/1000 task 1/1 success: 66 steps, 1.5s
    [frozen_flower] chain 173/1000 start: ['rotate_blue_block_left']
    [frozen_flower] chain 173/1000 instructions: ['take the blue block and rotate it to the left']
    [frozen_flower] chain 173/1000 task 1/1 start: rotate_blue_block_left | instruction: take the blue block and rotate it to the left
    [frozen_flower] chain 173/1000 task 1/1 step 1/360: running policy
    [frozen_flower] chain 173/1000 task 1/1 step 1/360: policy 0.16s, stepping env
    [frozen_flower] chain 173/1000 task 1/1 step 25/360: running policy
    [frozen_flower] chain 173/1000 task 1/1 step 25/360: policy 0.00s, stepping env
    [frozen_flower] chain 173/1000 task 1/1 step 50/360: running policy
    [frozen_flower] chain 173/1000 task 1/1 step 50/360: policy 0.00s, stepping env
    [frozen_flower] chain 173/1000 task 1/1 success at step 74
    [frozen_flower] chain 173/1000 task 1/1 success: 74 steps, 1.8s
    [frozen_flower] chain 174/1000 start: ['lift_red_block_table']
    [frozen_flower] chain 174/1000 instructions: ['grasp and lift the red block']
    [frozen_flower] chain 174/1000 task 1/1 start: lift_red_block_table | instruction: grasp and lift the red block
    [frozen_flower] chain 174/1000 task 1/1 step 1/360: running policy
    [frozen_flower] chain 174/1000 task 1/1 step 1/360: policy 0.16s, stepping env
    [frozen_flower] chain 174/1000 task 1/1 step 25/360: running policy
    [frozen_flower] chain 174/1000 task 1/1 step 25/360: policy 0.00s, stepping env
    [frozen_flower] chain 174/1000 task 1/1 step 50/360: running policy
    [frozen_flower] chain 174/1000 task 1/1 step 50/360: policy 0.00s, stepping env
    [frozen_flower] chain 174/1000 task 1/1 step 75/360: running policy
    [frozen_flower] chain 174/1000 task 1/1 step 75/360: policy 0.00s, stepping env
    [frozen_flower] chain 174/1000 task 1/1 step 100/360: running policy
    [frozen_flower] chain 174/1000 task 1/1 step 100/360: policy 0.00s, stepping env
    [frozen_flower] chain 174/1000 task 1/1 step 125/360: running policy
    [frozen_flower] chain 174/1000 task 1/1 step 125/360: policy 0.00s, stepping env
    [frozen_flower] chain 174/1000 task 1/1 step 150/360: running policy
    [frozen_flower] chain 174/1000 task 1/1 step 150/360: policy 0.00s, stepping env
    [frozen_flower] chain 174/1000 task 1/1 step 175/360: running policy
    [frozen_flower] chain 174/1000 task 1/1 step 175/360: policy 0.00s, stepping env
    [frozen_flower] chain 174/1000 task 1/1 step 200/360: running policy
    [frozen_flower] chain 174/1000 task 1/1 step 200/360: policy 0.00s, stepping env
    [frozen_flower] chain 174/1000 task 1/1 step 225/360: running policy
    [frozen_flower] chain 174/1000 task 1/1 step 225/360: policy 0.00s, stepping env
    [frozen_flower] chain 174/1000 task 1/1 step 250/360: running policy
    [frozen_flower] chain 174/1000 task 1/1 step 250/360: policy 0.00s, stepping env
    [frozen_flower] chain 174/1000 task 1/1 success at step 257
    [frozen_flower] chain 174/1000 task 1/1 success: 257 steps, 5.8s
    [frozen_flower] chain 175/1000 start: ['push_pink_block_right']
    [frozen_flower] chain 175/1000 instructions: ['go push the pink block right']
    [frozen_flower] chain 175/1000 task 1/1 start: push_pink_block_right | instruction: go push the pink block right
    [frozen_flower] chain 175/1000 task 1/1 step 1/360: running policy
    [frozen_flower] chain 175/1000 task 1/1 step 1/360: policy 0.15s, stepping env
    [frozen_flower] chain 175/1000 task 1/1 step 25/360: running policy
    [frozen_flower] chain 175/1000 task 1/1 step 25/360: policy 0.00s, stepping env
    [frozen_flower] chain 175/1000 task 1/1 step 50/360: running policy
    [frozen_flower] chain 175/1000 task 1/1 step 50/360: policy 0.00s, stepping env
    [frozen_flower] chain 175/1000 task 1/1 step 75/360: running policy
    [frozen_flower] chain 175/1000 task 1/1 step 75/360: policy 0.00s, stepping env
    [frozen_flower] chain 175/1000 task 1/1 success at step 91
    [frozen_flower] chain 175/1000 task 1/1 success: 91 steps, 2.1s
    [frozen_flower] chain 176/1000 start: ['turn_off_led']
    [frozen_flower] chain 176/1000 instructions: ['press the button to turn off the led light']
    [frozen_flower] chain 176/1000 task 1/1 start: turn_off_led | instruction: press the button to turn off the led light
    [frozen_flower] chain 176/1000 task 1/1 step 1/360: running policy
    [frozen_flower] chain 176/1000 task 1/1 step 1/360: policy 0.15s, stepping env
    [frozen_flower] chain 176/1000 task 1/1 step 25/360: running policy
    [frozen_flower] chain 176/1000 task 1/1 step 25/360: policy 0.00s, stepping env
    [frozen_flower] chain 176/1000 task 1/1 success at step 38
    [frozen_flower] chain 176/1000 task 1/1 success: 38 steps, 0.9s
    [frozen_flower] chain 177/1000 start: ['rotate_red_block_left']
    [frozen_flower] chain 177/1000 instructions: ['take the red block and rotate it to the left']
    [frozen_flower] chain 177/1000 task 1/1 start: rotate_red_block_left | instruction: take the red block and rotate it to the left
    [frozen_flower] chain 177/1000 task 1/1 step 1/360: running policy
    [frozen_flower] chain 177/1000 task 1/1 step 1/360: policy 0.15s, stepping env
    [frozen_flower] chain 177/1000 task 1/1 step 25/360: running policy
    [frozen_flower] chain 177/1000 task 1/1 step 25/360: policy 0.00s, stepping env
    [frozen_flower] chain 177/1000 task 1/1 step 50/360: running policy
    [frozen_flower] chain 177/1000 task 1/1 step 50/360: policy 0.00s, stepping env
    [frozen_flower] chain 177/1000 task 1/1 step 75/360: running policy
    [frozen_flower] chain 177/1000 task 1/1 step 75/360: policy 0.00s, stepping env
    [frozen_flower] chain 177/1000 task 1/1 success at step 76
    [frozen_flower] chain 177/1000 task 1/1 success: 76 steps, 1.8s
    [frozen_flower] chain 178/1000 start: ['turn_off_led']
    [frozen_flower] chain 178/1000 instructions: ['press the button to turn off the led light']
    [frozen_flower] chain 178/1000 task 1/1 start: turn_off_led | instruction: press the button to turn off the led light
    [frozen_flower] chain 178/1000 task 1/1 step 1/360: running policy
    [frozen_flower] chain 178/1000 task 1/1 step 1/360: policy 0.16s, stepping env
    [frozen_flower] chain 178/1000 task 1/1 step 25/360: running policy
    [frozen_flower] chain 178/1000 task 1/1 step 25/360: policy 0.00s, stepping env
    [frozen_flower] chain 178/1000 task 1/1 success at step 33
    [frozen_flower] chain 178/1000 task 1/1 success: 33 steps, 0.8s
    [frozen_flower] chain 179/1000 start: ['turn_off_lightbulb']
    [frozen_flower] chain 179/1000 instructions: ['use the switch to turn off the light bulb']
    [frozen_flower] chain 179/1000 task 1/1 start: turn_off_lightbulb | instruction: use the switch to turn off the light bulb
    [frozen_flower] chain 179/1000 task 1/1 step 1/360: running policy
    [frozen_flower] chain 179/1000 task 1/1 step 1/360: policy 0.15s, stepping env
    [frozen_flower] chain 179/1000 task 1/1 step 25/360: running policy
    [frozen_flower] chain 179/1000 task 1/1 step 25/360: policy 0.00s, stepping env
    [frozen_flower] chain 179/1000 task 1/1 step 50/360: running policy
    [frozen_flower] chain 179/1000 task 1/1 step 50/360: policy 0.00s, stepping env
    [frozen_flower] chain 179/1000 task 1/1 success at step 56
    [frozen_flower] chain 179/1000 task 1/1 success: 56 steps, 1.3s
    [frozen_flower] chain 180/1000 start: ['push_red_block_left']
    [frozen_flower] chain 180/1000 instructions: ['go push the red block left']
    [frozen_flower] chain 180/1000 task 1/1 start: push_red_block_left | instruction: go push the red block left
    [frozen_flower] chain 180/1000 task 1/1 step 1/360: running policy
    [frozen_flower] chain 180/1000 task 1/1 step 1/360: policy 0.16s, stepping env
    [frozen_flower] chain 180/1000 task 1/1 step 25/360: running policy
    [frozen_flower] chain 180/1000 task 1/1 step 25/360: policy 0.00s, stepping env
    [frozen_flower] chain 180/1000 task 1/1 step 50/360: running policy
    [frozen_flower] chain 180/1000 task 1/1 step 50/360: policy 0.00s, stepping env
    [frozen_flower] chain 180/1000 task 1/1 step 75/360: running policy
    [frozen_flower] chain 180/1000 task 1/1 step 75/360: policy 0.00s, stepping env
    [frozen_flower] chain 180/1000 task 1/1 step 100/360: running policy
    [frozen_flower] chain 180/1000 task 1/1 step 100/360: policy 0.00s, stepping env
    [frozen_flower] chain 180/1000 task 1/1 step 125/360: running policy
    [frozen_flower] chain 180/1000 task 1/1 step 125/360: policy 0.00s, stepping env
    [frozen_flower] chain 180/1000 task 1/1 success at step 126
    [frozen_flower] chain 180/1000 task 1/1 success: 126 steps, 3.2s
    [frozen_flower] 180/1000 chains, L1 success: 96.7%
    [frozen_flower] chain 181/1000 start: ['open_drawer']
    [frozen_flower] chain 181/1000 instructions: ['pull the handle to open the drawer']
    [frozen_flower] chain 181/1000 task 1/1 start: open_drawer | instruction: pull the handle to open the drawer
    [frozen_flower] chain 181/1000 task 1/1 step 1/360: running policy
    [frozen_flower] chain 181/1000 task 1/1 step 1/360: policy 0.19s, stepping env
    [frozen_flower] chain 181/1000 task 1/1 step 25/360: running policy
    [frozen_flower] chain 181/1000 task 1/1 step 25/360: policy 0.00s, stepping env
    [frozen_flower] chain 181/1000 task 1/1 step 50/360: running policy
    [frozen_flower] chain 181/1000 task 1/1 step 50/360: policy 0.00s, stepping env
    [frozen_flower] chain 181/1000 task 1/1 success at step 59
    [frozen_flower] chain 181/1000 task 1/1 success: 59 steps, 1.6s
    [frozen_flower] chain 182/1000 start: ['turn_off_lightbulb']
    [frozen_flower] chain 182/1000 instructions: ['use the switch to turn off the light bulb']
    [frozen_flower] chain 182/1000 task 1/1 start: turn_off_lightbulb | instruction: use the switch to turn off the light bulb
    [frozen_flower] chain 182/1000 task 1/1 step 1/360: running policy
    [frozen_flower] chain 182/1000 task 1/1 step 1/360: policy 0.20s, stepping env
    [frozen_flower] chain 182/1000 task 1/1 step 25/360: running policy
    [frozen_flower] chain 182/1000 task 1/1 step 25/360: policy 0.00s, stepping env
    [frozen_flower] chain 182/1000 task 1/1 step 50/360: running policy
    [frozen_flower] chain 182/1000 task 1/1 step 50/360: policy 0.00s, stepping env
    [frozen_flower] chain 182/1000 task 1/1 success at step 57
    [frozen_flower] chain 182/1000 task 1/1 success: 57 steps, 1.8s
    [frozen_flower] chain 183/1000 start: ['move_slider_right']
    [frozen_flower] chain 183/1000 instructions: ['push the sliding door to the right side']
    [frozen_flower] chain 183/1000 task 1/1 start: move_slider_right | instruction: push the sliding door to the right side
    [frozen_flower] chain 183/1000 task 1/1 step 1/360: running policy
    [frozen_flower] chain 183/1000 task 1/1 step 1/360: policy 0.24s, stepping env
    [frozen_flower] chain 183/1000 task 1/1 step 25/360: running policy
    [frozen_flower] chain 183/1000 task 1/1 step 25/360: policy 0.00s, stepping env
    [frozen_flower] chain 183/1000 task 1/1 step 50/360: running policy
    [frozen_flower] chain 183/1000 task 1/1 step 50/360: policy 0.00s, stepping env
    [frozen_flower] chain 183/1000 task 1/1 success at step 69
    [frozen_flower] chain 183/1000 task 1/1 success: 69 steps, 2.1s
    [frozen_flower] chain 184/1000 start: ['rotate_blue_block_left']
    [frozen_flower] chain 184/1000 instructions: ['take the blue block and rotate it to the left']
    [frozen_flower] chain 184/1000 task 1/1 start: rotate_blue_block_left | instruction: take the blue block and rotate it to the left
    [frozen_flower] chain 184/1000 task 1/1 step 1/360: running policy
    [frozen_flower] chain 184/1000 task 1/1 step 1/360: policy 0.16s, stepping env
    [frozen_flower] chain 184/1000 task 1/1 step 25/360: running policy
    [frozen_flower] chain 184/1000 task 1/1 step 25/360: policy 0.00s, stepping env
    [frozen_flower] chain 184/1000 task 1/1 step 50/360: running policy
    [frozen_flower] chain 184/1000 task 1/1 step 50/360: policy 0.00s, stepping env
    [frozen_flower] chain 184/1000 task 1/1 success at step 60
    [frozen_flower] chain 184/1000 task 1/1 success: 60 steps, 1.4s
    [frozen_flower] chain 185/1000 start: ['move_slider_right']
    [frozen_flower] chain 185/1000 instructions: ['push the sliding door to the right side']
    [frozen_flower] chain 185/1000 task 1/1 start: move_slider_right | instruction: push the sliding door to the right side
    [frozen_flower] chain 185/1000 task 1/1 step 1/360: running policy
    [frozen_flower] chain 185/1000 task 1/1 step 1/360: policy 0.16s, stepping env
    [frozen_flower] chain 185/1000 task 1/1 step 25/360: running policy
    [frozen_flower] chain 185/1000 task 1/1 step 25/360: policy 0.00s, stepping env
    [frozen_flower] chain 185/1000 task 1/1 step 50/360: running policy
    [frozen_flower] chain 185/1000 task 1/1 step 50/360: policy 0.00s, stepping env
    [frozen_flower] chain 185/1000 task 1/1 success at step 62
    [frozen_flower] chain 185/1000 task 1/1 success: 62 steps, 1.5s
    [frozen_flower] chain 186/1000 start: ['turn_off_led']
    [frozen_flower] chain 186/1000 instructions: ['press the button to turn off the led light']
    [frozen_flower] chain 186/1000 task 1/1 start: turn_off_led | instruction: press the button to turn off the led light
    [frozen_flower] chain 186/1000 task 1/1 step 1/360: running policy
    [frozen_flower] chain 186/1000 task 1/1 step 1/360: policy 0.16s, stepping env
    [frozen_flower] chain 186/1000 task 1/1 step 25/360: running policy
    [frozen_flower] chain 186/1000 task 1/1 step 25/360: policy 0.00s, stepping env
    [frozen_flower] chain 186/1000 task 1/1 success at step 36
    [frozen_flower] chain 186/1000 task 1/1 success: 36 steps, 0.9s
    [frozen_flower] chain 187/1000 start: ['move_slider_right']
    [frozen_flower] chain 187/1000 instructions: ['push the sliding door to the right side']
    [frozen_flower] chain 187/1000 task 1/1 start: move_slider_right | instruction: push the sliding door to the right side
    [frozen_flower] chain 187/1000 task 1/1 step 1/360: running policy
    [frozen_flower] chain 187/1000 task 1/1 step 1/360: policy 0.20s, stepping env
    [frozen_flower] chain 187/1000 task 1/1 step 25/360: running policy
    [frozen_flower] chain 187/1000 task 1/1 step 25/360: policy 0.00s, stepping env
    [frozen_flower] chain 187/1000 task 1/1 step 50/360: running policy
    [frozen_flower] chain 187/1000 task 1/1 step 50/360: policy 0.00s, stepping env
    [frozen_flower] chain 187/1000 task 1/1 success at step 60
    [frozen_flower] chain 187/1000 task 1/1 success: 60 steps, 1.6s
    [frozen_flower] chain 188/1000 start: ['turn_on_led']
    [frozen_flower] chain 188/1000 instructions: ['press the button to turn on the led light']
    [frozen_flower] chain 188/1000 task 1/1 start: turn_on_led | instruction: press the button to turn on the led light
    [frozen_flower] chain 188/1000 task 1/1 step 1/360: running policy
    [frozen_flower] chain 188/1000 task 1/1 step 1/360: policy 0.15s, stepping env
    [frozen_flower] chain 188/1000 task 1/1 step 25/360: running policy
    [frozen_flower] chain 188/1000 task 1/1 step 25/360: policy 0.00s, stepping env
    [frozen_flower] chain 188/1000 task 1/1 success at step 43
    [frozen_flower] chain 188/1000 task 1/1 success: 43 steps, 1.0s
    [frozen_flower] chain 189/1000 start: ['push_red_block_left']
    [frozen_flower] chain 189/1000 instructions: ['go push the red block left']
    [frozen_flower] chain 189/1000 task 1/1 start: push_red_block_left | instruction: go push the red block left
    [frozen_flower] chain 189/1000 task 1/1 step 1/360: running policy
    [frozen_flower] chain 189/1000 task 1/1 step 1/360: policy 0.15s, stepping env
    [frozen_flower] chain 189/1000 task 1/1 step 25/360: running policy
    [frozen_flower] chain 189/1000 task 1/1 step 25/360: policy 0.00s, stepping env
    [frozen_flower] chain 189/1000 task 1/1 step 50/360: running policy
    [frozen_flower] chain 189/1000 task 1/1 step 50/360: policy 0.00s, stepping env
    [frozen_flower] chain 189/1000 task 1/1 success at step 68
    [frozen_flower] chain 189/1000 task 1/1 success: 68 steps, 1.5s
    [frozen_flower] chain 190/1000 start: ['push_blue_block_right']
    [frozen_flower] chain 190/1000 instructions: ['go push the blue block right']
    [frozen_flower] chain 190/1000 task 1/1 start: push_blue_block_right | instruction: go push the blue block right
    [frozen_flower] chain 190/1000 task 1/1 step 1/360: running policy
    [frozen_flower] chain 190/1000 task 1/1 step 1/360: policy 0.15s, stepping env
    [frozen_flower] chain 190/1000 task 1/1 step 25/360: running policy
    [frozen_flower] chain 190/1000 task 1/1 step 25/360: policy 0.00s, stepping env
    [frozen_flower] chain 190/1000 task 1/1 step 50/360: running policy
    [frozen_flower] chain 190/1000 task 1/1 step 50/360: policy 0.00s, stepping env
    [frozen_flower] chain 190/1000 task 1/1 step 75/360: running policy
    [frozen_flower] chain 190/1000 task 1/1 step 75/360: policy 0.00s, stepping env
    [frozen_flower] chain 190/1000 task 1/1 success at step 90
    [frozen_flower] chain 190/1000 task 1/1 success: 90 steps, 2.0s
    [frozen_flower] 190/1000 chains, L1 success: 96.8%
    [frozen_flower] chain 191/1000 start: ['turn_off_lightbulb']
    [frozen_flower] chain 191/1000 instructions: ['use the switch to turn off the light bulb']
    [frozen_flower] chain 191/1000 task 1/1 start: turn_off_lightbulb | instruction: use the switch to turn off the light bulb
    [frozen_flower] chain 191/1000 task 1/1 step 1/360: running policy
    [frozen_flower] chain 191/1000 task 1/1 step 1/360: policy 0.15s, stepping env
    [frozen_flower] chain 191/1000 task 1/1 step 25/360: running policy
    [frozen_flower] chain 191/1000 task 1/1 step 25/360: policy 0.00s, stepping env
    [frozen_flower] chain 191/1000 task 1/1 step 50/360: running policy
    [frozen_flower] chain 191/1000 task 1/1 step 50/360: policy 0.00s, stepping env
    [frozen_flower] chain 191/1000 task 1/1 success at step 55
    [frozen_flower] chain 191/1000 task 1/1 success: 55 steps, 1.3s
    [frozen_flower] chain 192/1000 start: ['lift_red_block_table']
    [frozen_flower] chain 192/1000 instructions: ['grasp and lift the red block']
    [frozen_flower] chain 192/1000 task 1/1 start: lift_red_block_table | instruction: grasp and lift the red block
    [frozen_flower] chain 192/1000 task 1/1 step 1/360: running policy
    [frozen_flower] chain 192/1000 task 1/1 step 1/360: policy 0.15s, stepping env
    [frozen_flower] chain 192/1000 task 1/1 step 25/360: running policy
    [frozen_flower] chain 192/1000 task 1/1 step 25/360: policy 0.00s, stepping env
    [frozen_flower] chain 192/1000 task 1/1 step 50/360: running policy
    [frozen_flower] chain 192/1000 task 1/1 step 50/360: policy 0.00s, stepping env
    [frozen_flower] chain 192/1000 task 1/1 success at step 52
    [frozen_flower] chain 192/1000 task 1/1 success: 52 steps, 1.3s
    [frozen_flower] chain 193/1000 start: ['push_blue_block_right']
    [frozen_flower] chain 193/1000 instructions: ['go push the blue block right']
    [frozen_flower] chain 193/1000 task 1/1 start: push_blue_block_right | instruction: go push the blue block right
    [frozen_flower] chain 193/1000 task 1/1 step 1/360: running policy
    [frozen_flower] chain 193/1000 task 1/1 step 1/360: policy 0.15s, stepping env
    [frozen_flower] chain 193/1000 task 1/1 step 25/360: running policy
    [frozen_flower] chain 193/1000 task 1/1 step 25/360: policy 0.00s, stepping env
    [frozen_flower] chain 193/1000 task 1/1 step 50/360: running policy
    [frozen_flower] chain 193/1000 task 1/1 step 50/360: policy 0.00s, stepping env
    [frozen_flower] chain 193/1000 task 1/1 step 75/360: running policy
    [frozen_flower] chain 193/1000 task 1/1 step 75/360: policy 0.00s, stepping env
    [frozen_flower] chain 193/1000 task 1/1 step 100/360: running policy
    [frozen_flower] chain 193/1000 task 1/1 step 100/360: policy 0.00s, stepping env
    [frozen_flower] chain 193/1000 task 1/1 step 125/360: running policy
    [frozen_flower] chain 193/1000 task 1/1 step 125/360: policy 0.00s, stepping env
    [frozen_flower] chain 193/1000 task 1/1 step 150/360: running policy
    [frozen_flower] chain 193/1000 task 1/1 step 150/360: policy 0.00s, stepping env
    [frozen_flower] chain 193/1000 task 1/1 step 175/360: running policy
    [frozen_flower] chain 193/1000 task 1/1 step 175/360: policy 0.00s, stepping env
    [frozen_flower] chain 193/1000 task 1/1 step 200/360: running policy
    [frozen_flower] chain 193/1000 task 1/1 step 200/360: policy 0.00s, stepping env
    [frozen_flower] chain 193/1000 task 1/1 step 225/360: running policy
    [frozen_flower] chain 193/1000 task 1/1 step 225/360: policy 0.00s, stepping env
    [frozen_flower] chain 193/1000 task 1/1 step 250/360: running policy
    [frozen_flower] chain 193/1000 task 1/1 step 250/360: policy 0.00s, stepping env
    [frozen_flower] chain 193/1000 task 1/1 step 275/360: running policy
    [frozen_flower] chain 193/1000 task 1/1 step 275/360: policy 0.00s, stepping env
    [frozen_flower] chain 193/1000 task 1/1 success at step 276
    [frozen_flower] chain 193/1000 task 1/1 success: 276 steps, 6.2s
    [frozen_flower] chain 194/1000 start: ['turn_on_lightbulb']
    [frozen_flower] chain 194/1000 instructions: ['use the switch to turn on the light bulb']
    [frozen_flower] chain 194/1000 task 1/1 start: turn_on_lightbulb | instruction: use the switch to turn on the light bulb
    [frozen_flower] chain 194/1000 task 1/1 step 1/360: running policy
    [frozen_flower] chain 194/1000 task 1/1 step 1/360: policy 0.15s, stepping env
    [frozen_flower] chain 194/1000 task 1/1 step 25/360: running policy
    [frozen_flower] chain 194/1000 task 1/1 step 25/360: policy 0.00s, stepping env
    [frozen_flower] chain 194/1000 task 1/1 step 50/360: running policy
    [frozen_flower] chain 194/1000 task 1/1 step 50/360: policy 0.00s, stepping env
    [frozen_flower] chain 194/1000 task 1/1 success at step 50
    [frozen_flower] chain 194/1000 task 1/1 success: 50 steps, 1.1s
    [frozen_flower] chain 195/1000 start: ['rotate_blue_block_left']
    [frozen_flower] chain 195/1000 instructions: ['take the blue block and rotate it to the left']
    [frozen_flower] chain 195/1000 task 1/1 start: rotate_blue_block_left | instruction: take the blue block and rotate it to the left
    [frozen_flower] chain 195/1000 task 1/1 step 1/360: running policy
    [frozen_flower] chain 195/1000 task 1/1 step 1/360: policy 0.15s, stepping env
    [frozen_flower] chain 195/1000 task 1/1 step 25/360: running policy
    [frozen_flower] chain 195/1000 task 1/1 step 25/360: policy 0.00s, stepping env
    [frozen_flower] chain 195/1000 task 1/1 step 50/360: running policy
    [frozen_flower] chain 195/1000 task 1/1 step 50/360: policy 0.00s, stepping env
    [frozen_flower] chain 195/1000 task 1/1 step 75/360: running policy
    [frozen_flower] chain 195/1000 task 1/1 step 75/360: policy 0.00s, stepping env
    [frozen_flower] chain 195/1000 task 1/1 step 100/360: running policy
    [frozen_flower] chain 195/1000 task 1/1 step 100/360: policy 0.00s, stepping env
    [frozen_flower] chain 195/1000 task 1/1 success at step 103
    [frozen_flower] chain 195/1000 task 1/1 success: 103 steps, 2.4s
    [frozen_flower] chain 196/1000 start: ['open_drawer']
    [frozen_flower] chain 196/1000 instructions: ['pull the handle to open the drawer']
    [frozen_flower] chain 196/1000 task 1/1 start: open_drawer | instruction: pull the handle to open the drawer
    [frozen_flower] chain 196/1000 task 1/1 step 1/360: running policy
    [frozen_flower] chain 196/1000 task 1/1 step 1/360: policy 0.16s, stepping env
    [frozen_flower] chain 196/1000 task 1/1 step 25/360: running policy
    [frozen_flower] chain 196/1000 task 1/1 step 25/360: policy 0.00s, stepping env
    [frozen_flower] chain 196/1000 task 1/1 step 50/360: running policy
    [frozen_flower] chain 196/1000 task 1/1 step 50/360: policy 0.00s, stepping env
    [frozen_flower] chain 196/1000 task 1/1 success at step 58
    [frozen_flower] chain 196/1000 task 1/1 success: 58 steps, 1.3s
    [frozen_flower] chain 197/1000 start: ['move_slider_right']
    [frozen_flower] chain 197/1000 instructions: ['push the sliding door to the right side']
    [frozen_flower] chain 197/1000 task 1/1 start: move_slider_right | instruction: push the sliding door to the right side
    [frozen_flower] chain 197/1000 task 1/1 step 1/360: running policy
    [frozen_flower] chain 197/1000 task 1/1 step 1/360: policy 0.15s, stepping env
    [frozen_flower] chain 197/1000 task 1/1 step 25/360: running policy
    [frozen_flower] chain 197/1000 task 1/1 step 25/360: policy 0.00s, stepping env
    [frozen_flower] chain 197/1000 task 1/1 step 50/360: running policy
    [frozen_flower] chain 197/1000 task 1/1 step 50/360: policy 0.00s, stepping env
    [frozen_flower] chain 197/1000 task 1/1 success at step 65
    [frozen_flower] chain 197/1000 task 1/1 success: 65 steps, 1.6s
    [frozen_flower] chain 198/1000 start: ['move_slider_right']
    [frozen_flower] chain 198/1000 instructions: ['push the sliding door to the right side']
    [frozen_flower] chain 198/1000 task 1/1 start: move_slider_right | instruction: push the sliding door to the right side
    [frozen_flower] chain 198/1000 task 1/1 step 1/360: running policy
    [frozen_flower] chain 198/1000 task 1/1 step 1/360: policy 0.15s, stepping env
    [frozen_flower] chain 198/1000 task 1/1 step 25/360: running policy
    [frozen_flower] chain 198/1000 task 1/1 step 25/360: policy 0.00s, stepping env
    [frozen_flower] chain 198/1000 task 1/1 step 50/360: running policy
    [frozen_flower] chain 198/1000 task 1/1 step 50/360: policy 0.00s, stepping env
    [frozen_flower] chain 198/1000 task 1/1 success at step 61
    [frozen_flower] chain 198/1000 task 1/1 success: 61 steps, 1.6s
    [frozen_flower] chain 199/1000 start: ['lift_pink_block_table']
    [frozen_flower] chain 199/1000 instructions: ['grasp and lift the pink block']
    [frozen_flower] chain 199/1000 task 1/1 start: lift_pink_block_table | instruction: grasp and lift the pink block
    [frozen_flower] chain 199/1000 task 1/1 step 1/360: running policy
    [frozen_flower] chain 199/1000 task 1/1 step 1/360: policy 0.15s, stepping env
    [frozen_flower] chain 199/1000 task 1/1 step 25/360: running policy
    [frozen_flower] chain 199/1000 task 1/1 step 25/360: policy 0.00s, stepping env
    [frozen_flower] chain 199/1000 task 1/1 step 50/360: running policy
    [frozen_flower] chain 199/1000 task 1/1 step 50/360: policy 0.00s, stepping env
    [frozen_flower] chain 199/1000 task 1/1 success at step 59
    [frozen_flower] chain 199/1000 task 1/1 success: 59 steps, 1.3s
    [frozen_flower] chain 200/1000 start: ['rotate_blue_block_left']
    [frozen_flower] chain 200/1000 instructions: ['take the blue block and rotate it to the left']
    [frozen_flower] chain 200/1000 task 1/1 start: rotate_blue_block_left | instruction: take the blue block and rotate it to the left
    [frozen_flower] chain 200/1000 task 1/1 step 1/360: running policy
    [frozen_flower] chain 200/1000 task 1/1 step 1/360: policy 0.15s, stepping env
    [frozen_flower] chain 200/1000 task 1/1 step 25/360: running policy
    [frozen_flower] chain 200/1000 task 1/1 step 25/360: policy 0.00s, stepping env
    [frozen_flower] chain 200/1000 task 1/1 step 50/360: running policy
    [frozen_flower] chain 200/1000 task 1/1 step 50/360: policy 0.00s, stepping env
    [frozen_flower] chain 200/1000 task 1/1 success at step 74
    [frozen_flower] chain 200/1000 task 1/1 success: 74 steps, 1.8s
    [frozen_flower] 200/1000 chains, L1 success: 97.0%
    [frozen_flower] chain 201/1000 start: ['turn_on_lightbulb']
    [frozen_flower] chain 201/1000 instructions: ['use the switch to turn on the light bulb']
    [frozen_flower] chain 201/1000 task 1/1 start: turn_on_lightbulb | instruction: use the switch to turn on the light bulb
    [frozen_flower] chain 201/1000 task 1/1 step 1/360: running policy
    [frozen_flower] chain 201/1000 task 1/1 step 1/360: policy 0.15s, stepping env
    [frozen_flower] chain 201/1000 task 1/1 step 25/360: running policy
    [frozen_flower] chain 201/1000 task 1/1 step 25/360: policy 0.00s, stepping env
    [frozen_flower] chain 201/1000 task 1/1 step 50/360: running policy
    [frozen_flower] chain 201/1000 task 1/1 step 50/360: policy 0.00s, stepping env
    [frozen_flower] chain 201/1000 task 1/1 success at step 55
    [frozen_flower] chain 201/1000 task 1/1 success: 55 steps, 1.3s
    [frozen_flower] chain 202/1000 start: ['rotate_pink_block_right']
    [frozen_flower] chain 202/1000 instructions: ['take the pink block and rotate it to the right']
    [frozen_flower] chain 202/1000 task 1/1 start: rotate_pink_block_right | instruction: take the pink block and rotate it to the right
    [frozen_flower] chain 202/1000 task 1/1 step 1/360: running policy
    [frozen_flower] chain 202/1000 task 1/1 step 1/360: policy 0.15s, stepping env
    [frozen_flower] chain 202/1000 task 1/1 step 25/360: running policy
    [frozen_flower] chain 202/1000 task 1/1 step 25/360: policy 0.00s, stepping env
    [frozen_flower] chain 202/1000 task 1/1 step 50/360: running policy
    [frozen_flower] chain 202/1000 task 1/1 step 50/360: policy 0.00s, stepping env
    [frozen_flower] chain 202/1000 task 1/1 step 75/360: running policy
    [frozen_flower] chain 202/1000 task 1/1 step 75/360: policy 0.00s, stepping env
    [frozen_flower] chain 202/1000 task 1/1 step 100/360: running policy
    [frozen_flower] chain 202/1000 task 1/1 step 100/360: policy 0.00s, stepping env
    [frozen_flower] chain 202/1000 task 1/1 success at step 121
    [frozen_flower] chain 202/1000 task 1/1 success: 121 steps, 2.8s
    [frozen_flower] chain 203/1000 start: ['open_drawer']
    [frozen_flower] chain 203/1000 instructions: ['pull the handle to open the drawer']
    [frozen_flower] chain 203/1000 task 1/1 start: open_drawer | instruction: pull the handle to open the drawer
    [frozen_flower] chain 203/1000 task 1/1 step 1/360: running policy
    [frozen_flower] chain 203/1000 task 1/1 step 1/360: policy 0.16s, stepping env
    [frozen_flower] chain 203/1000 task 1/1 step 25/360: running policy
    [frozen_flower] chain 203/1000 task 1/1 step 25/360: policy 0.00s, stepping env
    [frozen_flower] chain 203/1000 task 1/1 success at step 49
    [frozen_flower] chain 203/1000 task 1/1 success: 49 steps, 1.1s
    [frozen_flower] chain 204/1000 start: ['turn_off_led']
    [frozen_flower] chain 204/1000 instructions: ['press the button to turn off the led light']
    [frozen_flower] chain 204/1000 task 1/1 start: turn_off_led | instruction: press the button to turn off the led light
    [frozen_flower] chain 204/1000 task 1/1 step 1/360: running policy
    [frozen_flower] chain 204/1000 task 1/1 step 1/360: policy 0.15s, stepping env
    [frozen_flower] chain 204/1000 task 1/1 step 25/360: running policy
    [frozen_flower] chain 204/1000 task 1/1 step 25/360: policy 0.00s, stepping env
    [frozen_flower] chain 204/1000 task 1/1 success at step 45
    [frozen_flower] chain 204/1000 task 1/1 success: 45 steps, 1.0s
    [frozen_flower] chain 205/1000 start: ['turn_off_led']
    [frozen_flower] chain 205/1000 instructions: ['press the button to turn off the led light']
    [frozen_flower] chain 205/1000 task 1/1 start: turn_off_led | instruction: press the button to turn off the led light
    [frozen_flower] chain 205/1000 task 1/1 step 1/360: running policy
    [frozen_flower] chain 205/1000 task 1/1 step 1/360: policy 0.15s, stepping env
    [frozen_flower] chain 205/1000 task 1/1 step 25/360: running policy
    [frozen_flower] chain 205/1000 task 1/1 step 25/360: policy 0.00s, stepping env
    [frozen_flower] chain 205/1000 task 1/1 success at step 30
    [frozen_flower] chain 205/1000 task 1/1 success: 30 steps, 0.6s
    [frozen_flower] chain 206/1000 start: ['rotate_pink_block_left']
    [frozen_flower] chain 206/1000 instructions: ['take the pink block and rotate it to the left']
    [frozen_flower] chain 206/1000 task 1/1 start: rotate_pink_block_left | instruction: take the pink block and rotate it to the left
    [frozen_flower] chain 206/1000 task 1/1 step 1/360: running policy
    [frozen_flower] chain 206/1000 task 1/1 step 1/360: policy 0.15s, stepping env
    [frozen_flower] chain 206/1000 task 1/1 step 25/360: running policy
    [frozen_flower] chain 206/1000 task 1/1 step 25/360: policy 0.00s, stepping env
    [frozen_flower] chain 206/1000 task 1/1 step 50/360: running policy
    [frozen_flower] chain 206/1000 task 1/1 step 50/360: policy 0.00s, stepping env
    [frozen_flower] chain 206/1000 task 1/1 step 75/360: running policy
    [frozen_flower] chain 206/1000 task 1/1 step 75/360: policy 0.00s, stepping env
    [frozen_flower] chain 206/1000 task 1/1 success at step 83
    [frozen_flower] chain 206/1000 task 1/1 success: 83 steps, 2.0s
    [frozen_flower] chain 207/1000 start: ['rotate_blue_block_left']
    [frozen_flower] chain 207/1000 instructions: ['take the blue block and rotate it to the left']
    [frozen_flower] chain 207/1000 task 1/1 start: rotate_blue_block_left | instruction: take the blue block and rotate it to the left
    [frozen_flower] chain 207/1000 task 1/1 step 1/360: running policy
    [frozen_flower] chain 207/1000 task 1/1 step 1/360: policy 0.15s, stepping env
    [frozen_flower] chain 207/1000 task 1/1 step 25/360: running policy
    [frozen_flower] chain 207/1000 task 1/1 step 25/360: policy 0.00s, stepping env
    [frozen_flower] chain 207/1000 task 1/1 step 50/360: running policy
    [frozen_flower] chain 207/1000 task 1/1 step 50/360: policy 0.00s, stepping env
    [frozen_flower] chain 207/1000 task 1/1 step 75/360: running policy
    [frozen_flower] chain 207/1000 task 1/1 step 75/360: policy 0.00s, stepping env
    [frozen_flower] chain 207/1000 task 1/1 success at step 85
    [frozen_flower] chain 207/1000 task 1/1 success: 85 steps, 2.0s
    [frozen_flower] chain 208/1000 start: ['push_pink_block_left']
    [frozen_flower] chain 208/1000 instructions: ['go push the pink block left']
    [frozen_flower] chain 208/1000 task 1/1 start: push_pink_block_left | instruction: go push the pink block left
    [frozen_flower] chain 208/1000 task 1/1 step 1/360: running policy
    [frozen_flower] chain 208/1000 task 1/1 step 1/360: policy 0.15s, stepping env
    [frozen_flower] chain 208/1000 task 1/1 step 25/360: running policy
    [frozen_flower] chain 208/1000 task 1/1 step 25/360: policy 0.00s, stepping env
    [frozen_flower] chain 208/1000 task 1/1 step 50/360: running policy
    [frozen_flower] chain 208/1000 task 1/1 step 50/360: policy 0.00s, stepping env
    [frozen_flower] chain 208/1000 task 1/1 success at step 66
    [frozen_flower] chain 208/1000 task 1/1 success: 66 steps, 1.5s
    [frozen_flower] chain 209/1000 start: ['push_pink_block_right']
    [frozen_flower] chain 209/1000 instructions: ['go push the pink block right']
    [frozen_flower] chain 209/1000 task 1/1 start: push_pink_block_right | instruction: go push the pink block right
    [frozen_flower] chain 209/1000 task 1/1 step 1/360: running policy
    [frozen_flower] chain 209/1000 task 1/1 step 1/360: policy 0.15s, stepping env
    [frozen_flower] chain 209/1000 task 1/1 step 25/360: running policy
    [frozen_flower] chain 209/1000 task 1/1 step 25/360: policy 0.00s, stepping env
    [frozen_flower] chain 209/1000 task 1/1 success at step 44
    [frozen_flower] chain 209/1000 task 1/1 success: 44 steps, 1.1s
    [frozen_flower] chain 210/1000 start: ['close_drawer']
    [frozen_flower] chain 210/1000 instructions: ['push the handle to close the drawer']
    [frozen_flower] chain 210/1000 task 1/1 start: close_drawer | instruction: push the handle to close the drawer
    [frozen_flower] chain 210/1000 task 1/1 step 1/360: running policy
    [frozen_flower] chain 210/1000 task 1/1 step 1/360: policy 0.15s, stepping env
    [frozen_flower] chain 210/1000 task 1/1 step 25/360: running policy
    [frozen_flower] chain 210/1000 task 1/1 step 25/360: policy 0.00s, stepping env
    [frozen_flower] chain 210/1000 task 1/1 step 50/360: running policy
    [frozen_flower] chain 210/1000 task 1/1 step 50/360: policy 0.00s, stepping env
    [frozen_flower] chain 210/1000 task 1/1 success at step 59
    [frozen_flower] chain 210/1000 task 1/1 success: 59 steps, 1.3s
    [frozen_flower] 210/1000 chains, L1 success: 97.1%
    [frozen_flower] chain 211/1000 start: ['move_slider_left']
    [frozen_flower] chain 211/1000 instructions: ['push the sliding door to the left side']
    [frozen_flower] chain 211/1000 task 1/1 start: move_slider_left | instruction: push the sliding door to the left side
    [frozen_flower] chain 211/1000 task 1/1 step 1/360: running policy
    [frozen_flower] chain 211/1000 task 1/1 step 1/360: policy 0.15s, stepping env
    [frozen_flower] chain 211/1000 task 1/1 step 25/360: running policy
    [frozen_flower] chain 211/1000 task 1/1 step 25/360: policy 0.00s, stepping env
    [frozen_flower] chain 211/1000 task 1/1 success at step 47
    [frozen_flower] chain 211/1000 task 1/1 success: 47 steps, 1.1s
    [frozen_flower] chain 212/1000 start: ['turn_off_led']
    [frozen_flower] chain 212/1000 instructions: ['press the button to turn off the led light']
    [frozen_flower] chain 212/1000 task 1/1 start: turn_off_led | instruction: press the button to turn off the led light
    [frozen_flower] chain 212/1000 task 1/1 step 1/360: running policy
    [frozen_flower] chain 212/1000 task 1/1 step 1/360: policy 0.15s, stepping env
    [frozen_flower] chain 212/1000 task 1/1 step 25/360: running policy
    [frozen_flower] chain 212/1000 task 1/1 step 25/360: policy 0.00s, stepping env
    [frozen_flower] chain 212/1000 task 1/1 success at step 40
    [frozen_flower] chain 212/1000 task 1/1 success: 40 steps, 0.9s
    [frozen_flower] chain 213/1000 start: ['turn_on_led']
    [frozen_flower] chain 213/1000 instructions: ['press the button to turn on the led light']
    [frozen_flower] chain 213/1000 task 1/1 start: turn_on_led | instruction: press the button to turn on the led light
    [frozen_flower] chain 213/1000 task 1/1 step 1/360: running policy
    [frozen_flower] chain 213/1000 task 1/1 step 1/360: policy 0.15s, stepping env
    [frozen_flower] chain 213/1000 task 1/1 step 25/360: running policy
    [frozen_flower] chain 213/1000 task 1/1 step 25/360: policy 0.00s, stepping env
    [frozen_flower] chain 213/1000 task 1/1 success at step 38
    [frozen_flower] chain 213/1000 task 1/1 success: 38 steps, 0.8s
    [frozen_flower] chain 214/1000 start: ['open_drawer']
    [frozen_flower] chain 214/1000 instructions: ['pull the handle to open the drawer']
    [frozen_flower] chain 214/1000 task 1/1 start: open_drawer | instruction: pull the handle to open the drawer
    [frozen_flower] chain 214/1000 task 1/1 step 1/360: running policy
    [frozen_flower] chain 214/1000 task 1/1 step 1/360: policy 0.15s, stepping env
    [frozen_flower] chain 214/1000 task 1/1 step 25/360: running policy
    [frozen_flower] chain 214/1000 task 1/1 step 25/360: policy 0.00s, stepping env
    [frozen_flower] chain 214/1000 task 1/1 step 50/360: running policy
    [frozen_flower] chain 214/1000 task 1/1 step 50/360: policy 0.00s, stepping env
    [frozen_flower] chain 214/1000 task 1/1 success at step 61
    [frozen_flower] chain 214/1000 task 1/1 success: 61 steps, 1.5s
    [frozen_flower] chain 215/1000 start: ['open_drawer']
    [frozen_flower] chain 215/1000 instructions: ['pull the handle to open the drawer']
    [frozen_flower] chain 215/1000 task 1/1 start: open_drawer | instruction: pull the handle to open the drawer
    [frozen_flower] chain 215/1000 task 1/1 step 1/360: running policy
    [frozen_flower] chain 215/1000 task 1/1 step 1/360: policy 0.16s, stepping env
    [frozen_flower] chain 215/1000 task 1/1 step 25/360: running policy
    [frozen_flower] chain 215/1000 task 1/1 step 25/360: policy 0.00s, stepping env
    [frozen_flower] chain 215/1000 task 1/1 step 50/360: running policy
    [frozen_flower] chain 215/1000 task 1/1 step 50/360: policy 0.00s, stepping env
    [frozen_flower] chain 215/1000 task 1/1 success at step 55
    [frozen_flower] chain 215/1000 task 1/1 success: 55 steps, 1.3s
    [frozen_flower] chain 216/1000 start: ['turn_off_led']
    [frozen_flower] chain 216/1000 instructions: ['press the button to turn off the led light']
    [frozen_flower] chain 216/1000 task 1/1 start: turn_off_led | instruction: press the button to turn off the led light
    [frozen_flower] chain 216/1000 task 1/1 step 1/360: running policy
    [frozen_flower] chain 216/1000 task 1/1 step 1/360: policy 0.15s, stepping env
    [frozen_flower] chain 216/1000 task 1/1 step 25/360: running policy
    [frozen_flower] chain 216/1000 task 1/1 step 25/360: policy 0.00s, stepping env
    [frozen_flower] chain 216/1000 task 1/1 success at step 37
    [frozen_flower] chain 216/1000 task 1/1 success: 37 steps, 0.8s
    [frozen_flower] chain 217/1000 start: ['open_drawer']
    [frozen_flower] chain 217/1000 instructions: ['pull the handle to open the drawer']
    [frozen_flower] chain 217/1000 task 1/1 start: open_drawer | instruction: pull the handle to open the drawer
    [frozen_flower] chain 217/1000 task 1/1 step 1/360: running policy
    [frozen_flower] chain 217/1000 task 1/1 step 1/360: policy 0.15s, stepping env
    [frozen_flower] chain 217/1000 task 1/1 step 25/360: running policy
    [frozen_flower] chain 217/1000 task 1/1 step 25/360: policy 0.00s, stepping env
    [frozen_flower] chain 217/1000 task 1/1 success at step 47
    [frozen_flower] chain 217/1000 task 1/1 success: 47 steps, 1.1s
    [frozen_flower] chain 218/1000 start: ['turn_on_led']
    [frozen_flower] chain 218/1000 instructions: ['press the button to turn on the led light']
    [frozen_flower] chain 218/1000 task 1/1 start: turn_on_led | instruction: press the button to turn on the led light
    [frozen_flower] chain 218/1000 task 1/1 step 1/360: running policy
    [frozen_flower] chain 218/1000 task 1/1 step 1/360: policy 0.15s, stepping env
    [frozen_flower] chain 218/1000 task 1/1 step 25/360: running policy
    [frozen_flower] chain 218/1000 task 1/1 step 25/360: policy 0.00s, stepping env
    [frozen_flower] chain 218/1000 task 1/1 success at step 39
    [frozen_flower] chain 218/1000 task 1/1 success: 39 steps, 0.9s
    [frozen_flower] chain 219/1000 start: ['rotate_pink_block_left']
    [frozen_flower] chain 219/1000 instructions: ['take the pink block and rotate it to the left']
    [frozen_flower] chain 219/1000 task 1/1 start: rotate_pink_block_left | instruction: take the pink block and rotate it to the left
    [frozen_flower] chain 219/1000 task 1/1 step 1/360: running policy
    [frozen_flower] chain 219/1000 task 1/1 step 1/360: policy 0.15s, stepping env
    [frozen_flower] chain 219/1000 task 1/1 step 25/360: running policy
    [frozen_flower] chain 219/1000 task 1/1 step 25/360: policy 0.00s, stepping env
    [frozen_flower] chain 219/1000 task 1/1 step 50/360: running policy
    [frozen_flower] chain 219/1000 task 1/1 step 50/360: policy 0.00s, stepping env
    [frozen_flower] chain 219/1000 task 1/1 success at step 73
    [frozen_flower] chain 219/1000 task 1/1 success: 73 steps, 1.8s
    [frozen_flower] chain 220/1000 start: ['turn_off_led']
    [frozen_flower] chain 220/1000 instructions: ['press the button to turn off the led light']
    [frozen_flower] chain 220/1000 task 1/1 start: turn_off_led | instruction: press the button to turn off the led light
    [frozen_flower] chain 220/1000 task 1/1 step 1/360: running policy
    [frozen_flower] chain 220/1000 task 1/1 step 1/360: policy 0.16s, stepping env
    [frozen_flower] chain 220/1000 task 1/1 step 25/360: running policy
    [frozen_flower] chain 220/1000 task 1/1 step 25/360: policy 0.00s, stepping env
    [frozen_flower] chain 220/1000 task 1/1 success at step 37
    [frozen_flower] chain 220/1000 task 1/1 success: 37 steps, 0.9s
    [frozen_flower] 220/1000 chains, L1 success: 97.3%
    [frozen_flower] chain 221/1000 start: ['push_blue_block_left']
    [frozen_flower] chain 221/1000 instructions: ['go push the blue block left']
    [frozen_flower] chain 221/1000 task 1/1 start: push_blue_block_left | instruction: go push the blue block left
    [frozen_flower] chain 221/1000 task 1/1 step 1/360: running policy
    [frozen_flower] chain 221/1000 task 1/1 step 1/360: policy 0.15s, stepping env
    [frozen_flower] chain 221/1000 task 1/1 step 25/360: running policy
    [frozen_flower] chain 221/1000 task 1/1 step 25/360: policy 0.00s, stepping env
    [frozen_flower] chain 221/1000 task 1/1 step 50/360: running policy
    [frozen_flower] chain 221/1000 task 1/1 step 50/360: policy 0.00s, stepping env
    [frozen_flower] chain 221/1000 task 1/1 success at step 67
    [frozen_flower] chain 221/1000 task 1/1 success: 67 steps, 1.5s
    [frozen_flower] chain 222/1000 start: ['push_pink_block_left']
    [frozen_flower] chain 222/1000 instructions: ['go push the pink block left']
    [frozen_flower] chain 222/1000 task 1/1 start: push_pink_block_left | instruction: go push the pink block left
    [frozen_flower] chain 222/1000 task 1/1 step 1/360: running policy
    [frozen_flower] chain 222/1000 task 1/1 step 1/360: policy 0.15s, stepping env
    [frozen_flower] chain 222/1000 task 1/1 step 25/360: running policy
    [frozen_flower] chain 222/1000 task 1/1 step 25/360: policy 0.00s, stepping env
    [frozen_flower] chain 222/1000 task 1/1 step 50/360: running policy
    [frozen_flower] chain 222/1000 task 1/1 step 50/360: policy 0.00s, stepping env
    [frozen_flower] chain 222/1000 task 1/1 success at step 56
    [frozen_flower] chain 222/1000 task 1/1 success: 56 steps, 1.3s
    [frozen_flower] chain 223/1000 start: ['turn_off_led']
    [frozen_flower] chain 223/1000 instructions: ['press the button to turn off the led light']
    [frozen_flower] chain 223/1000 task 1/1 start: turn_off_led | instruction: press the button to turn off the led light
    [frozen_flower] chain 223/1000 task 1/1 step 1/360: running policy
    [frozen_flower] chain 223/1000 task 1/1 step 1/360: policy 0.15s, stepping env
    [frozen_flower] chain 223/1000 task 1/1 step 25/360: running policy
    [frozen_flower] chain 223/1000 task 1/1 step 25/360: policy 0.00s, stepping env
    [frozen_flower] chain 223/1000 task 1/1 success at step 34
    [frozen_flower] chain 223/1000 task 1/1 success: 34 steps, 0.8s
    [frozen_flower] chain 224/1000 start: ['rotate_pink_block_right']
    [frozen_flower] chain 224/1000 instructions: ['take the pink block and rotate it to the right']
    [frozen_flower] chain 224/1000 task 1/1 start: rotate_pink_block_right | instruction: take the pink block and rotate it to the right
    [frozen_flower] chain 224/1000 task 1/1 step 1/360: running policy
    [frozen_flower] chain 224/1000 task 1/1 step 1/360: policy 0.15s, stepping env
    [frozen_flower] chain 224/1000 task 1/1 step 25/360: running policy
    [frozen_flower] chain 224/1000 task 1/1 step 25/360: policy 0.00s, stepping env
    [frozen_flower] chain 224/1000 task 1/1 step 50/360: running policy
    [frozen_flower] chain 224/1000 task 1/1 step 50/360: policy 0.00s, stepping env
    [frozen_flower] chain 224/1000 task 1/1 step 75/360: running policy
    [frozen_flower] chain 224/1000 task 1/1 step 75/360: policy 0.00s, stepping env
    [frozen_flower] chain 224/1000 task 1/1 step 100/360: running policy
    [frozen_flower] chain 224/1000 task 1/1 step 100/360: policy 0.00s, stepping env
    [frozen_flower] chain 224/1000 task 1/1 step 125/360: running policy
    [frozen_flower] chain 224/1000 task 1/1 step 125/360: policy 0.00s, stepping env
    [frozen_flower] chain 224/1000 task 1/1 success at step 126
    [frozen_flower] chain 224/1000 task 1/1 success: 126 steps, 3.0s
    [frozen_flower] chain 225/1000 start: ['move_slider_right']
    [frozen_flower] chain 225/1000 instructions: ['push the sliding door to the right side']
    [frozen_flower] chain 225/1000 task 1/1 start: move_slider_right | instruction: push the sliding door to the right side
    [frozen_flower] chain 225/1000 task 1/1 step 1/360: running policy
    [frozen_flower] chain 225/1000 task 1/1 step 1/360: policy 0.21s, stepping env
    [frozen_flower] chain 225/1000 task 1/1 step 25/360: running policy
    [frozen_flower] chain 225/1000 task 1/1 step 25/360: policy 0.00s, stepping env
    [frozen_flower] chain 225/1000 task 1/1 step 50/360: running policy
    [frozen_flower] chain 225/1000 task 1/1 step 50/360: policy 0.00s, stepping env
    [frozen_flower] chain 225/1000 task 1/1 success at step 61
    [frozen_flower] chain 225/1000 task 1/1 success: 61 steps, 2.0s
    [frozen_flower] chain 226/1000 start: ['open_drawer']
    [frozen_flower] chain 226/1000 instructions: ['pull the handle to open the drawer']
    [frozen_flower] chain 226/1000 task 1/1 start: open_drawer | instruction: pull the handle to open the drawer
    [frozen_flower] chain 226/1000 task 1/1 step 1/360: running policy
    [frozen_flower] chain 226/1000 task 1/1 step 1/360: policy 0.22s, stepping env
    [frozen_flower] chain 226/1000 task 1/1 step 25/360: running policy
    [frozen_flower] chain 226/1000 task 1/1 step 25/360: policy 0.00s, stepping env
    [frozen_flower] chain 226/1000 task 1/1 success at step 46
    [frozen_flower] chain 226/1000 task 1/1 success: 46 steps, 1.2s
    [frozen_flower] chain 227/1000 start: ['close_drawer']
    [frozen_flower] chain 227/1000 instructions: ['push the handle to close the drawer']
    [frozen_flower] chain 227/1000 task 1/1 start: close_drawer | instruction: push the handle to close the drawer
    [frozen_flower] chain 227/1000 task 1/1 step 1/360: running policy
    [frozen_flower] chain 227/1000 task 1/1 step 1/360: policy 0.15s, stepping env
    [frozen_flower] chain 227/1000 task 1/1 step 25/360: running policy
    [frozen_flower] chain 227/1000 task 1/1 step 25/360: policy 0.00s, stepping env
    [frozen_flower] chain 227/1000 task 1/1 success at step 48
    [frozen_flower] chain 227/1000 task 1/1 success: 48 steps, 1.1s
    [frozen_flower] chain 228/1000 start: ['open_drawer']
    [frozen_flower] chain 228/1000 instructions: ['pull the handle to open the drawer']
    [frozen_flower] chain 228/1000 task 1/1 start: open_drawer | instruction: pull the handle to open the drawer
    [frozen_flower] chain 228/1000 task 1/1 step 1/360: running policy
    [frozen_flower] chain 228/1000 task 1/1 step 1/360: policy 0.16s, stepping env
    [frozen_flower] chain 228/1000 task 1/1 step 25/360: running policy
    [frozen_flower] chain 228/1000 task 1/1 step 25/360: policy 0.00s, stepping env
    [frozen_flower] chain 228/1000 task 1/1 step 50/360: running policy
    [frozen_flower] chain 228/1000 task 1/1 step 50/360: policy 0.00s, stepping env
    [frozen_flower] chain 228/1000 task 1/1 success at step 54
    [frozen_flower] chain 228/1000 task 1/1 success: 54 steps, 1.3s
    [frozen_flower] chain 229/1000 start: ['push_red_block_left']
    [frozen_flower] chain 229/1000 instructions: ['go push the red block left']
    [frozen_flower] chain 229/1000 task 1/1 start: push_red_block_left | instruction: go push the red block left
    [frozen_flower] chain 229/1000 task 1/1 step 1/360: running policy
    [frozen_flower] chain 229/1000 task 1/1 step 1/360: policy 0.15s, stepping env
    [frozen_flower] chain 229/1000 task 1/1 step 25/360: running policy
    [frozen_flower] chain 229/1000 task 1/1 step 25/360: policy 0.00s, stepping env
    [frozen_flower] chain 229/1000 task 1/1 step 50/360: running policy
    [frozen_flower] chain 229/1000 task 1/1 step 50/360: policy 0.00s, stepping env
    [frozen_flower] chain 229/1000 task 1/1 success at step 64
    [frozen_flower] chain 229/1000 task 1/1 success: 64 steps, 1.5s
    [frozen_flower] chain 230/1000 start: ['rotate_red_block_left']
    [frozen_flower] chain 230/1000 instructions: ['take the red block and rotate it to the left']
    [frozen_flower] chain 230/1000 task 1/1 start: rotate_red_block_left | instruction: take the red block and rotate it to the left
    [frozen_flower] chain 230/1000 task 1/1 step 1/360: running policy
    [frozen_flower] chain 230/1000 task 1/1 step 1/360: policy 0.15s, stepping env
    [frozen_flower] chain 230/1000 task 1/1 step 25/360: running policy
    [frozen_flower] chain 230/1000 task 1/1 step 25/360: policy 0.00s, stepping env
    [frozen_flower] chain 230/1000 task 1/1 step 50/360: running policy
    [frozen_flower] chain 230/1000 task 1/1 step 50/360: policy 0.00s, stepping env
    [frozen_flower] chain 230/1000 task 1/1 step 75/360: running policy
    [frozen_flower] chain 230/1000 task 1/1 step 75/360: policy 0.00s, stepping env
    [frozen_flower] chain 230/1000 task 1/1 success at step 81
    [frozen_flower] chain 230/1000 task 1/1 success: 81 steps, 2.0s
    [frozen_flower] 230/1000 chains, L1 success: 97.4%
    [frozen_flower] chain 231/1000 start: ['turn_off_led']
    [frozen_flower] chain 231/1000 instructions: ['press the button to turn off the led light']
    [frozen_flower] chain 231/1000 task 1/1 start: turn_off_led | instruction: press the button to turn off the led light
    [frozen_flower] chain 231/1000 task 1/1 step 1/360: running policy
    [frozen_flower] chain 231/1000 task 1/1 step 1/360: policy 0.15s, stepping env
    [frozen_flower] chain 231/1000 task 1/1 step 25/360: running policy
    [frozen_flower] chain 231/1000 task 1/1 step 25/360: policy 0.00s, stepping env
    [frozen_flower] chain 231/1000 task 1/1 success at step 30
    [frozen_flower] chain 231/1000 task 1/1 success: 30 steps, 0.7s
    [frozen_flower] chain 232/1000 start: ['rotate_red_block_right']
    [frozen_flower] chain 232/1000 instructions: ['take the red block and rotate it to the right']
    [frozen_flower] chain 232/1000 task 1/1 start: rotate_red_block_right | instruction: take the red block and rotate it to the right
    [frozen_flower] chain 232/1000 task 1/1 step 1/360: running policy
    [frozen_flower] chain 232/1000 task 1/1 step 1/360: policy 0.15s, stepping env
    [frozen_flower] chain 232/1000 task 1/1 step 25/360: running policy
    [frozen_flower] chain 232/1000 task 1/1 step 25/360: policy 0.00s, stepping env
    [frozen_flower] chain 232/1000 task 1/1 step 50/360: running policy
    [frozen_flower] chain 232/1000 task 1/1 step 50/360: policy 0.00s, stepping env
    [frozen_flower] chain 232/1000 task 1/1 step 75/360: running policy
    [frozen_flower] chain 232/1000 task 1/1 step 75/360: policy 0.00s, stepping env
    [frozen_flower] chain 232/1000 task 1/1 success at step 79
    [frozen_flower] chain 232/1000 task 1/1 success: 79 steps, 1.8s
    [frozen_flower] chain 233/1000 start: ['lift_blue_block_slider']
    [frozen_flower] chain 233/1000 instructions: ['lift the blue block from the sliding cabinet']
    [frozen_flower] chain 233/1000 task 1/1 start: lift_blue_block_slider | instruction: lift the blue block from the sliding cabinet
    [frozen_flower] chain 233/1000 task 1/1 step 1/360: running policy
    [frozen_flower] chain 233/1000 task 1/1 step 1/360: policy 0.16s, stepping env
    [frozen_flower] chain 233/1000 task 1/1 step 25/360: running policy
    [frozen_flower] chain 233/1000 task 1/1 step 25/360: policy 0.00s, stepping env
    [frozen_flower] chain 233/1000 task 1/1 step 50/360: running policy
    [frozen_flower] chain 233/1000 task 1/1 step 50/360: policy 0.00s, stepping env
    [frozen_flower] chain 233/1000 task 1/1 step 75/360: running policy
    [frozen_flower] chain 233/1000 task 1/1 step 75/360: policy 0.00s, stepping env
    [frozen_flower] chain 233/1000 task 1/1 step 100/360: running policy
    [frozen_flower] chain 233/1000 task 1/1 step 100/360: policy 0.00s, stepping env
    [frozen_flower] chain 233/1000 task 1/1 success at step 108
    [frozen_flower] chain 233/1000 task 1/1 success: 108 steps, 2.4s
    [frozen_flower] chain 234/1000 start: ['rotate_pink_block_right']
    [frozen_flower] chain 234/1000 instructions: ['take the pink block and rotate it to the right']
    [frozen_flower] chain 234/1000 task 1/1 start: rotate_pink_block_right | instruction: take the pink block and rotate it to the right
    [frozen_flower] chain 234/1000 task 1/1 step 1/360: running policy
    [frozen_flower] chain 234/1000 task 1/1 step 1/360: policy 0.16s, stepping env
    [frozen_flower] chain 234/1000 task 1/1 step 25/360: running policy
    [frozen_flower] chain 234/1000 task 1/1 step 25/360: policy 0.00s, stepping env
    [frozen_flower] chain 234/1000 task 1/1 step 50/360: running policy
    [frozen_flower] chain 234/1000 task 1/1 step 50/360: policy 0.00s, stepping env
    [frozen_flower] chain 234/1000 task 1/1 step 75/360: running policy
    [frozen_flower] chain 234/1000 task 1/1 step 75/360: policy 0.00s, stepping env
    [frozen_flower] chain 234/1000 task 1/1 step 100/360: running policy
    [frozen_flower] chain 234/1000 task 1/1 step 100/360: policy 0.00s, stepping env
    [frozen_flower] chain 234/1000 task 1/1 step 125/360: running policy
    [frozen_flower] chain 234/1000 task 1/1 step 125/360: policy 0.00s, stepping env
    [frozen_flower] chain 234/1000 task 1/1 step 150/360: running policy
    [frozen_flower] chain 234/1000 task 1/1 step 150/360: policy 0.00s, stepping env
    [frozen_flower] chain 234/1000 task 1/1 success at step 159
    [frozen_flower] chain 234/1000 task 1/1 success: 159 steps, 3.6s
    [frozen_flower] chain 235/1000 start: ['open_drawer']
    [frozen_flower] chain 235/1000 instructions: ['pull the handle to open the drawer']
    [frozen_flower] chain 235/1000 task 1/1 start: open_drawer | instruction: pull the handle to open the drawer
    [frozen_flower] chain 235/1000 task 1/1 step 1/360: running policy
    [frozen_flower] chain 235/1000 task 1/1 step 1/360: policy 0.16s, stepping env
    [frozen_flower] chain 235/1000 task 1/1 step 25/360: running policy
    [frozen_flower] chain 235/1000 task 1/1 step 25/360: policy 0.00s, stepping env
    [frozen_flower] chain 235/1000 task 1/1 step 50/360: running policy
    [frozen_flower] chain 235/1000 task 1/1 step 50/360: policy 0.00s, stepping env
    [frozen_flower] chain 235/1000 task 1/1 success at step 55
    [frozen_flower] chain 235/1000 task 1/1 success: 55 steps, 1.3s
    [frozen_flower] chain 236/1000 start: ['turn_on_lightbulb']
    [frozen_flower] chain 236/1000 instructions: ['use the switch to turn on the light bulb']
    [frozen_flower] chain 236/1000 task 1/1 start: turn_on_lightbulb | instruction: use the switch to turn on the light bulb
    [frozen_flower] chain 236/1000 task 1/1 step 1/360: running policy
    [frozen_flower] chain 236/1000 task 1/1 step 1/360: policy 0.16s, stepping env
    [frozen_flower] chain 236/1000 task 1/1 step 25/360: running policy
    [frozen_flower] chain 236/1000 task 1/1 step 25/360: policy 0.00s, stepping env
    [frozen_flower] chain 236/1000 task 1/1 step 50/360: running policy
    [frozen_flower] chain 236/1000 task 1/1 step 50/360: policy 0.00s, stepping env
    [frozen_flower] chain 236/1000 task 1/1 success at step 59
    [frozen_flower] chain 236/1000 task 1/1 success: 59 steps, 1.3s
    [frozen_flower] chain 237/1000 start: ['turn_on_lightbulb']
    [frozen_flower] chain 237/1000 instructions: ['use the switch to turn on the light bulb']
    [frozen_flower] chain 237/1000 task 1/1 start: turn_on_lightbulb | instruction: use the switch to turn on the light bulb
    [frozen_flower] chain 237/1000 task 1/1 step 1/360: running policy
    [frozen_flower] chain 237/1000 task 1/1 step 1/360: policy 0.16s, stepping env
    [frozen_flower] chain 237/1000 task 1/1 step 25/360: running policy
    [frozen_flower] chain 237/1000 task 1/1 step 25/360: policy 0.00s, stepping env
    [frozen_flower] chain 237/1000 task 1/1 step 50/360: running policy
    [frozen_flower] chain 237/1000 task 1/1 step 50/360: policy 0.00s, stepping env
    [frozen_flower] chain 237/1000 task 1/1 success at step 52
    [frozen_flower] chain 237/1000 task 1/1 success: 52 steps, 1.3s
    [frozen_flower] chain 238/1000 start: ['push_pink_block_left']
    [frozen_flower] chain 238/1000 instructions: ['go push the pink block left']
    [frozen_flower] chain 238/1000 task 1/1 start: push_pink_block_left | instruction: go push the pink block left
    [frozen_flower] chain 238/1000 task 1/1 step 1/360: running policy
    [frozen_flower] chain 238/1000 task 1/1 step 1/360: policy 0.16s, stepping env
    [frozen_flower] chain 238/1000 task 1/1 step 25/360: running policy
    [frozen_flower] chain 238/1000 task 1/1 step 25/360: policy 0.00s, stepping env
    [frozen_flower] chain 238/1000 task 1/1 step 50/360: running policy
    [frozen_flower] chain 238/1000 task 1/1 step 50/360: policy 0.00s, stepping env
    [frozen_flower] chain 238/1000 task 1/1 step 75/360: running policy
    [frozen_flower] chain 238/1000 task 1/1 step 75/360: policy 0.00s, stepping env
    [frozen_flower] chain 238/1000 task 1/1 step 100/360: running policy
    [frozen_flower] chain 238/1000 task 1/1 step 100/360: policy 0.00s, stepping env
    [frozen_flower] chain 238/1000 task 1/1 step 125/360: running policy
    [frozen_flower] chain 238/1000 task 1/1 step 125/360: policy 0.00s, stepping env
    [frozen_flower] chain 238/1000 task 1/1 step 150/360: running policy
    [frozen_flower] chain 238/1000 task 1/1 step 150/360: policy 0.00s, stepping env
    [frozen_flower] chain 238/1000 task 1/1 step 175/360: running policy
    [frozen_flower] chain 238/1000 task 1/1 step 175/360: policy 0.00s, stepping env
    [frozen_flower] chain 238/1000 task 1/1 success at step 178
    [frozen_flower] chain 238/1000 task 1/1 success: 178 steps, 4.0s
    [frozen_flower] chain 239/1000 start: ['move_slider_right']
    [frozen_flower] chain 239/1000 instructions: ['push the sliding door to the right side']
    [frozen_flower] chain 239/1000 task 1/1 start: move_slider_right | instruction: push the sliding door to the right side
    [frozen_flower] chain 239/1000 task 1/1 step 1/360: running policy
    [frozen_flower] chain 239/1000 task 1/1 step 1/360: policy 0.15s, stepping env
    [frozen_flower] chain 239/1000 task 1/1 step 25/360: running policy
    [frozen_flower] chain 239/1000 task 1/1 step 25/360: policy 0.00s, stepping env
    [frozen_flower] chain 239/1000 task 1/1 step 50/360: running policy
    [frozen_flower] chain 239/1000 task 1/1 step 50/360: policy 0.00s, stepping env
    [frozen_flower] chain 239/1000 task 1/1 success at step 63
    [frozen_flower] chain 239/1000 task 1/1 success: 63 steps, 1.5s
    [frozen_flower] chain 240/1000 start: ['move_slider_right']
    [frozen_flower] chain 240/1000 instructions: ['push the sliding door to the right side']
    [frozen_flower] chain 240/1000 task 1/1 start: move_slider_right | instruction: push the sliding door to the right side
    [frozen_flower] chain 240/1000 task 1/1 step 1/360: running policy
    [frozen_flower] chain 240/1000 task 1/1 step 1/360: policy 0.15s, stepping env
    [frozen_flower] chain 240/1000 task 1/1 step 25/360: running policy
    [frozen_flower] chain 240/1000 task 1/1 step 25/360: policy 0.00s, stepping env
    [frozen_flower] chain 240/1000 task 1/1 step 50/360: running policy
    [frozen_flower] chain 240/1000 task 1/1 step 50/360: policy 0.00s, stepping env
    [frozen_flower] chain 240/1000 task 1/1 success at step 62
    [frozen_flower] chain 240/1000 task 1/1 success: 62 steps, 1.5s
    [frozen_flower] 240/1000 chains, L1 success: 97.5%
    [frozen_flower] chain 241/1000 start: ['rotate_red_block_right']
    [frozen_flower] chain 241/1000 instructions: ['take the red block and rotate it to the right']
    [frozen_flower] chain 241/1000 task 1/1 start: rotate_red_block_right | instruction: take the red block and rotate it to the right
    [frozen_flower] chain 241/1000 task 1/1 step 1/360: running policy
    [frozen_flower] chain 241/1000 task 1/1 step 1/360: policy 0.15s, stepping env
    [frozen_flower] chain 241/1000 task 1/1 step 25/360: running policy
    [frozen_flower] chain 241/1000 task 1/1 step 25/360: policy 0.00s, stepping env
    [frozen_flower] chain 241/1000 task 1/1 step 50/360: running policy
    [frozen_flower] chain 241/1000 task 1/1 step 50/360: policy 0.00s, stepping env
    [frozen_flower] chain 241/1000 task 1/1 step 75/360: running policy
    [frozen_flower] chain 241/1000 task 1/1 step 75/360: policy 0.00s, stepping env
    [frozen_flower] chain 241/1000 task 1/1 step 100/360: running policy
    [frozen_flower] chain 241/1000 task 1/1 step 100/360: policy 0.00s, stepping env
    [frozen_flower] chain 241/1000 task 1/1 step 125/360: running policy
    [frozen_flower] chain 241/1000 task 1/1 step 125/360: policy 0.00s, stepping env
    [frozen_flower] chain 241/1000 task 1/1 success at step 135
    [frozen_flower] chain 241/1000 task 1/1 success: 135 steps, 3.1s
    [frozen_flower] chain 242/1000 start: ['turn_on_led']
    [frozen_flower] chain 242/1000 instructions: ['press the button to turn on the led light']
    [frozen_flower] chain 242/1000 task 1/1 start: turn_on_led | instruction: press the button to turn on the led light
    [frozen_flower] chain 242/1000 task 1/1 step 1/360: running policy
    [frozen_flower] chain 242/1000 task 1/1 step 1/360: policy 0.15s, stepping env
    [frozen_flower] chain 242/1000 task 1/1 step 25/360: running policy
    [frozen_flower] chain 242/1000 task 1/1 step 25/360: policy 0.00s, stepping env
    [frozen_flower] chain 242/1000 task 1/1 success at step 29
    [frozen_flower] chain 242/1000 task 1/1 success: 29 steps, 0.6s
    [frozen_flower] chain 243/1000 start: ['push_blue_block_left']
    [frozen_flower] chain 243/1000 instructions: ['go push the blue block left']
    [frozen_flower] chain 243/1000 task 1/1 start: push_blue_block_left | instruction: go push the blue block left
    [frozen_flower] chain 243/1000 task 1/1 step 1/360: running policy
    [frozen_flower] chain 243/1000 task 1/1 step 1/360: policy 0.15s, stepping env
    [frozen_flower] chain 243/1000 task 1/1 step 25/360: running policy
    [frozen_flower] chain 243/1000 task 1/1 step 25/360: policy 0.00s, stepping env
    [frozen_flower] chain 243/1000 task 1/1 step 50/360: running policy
    [frozen_flower] chain 243/1000 task 1/1 step 50/360: policy 0.00s, stepping env
    [frozen_flower] chain 243/1000 task 1/1 step 75/360: running policy
    [frozen_flower] chain 243/1000 task 1/1 step 75/360: policy 0.00s, stepping env
    [frozen_flower] chain 243/1000 task 1/1 success at step 93
    [frozen_flower] chain 243/1000 task 1/1 success: 93 steps, 2.2s
    [frozen_flower] chain 244/1000 start: ['rotate_red_block_left']
    [frozen_flower] chain 244/1000 instructions: ['take the red block and rotate it to the left']
    [frozen_flower] chain 244/1000 task 1/1 start: rotate_red_block_left | instruction: take the red block and rotate it to the left
    [frozen_flower] chain 244/1000 task 1/1 step 1/360: running policy
    [frozen_flower] chain 244/1000 task 1/1 step 1/360: policy 0.16s, stepping env
    [frozen_flower] chain 244/1000 task 1/1 step 25/360: running policy
    [frozen_flower] chain 244/1000 task 1/1 step 25/360: policy 0.00s, stepping env
    [frozen_flower] chain 244/1000 task 1/1 step 50/360: running policy
    [frozen_flower] chain 244/1000 task 1/1 step 50/360: policy 0.00s, stepping env
    [frozen_flower] chain 244/1000 task 1/1 step 75/360: running policy
    [frozen_flower] chain 244/1000 task 1/1 step 75/360: policy 0.00s, stepping env
    [frozen_flower] chain 244/1000 task 1/1 success at step 75
    [frozen_flower] chain 244/1000 task 1/1 success: 75 steps, 1.8s
    [frozen_flower] chain 245/1000 start: ['rotate_blue_block_left']
    [frozen_flower] chain 245/1000 instructions: ['take the blue block and rotate it to the left']
    [frozen_flower] chain 245/1000 task 1/1 start: rotate_blue_block_left | instruction: take the blue block and rotate it to the left
    [frozen_flower] chain 245/1000 task 1/1 step 1/360: running policy
    [frozen_flower] chain 245/1000 task 1/1 step 1/360: policy 0.16s, stepping env
    [frozen_flower] chain 245/1000 task 1/1 step 25/360: running policy
    [frozen_flower] chain 245/1000 task 1/1 step 25/360: policy 0.00s, stepping env
    [frozen_flower] chain 245/1000 task 1/1 step 50/360: running policy
    [frozen_flower] chain 245/1000 task 1/1 step 50/360: policy 0.00s, stepping env
    [frozen_flower] chain 245/1000 task 1/1 step 75/360: running policy
    [frozen_flower] chain 245/1000 task 1/1 step 75/360: policy 0.00s, stepping env
    [frozen_flower] chain 245/1000 task 1/1 success at step 75
    [frozen_flower] chain 245/1000 task 1/1 success: 75 steps, 1.8s
    [frozen_flower] chain 246/1000 start: ['lift_blue_block_table']
    [frozen_flower] chain 246/1000 instructions: ['grasp and lift the blue block']
    [frozen_flower] chain 246/1000 task 1/1 start: lift_blue_block_table | instruction: grasp and lift the blue block
    [frozen_flower] chain 246/1000 task 1/1 step 1/360: running policy
    [frozen_flower] chain 246/1000 task 1/1 step 1/360: policy 0.15s, stepping env
    [frozen_flower] chain 246/1000 task 1/1 step 25/360: running policy
    [frozen_flower] chain 246/1000 task 1/1 step 25/360: policy 0.00s, stepping env
    [frozen_flower] chain 246/1000 task 1/1 success at step 34
    [frozen_flower] chain 246/1000 task 1/1 success: 34 steps, 0.8s
    [frozen_flower] chain 247/1000 start: ['turn_off_lightbulb']
    [frozen_flower] chain 247/1000 instructions: ['use the switch to turn off the light bulb']
    [frozen_flower] chain 247/1000 task 1/1 start: turn_off_lightbulb | instruction: use the switch to turn off the light bulb
    [frozen_flower] chain 247/1000 task 1/1 step 1/360: running policy
    [frozen_flower] chain 247/1000 task 1/1 step 1/360: policy 0.15s, stepping env
    [frozen_flower] chain 247/1000 task 1/1 step 25/360: running policy
    [frozen_flower] chain 247/1000 task 1/1 step 25/360: policy 0.00s, stepping env
    [frozen_flower] chain 247/1000 task 1/1 step 50/360: running policy
    [frozen_flower] chain 247/1000 task 1/1 step 50/360: policy 0.00s, stepping env
    [frozen_flower] chain 247/1000 task 1/1 success at step 52
    [frozen_flower] chain 247/1000 task 1/1 success: 52 steps, 1.3s
    [frozen_flower] chain 248/1000 start: ['move_slider_left']
    [frozen_flower] chain 248/1000 instructions: ['push the sliding door to the left side']
    [frozen_flower] chain 248/1000 task 1/1 start: move_slider_left | instruction: push the sliding door to the left side
    [frozen_flower] chain 248/1000 task 1/1 step 1/360: running policy
    [frozen_flower] chain 248/1000 task 1/1 step 1/360: policy 0.16s, stepping env
    [frozen_flower] chain 248/1000 task 1/1 step 25/360: running policy
    [frozen_flower] chain 248/1000 task 1/1 step 25/360: policy 0.00s, stepping env
    [frozen_flower] chain 248/1000 task 1/1 step 50/360: running policy
    [frozen_flower] chain 248/1000 task 1/1 step 50/360: policy 0.00s, stepping env
    [frozen_flower] chain 248/1000 task 1/1 success at step 53
    [frozen_flower] chain 248/1000 task 1/1 success: 53 steps, 1.4s
    [frozen_flower] chain 249/1000 start: ['lift_blue_block_slider']
    [frozen_flower] chain 249/1000 instructions: ['lift the blue block from the sliding cabinet']
    [frozen_flower] chain 249/1000 task 1/1 start: lift_blue_block_slider | instruction: lift the blue block from the sliding cabinet
    [frozen_flower] chain 249/1000 task 1/1 step 1/360: running policy
    [frozen_flower] chain 249/1000 task 1/1 step 1/360: policy 0.22s, stepping env
    [frozen_flower] chain 249/1000 task 1/1 step 25/360: running policy
    [frozen_flower] chain 249/1000 task 1/1 step 25/360: policy 0.00s, stepping env
    [frozen_flower] chain 249/1000 task 1/1 success at step 48
    [frozen_flower] chain 249/1000 task 1/1 success: 48 steps, 1.4s
    [frozen_flower] chain 250/1000 start: ['move_slider_right']
    [frozen_flower] chain 250/1000 instructions: ['push the sliding door to the right side']
    [frozen_flower] chain 250/1000 task 1/1 start: move_slider_right | instruction: push the sliding door to the right side
    [frozen_flower] chain 250/1000 task 1/1 step 1/360: running policy
    [frozen_flower] chain 250/1000 task 1/1 step 1/360: policy 0.16s, stepping env
    [frozen_flower] chain 250/1000 task 1/1 step 25/360: running policy
    [frozen_flower] chain 250/1000 task 1/1 step 25/360: policy 0.00s, stepping env
    [frozen_flower] chain 250/1000 task 1/1 step 50/360: running policy
    [frozen_flower] chain 250/1000 task 1/1 step 50/360: policy 0.00s, stepping env
    [frozen_flower] chain 250/1000 task 1/1 success at step 65
    [frozen_flower] chain 250/1000 task 1/1 success: 65 steps, 1.6s
    [frozen_flower] 250/1000 chains, L1 success: 97.6%
    [frozen_flower] chain 251/1000 start: ['lift_pink_block_table']
    [frozen_flower] chain 251/1000 instructions: ['grasp and lift the pink block']
    [frozen_flower] chain 251/1000 task 1/1 start: lift_pink_block_table | instruction: grasp and lift the pink block
    [frozen_flower] chain 251/1000 task 1/1 step 1/360: running policy
    [frozen_flower] chain 251/1000 task 1/1 step 1/360: policy 0.16s, stepping env
    [frozen_flower] chain 251/1000 task 1/1 step 25/360: running policy
    [frozen_flower] chain 251/1000 task 1/1 step 25/360: policy 0.00s, stepping env
    [frozen_flower] chain 251/1000 task 1/1 success at step 37
    [frozen_flower] chain 251/1000 task 1/1 success: 37 steps, 0.9s
    [frozen_flower] chain 252/1000 start: ['lift_pink_block_slider']
    [frozen_flower] chain 252/1000 instructions: ['lift the pink block from the sliding cabinet']
    [frozen_flower] chain 252/1000 task 1/1 start: lift_pink_block_slider | instruction: lift the pink block from the sliding cabinet
    [frozen_flower] chain 252/1000 task 1/1 step 1/360: running policy
    [frozen_flower] chain 252/1000 task 1/1 step 1/360: policy 0.16s, stepping env
    [frozen_flower] chain 252/1000 task 1/1 step 25/360: running policy
    [frozen_flower] chain 252/1000 task 1/1 step 25/360: policy 0.00s, stepping env
    [frozen_flower] chain 252/1000 task 1/1 step 50/360: running policy
    [frozen_flower] chain 252/1000 task 1/1 step 50/360: policy 0.00s, stepping env
    [frozen_flower] chain 252/1000 task 1/1 success at step 55
    [frozen_flower] chain 252/1000 task 1/1 success: 55 steps, 1.3s
    [frozen_flower] chain 253/1000 start: ['push_pink_block_left']
    [frozen_flower] chain 253/1000 instructions: ['go push the pink block left']
    [frozen_flower] chain 253/1000 task 1/1 start: push_pink_block_left | instruction: go push the pink block left
    [frozen_flower] chain 253/1000 task 1/1 step 1/360: running policy
    [frozen_flower] chain 253/1000 task 1/1 step 1/360: policy 0.16s, stepping env
    [frozen_flower] chain 253/1000 task 1/1 step 25/360: running policy
    [frozen_flower] chain 253/1000 task 1/1 step 25/360: policy 0.00s, stepping env
    [frozen_flower] chain 253/1000 task 1/1 step 50/360: running policy
    [frozen_flower] chain 253/1000 task 1/1 step 50/360: policy 0.00s, stepping env
    [frozen_flower] chain 253/1000 task 1/1 success at step 63
    [frozen_flower] chain 253/1000 task 1/1 success: 63 steps, 1.5s
    [frozen_flower] chain 254/1000 start: ['lift_pink_block_slider']
    [frozen_flower] chain 254/1000 instructions: ['lift the pink block from the sliding cabinet']
    [frozen_flower] chain 254/1000 task 1/1 start: lift_pink_block_slider | instruction: lift the pink block from the sliding cabinet
    [frozen_flower] chain 254/1000 task 1/1 step 1/360: running policy
    [frozen_flower] chain 254/1000 task 1/1 step 1/360: policy 0.16s, stepping env
    [frozen_flower] chain 254/1000 task 1/1 step 25/360: running policy
    [frozen_flower] chain 254/1000 task 1/1 step 25/360: policy 0.00s, stepping env
    [frozen_flower] chain 254/1000 task 1/1 step 50/360: running policy
    [frozen_flower] chain 254/1000 task 1/1 step 50/360: policy 0.00s, stepping env
    [frozen_flower] chain 254/1000 task 1/1 success at step 51
    [frozen_flower] chain 254/1000 task 1/1 success: 51 steps, 1.3s
    [frozen_flower] chain 255/1000 start: ['rotate_red_block_right']
    [frozen_flower] chain 255/1000 instructions: ['take the red block and rotate it to the right']
    [frozen_flower] chain 255/1000 task 1/1 start: rotate_red_block_right | instruction: take the red block and rotate it to the right
    [frozen_flower] chain 255/1000 task 1/1 step 1/360: running policy
    [frozen_flower] chain 255/1000 task 1/1 step 1/360: policy 0.16s, stepping env
    [frozen_flower] chain 255/1000 task 1/1 step 25/360: running policy
    [frozen_flower] chain 255/1000 task 1/1 step 25/360: policy 0.00s, stepping env
    [frozen_flower] chain 255/1000 task 1/1 step 50/360: running policy
    [frozen_flower] chain 255/1000 task 1/1 step 50/360: policy 0.00s, stepping env
    [frozen_flower] chain 255/1000 task 1/1 step 75/360: running policy
    [frozen_flower] chain 255/1000 task 1/1 step 75/360: policy 0.00s, stepping env
    [frozen_flower] chain 255/1000 task 1/1 step 100/360: running policy
    [frozen_flower] chain 255/1000 task 1/1 step 100/360: policy 0.00s, stepping env
    [frozen_flower] chain 255/1000 task 1/1 step 125/360: running policy
    [frozen_flower] chain 255/1000 task 1/1 step 125/360: policy 0.00s, stepping env
    [frozen_flower] chain 255/1000 task 1/1 step 150/360: running policy
    [frozen_flower] chain 255/1000 task 1/1 step 150/360: policy 0.00s, stepping env
    [frozen_flower] chain 255/1000 task 1/1 step 175/360: running policy
    [frozen_flower] chain 255/1000 task 1/1 step 175/360: policy 0.00s, stepping env
    [frozen_flower] chain 255/1000 task 1/1 step 200/360: running policy
    [frozen_flower] chain 255/1000 task 1/1 step 200/360: policy 0.00s, stepping env
    [frozen_flower] chain 255/1000 task 1/1 step 225/360: running policy
    [frozen_flower] chain 255/1000 task 1/1 step 225/360: policy 0.00s, stepping env
    [frozen_flower] chain 255/1000 task 1/1 step 250/360: running policy
    [frozen_flower] chain 255/1000 task 1/1 step 250/360: policy 0.00s, stepping env
    [frozen_flower] chain 255/1000 task 1/1 step 275/360: running policy
    [frozen_flower] chain 255/1000 task 1/1 step 275/360: policy 0.00s, stepping env
    [frozen_flower] chain 255/1000 task 1/1 step 300/360: running policy
    [frozen_flower] chain 255/1000 task 1/1 step 300/360: policy 0.00s, stepping env
    [frozen_flower] chain 255/1000 task 1/1 step 325/360: running policy
    [frozen_flower] chain 255/1000 task 1/1 step 325/360: policy 0.00s, stepping env
    [frozen_flower] chain 255/1000 task 1/1 step 350/360: running policy
    [frozen_flower] chain 255/1000 task 1/1 step 350/360: policy 0.00s, stepping env
    [frozen_flower] chain 255/1000 task 1/1 failed: 360 steps, 8.3s
    [frozen_flower] chain 256/1000 start: ['open_drawer']
    [frozen_flower] chain 256/1000 instructions: ['pull the handle to open the drawer']
    [frozen_flower] chain 256/1000 task 1/1 start: open_drawer | instruction: pull the handle to open the drawer
    [frozen_flower] chain 256/1000 task 1/1 step 1/360: running policy
    [frozen_flower] chain 256/1000 task 1/1 step 1/360: policy 0.16s, stepping env
    [frozen_flower] chain 256/1000 task 1/1 step 25/360: running policy
    [frozen_flower] chain 256/1000 task 1/1 step 25/360: policy 0.00s, stepping env
    [frozen_flower] chain 256/1000 task 1/1 step 50/360: running policy
    [frozen_flower] chain 256/1000 task 1/1 step 50/360: policy 0.00s, stepping env
    [frozen_flower] chain 256/1000 task 1/1 success at step 57
    [frozen_flower] chain 256/1000 task 1/1 success: 57 steps, 1.3s
    [frozen_flower] chain 257/1000 start: ['push_red_block_left']
    [frozen_flower] chain 257/1000 instructions: ['go push the red block left']
    [frozen_flower] chain 257/1000 task 1/1 start: push_red_block_left | instruction: go push the red block left
    [frozen_flower] chain 257/1000 task 1/1 step 1/360: running policy
    [frozen_flower] chain 257/1000 task 1/1 step 1/360: policy 0.16s, stepping env
    [frozen_flower] chain 257/1000 task 1/1 step 25/360: running policy
    [frozen_flower] chain 257/1000 task 1/1 step 25/360: policy 0.00s, stepping env
    [frozen_flower] chain 257/1000 task 1/1 step 50/360: running policy
    [frozen_flower] chain 257/1000 task 1/1 step 50/360: policy 0.00s, stepping env
    [frozen_flower] chain 257/1000 task 1/1 success at step 60
    [frozen_flower] chain 257/1000 task 1/1 success: 60 steps, 1.4s
    [frozen_flower] chain 258/1000 start: ['turn_off_lightbulb']
    [frozen_flower] chain 258/1000 instructions: ['use the switch to turn off the light bulb']
    [frozen_flower] chain 258/1000 task 1/1 start: turn_off_lightbulb | instruction: use the switch to turn off the light bulb
    [frozen_flower] chain 258/1000 task 1/1 step 1/360: running policy
    [frozen_flower] chain 258/1000 task 1/1 step 1/360: policy 0.16s, stepping env
    [frozen_flower] chain 258/1000 task 1/1 step 25/360: running policy
    [frozen_flower] chain 258/1000 task 1/1 step 25/360: policy 0.00s, stepping env
    [frozen_flower] chain 258/1000 task 1/1 step 50/360: running policy
    [frozen_flower] chain 258/1000 task 1/1 step 50/360: policy 0.00s, stepping env
    [frozen_flower] chain 258/1000 task 1/1 success at step 58
    [frozen_flower] chain 258/1000 task 1/1 success: 58 steps, 1.3s
    [frozen_flower] chain 259/1000 start: ['lift_red_block_slider']
    [frozen_flower] chain 259/1000 instructions: ['lift the red block from the sliding cabinet']
    [frozen_flower] chain 259/1000 task 1/1 start: lift_red_block_slider | instruction: lift the red block from the sliding cabinet
    [frozen_flower] chain 259/1000 task 1/1 step 1/360: running policy
    [frozen_flower] chain 259/1000 task 1/1 step 1/360: policy 0.16s, stepping env
    [frozen_flower] chain 259/1000 task 1/1 step 25/360: running policy
    [frozen_flower] chain 259/1000 task 1/1 step 25/360: policy 0.00s, stepping env
    [frozen_flower] chain 259/1000 task 1/1 step 50/360: running policy
    [frozen_flower] chain 259/1000 task 1/1 step 50/360: policy 0.00s, stepping env
    [frozen_flower] chain 259/1000 task 1/1 step 75/360: running policy
    [frozen_flower] chain 259/1000 task 1/1 step 75/360: policy 0.00s, stepping env
    [frozen_flower] chain 259/1000 task 1/1 step 100/360: running policy
    [frozen_flower] chain 259/1000 task 1/1 step 100/360: policy 0.00s, stepping env
    [frozen_flower] chain 259/1000 task 1/1 step 125/360: running policy
    [frozen_flower] chain 259/1000 task 1/1 step 125/360: policy 0.00s, stepping env
    [frozen_flower] chain 259/1000 task 1/1 step 150/360: running policy
    [frozen_flower] chain 259/1000 task 1/1 step 150/360: policy 0.00s, stepping env
    [frozen_flower] chain 259/1000 task 1/1 step 175/360: running policy
    [frozen_flower] chain 259/1000 task 1/1 step 175/360: policy 0.00s, stepping env
    [frozen_flower] chain 259/1000 task 1/1 step 200/360: running policy
    [frozen_flower] chain 259/1000 task 1/1 step 200/360: policy 0.00s, stepping env
    [frozen_flower] chain 259/1000 task 1/1 step 225/360: running policy
    [frozen_flower] chain 259/1000 task 1/1 step 225/360: policy 0.00s, stepping env
    [frozen_flower] chain 259/1000 task 1/1 step 250/360: running policy
    [frozen_flower] chain 259/1000 task 1/1 step 250/360: policy 0.00s, stepping env
    [frozen_flower] chain 259/1000 task 1/1 step 275/360: running policy
    [frozen_flower] chain 259/1000 task 1/1 step 275/360: policy 0.00s, stepping env
    [frozen_flower] chain 259/1000 task 1/1 step 300/360: running policy
    [frozen_flower] chain 259/1000 task 1/1 step 300/360: policy 0.00s, stepping env
    [frozen_flower] chain 259/1000 task 1/1 step 325/360: running policy
    [frozen_flower] chain 259/1000 task 1/1 step 325/360: policy 0.00s, stepping env
    [frozen_flower] chain 259/1000 task 1/1 step 350/360: running policy
    [frozen_flower] chain 259/1000 task 1/1 step 350/360: policy 0.00s, stepping env
    [frozen_flower] chain 259/1000 task 1/1 failed: 360 steps, 8.5s
    [frozen_flower] chain 260/1000 start: ['lift_blue_block_table']
    [frozen_flower] chain 260/1000 instructions: ['grasp and lift the blue block']
    [frozen_flower] chain 260/1000 task 1/1 start: lift_blue_block_table | instruction: grasp and lift the blue block
    [frozen_flower] chain 260/1000 task 1/1 step 1/360: running policy
    [frozen_flower] chain 260/1000 task 1/1 step 1/360: policy 0.16s, stepping env
    [frozen_flower] chain 260/1000 task 1/1 step 25/360: running policy
    [frozen_flower] chain 260/1000 task 1/1 step 25/360: policy 0.00s, stepping env
    [frozen_flower] chain 260/1000 task 1/1 step 50/360: running policy
    [frozen_flower] chain 260/1000 task 1/1 step 50/360: policy 0.00s, stepping env
    [frozen_flower] chain 260/1000 task 1/1 success at step 55
    [frozen_flower] chain 260/1000 task 1/1 success: 55 steps, 1.3s
    [frozen_flower] 260/1000 chains, L1 success: 96.9%
    [frozen_flower] chain 261/1000 start: ['push_blue_block_left']
    [frozen_flower] chain 261/1000 instructions: ['go push the blue block left']
    [frozen_flower] chain 261/1000 task 1/1 start: push_blue_block_left | instruction: go push the blue block left
    [frozen_flower] chain 261/1000 task 1/1 step 1/360: running policy
    [frozen_flower] chain 261/1000 task 1/1 step 1/360: policy 0.16s, stepping env
    [frozen_flower] chain 261/1000 task 1/1 step 25/360: running policy
    [frozen_flower] chain 261/1000 task 1/1 step 25/360: policy 0.00s, stepping env
    [frozen_flower] chain 261/1000 task 1/1 step 50/360: running policy
    [frozen_flower] chain 261/1000 task 1/1 step 50/360: policy 0.00s, stepping env
    [frozen_flower] chain 261/1000 task 1/1 step 75/360: running policy
    [frozen_flower] chain 261/1000 task 1/1 step 75/360: policy 0.00s, stepping env
    [frozen_flower] chain 261/1000 task 1/1 step 100/360: running policy
    [frozen_flower] chain 261/1000 task 1/1 step 100/360: policy 0.00s, stepping env
    [frozen_flower] chain 261/1000 task 1/1 success at step 122
    [frozen_flower] chain 261/1000 task 1/1 success: 122 steps, 2.9s
    [frozen_flower] chain 262/1000 start: ['push_red_block_left']
    [frozen_flower] chain 262/1000 instructions: ['go push the red block left']
    [frozen_flower] chain 262/1000 task 1/1 start: push_red_block_left | instruction: go push the red block left
    [frozen_flower] chain 262/1000 task 1/1 step 1/360: running policy
    [frozen_flower] chain 262/1000 task 1/1 step 1/360: policy 0.16s, stepping env
    [frozen_flower] chain 262/1000 task 1/1 step 25/360: running policy
    [frozen_flower] chain 262/1000 task 1/1 step 25/360: policy 0.00s, stepping env
    [frozen_flower] chain 262/1000 task 1/1 step 50/360: running policy
    [frozen_flower] chain 262/1000 task 1/1 step 50/360: policy 0.00s, stepping env
    [frozen_flower] chain 262/1000 task 1/1 success at step 54
    [frozen_flower] chain 262/1000 task 1/1 success: 54 steps, 1.3s
    [frozen_flower] chain 263/1000 start: ['open_drawer']
    [frozen_flower] chain 263/1000 instructions: ['pull the handle to open the drawer']
    [frozen_flower] chain 263/1000 task 1/1 start: open_drawer | instruction: pull the handle to open the drawer
    [frozen_flower] chain 263/1000 task 1/1 step 1/360: running policy
    [frozen_flower] chain 263/1000 task 1/1 step 1/360: policy 0.25s, stepping env
    [frozen_flower] chain 263/1000 task 1/1 step 25/360: running policy
    [frozen_flower] chain 263/1000 task 1/1 step 25/360: policy 0.00s, stepping env
    [frozen_flower] chain 263/1000 task 1/1 step 50/360: running policy
    [frozen_flower] chain 263/1000 task 1/1 step 50/360: policy 0.00s, stepping env
    [frozen_flower] chain 263/1000 task 1/1 success at step 51
    [frozen_flower] chain 263/1000 task 1/1 success: 51 steps, 1.9s
    [frozen_flower] chain 264/1000 start: ['push_into_drawer']
    [frozen_flower] chain 264/1000 instructions: ['slide the block that it falls into the drawer']
    [frozen_flower] chain 264/1000 task 1/1 start: push_into_drawer | instruction: slide the block that it falls into the drawer
    [frozen_flower] chain 264/1000 task 1/1 step 1/360: running policy
    [frozen_flower] chain 264/1000 task 1/1 step 1/360: policy 0.23s, stepping env
    [frozen_flower] chain 264/1000 task 1/1 step 25/360: running policy
    [frozen_flower] chain 264/1000 task 1/1 step 25/360: policy 0.00s, stepping env
    [frozen_flower] chain 264/1000 task 1/1 step 50/360: running policy
    [frozen_flower] chain 264/1000 task 1/1 step 50/360: policy 0.00s, stepping env
    [frozen_flower] chain 264/1000 task 1/1 step 75/360: running policy
    [frozen_flower] chain 264/1000 task 1/1 step 75/360: policy 0.00s, stepping env
    [frozen_flower] chain 264/1000 task 1/1 step 100/360: running policy
    [frozen_flower] chain 264/1000 task 1/1 step 100/360: policy 0.00s, stepping env
    [frozen_flower] chain 264/1000 task 1/1 success at step 111
    [frozen_flower] chain 264/1000 task 1/1 success: 111 steps, 2.9s
    [frozen_flower] chain 265/1000 start: ['lift_pink_block_table']
    [frozen_flower] chain 265/1000 instructions: ['grasp and lift the pink block']
    [frozen_flower] chain 265/1000 task 1/1 start: lift_pink_block_table | instruction: grasp and lift the pink block
    [frozen_flower] chain 265/1000 task 1/1 step 1/360: running policy
    [frozen_flower] chain 265/1000 task 1/1 step 1/360: policy 0.15s, stepping env
    [frozen_flower] chain 265/1000 task 1/1 step 25/360: running policy
    [frozen_flower] chain 265/1000 task 1/1 step 25/360: policy 0.00s, stepping env
    [frozen_flower] chain 265/1000 task 1/1 success at step 49
    [frozen_flower] chain 265/1000 task 1/1 success: 49 steps, 1.1s
    [frozen_flower] chain 266/1000 start: ['close_drawer']
    [frozen_flower] chain 266/1000 instructions: ['push the handle to close the drawer']
    [frozen_flower] chain 266/1000 task 1/1 start: close_drawer | instruction: push the handle to close the drawer
    [frozen_flower] chain 266/1000 task 1/1 step 1/360: running policy
    [frozen_flower] chain 266/1000 task 1/1 step 1/360: policy 0.15s, stepping env
    [frozen_flower] chain 266/1000 task 1/1 step 25/360: running policy
    [frozen_flower] chain 266/1000 task 1/1 step 25/360: policy 0.00s, stepping env
    [frozen_flower] chain 266/1000 task 1/1 step 50/360: running policy
    [frozen_flower] chain 266/1000 task 1/1 step 50/360: policy 0.00s, stepping env
    [frozen_flower] chain 266/1000 task 1/1 success at step 51
    [frozen_flower] chain 266/1000 task 1/1 success: 51 steps, 1.3s
    [frozen_flower] chain 267/1000 start: ['push_blue_block_right']
    [frozen_flower] chain 267/1000 instructions: ['go push the blue block right']
    [frozen_flower] chain 267/1000 task 1/1 start: push_blue_block_right | instruction: go push the blue block right
    [frozen_flower] chain 267/1000 task 1/1 step 1/360: running policy
    [frozen_flower] chain 267/1000 task 1/1 step 1/360: policy 0.15s, stepping env
    [frozen_flower] chain 267/1000 task 1/1 step 25/360: running policy
    [frozen_flower] chain 267/1000 task 1/1 step 25/360: policy 0.00s, stepping env
    [frozen_flower] chain 267/1000 task 1/1 step 50/360: running policy
    [frozen_flower] chain 267/1000 task 1/1 step 50/360: policy 0.00s, stepping env
    [frozen_flower] chain 267/1000 task 1/1 step 75/360: running policy
    [frozen_flower] chain 267/1000 task 1/1 step 75/360: policy 0.00s, stepping env
    [frozen_flower] chain 267/1000 task 1/1 success at step 86
    [frozen_flower] chain 267/1000 task 1/1 success: 86 steps, 2.0s
    [frozen_flower] chain 268/1000 start: ['move_slider_right']
    [frozen_flower] chain 268/1000 instructions: ['push the sliding door to the right side']
    [frozen_flower] chain 268/1000 task 1/1 start: move_slider_right | instruction: push the sliding door to the right side
    [frozen_flower] chain 268/1000 task 1/1 step 1/360: running policy
    [frozen_flower] chain 268/1000 task 1/1 step 1/360: policy 0.15s, stepping env
    [frozen_flower] chain 268/1000 task 1/1 step 25/360: running policy
    [frozen_flower] chain 268/1000 task 1/1 step 25/360: policy 0.00s, stepping env
    [frozen_flower] chain 268/1000 task 1/1 step 50/360: running policy
    [frozen_flower] chain 268/1000 task 1/1 step 50/360: policy 0.00s, stepping env
    [frozen_flower] chain 268/1000 task 1/1 success at step 62
    [frozen_flower] chain 268/1000 task 1/1 success: 62 steps, 1.5s
    [frozen_flower] chain 269/1000 start: ['close_drawer']
    [frozen_flower] chain 269/1000 instructions: ['push the handle to close the drawer']
    [frozen_flower] chain 269/1000 task 1/1 start: close_drawer | instruction: push the handle to close the drawer
    [frozen_flower] chain 269/1000 task 1/1 step 1/360: running policy
    [frozen_flower] chain 269/1000 task 1/1 step 1/360: policy 0.15s, stepping env
    [frozen_flower] chain 269/1000 task 1/1 step 25/360: running policy
    [frozen_flower] chain 269/1000 task 1/1 step 25/360: policy 0.00s, stepping env
    [frozen_flower] chain 269/1000 task 1/1 step 50/360: running policy
    [frozen_flower] chain 269/1000 task 1/1 step 50/360: policy 0.00s, stepping env
    [frozen_flower] chain 269/1000 task 1/1 success at step 50
    [frozen_flower] chain 269/1000 task 1/1 success: 50 steps, 1.1s
    [frozen_flower] chain 270/1000 start: ['push_red_block_right']
    [frozen_flower] chain 270/1000 instructions: ['go push the red block right']
    [frozen_flower] chain 270/1000 task 1/1 start: push_red_block_right | instruction: go push the red block right
    [frozen_flower] chain 270/1000 task 1/1 step 1/360: running policy
    [frozen_flower] chain 270/1000 task 1/1 step 1/360: policy 0.16s, stepping env
    [frozen_flower] chain 270/1000 task 1/1 step 25/360: running policy
    [frozen_flower] chain 270/1000 task 1/1 step 25/360: policy 0.00s, stepping env
    [frozen_flower] chain 270/1000 task 1/1 step 50/360: running policy
    [frozen_flower] chain 270/1000 task 1/1 step 50/360: policy 0.00s, stepping env
    [frozen_flower] chain 270/1000 task 1/1 step 75/360: running policy
    [frozen_flower] chain 270/1000 task 1/1 step 75/360: policy 0.00s, stepping env
    [frozen_flower] chain 270/1000 task 1/1 step 100/360: running policy
    [frozen_flower] chain 270/1000 task 1/1 step 100/360: policy 0.00s, stepping env
    [frozen_flower] chain 270/1000 task 1/1 step 125/360: running policy
    [frozen_flower] chain 270/1000 task 1/1 step 125/360: policy 0.00s, stepping env
    [frozen_flower] chain 270/1000 task 1/1 success at step 139
    [frozen_flower] chain 270/1000 task 1/1 success: 139 steps, 3.1s
    [frozen_flower] 270/1000 chains, L1 success: 97.0%
    [frozen_flower] chain 271/1000 start: ['rotate_red_block_right']
    [frozen_flower] chain 271/1000 instructions: ['take the red block and rotate it to the right']
    [frozen_flower] chain 271/1000 task 1/1 start: rotate_red_block_right | instruction: take the red block and rotate it to the right
    [frozen_flower] chain 271/1000 task 1/1 step 1/360: running policy
    [frozen_flower] chain 271/1000 task 1/1 step 1/360: policy 0.16s, stepping env
    [frozen_flower] chain 271/1000 task 1/1 step 25/360: running policy
    [frozen_flower] chain 271/1000 task 1/1 step 25/360: policy 0.00s, stepping env
    [frozen_flower] chain 271/1000 task 1/1 step 50/360: running policy
    [frozen_flower] chain 271/1000 task 1/1 step 50/360: policy 0.00s, stepping env
    [frozen_flower] chain 271/1000 task 1/1 step 75/360: running policy
    [frozen_flower] chain 271/1000 task 1/1 step 75/360: policy 0.00s, stepping env
    [frozen_flower] chain 271/1000 task 1/1 success at step 92
    [frozen_flower] chain 271/1000 task 1/1 success: 92 steps, 2.6s
    [frozen_flower] chain 272/1000 start: ['push_blue_block_right']
    [frozen_flower] chain 272/1000 instructions: ['go push the blue block right']
    [frozen_flower] chain 272/1000 task 1/1 start: push_blue_block_right | instruction: go push the blue block right
    [frozen_flower] chain 272/1000 task 1/1 step 1/360: running policy
    [frozen_flower] chain 272/1000 task 1/1 step 1/360: policy 0.21s, stepping env
    [frozen_flower] chain 272/1000 task 1/1 step 25/360: running policy
    [frozen_flower] chain 272/1000 task 1/1 step 25/360: policy 0.00s, stepping env
    [frozen_flower] chain 272/1000 task 1/1 step 50/360: running policy
    [frozen_flower] chain 272/1000 task 1/1 step 50/360: policy 0.00s, stepping env
    [frozen_flower] chain 272/1000 task 1/1 step 75/360: running policy
    [frozen_flower] chain 272/1000 task 1/1 step 75/360: policy 0.00s, stepping env
    [frozen_flower] chain 272/1000 task 1/1 step 100/360: running policy
    [frozen_flower] chain 272/1000 task 1/1 step 100/360: policy 0.00s, stepping env
    [frozen_flower] chain 272/1000 task 1/1 success at step 111
    [frozen_flower] chain 272/1000 task 1/1 success: 111 steps, 3.2s
    [frozen_flower] chain 273/1000 start: ['rotate_pink_block_left']
    [frozen_flower] chain 273/1000 instructions: ['take the pink block and rotate it to the left']
    [frozen_flower] chain 273/1000 task 1/1 start: rotate_pink_block_left | instruction: take the pink block and rotate it to the left
    [frozen_flower] chain 273/1000 task 1/1 step 1/360: running policy
    [frozen_flower] chain 273/1000 task 1/1 step 1/360: policy 0.16s, stepping env
    [frozen_flower] chain 273/1000 task 1/1 step 25/360: running policy
    [frozen_flower] chain 273/1000 task 1/1 step 25/360: policy 0.00s, stepping env
    [frozen_flower] chain 273/1000 task 1/1 step 50/360: running policy
    [frozen_flower] chain 273/1000 task 1/1 step 50/360: policy 0.03s, stepping env
    [frozen_flower] chain 273/1000 task 1/1 step 75/360: running policy
    [frozen_flower] chain 273/1000 task 1/1 step 75/360: policy 0.00s, stepping env
    [frozen_flower] chain 273/1000 task 1/1 success at step 89
    [frozen_flower] chain 273/1000 task 1/1 success: 89 steps, 2.4s
    [frozen_flower] chain 274/1000 start: ['open_drawer']
    [frozen_flower] chain 274/1000 instructions: ['pull the handle to open the drawer']
    [frozen_flower] chain 274/1000 task 1/1 start: open_drawer | instruction: pull the handle to open the drawer
    [frozen_flower] chain 274/1000 task 1/1 step 1/360: running policy
    [frozen_flower] chain 274/1000 task 1/1 step 1/360: policy 0.21s, stepping env
    [frozen_flower] chain 274/1000 task 1/1 step 25/360: running policy
    [frozen_flower] chain 274/1000 task 1/1 step 25/360: policy 0.00s, stepping env
    [frozen_flower] chain 274/1000 task 1/1 step 50/360: running policy
    [frozen_flower] chain 274/1000 task 1/1 step 50/360: policy 0.00s, stepping env
    [frozen_flower] chain 274/1000 task 1/1 success at step 56
    [frozen_flower] chain 274/1000 task 1/1 success: 56 steps, 1.6s
    [frozen_flower] chain 275/1000 start: ['open_drawer']
    [frozen_flower] chain 275/1000 instructions: ['pull the handle to open the drawer']
    [frozen_flower] chain 275/1000 task 1/1 start: open_drawer | instruction: pull the handle to open the drawer
    [frozen_flower] chain 275/1000 task 1/1 step 1/360: running policy
    [frozen_flower] chain 275/1000 task 1/1 step 1/360: policy 0.18s, stepping env
    [frozen_flower] chain 275/1000 task 1/1 step 25/360: running policy
    [frozen_flower] chain 275/1000 task 1/1 step 25/360: policy 0.00s, stepping env
    [frozen_flower] chain 275/1000 task 1/1 success at step 49
    [frozen_flower] chain 275/1000 task 1/1 success: 49 steps, 1.5s
    [frozen_flower] chain 276/1000 start: ['lift_pink_block_slider']
    [frozen_flower] chain 276/1000 instructions: ['lift the pink block from the sliding cabinet']
    [frozen_flower] chain 276/1000 task 1/1 start: lift_pink_block_slider | instruction: lift the pink block from the sliding cabinet
    [frozen_flower] chain 276/1000 task 1/1 step 1/360: running policy
    [frozen_flower] chain 276/1000 task 1/1 step 1/360: policy 0.21s, stepping env
    [frozen_flower] chain 276/1000 task 1/1 step 25/360: running policy
    [frozen_flower] chain 276/1000 task 1/1 step 25/360: policy 0.00s, stepping env
    [frozen_flower] chain 276/1000 task 1/1 step 50/360: running policy
    [frozen_flower] chain 276/1000 task 1/1 step 50/360: policy 0.00s, stepping env
    [frozen_flower] chain 276/1000 task 1/1 success at step 60
    [frozen_flower] chain 276/1000 task 1/1 success: 60 steps, 2.0s
    [frozen_flower] chain 277/1000 start: ['turn_off_lightbulb']
    [frozen_flower] chain 277/1000 instructions: ['use the switch to turn off the light bulb']
    [frozen_flower] chain 277/1000 task 1/1 start: turn_off_lightbulb | instruction: use the switch to turn off the light bulb
    [frozen_flower] chain 277/1000 task 1/1 step 1/360: running policy
    [frozen_flower] chain 277/1000 task 1/1 step 1/360: policy 0.22s, stepping env
    [frozen_flower] chain 277/1000 task 1/1 step 25/360: running policy
    [frozen_flower] chain 277/1000 task 1/1 step 25/360: policy 0.00s, stepping env
    [frozen_flower] chain 277/1000 task 1/1 step 50/360: running policy
    [frozen_flower] chain 277/1000 task 1/1 step 50/360: policy 0.00s, stepping env
    [frozen_flower] chain 277/1000 task 1/1 success at step 60
    [frozen_flower] chain 277/1000 task 1/1 success: 60 steps, 1.8s
    [frozen_flower] chain 278/1000 start: ['lift_blue_block_table']
    [frozen_flower] chain 278/1000 instructions: ['grasp and lift the blue block']
    [frozen_flower] chain 278/1000 task 1/1 start: lift_blue_block_table | instruction: grasp and lift the blue block
    [frozen_flower] chain 278/1000 task 1/1 step 1/360: running policy
    [frozen_flower] chain 278/1000 task 1/1 step 1/360: policy 0.18s, stepping env
    [frozen_flower] chain 278/1000 task 1/1 step 25/360: running policy
    [frozen_flower] chain 278/1000 task 1/1 step 25/360: policy 0.00s, stepping env
    [frozen_flower] chain 278/1000 task 1/1 success at step 39
    [frozen_flower] chain 278/1000 task 1/1 success: 39 steps, 1.2s
    [frozen_flower] chain 279/1000 start: ['turn_off_lightbulb']
    [frozen_flower] chain 279/1000 instructions: ['use the switch to turn off the light bulb']
    [frozen_flower] chain 279/1000 task 1/1 start: turn_off_lightbulb | instruction: use the switch to turn off the light bulb
    [frozen_flower] chain 279/1000 task 1/1 step 1/360: running policy
    [frozen_flower] chain 279/1000 task 1/1 step 1/360: policy 0.22s, stepping env
    [frozen_flower] chain 279/1000 task 1/1 step 25/360: running policy
    [frozen_flower] chain 279/1000 task 1/1 step 25/360: policy 0.00s, stepping env
    [frozen_flower] chain 279/1000 task 1/1 step 50/360: running policy
    [frozen_flower] chain 279/1000 task 1/1 step 50/360: policy 0.00s, stepping env
    [frozen_flower] chain 279/1000 task 1/1 success at step 58
    [frozen_flower] chain 279/1000 task 1/1 success: 58 steps, 1.9s
    [frozen_flower] chain 280/1000 start: ['open_drawer']
    [frozen_flower] chain 280/1000 instructions: ['pull the handle to open the drawer']
    [frozen_flower] chain 280/1000 task 1/1 start: open_drawer | instruction: pull the handle to open the drawer
    [frozen_flower] chain 280/1000 task 1/1 step 1/360: running policy
    [frozen_flower] chain 280/1000 task 1/1 step 1/360: policy 0.22s, stepping env
    [frozen_flower] chain 280/1000 task 1/1 step 25/360: running policy
    [frozen_flower] chain 280/1000 task 1/1 step 25/360: policy 0.00s, stepping env
    [frozen_flower] chain 280/1000 task 1/1 step 50/360: running policy
    [frozen_flower] chain 280/1000 task 1/1 step 50/360: policy 0.00s, stepping env
    [frozen_flower] chain 280/1000 task 1/1 success at step 56
    [frozen_flower] chain 280/1000 task 1/1 success: 56 steps, 1.9s
    [frozen_flower] 280/1000 chains, L1 success: 97.1%
    [frozen_flower] chain 281/1000 start: ['push_red_block_left']
    [frozen_flower] chain 281/1000 instructions: ['go push the red block left']
    [frozen_flower] chain 281/1000 task 1/1 start: push_red_block_left | instruction: go push the red block left
    [frozen_flower] chain 281/1000 task 1/1 step 1/360: running policy
    [frozen_flower] chain 281/1000 task 1/1 step 1/360: policy 0.23s, stepping env
    [frozen_flower] chain 281/1000 task 1/1 step 25/360: running policy
    [frozen_flower] chain 281/1000 task 1/1 step 25/360: policy 0.00s, stepping env
    [frozen_flower] chain 281/1000 task 1/1 step 50/360: running policy
    [frozen_flower] chain 281/1000 task 1/1 step 50/360: policy 0.00s, stepping env
    [frozen_flower] chain 281/1000 task 1/1 success at step 66
    [frozen_flower] chain 281/1000 task 1/1 success: 66 steps, 2.3s
    [frozen_flower] chain 282/1000 start: ['lift_red_block_slider']
    [frozen_flower] chain 282/1000 instructions: ['lift the red block from the sliding cabinet']
    [frozen_flower] chain 282/1000 task 1/1 start: lift_red_block_slider | instruction: lift the red block from the sliding cabinet
    [frozen_flower] chain 282/1000 task 1/1 step 1/360: running policy
    [frozen_flower] chain 282/1000 task 1/1 step 1/360: policy 0.23s, stepping env
    [frozen_flower] chain 282/1000 task 1/1 step 25/360: running policy
    [frozen_flower] chain 282/1000 task 1/1 step 25/360: policy 0.00s, stepping env
    [frozen_flower] chain 282/1000 task 1/1 step 50/360: running policy
    [frozen_flower] chain 282/1000 task 1/1 step 50/360: policy 0.00s, stepping env
    [frozen_flower] chain 282/1000 task 1/1 success at step 72
    [frozen_flower] chain 282/1000 task 1/1 success: 72 steps, 2.5s
    [frozen_flower] chain 283/1000 start: ['rotate_red_block_right']
    [frozen_flower] chain 283/1000 instructions: ['take the red block and rotate it to the right']
    [frozen_flower] chain 283/1000 task 1/1 start: rotate_red_block_right | instruction: take the red block and rotate it to the right
    [frozen_flower] chain 283/1000 task 1/1 step 1/360: running policy
    [frozen_flower] chain 283/1000 task 1/1 step 1/360: policy 0.23s, stepping env
    [frozen_flower] chain 283/1000 task 1/1 step 25/360: running policy
    [frozen_flower] chain 283/1000 task 1/1 step 25/360: policy 0.00s, stepping env
    [frozen_flower] chain 283/1000 task 1/1 step 50/360: running policy
    [frozen_flower] chain 283/1000 task 1/1 step 50/360: policy 0.00s, stepping env
    [frozen_flower] chain 283/1000 task 1/1 step 75/360: running policy
    [frozen_flower] chain 283/1000 task 1/1 step 75/360: policy 0.00s, stepping env
    [frozen_flower] chain 283/1000 task 1/1 success at step 84
    [frozen_flower] chain 283/1000 task 1/1 success: 84 steps, 2.9s
    [frozen_flower] chain 284/1000 start: ['push_blue_block_left']
    [frozen_flower] chain 284/1000 instructions: ['go push the blue block left']
    [frozen_flower] chain 284/1000 task 1/1 start: push_blue_block_left | instruction: go push the blue block left
    [frozen_flower] chain 284/1000 task 1/1 step 1/360: running policy
    [frozen_flower] chain 284/1000 task 1/1 step 1/360: policy 0.16s, stepping env
    [frozen_flower] chain 284/1000 task 1/1 step 25/360: running policy
    [frozen_flower] chain 284/1000 task 1/1 step 25/360: policy 0.00s, stepping env
    [frozen_flower] chain 284/1000 task 1/1 step 50/360: running policy
    [frozen_flower] chain 284/1000 task 1/1 step 50/360: policy 0.00s, stepping env
    [frozen_flower] chain 284/1000 task 1/1 success at step 63
    [frozen_flower] chain 284/1000 task 1/1 success: 63 steps, 1.5s
    [frozen_flower] chain 285/1000 start: ['push_blue_block_left']
    [frozen_flower] chain 285/1000 instructions: ['go push the blue block left']
    [frozen_flower] chain 285/1000 task 1/1 start: push_blue_block_left | instruction: go push the blue block left
    [frozen_flower] chain 285/1000 task 1/1 step 1/360: running policy
    [frozen_flower] chain 285/1000 task 1/1 step 1/360: policy 0.16s, stepping env
    [frozen_flower] chain 285/1000 task 1/1 step 25/360: running policy
    [frozen_flower] chain 285/1000 task 1/1 step 25/360: policy 0.00s, stepping env
    [frozen_flower] chain 285/1000 task 1/1 step 50/360: running policy
    [frozen_flower] chain 285/1000 task 1/1 step 50/360: policy 0.00s, stepping env
    [frozen_flower] chain 285/1000 task 1/1 success at step 68
    [frozen_flower] chain 285/1000 task 1/1 success: 68 steps, 1.6s
    [frozen_flower] chain 286/1000 start: ['open_drawer']
    [frozen_flower] chain 286/1000 instructions: ['pull the handle to open the drawer']
    [frozen_flower] chain 286/1000 task 1/1 start: open_drawer | instruction: pull the handle to open the drawer
    [frozen_flower] chain 286/1000 task 1/1 step 1/360: running policy
    [frozen_flower] chain 286/1000 task 1/1 step 1/360: policy 0.16s, stepping env
    [frozen_flower] chain 286/1000 task 1/1 step 25/360: running policy
    [frozen_flower] chain 286/1000 task 1/1 step 25/360: policy 0.00s, stepping env
    [frozen_flower] chain 286/1000 task 1/1 step 50/360: running policy
    [frozen_flower] chain 286/1000 task 1/1 step 50/360: policy 0.00s, stepping env
    [frozen_flower] chain 286/1000 task 1/1 success at step 50
    [frozen_flower] chain 286/1000 task 1/1 success: 50 steps, 1.1s
    [frozen_flower] chain 287/1000 start: ['push_pink_block_left']
    [frozen_flower] chain 287/1000 instructions: ['go push the pink block left']
    [frozen_flower] chain 287/1000 task 1/1 start: push_pink_block_left | instruction: go push the pink block left
    [frozen_flower] chain 287/1000 task 1/1 step 1/360: running policy
    [frozen_flower] chain 287/1000 task 1/1 step 1/360: policy 0.15s, stepping env
    [frozen_flower] chain 287/1000 task 1/1 step 25/360: running policy
    [frozen_flower] chain 287/1000 task 1/1 step 25/360: policy 0.00s, stepping env
    [frozen_flower] chain 287/1000 task 1/1 step 50/360: running policy
    [frozen_flower] chain 287/1000 task 1/1 step 50/360: policy 0.00s, stepping env
    [frozen_flower] chain 287/1000 task 1/1 success at step 66
    [frozen_flower] chain 287/1000 task 1/1 success: 66 steps, 1.5s
    [frozen_flower] chain 288/1000 start: ['lift_red_block_slider']
    [frozen_flower] chain 288/1000 instructions: ['lift the red block from the sliding cabinet']
    [frozen_flower] chain 288/1000 task 1/1 start: lift_red_block_slider | instruction: lift the red block from the sliding cabinet
    [frozen_flower] chain 288/1000 task 1/1 step 1/360: running policy
    [frozen_flower] chain 288/1000 task 1/1 step 1/360: policy 0.16s, stepping env
    [frozen_flower] chain 288/1000 task 1/1 step 25/360: running policy
    [frozen_flower] chain 288/1000 task 1/1 step 25/360: policy 0.00s, stepping env
    [frozen_flower] chain 288/1000 task 1/1 step 50/360: running policy
    [frozen_flower] chain 288/1000 task 1/1 step 50/360: policy 0.00s, stepping env
    [frozen_flower] chain 288/1000 task 1/1 success at step 60
    [frozen_flower] chain 288/1000 task 1/1 success: 60 steps, 1.3s
    [frozen_flower] chain 289/1000 start: ['lift_blue_block_slider']
    [frozen_flower] chain 289/1000 instructions: ['lift the blue block from the sliding cabinet']
    [frozen_flower] chain 289/1000 task 1/1 start: lift_blue_block_slider | instruction: lift the blue block from the sliding cabinet
    [frozen_flower] chain 289/1000 task 1/1 step 1/360: running policy
    [frozen_flower] chain 289/1000 task 1/1 step 1/360: policy 0.16s, stepping env
    [frozen_flower] chain 289/1000 task 1/1 step 25/360: running policy
    [frozen_flower] chain 289/1000 task 1/1 step 25/360: policy 0.00s, stepping env
    [frozen_flower] chain 289/1000 task 1/1 step 50/360: running policy
    [frozen_flower] chain 289/1000 task 1/1 step 50/360: policy 0.00s, stepping env
    [frozen_flower] chain 289/1000 task 1/1 success at step 56
    [frozen_flower] chain 289/1000 task 1/1 success: 56 steps, 1.3s
    [frozen_flower] chain 290/1000 start: ['close_drawer']
    [frozen_flower] chain 290/1000 instructions: ['push the handle to close the drawer']
    [frozen_flower] chain 290/1000 task 1/1 start: close_drawer | instruction: push the handle to close the drawer
    [frozen_flower] chain 290/1000 task 1/1 step 1/360: running policy
    [frozen_flower] chain 290/1000 task 1/1 step 1/360: policy 0.15s, stepping env
    [frozen_flower] chain 290/1000 task 1/1 step 25/360: running policy
    [frozen_flower] chain 290/1000 task 1/1 step 25/360: policy 0.00s, stepping env
    [frozen_flower] chain 290/1000 task 1/1 success at step 49
    [frozen_flower] chain 290/1000 task 1/1 success: 49 steps, 1.1s
    [frozen_flower] 290/1000 chains, L1 success: 97.2%
    [frozen_flower] chain 291/1000 start: ['lift_blue_block_table']
    [frozen_flower] chain 291/1000 instructions: ['grasp and lift the blue block']
    [frozen_flower] chain 291/1000 task 1/1 start: lift_blue_block_table | instruction: grasp and lift the blue block
    [frozen_flower] chain 291/1000 task 1/1 step 1/360: running policy
    [frozen_flower] chain 291/1000 task 1/1 step 1/360: policy 0.15s, stepping env
    [frozen_flower] chain 291/1000 task 1/1 step 25/360: running policy
    [frozen_flower] chain 291/1000 task 1/1 step 25/360: policy 0.00s, stepping env
    [frozen_flower] chain 291/1000 task 1/1 step 50/360: running policy
    [frozen_flower] chain 291/1000 task 1/1 step 50/360: policy 0.00s, stepping env
    [frozen_flower] chain 291/1000 task 1/1 success at step 52
    [frozen_flower] chain 291/1000 task 1/1 success: 52 steps, 1.3s
    [frozen_flower] chain 292/1000 start: ['turn_on_lightbulb']
    [frozen_flower] chain 292/1000 instructions: ['use the switch to turn on the light bulb']
    [frozen_flower] chain 292/1000 task 1/1 start: turn_on_lightbulb | instruction: use the switch to turn on the light bulb
    [frozen_flower] chain 292/1000 task 1/1 step 1/360: running policy
    [frozen_flower] chain 292/1000 task 1/1 step 1/360: policy 0.15s, stepping env
    [frozen_flower] chain 292/1000 task 1/1 step 25/360: running policy
    [frozen_flower] chain 292/1000 task 1/1 step 25/360: policy 0.00s, stepping env
    [frozen_flower] chain 292/1000 task 1/1 success at step 47
    [frozen_flower] chain 292/1000 task 1/1 success: 47 steps, 1.1s
    [frozen_flower] chain 293/1000 start: ['turn_on_lightbulb']
    [frozen_flower] chain 293/1000 instructions: ['use the switch to turn on the light bulb']
    [frozen_flower] chain 293/1000 task 1/1 start: turn_on_lightbulb | instruction: use the switch to turn on the light bulb
    [frozen_flower] chain 293/1000 task 1/1 step 1/360: running policy
    [frozen_flower] chain 293/1000 task 1/1 step 1/360: policy 0.15s, stepping env
    [frozen_flower] chain 293/1000 task 1/1 step 25/360: running policy
    [frozen_flower] chain 293/1000 task 1/1 step 25/360: policy 0.00s, stepping env
    [frozen_flower] chain 293/1000 task 1/1 step 50/360: running policy
    [frozen_flower] chain 293/1000 task 1/1 step 50/360: policy 0.00s, stepping env
    [frozen_flower] chain 293/1000 task 1/1 success at step 53
    [frozen_flower] chain 293/1000 task 1/1 success: 53 steps, 1.3s
    [frozen_flower] chain 294/1000 start: ['push_red_block_right']
    [frozen_flower] chain 294/1000 instructions: ['go push the red block right']
    [frozen_flower] chain 294/1000 task 1/1 start: push_red_block_right | instruction: go push the red block right
    [frozen_flower] chain 294/1000 task 1/1 step 1/360: running policy
    [frozen_flower] chain 294/1000 task 1/1 step 1/360: policy 0.16s, stepping env
    [frozen_flower] chain 294/1000 task 1/1 step 25/360: running policy
    [frozen_flower] chain 294/1000 task 1/1 step 25/360: policy 0.00s, stepping env
    [frozen_flower] chain 294/1000 task 1/1 step 50/360: running policy
    [frozen_flower] chain 294/1000 task 1/1 step 50/360: policy 0.00s, stepping env
    [frozen_flower] chain 294/1000 task 1/1 step 75/360: running policy
    [frozen_flower] chain 294/1000 task 1/1 step 75/360: policy 0.00s, stepping env
    [frozen_flower] chain 294/1000 task 1/1 step 100/360: running policy
    [frozen_flower] chain 294/1000 task 1/1 step 100/360: policy 0.00s, stepping env
    [frozen_flower] chain 294/1000 task 1/1 step 125/360: running policy
    [frozen_flower] chain 294/1000 task 1/1 step 125/360: policy 0.00s, stepping env
    [frozen_flower] chain 294/1000 task 1/1 step 150/360: running policy
    [frozen_flower] chain 294/1000 task 1/1 step 150/360: policy 0.00s, stepping env
    [frozen_flower] chain 294/1000 task 1/1 step 175/360: running policy
    [frozen_flower] chain 294/1000 task 1/1 step 175/360: policy 0.00s, stepping env
    [frozen_flower] chain 294/1000 task 1/1 step 200/360: running policy
    [frozen_flower] chain 294/1000 task 1/1 step 200/360: policy 0.00s, stepping env
    [frozen_flower] chain 294/1000 task 1/1 step 225/360: running policy
    [frozen_flower] chain 294/1000 task 1/1 step 225/360: policy 0.00s, stepping env
    [frozen_flower] chain 294/1000 task 1/1 success at step 239
    [frozen_flower] chain 294/1000 task 1/1 success: 239 steps, 5.7s
    [frozen_flower] chain 295/1000 start: ['turn_off_led']
    [frozen_flower] chain 295/1000 instructions: ['press the button to turn off the led light']
    [frozen_flower] chain 295/1000 task 1/1 start: turn_off_led | instruction: press the button to turn off the led light
    [frozen_flower] chain 295/1000 task 1/1 step 1/360: running policy
    [frozen_flower] chain 295/1000 task 1/1 step 1/360: policy 0.19s, stepping env
    [frozen_flower] chain 295/1000 task 1/1 step 25/360: running policy
    [frozen_flower] chain 295/1000 task 1/1 step 25/360: policy 0.00s, stepping env
    [frozen_flower] chain 295/1000 task 1/1 success at step 37
    [frozen_flower] chain 295/1000 task 1/1 success: 37 steps, 1.1s
    [frozen_flower] chain 296/1000 start: ['open_drawer']
    [frozen_flower] chain 296/1000 instructions: ['pull the handle to open the drawer']
    [frozen_flower] chain 296/1000 task 1/1 start: open_drawer | instruction: pull the handle to open the drawer
    [frozen_flower] chain 296/1000 task 1/1 step 1/360: running policy
    [frozen_flower] chain 296/1000 task 1/1 step 1/360: policy 0.18s, stepping env
    [frozen_flower] chain 296/1000 task 1/1 step 25/360: running policy
    [frozen_flower] chain 296/1000 task 1/1 step 25/360: policy 0.00s, stepping env
    [frozen_flower] chain 296/1000 task 1/1 step 50/360: running policy
    [frozen_flower] chain 296/1000 task 1/1 step 50/360: policy 0.00s, stepping env
    [frozen_flower] chain 296/1000 task 1/1 success at step 59
    [frozen_flower] chain 296/1000 task 1/1 success: 59 steps, 1.7s
    [frozen_flower] chain 297/1000 start: ['lift_blue_block_slider']
    [frozen_flower] chain 297/1000 instructions: ['lift the blue block from the sliding cabinet']
    [frozen_flower] chain 297/1000 task 1/1 start: lift_blue_block_slider | instruction: lift the blue block from the sliding cabinet
    [frozen_flower] chain 297/1000 task 1/1 step 1/360: running policy
    [frozen_flower] chain 297/1000 task 1/1 step 1/360: policy 0.23s, stepping env
    [frozen_flower] chain 297/1000 task 1/1 step 25/360: running policy
    [frozen_flower] chain 297/1000 task 1/1 step 25/360: policy 0.00s, stepping env
    [frozen_flower] chain 297/1000 task 1/1 step 50/360: running policy
    [frozen_flower] chain 297/1000 task 1/1 step 50/360: policy 0.00s, stepping env
    [frozen_flower] chain 297/1000 task 1/1 step 75/360: running policy
    [frozen_flower] chain 297/1000 task 1/1 step 75/360: policy 0.00s, stepping env
    [frozen_flower] chain 297/1000 task 1/1 step 100/360: running policy
    [frozen_flower] chain 297/1000 task 1/1 step 100/360: policy 0.00s, stepping env
    [frozen_flower] chain 297/1000 task 1/1 success at step 112
    [frozen_flower] chain 297/1000 task 1/1 success: 112 steps, 4.2s
    [frozen_flower] chain 298/1000 start: ['move_slider_right']
    [frozen_flower] chain 298/1000 instructions: ['push the sliding door to the right side']
    [frozen_flower] chain 298/1000 task 1/1 start: move_slider_right | instruction: push the sliding door to the right side
    [frozen_flower] chain 298/1000 task 1/1 step 1/360: running policy
    [frozen_flower] chain 298/1000 task 1/1 step 1/360: policy 0.23s, stepping env
    [frozen_flower] chain 298/1000 task 1/1 step 25/360: running policy
    [frozen_flower] chain 298/1000 task 1/1 step 25/360: policy 0.00s, stepping env
    [frozen_flower] chain 298/1000 task 1/1 step 50/360: running policy
    [frozen_flower] chain 298/1000 task 1/1 step 50/360: policy 0.00s, stepping env
    [frozen_flower] chain 298/1000 task 1/1 success at step 66
    [frozen_flower] chain 298/1000 task 1/1 success: 66 steps, 2.4s
    [frozen_flower] chain 299/1000 start: ['close_drawer']
    [frozen_flower] chain 299/1000 instructions: ['push the handle to close the drawer']
    [frozen_flower] chain 299/1000 task 1/1 start: close_drawer | instruction: push the handle to close the drawer
    [frozen_flower] chain 299/1000 task 1/1 step 1/360: running policy
    [frozen_flower] chain 299/1000 task 1/1 step 1/360: policy 0.20s, stepping env
    [frozen_flower] chain 299/1000 task 1/1 step 25/360: running policy
    [frozen_flower] chain 299/1000 task 1/1 step 25/360: policy 0.02s, stepping env
    [frozen_flower] chain 299/1000 task 1/1 step 50/360: running policy
    [frozen_flower] chain 299/1000 task 1/1 step 50/360: policy 0.00s, stepping env
    [frozen_flower] chain 299/1000 task 1/1 success at step 60
    [frozen_flower] chain 299/1000 task 1/1 success: 60 steps, 2.0s
    [frozen_flower] chain 300/1000 start: ['open_drawer']
    [frozen_flower] chain 300/1000 instructions: ['pull the handle to open the drawer']
    [frozen_flower] chain 300/1000 task 1/1 start: open_drawer | instruction: pull the handle to open the drawer
    [frozen_flower] chain 300/1000 task 1/1 step 1/360: running policy
    [frozen_flower] chain 300/1000 task 1/1 step 1/360: policy 0.19s, stepping env
    [frozen_flower] chain 300/1000 task 1/1 step 25/360: running policy
    [frozen_flower] chain 300/1000 task 1/1 step 25/360: policy 0.00s, stepping env
    [frozen_flower] chain 300/1000 task 1/1 step 50/360: running policy
    [frozen_flower] chain 300/1000 task 1/1 step 50/360: policy 0.00s, stepping env
    [frozen_flower] chain 300/1000 task 1/1 success at step 59
    [frozen_flower] chain 300/1000 task 1/1 success: 59 steps, 1.8s
    [frozen_flower] 300/1000 chains, L1 success: 97.3%
    [frozen_flower] chain 301/1000 start: ['rotate_red_block_right']
    [frozen_flower] chain 301/1000 instructions: ['take the red block and rotate it to the right']
    [frozen_flower] chain 301/1000 task 1/1 start: rotate_red_block_right | instruction: take the red block and rotate it to the right
    [frozen_flower] chain 301/1000 task 1/1 step 1/360: running policy
    [frozen_flower] chain 301/1000 task 1/1 step 1/360: policy 0.24s, stepping env
    [frozen_flower] chain 301/1000 task 1/1 step 25/360: running policy
    [frozen_flower] chain 301/1000 task 1/1 step 25/360: policy 0.01s, stepping env
    [frozen_flower] chain 301/1000 task 1/1 step 50/360: running policy
    [frozen_flower] chain 301/1000 task 1/1 step 50/360: policy 0.00s, stepping env
    [frozen_flower] chain 301/1000 task 1/1 success at step 73
    [frozen_flower] chain 301/1000 task 1/1 success: 73 steps, 2.3s
    [frozen_flower] chain 302/1000 start: ['open_drawer']
    [frozen_flower] chain 302/1000 instructions: ['pull the handle to open the drawer']
    [frozen_flower] chain 302/1000 task 1/1 start: open_drawer | instruction: pull the handle to open the drawer
    [frozen_flower] chain 302/1000 task 1/1 step 1/360: running policy
    [frozen_flower] chain 302/1000 task 1/1 step 1/360: policy 0.15s, stepping env
    [frozen_flower] chain 302/1000 task 1/1 step 25/360: running policy
    [frozen_flower] chain 302/1000 task 1/1 step 25/360: policy 0.00s, stepping env
    [frozen_flower] chain 302/1000 task 1/1 step 50/360: running policy
    [frozen_flower] chain 302/1000 task 1/1 step 50/360: policy 0.00s, stepping env
    [frozen_flower] chain 302/1000 task 1/1 success at step 51
    [frozen_flower] chain 302/1000 task 1/1 success: 51 steps, 1.5s
    [frozen_flower] chain 303/1000 start: ['push_red_block_right']
    [frozen_flower] chain 303/1000 instructions: ['go push the red block right']
    [frozen_flower] chain 303/1000 task 1/1 start: push_red_block_right | instruction: go push the red block right
    [frozen_flower] chain 303/1000 task 1/1 step 1/360: running policy
    [frozen_flower] chain 303/1000 task 1/1 step 1/360: policy 0.17s, stepping env
    [frozen_flower] chain 303/1000 task 1/1 step 25/360: running policy
    [frozen_flower] chain 303/1000 task 1/1 step 25/360: policy 0.00s, stepping env
    [frozen_flower] chain 303/1000 task 1/1 step 50/360: running policy
    [frozen_flower] chain 303/1000 task 1/1 step 50/360: policy 0.01s, stepping env
    [frozen_flower] chain 303/1000 task 1/1 step 75/360: running policy
    [frozen_flower] chain 303/1000 task 1/1 step 75/360: policy 0.00s, stepping env
    [frozen_flower] chain 303/1000 task 1/1 step 100/360: running policy
    [frozen_flower] chain 303/1000 task 1/1 step 100/360: policy 0.00s, stepping env
    [frozen_flower] chain 303/1000 task 1/1 step 125/360: running policy
    [frozen_flower] chain 303/1000 task 1/1 step 125/360: policy 0.01s, stepping env
    [frozen_flower] chain 303/1000 task 1/1 step 150/360: running policy
    [frozen_flower] chain 303/1000 task 1/1 step 150/360: policy 0.00s, stepping env
    [frozen_flower] chain 303/1000 task 1/1 success at step 157
    [frozen_flower] chain 303/1000 task 1/1 success: 157 steps, 4.7s
    [frozen_flower] chain 304/1000 start: ['turn_off_lightbulb']
    [frozen_flower] chain 304/1000 instructions: ['use the switch to turn off the light bulb']
    [frozen_flower] chain 304/1000 task 1/1 start: turn_off_lightbulb | instruction: use the switch to turn off the light bulb
    [frozen_flower] chain 304/1000 task 1/1 step 1/360: running policy
    [frozen_flower] chain 304/1000 task 1/1 step 1/360: policy 0.17s, stepping env
    [frozen_flower] chain 304/1000 task 1/1 step 25/360: running policy
    [frozen_flower] chain 304/1000 task 1/1 step 25/360: policy 0.01s, stepping env
    [frozen_flower] chain 304/1000 task 1/1 step 50/360: running policy
    [frozen_flower] chain 304/1000 task 1/1 step 50/360: policy 0.01s, stepping env
    [frozen_flower] chain 304/1000 task 1/1 success at step 59
    [frozen_flower] chain 304/1000 task 1/1 success: 59 steps, 1.6s
    [frozen_flower] chain 305/1000 start: ['rotate_blue_block_left']
    [frozen_flower] chain 305/1000 instructions: ['take the blue block and rotate it to the left']
    [frozen_flower] chain 305/1000 task 1/1 start: rotate_blue_block_left | instruction: take the blue block and rotate it to the left
    [frozen_flower] chain 305/1000 task 1/1 step 1/360: running policy
    [frozen_flower] chain 305/1000 task 1/1 step 1/360: policy 0.16s, stepping env
    [frozen_flower] chain 305/1000 task 1/1 step 25/360: running policy
    [frozen_flower] chain 305/1000 task 1/1 step 25/360: policy 0.00s, stepping env
    [frozen_flower] chain 305/1000 task 1/1 step 50/360: running policy
    [frozen_flower] chain 305/1000 task 1/1 step 50/360: policy 0.00s, stepping env
    [frozen_flower] chain 305/1000 task 1/1 step 75/360: running policy
    [frozen_flower] chain 305/1000 task 1/1 step 75/360: policy 0.00s, stepping env
    [frozen_flower] chain 305/1000 task 1/1 success at step 85
    [frozen_flower] chain 305/1000 task 1/1 success: 85 steps, 2.5s
    [frozen_flower] chain 306/1000 start: ['lift_red_block_slider']
    [frozen_flower] chain 306/1000 instructions: ['lift the red block from the sliding cabinet']
    [frozen_flower] chain 306/1000 task 1/1 start: lift_red_block_slider | instruction: lift the red block from the sliding cabinet
    [frozen_flower] chain 306/1000 task 1/1 step 1/360: running policy
    [frozen_flower] chain 306/1000 task 1/1 step 1/360: policy 0.16s, stepping env
    [frozen_flower] chain 306/1000 task 1/1 step 25/360: running policy
    [frozen_flower] chain 306/1000 task 1/1 step 25/360: policy 0.01s, stepping env
    [frozen_flower] chain 306/1000 task 1/1 success at step 46
    [frozen_flower] chain 306/1000 task 1/1 success: 46 steps, 1.4s
    [frozen_flower] chain 307/1000 start: ['move_slider_left']
    [frozen_flower] chain 307/1000 instructions: ['push the sliding door to the left side']
    [frozen_flower] chain 307/1000 task 1/1 start: move_slider_left | instruction: push the sliding door to the left side
    [frozen_flower] chain 307/1000 task 1/1 step 1/360: running policy
    [frozen_flower] chain 307/1000 task 1/1 step 1/360: policy 0.16s, stepping env
    [frozen_flower] chain 307/1000 task 1/1 step 25/360: running policy
    [frozen_flower] chain 307/1000 task 1/1 step 25/360: policy 0.00s, stepping env
    [frozen_flower] chain 307/1000 task 1/1 step 50/360: running policy
    [frozen_flower] chain 307/1000 task 1/1 step 50/360: policy 0.00s, stepping env
    [frozen_flower] chain 307/1000 task 1/1 step 75/360: running policy
    [frozen_flower] chain 307/1000 task 1/1 step 75/360: policy 0.00s, stepping env
    [frozen_flower] chain 307/1000 task 1/1 step 100/360: running policy
    [frozen_flower] chain 307/1000 task 1/1 step 100/360: policy 0.00s, stepping env
    [frozen_flower] chain 307/1000 task 1/1 step 125/360: running policy
    [frozen_flower] chain 307/1000 task 1/1 step 125/360: policy 0.00s, stepping env
    [frozen_flower] chain 307/1000 task 1/1 success at step 129
    [frozen_flower] chain 307/1000 task 1/1 success: 129 steps, 4.0s
    [frozen_flower] chain 308/1000 start: ['open_drawer']
    [frozen_flower] chain 308/1000 instructions: ['pull the handle to open the drawer']
    [frozen_flower] chain 308/1000 task 1/1 start: open_drawer | instruction: pull the handle to open the drawer
    [frozen_flower] chain 308/1000 task 1/1 step 1/360: running policy
    [frozen_flower] chain 308/1000 task 1/1 step 1/360: policy 0.20s, stepping env
    [frozen_flower] chain 308/1000 task 1/1 step 25/360: running policy
    [frozen_flower] chain 308/1000 task 1/1 step 25/360: policy 0.00s, stepping env
    [frozen_flower] chain 308/1000 task 1/1 step 50/360: running policy
    [frozen_flower] chain 308/1000 task 1/1 step 50/360: policy 0.00s, stepping env
    [frozen_flower] chain 308/1000 task 1/1 success at step 56
    [frozen_flower] chain 308/1000 task 1/1 success: 56 steps, 1.6s
    [frozen_flower] chain 309/1000 start: ['rotate_pink_block_right']
    [frozen_flower] chain 309/1000 instructions: ['take the pink block and rotate it to the right']
    [frozen_flower] chain 309/1000 task 1/1 start: rotate_pink_block_right | instruction: take the pink block and rotate it to the right
    [frozen_flower] chain 309/1000 task 1/1 step 1/360: running policy
    [frozen_flower] chain 309/1000 task 1/1 step 1/360: policy 0.16s, stepping env
    [frozen_flower] chain 309/1000 task 1/1 step 25/360: running policy
    [frozen_flower] chain 309/1000 task 1/1 step 25/360: policy 0.00s, stepping env
    [frozen_flower] chain 309/1000 task 1/1 step 50/360: running policy
    [frozen_flower] chain 309/1000 task 1/1 step 50/360: policy 0.00s, stepping env
    [frozen_flower] chain 309/1000 task 1/1 step 75/360: running policy
    [frozen_flower] chain 309/1000 task 1/1 step 75/360: policy 0.00s, stepping env
    [frozen_flower] chain 309/1000 task 1/1 success at step 88
    [frozen_flower] chain 309/1000 task 1/1 success: 88 steps, 2.7s
    [frozen_flower] chain 310/1000 start: ['lift_red_block_slider']
    [frozen_flower] chain 310/1000 instructions: ['lift the red block from the sliding cabinet']
    [frozen_flower] chain 310/1000 task 1/1 start: lift_red_block_slider | instruction: lift the red block from the sliding cabinet
    [frozen_flower] chain 310/1000 task 1/1 step 1/360: running policy
    [frozen_flower] chain 310/1000 task 1/1 step 1/360: policy 0.21s, stepping env
    [frozen_flower] chain 310/1000 task 1/1 step 25/360: running policy
    [frozen_flower] chain 310/1000 task 1/1 step 25/360: policy 0.01s, stepping env
    [frozen_flower] chain 310/1000 task 1/1 step 50/360: running policy
    [frozen_flower] chain 310/1000 task 1/1 step 50/360: policy 0.00s, stepping env
    [frozen_flower] chain 310/1000 task 1/1 step 75/360: running policy
    [frozen_flower] chain 310/1000 task 1/1 step 75/360: policy 0.00s, stepping env
    [frozen_flower] chain 310/1000 task 1/1 success at step 75
    [frozen_flower] chain 310/1000 task 1/1 success: 75 steps, 2.1s
    [frozen_flower] 310/1000 chains, L1 success: 97.4%
    [frozen_flower] chain 311/1000 start: ['move_slider_right']
    [frozen_flower] chain 311/1000 instructions: ['push the sliding door to the right side']
    [frozen_flower] chain 311/1000 task 1/1 start: move_slider_right | instruction: push the sliding door to the right side
    [frozen_flower] chain 311/1000 task 1/1 step 1/360: running policy
    [frozen_flower] chain 311/1000 task 1/1 step 1/360: policy 0.16s, stepping env
    [frozen_flower] chain 311/1000 task 1/1 step 25/360: running policy
    [frozen_flower] chain 311/1000 task 1/1 step 25/360: policy 0.01s, stepping env
    [frozen_flower] chain 311/1000 task 1/1 step 50/360: running policy
    [frozen_flower] chain 311/1000 task 1/1 step 50/360: policy 0.00s, stepping env
    [frozen_flower] chain 311/1000 task 1/1 success at step 64
    [frozen_flower] chain 311/1000 task 1/1 success: 64 steps, 2.2s
    [frozen_flower] chain 312/1000 start: ['rotate_pink_block_right']
    [frozen_flower] chain 312/1000 instructions: ['take the pink block and rotate it to the right']
    [frozen_flower] chain 312/1000 task 1/1 start: rotate_pink_block_right | instruction: take the pink block and rotate it to the right
    [frozen_flower] chain 312/1000 task 1/1 step 1/360: running policy
    [frozen_flower] chain 312/1000 task 1/1 step 1/360: policy 0.19s, stepping env
    [frozen_flower] chain 312/1000 task 1/1 step 25/360: running policy
    [frozen_flower] chain 312/1000 task 1/1 step 25/360: policy 0.00s, stepping env
    [frozen_flower] chain 312/1000 task 1/1 step 50/360: running policy
    [frozen_flower] chain 312/1000 task 1/1 step 50/360: policy 0.00s, stepping env
    [frozen_flower] chain 312/1000 task 1/1 step 75/360: running policy
    [frozen_flower] chain 312/1000 task 1/1 step 75/360: policy 0.00s, stepping env
    [frozen_flower] chain 312/1000 task 1/1 success at step 82
    [frozen_flower] chain 312/1000 task 1/1 success: 82 steps, 2.8s
    [frozen_flower] chain 313/1000 start: ['open_drawer']
    [frozen_flower] chain 313/1000 instructions: ['pull the handle to open the drawer']
    [frozen_flower] chain 313/1000 task 1/1 start: open_drawer | instruction: pull the handle to open the drawer
    [frozen_flower] chain 313/1000 task 1/1 step 1/360: running policy
    [frozen_flower] chain 313/1000 task 1/1 step 1/360: policy 0.19s, stepping env
    [frozen_flower] chain 313/1000 task 1/1 step 25/360: running policy
    [frozen_flower] chain 313/1000 task 1/1 step 25/360: policy 0.00s, stepping env
    [frozen_flower] chain 313/1000 task 1/1 step 50/360: running policy
    [frozen_flower] chain 313/1000 task 1/1 step 50/360: policy 0.00s, stepping env
    [frozen_flower] chain 313/1000 task 1/1 success at step 51
    [frozen_flower] chain 313/1000 task 1/1 success: 51 steps, 1.5s
    [frozen_flower] chain 314/1000 start: ['rotate_red_block_right']
    [frozen_flower] chain 314/1000 instructions: ['take the red block and rotate it to the right']
    [frozen_flower] chain 314/1000 task 1/1 start: rotate_red_block_right | instruction: take the red block and rotate it to the right
    [frozen_flower] chain 314/1000 task 1/1 step 1/360: running policy
    [frozen_flower] chain 314/1000 task 1/1 step 1/360: policy 0.16s, stepping env
    [frozen_flower] chain 314/1000 task 1/1 step 25/360: running policy
    [frozen_flower] chain 314/1000 task 1/1 step 25/360: policy 0.00s, stepping env
    [frozen_flower] chain 314/1000 task 1/1 step 50/360: running policy
    [frozen_flower] chain 314/1000 task 1/1 step 50/360: policy 0.00s, stepping env
    [frozen_flower] chain 314/1000 task 1/1 step 75/360: running policy
    [frozen_flower] chain 314/1000 task 1/1 step 75/360: policy 0.00s, stepping env
    [frozen_flower] chain 314/1000 task 1/1 success at step 78
    [frozen_flower] chain 314/1000 task 1/1 success: 78 steps, 2.4s
    [frozen_flower] chain 315/1000 start: ['rotate_red_block_right']
    [frozen_flower] chain 315/1000 instructions: ['take the red block and rotate it to the right']
    [frozen_flower] chain 315/1000 task 1/1 start: rotate_red_block_right | instruction: take the red block and rotate it to the right
    [frozen_flower] chain 315/1000 task 1/1 step 1/360: running policy
    [frozen_flower] chain 315/1000 task 1/1 step 1/360: policy 0.19s, stepping env
    [frozen_flower] chain 315/1000 task 1/1 step 25/360: running policy
    [frozen_flower] chain 315/1000 task 1/1 step 25/360: policy 0.00s, stepping env
    [frozen_flower] chain 315/1000 task 1/1 step 50/360: running policy
    [frozen_flower] chain 315/1000 task 1/1 step 50/360: policy 0.01s, stepping env
    [frozen_flower] chain 315/1000 task 1/1 step 75/360: running policy
    [frozen_flower] chain 315/1000 task 1/1 step 75/360: policy 0.00s, stepping env
    [frozen_flower] chain 315/1000 task 1/1 success at step 85
    [frozen_flower] chain 315/1000 task 1/1 success: 85 steps, 2.8s
    [frozen_flower] chain 316/1000 start: ['push_pink_block_left']
    [frozen_flower] chain 316/1000 instructions: ['go push the pink block left']
    [frozen_flower] chain 316/1000 task 1/1 start: push_pink_block_left | instruction: go push the pink block left
    [frozen_flower] chain 316/1000 task 1/1 step 1/360: running policy
    [frozen_flower] chain 316/1000 task 1/1 step 1/360: policy 0.19s, stepping env
    [frozen_flower] chain 316/1000 task 1/1 step 25/360: running policy
    [frozen_flower] chain 316/1000 task 1/1 step 25/360: policy 0.00s, stepping env
    [frozen_flower] chain 316/1000 task 1/1 step 50/360: running policy
    [frozen_flower] chain 316/1000 task 1/1 step 50/360: policy 0.00s, stepping env
    [frozen_flower] chain 316/1000 task 1/1 success at step 63
    [frozen_flower] chain 316/1000 task 1/1 success: 63 steps, 1.8s
    [frozen_flower] chain 317/1000 start: ['turn_off_lightbulb']
    [frozen_flower] chain 317/1000 instructions: ['use the switch to turn off the light bulb']
    [frozen_flower] chain 317/1000 task 1/1 start: turn_off_lightbulb | instruction: use the switch to turn off the light bulb
    [frozen_flower] chain 317/1000 task 1/1 step 1/360: running policy
    [frozen_flower] chain 317/1000 task 1/1 step 1/360: policy 0.16s, stepping env
    [frozen_flower] chain 317/1000 task 1/1 step 25/360: running policy
    [frozen_flower] chain 317/1000 task 1/1 step 25/360: policy 0.00s, stepping env
    [frozen_flower] chain 317/1000 task 1/1 step 50/360: running policy
    [frozen_flower] chain 317/1000 task 1/1 step 50/360: policy 0.00s, stepping env
    [frozen_flower] chain 317/1000 task 1/1 success at step 51
    [frozen_flower] chain 317/1000 task 1/1 success: 51 steps, 1.7s
    [frozen_flower] chain 318/1000 start: ['push_red_block_left']
    [frozen_flower] chain 318/1000 instructions: ['go push the red block left']
    [frozen_flower] chain 318/1000 task 1/1 start: push_red_block_left | instruction: go push the red block left
    [frozen_flower] chain 318/1000 task 1/1 step 1/360: running policy
    [frozen_flower] chain 318/1000 task 1/1 step 1/360: policy 0.17s, stepping env
    [frozen_flower] chain 318/1000 task 1/1 step 25/360: running policy
    [frozen_flower] chain 318/1000 task 1/1 step 25/360: policy 0.00s, stepping env
    [frozen_flower] chain 318/1000 task 1/1 step 50/360: running policy
    [frozen_flower] chain 318/1000 task 1/1 step 50/360: policy 0.03s, stepping env
    [frozen_flower] chain 318/1000 task 1/1 success at step 66
    [frozen_flower] chain 318/1000 task 1/1 success: 66 steps, 1.9s
    [frozen_flower] chain 319/1000 start: ['turn_on_lightbulb']
    [frozen_flower] chain 319/1000 instructions: ['use the switch to turn on the light bulb']
    [frozen_flower] chain 319/1000 task 1/1 start: turn_on_lightbulb | instruction: use the switch to turn on the light bulb
    [frozen_flower] chain 319/1000 task 1/1 step 1/360: running policy
    [frozen_flower] chain 319/1000 task 1/1 step 1/360: policy 0.15s, stepping env
    [frozen_flower] chain 319/1000 task 1/1 step 25/360: running policy
    [frozen_flower] chain 319/1000 task 1/1 step 25/360: policy 0.00s, stepping env
    [frozen_flower] chain 319/1000 task 1/1 step 50/360: running policy
    [frozen_flower] chain 319/1000 task 1/1 step 50/360: policy 0.00s, stepping env
    [frozen_flower] chain 319/1000 task 1/1 success at step 50
    [frozen_flower] chain 319/1000 task 1/1 success: 50 steps, 1.2s
    [frozen_flower] chain 320/1000 start: ['lift_blue_block_slider']
    [frozen_flower] chain 320/1000 instructions: ['lift the blue block from the sliding cabinet']
    [frozen_flower] chain 320/1000 task 1/1 start: lift_blue_block_slider | instruction: lift the blue block from the sliding cabinet
    [frozen_flower] chain 320/1000 task 1/1 step 1/360: running policy
    [frozen_flower] chain 320/1000 task 1/1 step 1/360: policy 0.17s, stepping env
    [frozen_flower] chain 320/1000 task 1/1 step 25/360: running policy
    [frozen_flower] chain 320/1000 task 1/1 step 25/360: policy 0.00s, stepping env
    [frozen_flower] chain 320/1000 task 1/1 step 50/360: running policy
    [frozen_flower] chain 320/1000 task 1/1 step 50/360: policy 0.00s, stepping env
    [frozen_flower] chain 320/1000 task 1/1 success at step 63
    [frozen_flower] chain 320/1000 task 1/1 success: 63 steps, 1.5s
    [frozen_flower] 320/1000 chains, L1 success: 97.5%
    [frozen_flower] chain 321/1000 start: ['turn_on_lightbulb']
    [frozen_flower] chain 321/1000 instructions: ['use the switch to turn on the light bulb']
    [frozen_flower] chain 321/1000 task 1/1 start: turn_on_lightbulb | instruction: use the switch to turn on the light bulb
    [frozen_flower] chain 321/1000 task 1/1 step 1/360: running policy
    [frozen_flower] chain 321/1000 task 1/1 step 1/360: policy 0.16s, stepping env
    [frozen_flower] chain 321/1000 task 1/1 step 25/360: running policy
    [frozen_flower] chain 321/1000 task 1/1 step 25/360: policy 0.00s, stepping env
    [frozen_flower] chain 321/1000 task 1/1 step 50/360: running policy
    [frozen_flower] chain 321/1000 task 1/1 step 50/360: policy 0.00s, stepping env
    [frozen_flower] chain 321/1000 task 1/1 success at step 56
    [frozen_flower] chain 321/1000 task 1/1 success: 56 steps, 1.3s
    [frozen_flower] chain 322/1000 start: ['rotate_pink_block_left']
    [frozen_flower] chain 322/1000 instructions: ['take the pink block and rotate it to the left']
    [frozen_flower] chain 322/1000 task 1/1 start: rotate_pink_block_left | instruction: take the pink block and rotate it to the left
    [frozen_flower] chain 322/1000 task 1/1 step 1/360: running policy
    [frozen_flower] chain 322/1000 task 1/1 step 1/360: policy 0.16s, stepping env
    [frozen_flower] chain 322/1000 task 1/1 step 25/360: running policy
    [frozen_flower] chain 322/1000 task 1/1 step 25/360: policy 0.00s, stepping env
    [frozen_flower] chain 322/1000 task 1/1 step 50/360: running policy
    [frozen_flower] chain 322/1000 task 1/1 step 50/360: policy 0.00s, stepping env
    [frozen_flower] chain 322/1000 task 1/1 step 75/360: running policy
    [frozen_flower] chain 322/1000 task 1/1 step 75/360: policy 0.00s, stepping env
    [frozen_flower] chain 322/1000 task 1/1 success at step 75
    [frozen_flower] chain 322/1000 task 1/1 success: 75 steps, 1.8s
    [frozen_flower] chain 323/1000 start: ['push_blue_block_left']
    [frozen_flower] chain 323/1000 instructions: ['go push the blue block left']
    [frozen_flower] chain 323/1000 task 1/1 start: push_blue_block_left | instruction: go push the blue block left
    [frozen_flower] chain 323/1000 task 1/1 step 1/360: running policy
    [frozen_flower] chain 323/1000 task 1/1 step 1/360: policy 0.15s, stepping env
    [frozen_flower] chain 323/1000 task 1/1 step 25/360: running policy
    [frozen_flower] chain 323/1000 task 1/1 step 25/360: policy 0.00s, stepping env
    [frozen_flower] chain 323/1000 task 1/1 step 50/360: running policy
    [frozen_flower] chain 323/1000 task 1/1 step 50/360: policy 0.00s, stepping env
    [frozen_flower] chain 323/1000 task 1/1 success at step 50
    [frozen_flower] chain 323/1000 task 1/1 success: 50 steps, 1.1s
    [frozen_flower] chain 324/1000 start: ['push_blue_block_left']
    [frozen_flower] chain 324/1000 instructions: ['go push the blue block left']
    [frozen_flower] chain 324/1000 task 1/1 start: push_blue_block_left | instruction: go push the blue block left
    [frozen_flower] chain 324/1000 task 1/1 step 1/360: running policy
    [frozen_flower] chain 324/1000 task 1/1 step 1/360: policy 0.16s, stepping env
    [frozen_flower] chain 324/1000 task 1/1 step 25/360: running policy
    [frozen_flower] chain 324/1000 task 1/1 step 25/360: policy 0.00s, stepping env
    [frozen_flower] chain 324/1000 task 1/1 step 50/360: running policy
    [frozen_flower] chain 324/1000 task 1/1 step 50/360: policy 0.12s, stepping env
    [frozen_flower] chain 324/1000 task 1/1 success at step 62
    [frozen_flower] chain 324/1000 task 1/1 success: 62 steps, 5.5s
    [frozen_flower] chain 325/1000 start: ['rotate_pink_block_right']
    [frozen_flower] chain 325/1000 instructions: ['take the pink block and rotate it to the right']
    [frozen_flower] chain 325/1000 task 1/1 start: rotate_pink_block_right | instruction: take the pink block and rotate it to the right
    [frozen_flower] chain 325/1000 task 1/1 step 1/360: running policy
    [frozen_flower] chain 325/1000 task 1/1 step 1/360: policy 0.29s, stepping env
    [frozen_flower] chain 325/1000 task 1/1 step 25/360: running policy
    [frozen_flower] chain 325/1000 task 1/1 step 25/360: policy 0.11s, stepping env
    [frozen_flower] chain 325/1000 task 1/1 step 50/360: running policy
    [frozen_flower] chain 325/1000 task 1/1 step 50/360: policy 0.00s, stepping env
    [frozen_flower] chain 325/1000 task 1/1 success at step 74
    [frozen_flower] chain 325/1000 task 1/1 success: 74 steps, 5.9s
    [frozen_flower] chain 326/1000 start: ['lift_blue_block_table']
    [frozen_flower] chain 326/1000 instructions: ['grasp and lift the blue block']
    [frozen_flower] chain 326/1000 task 1/1 start: lift_blue_block_table | instruction: grasp and lift the blue block
    [frozen_flower] chain 326/1000 task 1/1 step 1/360: running policy
    [frozen_flower] chain 326/1000 task 1/1 step 1/360: policy 0.16s, stepping env
    [frozen_flower] chain 326/1000 task 1/1 step 25/360: running policy
    [frozen_flower] chain 326/1000 task 1/1 step 25/360: policy 0.00s, stepping env
    [frozen_flower] chain 326/1000 task 1/1 step 50/360: running policy
    [frozen_flower] chain 326/1000 task 1/1 step 50/360: policy 0.00s, stepping env
    [frozen_flower] chain 326/1000 task 1/1 success at step 68
    [frozen_flower] chain 326/1000 task 1/1 success: 68 steps, 1.7s
    [frozen_flower] chain 327/1000 start: ['lift_blue_block_slider']
    [frozen_flower] chain 327/1000 instructions: ['lift the blue block from the sliding cabinet']
    [frozen_flower] chain 327/1000 task 1/1 start: lift_blue_block_slider | instruction: lift the blue block from the sliding cabinet
    [frozen_flower] chain 327/1000 task 1/1 step 1/360: running policy
    [frozen_flower] chain 327/1000 task 1/1 step 1/360: policy 0.16s, stepping env
    [frozen_flower] chain 327/1000 task 1/1 step 25/360: running policy
    [frozen_flower] chain 327/1000 task 1/1 step 25/360: policy 0.00s, stepping env
    [frozen_flower] chain 327/1000 task 1/1 step 50/360: running policy
    [frozen_flower] chain 327/1000 task 1/1 step 50/360: policy 0.00s, stepping env
    [frozen_flower] chain 327/1000 task 1/1 success at step 67
    [frozen_flower] chain 327/1000 task 1/1 success: 67 steps, 3.0s
    [frozen_flower] chain 328/1000 start: ['lift_red_block_slider']
    [frozen_flower] chain 328/1000 instructions: ['lift the red block from the sliding cabinet']
    [frozen_flower] chain 328/1000 task 1/1 start: lift_red_block_slider | instruction: lift the red block from the sliding cabinet
    [frozen_flower] chain 328/1000 task 1/1 step 1/360: running policy
    [frozen_flower] chain 328/1000 task 1/1 step 1/360: policy 0.30s, stepping env
    [frozen_flower] chain 328/1000 task 1/1 step 25/360: running policy
    [frozen_flower] chain 328/1000 task 1/1 step 25/360: policy 0.00s, stepping env
    [frozen_flower] chain 328/1000 task 1/1 step 50/360: running policy
    [frozen_flower] chain 328/1000 task 1/1 step 50/360: policy 0.00s, stepping env
    [frozen_flower] chain 328/1000 task 1/1 success at step 54
    [frozen_flower] chain 328/1000 task 1/1 success: 54 steps, 2.8s
    [frozen_flower] chain 329/1000 start: ['push_pink_block_left']
    [frozen_flower] chain 329/1000 instructions: ['go push the pink block left']
    [frozen_flower] chain 329/1000 task 1/1 start: push_pink_block_left | instruction: go push the pink block left
    [frozen_flower] chain 329/1000 task 1/1 step 1/360: running policy
    [frozen_flower] chain 329/1000 task 1/1 step 1/360: policy 0.19s, stepping env
    [frozen_flower] chain 329/1000 task 1/1 step 25/360: running policy
    [frozen_flower] chain 329/1000 task 1/1 step 25/360: policy 0.00s, stepping env
    [frozen_flower] chain 329/1000 task 1/1 step 50/360: running policy
    [frozen_flower] chain 329/1000 task 1/1 step 50/360: policy 0.00s, stepping env
    [frozen_flower] chain 329/1000 task 1/1 success at step 68
    [frozen_flower] chain 329/1000 task 1/1 success: 68 steps, 1.8s
    [frozen_flower] chain 330/1000 start: ['lift_red_block_slider']
    [frozen_flower] chain 330/1000 instructions: ['lift the red block from the sliding cabinet']
    [frozen_flower] chain 330/1000 task 1/1 start: lift_red_block_slider | instruction: lift the red block from the sliding cabinet
    [frozen_flower] chain 330/1000 task 1/1 step 1/360: running policy
    [frozen_flower] chain 330/1000 task 1/1 step 1/360: policy 0.16s, stepping env
    [frozen_flower] chain 330/1000 task 1/1 step 25/360: running policy
    [frozen_flower] chain 330/1000 task 1/1 step 25/360: policy 0.05s, stepping env
    [frozen_flower] chain 330/1000 task 1/1 step 50/360: running policy
    [frozen_flower] chain 330/1000 task 1/1 step 50/360: policy 0.00s, stepping env
    [frozen_flower] chain 330/1000 task 1/1 success at step 64
    [frozen_flower] chain 330/1000 task 1/1 success: 64 steps, 2.6s
    [frozen_flower] 330/1000 chains, L1 success: 97.6%
    [frozen_flower] chain 331/1000 start: ['lift_blue_block_slider']
    [frozen_flower] chain 331/1000 instructions: ['lift the blue block from the sliding cabinet']
    [frozen_flower] chain 331/1000 task 1/1 start: lift_blue_block_slider | instruction: lift the blue block from the sliding cabinet
    [frozen_flower] chain 331/1000 task 1/1 step 1/360: running policy
    [frozen_flower] chain 331/1000 task 1/1 step 1/360: policy 0.19s, stepping env
    [frozen_flower] chain 331/1000 task 1/1 step 25/360: running policy
    [frozen_flower] chain 331/1000 task 1/1 step 25/360: policy 0.00s, stepping env
    [frozen_flower] chain 331/1000 task 1/1 step 50/360: running policy
    [frozen_flower] chain 331/1000 task 1/1 step 50/360: policy 0.00s, stepping env
    [frozen_flower] chain 331/1000 task 1/1 success at step 62
    [frozen_flower] chain 331/1000 task 1/1 success: 62 steps, 2.0s
    [frozen_flower] chain 332/1000 start: ['push_blue_block_left']
    [frozen_flower] chain 332/1000 instructions: ['go push the blue block left']
    [frozen_flower] chain 332/1000 task 1/1 start: push_blue_block_left | instruction: go push the blue block left
    [frozen_flower] chain 332/1000 task 1/1 step 1/360: running policy
    [frozen_flower] chain 332/1000 task 1/1 step 1/360: policy 0.23s, stepping env
    [frozen_flower] chain 332/1000 task 1/1 step 25/360: running policy
    [frozen_flower] chain 332/1000 task 1/1 step 25/360: policy 0.11s, stepping env
    [frozen_flower] chain 332/1000 task 1/1 step 50/360: running policy
    [frozen_flower] chain 332/1000 task 1/1 step 50/360: policy 0.08s, stepping env
    [frozen_flower] chain 332/1000 task 1/1 success at step 62
    [frozen_flower] chain 332/1000 task 1/1 success: 62 steps, 7.0s
    [frozen_flower] chain 333/1000 start: ['open_drawer']
    [frozen_flower] chain 333/1000 instructions: ['pull the handle to open the drawer']
    [frozen_flower] chain 333/1000 task 1/1 start: open_drawer | instruction: pull the handle to open the drawer
    [frozen_flower] chain 333/1000 task 1/1 step 1/360: running policy
    [frozen_flower] chain 333/1000 task 1/1 step 1/360: policy 0.29s, stepping env
    [frozen_flower] chain 333/1000 task 1/1 step 25/360: running policy
    [frozen_flower] chain 333/1000 task 1/1 step 25/360: policy 0.07s, stepping env
    [frozen_flower] chain 333/1000 task 1/1 step 50/360: running policy
    [frozen_flower] chain 333/1000 task 1/1 step 50/360: policy 0.08s, stepping env
    [frozen_flower] chain 333/1000 task 1/1 success at step 53
    [frozen_flower] chain 333/1000 task 1/1 success: 53 steps, 5.8s
    [frozen_flower] chain 334/1000 start: ['push_blue_block_left']
    [frozen_flower] chain 334/1000 instructions: ['go push the blue block left']
    [frozen_flower] chain 334/1000 task 1/1 start: push_blue_block_left | instruction: go push the blue block left
    [frozen_flower] chain 334/1000 task 1/1 step 1/360: running policy
    [frozen_flower] chain 334/1000 task 1/1 step 1/360: policy 0.27s, stepping env
    [frozen_flower] chain 334/1000 task 1/1 step 25/360: running policy
    [frozen_flower] chain 334/1000 task 1/1 step 25/360: policy 0.07s, stepping env
    [frozen_flower] chain 334/1000 task 1/1 step 50/360: running policy
    [frozen_flower] chain 334/1000 task 1/1 step 50/360: policy 0.08s, stepping env
    [frozen_flower] chain 334/1000 task 1/1 success at step 67
    [frozen_flower] chain 334/1000 task 1/1 success: 67 steps, 7.1s
    [frozen_flower] chain 335/1000 start: ['rotate_pink_block_left']
    [frozen_flower] chain 335/1000 instructions: ['take the pink block and rotate it to the left']
    [frozen_flower] chain 335/1000 task 1/1 start: rotate_pink_block_left | instruction: take the pink block and rotate it to the left
    [frozen_flower] chain 335/1000 task 1/1 step 1/360: running policy
    [frozen_flower] chain 335/1000 task 1/1 step 1/360: policy 0.24s, stepping env
    [frozen_flower] chain 335/1000 task 1/1 step 25/360: running policy
    [frozen_flower] chain 335/1000 task 1/1 step 25/360: policy 0.07s, stepping env
    [frozen_flower] chain 335/1000 task 1/1 step 50/360: running policy
    [frozen_flower] chain 335/1000 task 1/1 step 50/360: policy 0.08s, stepping env
    [frozen_flower] chain 335/1000 task 1/1 step 75/360: running policy
    [frozen_flower] chain 335/1000 task 1/1 step 75/360: policy 0.08s, stepping env
    [frozen_flower] chain 335/1000 task 1/1 success at step 85
    [frozen_flower] chain 335/1000 task 1/1 success: 85 steps, 8.9s
    [frozen_flower] chain 336/1000 start: ['move_slider_right']
    [frozen_flower] chain 336/1000 instructions: ['push the sliding door to the right side']
    [frozen_flower] chain 336/1000 task 1/1 start: move_slider_right | instruction: push the sliding door to the right side
    [frozen_flower] chain 336/1000 task 1/1 step 1/360: running policy
    [frozen_flower] chain 336/1000 task 1/1 step 1/360: policy 0.26s, stepping env
    [frozen_flower] chain 336/1000 task 1/1 step 25/360: running policy
    [frozen_flower] chain 336/1000 task 1/1 step 25/360: policy 0.08s, stepping env
    [frozen_flower] chain 336/1000 task 1/1 step 50/360: running policy
    [frozen_flower] chain 336/1000 task 1/1 step 50/360: policy 0.08s, stepping env
    [frozen_flower] chain 336/1000 task 1/1 success at step 56
    [frozen_flower] chain 336/1000 task 1/1 success: 56 steps, 5.8s
    [frozen_flower] chain 337/1000 start: ['move_slider_left']
    [frozen_flower] chain 337/1000 instructions: ['push the sliding door to the left side']
    [frozen_flower] chain 337/1000 task 1/1 start: move_slider_left | instruction: push the sliding door to the left side
    [frozen_flower] chain 337/1000 task 1/1 step 1/360: running policy
    [frozen_flower] chain 337/1000 task 1/1 step 1/360: policy 0.28s, stepping env
    [frozen_flower] chain 337/1000 task 1/1 step 25/360: running policy
    [frozen_flower] chain 337/1000 task 1/1 step 25/360: policy 0.05s, stepping env
    [frozen_flower] chain 337/1000 task 1/1 step 50/360: running policy
    [frozen_flower] chain 337/1000 task 1/1 step 50/360: policy 0.03s, stepping env
    [frozen_flower] chain 337/1000 task 1/1 success at step 53
    [frozen_flower] chain 337/1000 task 1/1 success: 53 steps, 5.2s
    [frozen_flower] chain 338/1000 start: ['rotate_pink_block_left']
    [frozen_flower] chain 338/1000 instructions: ['take the pink block and rotate it to the left']
    [frozen_flower] chain 338/1000 task 1/1 start: rotate_pink_block_left | instruction: take the pink block and rotate it to the left
    [frozen_flower] chain 338/1000 task 1/1 step 1/360: running policy
    [frozen_flower] chain 338/1000 task 1/1 step 1/360: policy 0.25s, stepping env
    [frozen_flower] chain 338/1000 task 1/1 step 25/360: running policy
    [frozen_flower] chain 338/1000 task 1/1 step 25/360: policy 0.00s, stepping env
    [frozen_flower] chain 338/1000 task 1/1 step 50/360: running policy
    [frozen_flower] chain 338/1000 task 1/1 step 50/360: policy 0.00s, stepping env
    [frozen_flower] chain 338/1000 task 1/1 step 75/360: running policy
    [frozen_flower] chain 338/1000 task 1/1 step 75/360: policy 0.04s, stepping env
    [frozen_flower] chain 338/1000 task 1/1 success at step 85
    [frozen_flower] chain 338/1000 task 1/1 success: 85 steps, 4.5s
    [frozen_flower] chain 339/1000 start: ['move_slider_right']
    [frozen_flower] chain 339/1000 instructions: ['push the sliding door to the right side']
    [frozen_flower] chain 339/1000 task 1/1 start: move_slider_right | instruction: push the sliding door to the right side
    [frozen_flower] chain 339/1000 task 1/1 step 1/360: running policy
    [frozen_flower] chain 339/1000 task 1/1 step 1/360: policy 0.28s, stepping env
    [frozen_flower] chain 339/1000 task 1/1 step 25/360: running policy
    [frozen_flower] chain 339/1000 task 1/1 step 25/360: policy 0.01s, stepping env
    [frozen_flower] chain 339/1000 task 1/1 step 50/360: running policy
    [frozen_flower] chain 339/1000 task 1/1 step 50/360: policy 0.07s, stepping env
    [frozen_flower] chain 339/1000 task 1/1 success at step 59
    [frozen_flower] chain 339/1000 task 1/1 success: 59 steps, 5.7s
    [frozen_flower] chain 340/1000 start: ['lift_blue_block_table']
    [frozen_flower] chain 340/1000 instructions: ['grasp and lift the blue block']
    [frozen_flower] chain 340/1000 task 1/1 start: lift_blue_block_table | instruction: grasp and lift the blue block
    [frozen_flower] chain 340/1000 task 1/1 step 1/360: running policy
    [frozen_flower] chain 340/1000 task 1/1 step 1/360: policy 0.33s, stepping env
    [frozen_flower] chain 340/1000 task 1/1 step 25/360: running policy
    [frozen_flower] chain 340/1000 task 1/1 step 25/360: policy 0.07s, stepping env
    [frozen_flower] chain 340/1000 task 1/1 success at step 40
    [frozen_flower] chain 340/1000 task 1/1 success: 40 steps, 4.1s
    [frozen_flower] 340/1000 chains, L1 success: 97.6%
    [frozen_flower] chain 341/1000 start: ['turn_off_lightbulb']
    [frozen_flower] chain 341/1000 instructions: ['use the switch to turn off the light bulb']
    [frozen_flower] chain 341/1000 task 1/1 start: turn_off_lightbulb | instruction: use the switch to turn off the light bulb
    [frozen_flower] chain 341/1000 task 1/1 step 1/360: running policy
    [frozen_flower] chain 341/1000 task 1/1 step 1/360: policy 0.29s, stepping env
    [frozen_flower] chain 341/1000 task 1/1 step 25/360: running policy
    [frozen_flower] chain 341/1000 task 1/1 step 25/360: policy 0.07s, stepping env
    [frozen_flower] chain 341/1000 task 1/1 step 50/360: running policy
    [frozen_flower] chain 341/1000 task 1/1 step 50/360: policy 0.07s, stepping env
    [frozen_flower] chain 341/1000 task 1/1 success at step 56
    [frozen_flower] chain 341/1000 task 1/1 success: 56 steps, 6.0s
    [frozen_flower] chain 342/1000 start: ['turn_off_lightbulb']
    [frozen_flower] chain 342/1000 instructions: ['use the switch to turn off the light bulb']
    [frozen_flower] chain 342/1000 task 1/1 start: turn_off_lightbulb | instruction: use the switch to turn off the light bulb
    [frozen_flower] chain 342/1000 task 1/1 step 1/360: running policy
    [frozen_flower] chain 342/1000 task 1/1 step 1/360: policy 0.28s, stepping env
    [frozen_flower] chain 342/1000 task 1/1 step 25/360: running policy
    [frozen_flower] chain 342/1000 task 1/1 step 25/360: policy 0.08s, stepping env
    [frozen_flower] chain 342/1000 task 1/1 step 50/360: running policy
    [frozen_flower] chain 342/1000 task 1/1 step 50/360: policy 0.07s, stepping env
    [frozen_flower] chain 342/1000 task 1/1 success at step 53
    [frozen_flower] chain 342/1000 task 1/1 success: 53 steps, 5.6s
    [frozen_flower] chain 343/1000 start: ['turn_on_led']
    [frozen_flower] chain 343/1000 instructions: ['press the button to turn on the led light']
    [frozen_flower] chain 343/1000 task 1/1 start: turn_on_led | instruction: press the button to turn on the led light
    [frozen_flower] chain 343/1000 task 1/1 step 1/360: running policy
    [frozen_flower] chain 343/1000 task 1/1 step 1/360: policy 0.24s, stepping env
    [frozen_flower] chain 343/1000 task 1/1 step 25/360: running policy
    [frozen_flower] chain 343/1000 task 1/1 step 25/360: policy 0.08s, stepping env
    [frozen_flower] chain 343/1000 task 1/1 success at step 40
    [frozen_flower] chain 343/1000 task 1/1 success: 40 steps, 4.1s
    [frozen_flower] chain 344/1000 start: ['turn_on_led']
    [frozen_flower] chain 344/1000 instructions: ['press the button to turn on the led light']
    [frozen_flower] chain 344/1000 task 1/1 start: turn_on_led | instruction: press the button to turn on the led light
    [frozen_flower] chain 344/1000 task 1/1 step 1/360: running policy
    [frozen_flower] chain 344/1000 task 1/1 step 1/360: policy 0.28s, stepping env
    [frozen_flower] chain 344/1000 task 1/1 step 25/360: running policy
    [frozen_flower] chain 344/1000 task 1/1 step 25/360: policy 0.08s, stepping env
    [frozen_flower] chain 344/1000 task 1/1 success at step 39
    [frozen_flower] chain 344/1000 task 1/1 success: 39 steps, 4.1s
    [frozen_flower] chain 345/1000 start: ['lift_pink_block_table']
    [frozen_flower] chain 345/1000 instructions: ['grasp and lift the pink block']
    [frozen_flower] chain 345/1000 task 1/1 start: lift_pink_block_table | instruction: grasp and lift the pink block
    [frozen_flower] chain 345/1000 task 1/1 step 1/360: running policy
    [frozen_flower] chain 345/1000 task 1/1 step 1/360: policy 0.25s, stepping env
    [frozen_flower] chain 345/1000 task 1/1 step 25/360: running policy
    [frozen_flower] chain 345/1000 task 1/1 step 25/360: policy 0.00s, stepping env
    [frozen_flower] chain 345/1000 task 1/1 success at step 38
    [frozen_flower] chain 345/1000 task 1/1 success: 38 steps, 2.7s
    [frozen_flower] chain 346/1000 start: ['open_drawer']
    [frozen_flower] chain 346/1000 instructions: ['pull the handle to open the drawer']
    [frozen_flower] chain 346/1000 task 1/1 start: open_drawer | instruction: pull the handle to open the drawer
    [frozen_flower] chain 346/1000 task 1/1 step 1/360: running policy
    [frozen_flower] chain 346/1000 task 1/1 step 1/360: policy 0.17s, stepping env
    [frozen_flower] chain 346/1000 task 1/1 step 25/360: running policy
    [frozen_flower] chain 346/1000 task 1/1 step 25/360: policy 0.00s, stepping env
    [frozen_flower] chain 346/1000 task 1/1 step 50/360: running policy
    [frozen_flower] chain 346/1000 task 1/1 step 50/360: policy 0.00s, stepping env
    [frozen_flower] chain 346/1000 task 1/1 success at step 55
    [frozen_flower] chain 346/1000 task 1/1 success: 55 steps, 1.4s
    [frozen_flower] chain 347/1000 start: ['lift_red_block_slider']
    [frozen_flower] chain 347/1000 instructions: ['lift the red block from the sliding cabinet']
    [frozen_flower] chain 347/1000 task 1/1 start: lift_red_block_slider | instruction: lift the red block from the sliding cabinet
    [frozen_flower] chain 347/1000 task 1/1 step 1/360: running policy
    [frozen_flower] chain 347/1000 task 1/1 step 1/360: policy 0.15s, stepping env
    [frozen_flower] chain 347/1000 task 1/1 step 25/360: running policy
    [frozen_flower] chain 347/1000 task 1/1 step 25/360: policy 0.00s, stepping env
    [frozen_flower] chain 347/1000 task 1/1 step 50/360: running policy
    [frozen_flower] chain 347/1000 task 1/1 step 50/360: policy 0.08s, stepping env
    [frozen_flower] chain 347/1000 task 1/1 success at step 69
    [frozen_flower] chain 347/1000 task 1/1 success: 69 steps, 4.9s
    [frozen_flower] chain 348/1000 start: ['move_slider_left']
    [frozen_flower] chain 348/1000 instructions: ['push the sliding door to the left side']
    [frozen_flower] chain 348/1000 task 1/1 start: move_slider_left | instruction: push the sliding door to the left side
    [frozen_flower] chain 348/1000 task 1/1 step 1/360: running policy
    [frozen_flower] chain 348/1000 task 1/1 step 1/360: policy 0.28s, stepping env
    [frozen_flower] chain 348/1000 task 1/1 step 25/360: running policy
    [frozen_flower] chain 348/1000 task 1/1 step 25/360: policy 0.08s, stepping env
    [frozen_flower] chain 348/1000 task 1/1 step 50/360: running policy
    [frozen_flower] chain 348/1000 task 1/1 step 50/360: policy 0.07s, stepping env
    [frozen_flower] chain 348/1000 task 1/1 success at step 52
    [frozen_flower] chain 348/1000 task 1/1 success: 52 steps, 5.7s
    [frozen_flower] chain 349/1000 start: ['lift_blue_block_slider']
    [frozen_flower] chain 349/1000 instructions: ['lift the blue block from the sliding cabinet']
    [frozen_flower] chain 349/1000 task 1/1 start: lift_blue_block_slider | instruction: lift the blue block from the sliding cabinet
    [frozen_flower] chain 349/1000 task 1/1 step 1/360: running policy
    [frozen_flower] chain 349/1000 task 1/1 step 1/360: policy 0.25s, stepping env
    [frozen_flower] chain 349/1000 task 1/1 step 25/360: running policy
    [frozen_flower] chain 349/1000 task 1/1 step 25/360: policy 0.08s, stepping env
    [frozen_flower] chain 349/1000 task 1/1 step 50/360: running policy
    [frozen_flower] chain 349/1000 task 1/1 step 50/360: policy 0.09s, stepping env
    [frozen_flower] chain 349/1000 task 1/1 success at step 58
    [frozen_flower] chain 349/1000 task 1/1 success: 58 steps, 5.9s
    [frozen_flower] chain 350/1000 start: ['move_slider_left']
    [frozen_flower] chain 350/1000 instructions: ['push the sliding door to the left side']
    [frozen_flower] chain 350/1000 task 1/1 start: move_slider_left | instruction: push the sliding door to the left side
    [frozen_flower] chain 350/1000 task 1/1 step 1/360: running policy
    [frozen_flower] chain 350/1000 task 1/1 step 1/360: policy 0.23s, stepping env
    [frozen_flower] chain 350/1000 task 1/1 step 25/360: running policy
    [frozen_flower] chain 350/1000 task 1/1 step 25/360: policy 0.07s, stepping env
    [frozen_flower] chain 350/1000 task 1/1 step 50/360: running policy
    [frozen_flower] chain 350/1000 task 1/1 step 50/360: policy 0.06s, stepping env
    [frozen_flower] chain 350/1000 task 1/1 success at step 54
    [frozen_flower] chain 350/1000 task 1/1 success: 54 steps, 5.5s
    [frozen_flower] 350/1000 chains, L1 success: 97.7%
    [frozen_flower] chain 351/1000 start: ['rotate_pink_block_right']
    [frozen_flower] chain 351/1000 instructions: ['take the pink block and rotate it to the right']
    [frozen_flower] chain 351/1000 task 1/1 start: rotate_pink_block_right | instruction: take the pink block and rotate it to the right
    [frozen_flower] chain 351/1000 task 1/1 step 1/360: running policy
    [frozen_flower] chain 351/1000 task 1/1 step 1/360: policy 0.31s, stepping env
    [frozen_flower] chain 351/1000 task 1/1 step 25/360: running policy
    [frozen_flower] chain 351/1000 task 1/1 step 25/360: policy 0.00s, stepping env
    [frozen_flower] chain 351/1000 task 1/1 step 50/360: running policy
    [frozen_flower] chain 351/1000 task 1/1 step 50/360: policy 0.00s, stepping env
    [frozen_flower] chain 351/1000 task 1/1 step 75/360: running policy
    [frozen_flower] chain 351/1000 task 1/1 step 75/360: policy 0.00s, stepping env
    [frozen_flower] chain 351/1000 task 1/1 step 100/360: running policy
    [frozen_flower] chain 351/1000 task 1/1 step 100/360: policy 0.00s, stepping env
    [frozen_flower] chain 351/1000 task 1/1 step 125/360: running policy
    [frozen_flower] chain 351/1000 task 1/1 step 125/360: policy 0.00s, stepping env
    [frozen_flower] chain 351/1000 task 1/1 step 150/360: running policy
    [frozen_flower] chain 351/1000 task 1/1 step 150/360: policy 0.04s, stepping env
    [frozen_flower] chain 351/1000 task 1/1 step 175/360: running policy
    [frozen_flower] chain 351/1000 task 1/1 step 175/360: policy 0.00s, stepping env
    [frozen_flower] chain 351/1000 task 1/1 step 200/360: running policy
    [frozen_flower] chain 351/1000 task 1/1 step 200/360: policy 0.00s, stepping env
    [frozen_flower] chain 351/1000 task 1/1 step 225/360: running policy
    [frozen_flower] chain 351/1000 task 1/1 step 225/360: policy 0.00s, stepping env
    [frozen_flower] chain 351/1000 task 1/1 step 250/360: running policy
    [frozen_flower] chain 351/1000 task 1/1 step 250/360: policy 0.00s, stepping env
    [frozen_flower] chain 351/1000 task 1/1 step 275/360: running policy
    [frozen_flower] chain 351/1000 task 1/1 step 275/360: policy 0.00s, stepping env
    [frozen_flower] chain 351/1000 task 1/1 step 300/360: running policy
    [frozen_flower] chain 351/1000 task 1/1 step 300/360: policy 0.00s, stepping env
    [frozen_flower] chain 351/1000 task 1/1 step 325/360: running policy
    [frozen_flower] chain 351/1000 task 1/1 step 325/360: policy 0.00s, stepping env
    [frozen_flower] chain 351/1000 task 1/1 step 350/360: running policy
    [frozen_flower] chain 351/1000 task 1/1 step 350/360: policy 0.00s, stepping env
    [frozen_flower] chain 351/1000 task 1/1 failed: 360 steps, 10.6s
    [frozen_flower] chain 352/1000 start: ['turn_off_led']
    [frozen_flower] chain 352/1000 instructions: ['press the button to turn off the led light']
    [frozen_flower] chain 352/1000 task 1/1 start: turn_off_led | instruction: press the button to turn off the led light
    [frozen_flower] chain 352/1000 task 1/1 step 1/360: running policy
    [frozen_flower] chain 352/1000 task 1/1 step 1/360: policy 0.16s, stepping env
    [frozen_flower] chain 352/1000 task 1/1 step 25/360: running policy
    [frozen_flower] chain 352/1000 task 1/1 step 25/360: policy 0.00s, stepping env
    [frozen_flower] chain 352/1000 task 1/1 success at step 35
    [frozen_flower] chain 352/1000 task 1/1 success: 35 steps, 0.9s
    [frozen_flower] chain 353/1000 start: ['move_slider_left']
    [frozen_flower] chain 353/1000 instructions: ['push the sliding door to the left side']
    [frozen_flower] chain 353/1000 task 1/1 start: move_slider_left | instruction: push the sliding door to the left side
    [frozen_flower] chain 353/1000 task 1/1 step 1/360: running policy
    [frozen_flower] chain 353/1000 task 1/1 step 1/360: policy 0.16s, stepping env
    [frozen_flower] chain 353/1000 task 1/1 step 25/360: running policy
    [frozen_flower] chain 353/1000 task 1/1 step 25/360: policy 0.00s, stepping env
    [frozen_flower] chain 353/1000 task 1/1 step 50/360: running policy
    [frozen_flower] chain 353/1000 task 1/1 step 50/360: policy 0.00s, stepping env
    [frozen_flower] chain 353/1000 task 1/1 success at step 54
    [frozen_flower] chain 353/1000 task 1/1 success: 54 steps, 1.3s
    [frozen_flower] chain 354/1000 start: ['close_drawer']
    [frozen_flower] chain 354/1000 instructions: ['push the handle to close the drawer']
    [frozen_flower] chain 354/1000 task 1/1 start: close_drawer | instruction: push the handle to close the drawer
    [frozen_flower] chain 354/1000 task 1/1 step 1/360: running policy
    [frozen_flower] chain 354/1000 task 1/1 step 1/360: policy 0.16s, stepping env
    [frozen_flower] chain 354/1000 task 1/1 step 25/360: running policy
    [frozen_flower] chain 354/1000 task 1/1 step 25/360: policy 0.00s, stepping env
    [frozen_flower] chain 354/1000 task 1/1 step 50/360: running policy
    [frozen_flower] chain 354/1000 task 1/1 step 50/360: policy 0.00s, stepping env
    [frozen_flower] chain 354/1000 task 1/1 success at step 53
    [frozen_flower] chain 354/1000 task 1/1 success: 53 steps, 1.3s
    [frozen_flower] chain 355/1000 start: ['push_red_block_left']
    [frozen_flower] chain 355/1000 instructions: ['go push the red block left']
    [frozen_flower] chain 355/1000 task 1/1 start: push_red_block_left | instruction: go push the red block left
    [frozen_flower] chain 355/1000 task 1/1 step 1/360: running policy
    [frozen_flower] chain 355/1000 task 1/1 step 1/360: policy 0.16s, stepping env
    [frozen_flower] chain 355/1000 task 1/1 step 25/360: running policy
    [frozen_flower] chain 355/1000 task 1/1 step 25/360: policy 0.00s, stepping env
    [frozen_flower] chain 355/1000 task 1/1 step 50/360: running policy
    [frozen_flower] chain 355/1000 task 1/1 step 50/360: policy 0.00s, stepping env
    [frozen_flower] chain 355/1000 task 1/1 success at step 63
    [frozen_flower] chain 355/1000 task 1/1 success: 63 steps, 1.5s
    [frozen_flower] chain 356/1000 start: ['open_drawer']
    [frozen_flower] chain 356/1000 instructions: ['pull the handle to open the drawer']
    [frozen_flower] chain 356/1000 task 1/1 start: open_drawer | instruction: pull the handle to open the drawer
    [frozen_flower] chain 356/1000 task 1/1 step 1/360: running policy
    [frozen_flower] chain 356/1000 task 1/1 step 1/360: policy 0.16s, stepping env
    [frozen_flower] chain 356/1000 task 1/1 step 25/360: running policy
    [frozen_flower] chain 356/1000 task 1/1 step 25/360: policy 0.00s, stepping env
    [frozen_flower] chain 356/1000 task 1/1 success at step 47
    [frozen_flower] chain 356/1000 task 1/1 success: 47 steps, 1.1s
    [frozen_flower] chain 357/1000 start: ['open_drawer']
    [frozen_flower] chain 357/1000 instructions: ['pull the handle to open the drawer']
    [frozen_flower] chain 357/1000 task 1/1 start: open_drawer | instruction: pull the handle to open the drawer
    [frozen_flower] chain 357/1000 task 1/1 step 1/360: running policy
    [frozen_flower] chain 357/1000 task 1/1 step 1/360: policy 0.16s, stepping env
    [frozen_flower] chain 357/1000 task 1/1 step 25/360: running policy
    [frozen_flower] chain 357/1000 task 1/1 step 25/360: policy 0.00s, stepping env
    [frozen_flower] chain 357/1000 task 1/1 success at step 45
    [frozen_flower] chain 357/1000 task 1/1 success: 45 steps, 1.1s
    [frozen_flower] chain 358/1000 start: ['open_drawer']
    [frozen_flower] chain 358/1000 instructions: ['pull the handle to open the drawer']
    [frozen_flower] chain 358/1000 task 1/1 start: open_drawer | instruction: pull the handle to open the drawer
    [frozen_flower] chain 358/1000 task 1/1 step 1/360: running policy
    [frozen_flower] chain 358/1000 task 1/1 step 1/360: policy 0.16s, stepping env
    [frozen_flower] chain 358/1000 task 1/1 step 25/360: running policy
    [frozen_flower] chain 358/1000 task 1/1 step 25/360: policy 0.00s, stepping env
    [frozen_flower] chain 358/1000 task 1/1 step 50/360: running policy
    [frozen_flower] chain 358/1000 task 1/1 step 50/360: policy 0.00s, stepping env
    [frozen_flower] chain 358/1000 task 1/1 success at step 60
    [frozen_flower] chain 358/1000 task 1/1 success: 60 steps, 1.4s
    [frozen_flower] chain 359/1000 start: ['open_drawer']
    [frozen_flower] chain 359/1000 instructions: ['pull the handle to open the drawer']
    [frozen_flower] chain 359/1000 task 1/1 start: open_drawer | instruction: pull the handle to open the drawer
    [frozen_flower] chain 359/1000 task 1/1 step 1/360: running policy
    [frozen_flower] chain 359/1000 task 1/1 step 1/360: policy 0.16s, stepping env
    [frozen_flower] chain 359/1000 task 1/1 step 25/360: running policy
    [frozen_flower] chain 359/1000 task 1/1 step 25/360: policy 0.00s, stepping env
    [frozen_flower] chain 359/1000 task 1/1 step 50/360: running policy
    [frozen_flower] chain 359/1000 task 1/1 step 50/360: policy 0.00s, stepping env
    [frozen_flower] chain 359/1000 task 1/1 success at step 53
    [frozen_flower] chain 359/1000 task 1/1 success: 53 steps, 1.3s
    [frozen_flower] chain 360/1000 start: ['lift_pink_block_table']
    [frozen_flower] chain 360/1000 instructions: ['grasp and lift the pink block']
    [frozen_flower] chain 360/1000 task 1/1 start: lift_pink_block_table | instruction: grasp and lift the pink block
    [frozen_flower] chain 360/1000 task 1/1 step 1/360: running policy
    [frozen_flower] chain 360/1000 task 1/1 step 1/360: policy 0.16s, stepping env
    [frozen_flower] chain 360/1000 task 1/1 step 25/360: running policy
    [frozen_flower] chain 360/1000 task 1/1 step 25/360: policy 0.00s, stepping env
    [frozen_flower] chain 360/1000 task 1/1 success at step 37
    [frozen_flower] chain 360/1000 task 1/1 success: 37 steps, 0.9s
    [frozen_flower] 360/1000 chains, L1 success: 97.5%
    [frozen_flower] chain 361/1000 start: ['turn_on_led']
    [frozen_flower] chain 361/1000 instructions: ['press the button to turn on the led light']
    [frozen_flower] chain 361/1000 task 1/1 start: turn_on_led | instruction: press the button to turn on the led light
    [frozen_flower] chain 361/1000 task 1/1 step 1/360: running policy
    [frozen_flower] chain 361/1000 task 1/1 step 1/360: policy 0.16s, stepping env
    [frozen_flower] chain 361/1000 task 1/1 step 25/360: running policy
    [frozen_flower] chain 361/1000 task 1/1 step 25/360: policy 0.00s, stepping env
    [frozen_flower] chain 361/1000 task 1/1 success at step 36
    [frozen_flower] chain 361/1000 task 1/1 success: 36 steps, 0.9s
    [frozen_flower] chain 362/1000 start: ['rotate_red_block_left']
    [frozen_flower] chain 362/1000 instructions: ['take the red block and rotate it to the left']
    [frozen_flower] chain 362/1000 task 1/1 start: rotate_red_block_left | instruction: take the red block and rotate it to the left
    [frozen_flower] chain 362/1000 task 1/1 step 1/360: running policy
    [frozen_flower] chain 362/1000 task 1/1 step 1/360: policy 0.16s, stepping env
    [frozen_flower] chain 362/1000 task 1/1 step 25/360: running policy
    [frozen_flower] chain 362/1000 task 1/1 step 25/360: policy 0.13s, stepping env
    [frozen_flower] chain 362/1000 task 1/1 step 50/360: running policy
    [frozen_flower] chain 362/1000 task 1/1 step 50/360: policy 0.09s, stepping env
    [frozen_flower] chain 362/1000 task 1/1 success at step 71
    [frozen_flower] chain 362/1000 task 1/1 success: 71 steps, 9.0s
    [frozen_flower] chain 363/1000 start: ['open_drawer']
    [frozen_flower] chain 363/1000 instructions: ['pull the handle to open the drawer']
    [frozen_flower] chain 363/1000 task 1/1 start: open_drawer | instruction: pull the handle to open the drawer
    [frozen_flower] chain 363/1000 task 1/1 step 1/360: running policy
    [frozen_flower] chain 363/1000 task 1/1 step 1/360: policy 0.32s, stepping env
    [frozen_flower] chain 363/1000 task 1/1 step 25/360: running policy
    [frozen_flower] chain 363/1000 task 1/1 step 25/360: policy 0.10s, stepping env
    [frozen_flower] chain 363/1000 task 1/1 step 50/360: running policy
    [frozen_flower] chain 363/1000 task 1/1 step 50/360: policy 0.09s, stepping env
    [frozen_flower] chain 363/1000 task 1/1 success at step 56
    [frozen_flower] chain 363/1000 task 1/1 success: 56 steps, 7.3s
    [frozen_flower] chain 364/1000 start: ['open_drawer']
    [frozen_flower] chain 364/1000 instructions: ['pull the handle to open the drawer']
    [frozen_flower] chain 364/1000 task 1/1 start: open_drawer | instruction: pull the handle to open the drawer
    [frozen_flower] chain 364/1000 task 1/1 step 1/360: running policy
    [frozen_flower] chain 364/1000 task 1/1 step 1/360: policy 0.28s, stepping env
    [frozen_flower] chain 364/1000 task 1/1 step 25/360: running policy
    [frozen_flower] chain 364/1000 task 1/1 step 25/360: policy 0.11s, stepping env
    [frozen_flower] chain 364/1000 task 1/1 step 50/360: running policy
    [frozen_flower] chain 364/1000 task 1/1 step 50/360: policy 0.08s, stepping env
    [frozen_flower] chain 364/1000 task 1/1 success at step 54
    [frozen_flower] chain 364/1000 task 1/1 success: 54 steps, 7.2s
    [frozen_flower] chain 365/1000 start: ['turn_on_led']
    [frozen_flower] chain 365/1000 instructions: ['press the button to turn on the led light']
    [frozen_flower] chain 365/1000 task 1/1 start: turn_on_led | instruction: press the button to turn on the led light
    [frozen_flower] chain 365/1000 task 1/1 step 1/360: running policy
    [frozen_flower] chain 365/1000 task 1/1 step 1/360: policy 0.29s, stepping env
    [frozen_flower] chain 365/1000 task 1/1 step 25/360: running policy
    [frozen_flower] chain 365/1000 task 1/1 step 25/360: policy 0.11s, stepping env
    [frozen_flower] chain 365/1000 task 1/1 success at step 31
    [frozen_flower] chain 365/1000 task 1/1 success: 31 steps, 4.1s
    [frozen_flower] chain 366/1000 start: ['turn_on_led']
    [frozen_flower] chain 366/1000 instructions: ['press the button to turn on the led light']
    [frozen_flower] chain 366/1000 task 1/1 start: turn_on_led | instruction: press the button to turn on the led light
    [frozen_flower] chain 366/1000 task 1/1 step 1/360: running policy
    [frozen_flower] chain 366/1000 task 1/1 step 1/360: policy 0.28s, stepping env
    [frozen_flower] chain 366/1000 task 1/1 step 25/360: running policy
    [frozen_flower] chain 366/1000 task 1/1 step 25/360: policy 0.10s, stepping env
    [frozen_flower] chain 366/1000 task 1/1 success at step 35
    [frozen_flower] chain 366/1000 task 1/1 success: 35 steps, 4.4s
    [frozen_flower] chain 367/1000 start: ['lift_red_block_table']
    [frozen_flower] chain 367/1000 instructions: ['grasp and lift the red block']
    [frozen_flower] chain 367/1000 task 1/1 start: lift_red_block_table | instruction: grasp and lift the red block
    [frozen_flower] chain 367/1000 task 1/1 step 1/360: running policy
    [frozen_flower] chain 367/1000 task 1/1 step 1/360: policy 0.29s, stepping env
    [frozen_flower] chain 367/1000 task 1/1 step 25/360: running policy
    [frozen_flower] chain 367/1000 task 1/1 step 25/360: policy 0.09s, stepping env
    [frozen_flower] chain 367/1000 task 1/1 success at step 49
    [frozen_flower] chain 367/1000 task 1/1 success: 49 steps, 6.6s
    [frozen_flower] chain 368/1000 start: ['push_blue_block_left']
    [frozen_flower] chain 368/1000 instructions: ['go push the blue block left']
    [frozen_flower] chain 368/1000 task 1/1 start: push_blue_block_left | instruction: go push the blue block left
    [frozen_flower] chain 368/1000 task 1/1 step 1/360: running policy
    [frozen_flower] chain 368/1000 task 1/1 step 1/360: policy 0.29s, stepping env
    [frozen_flower] chain 368/1000 task 1/1 step 25/360: running policy
    [frozen_flower] chain 368/1000 task 1/1 step 25/360: policy 0.09s, stepping env
    [frozen_flower] chain 368/1000 task 1/1 step 50/360: running policy
    [frozen_flower] chain 368/1000 task 1/1 step 50/360: policy 0.09s, stepping env
    [frozen_flower] chain 368/1000 task 1/1 step 75/360: running policy
    [frozen_flower] chain 368/1000 task 1/1 step 75/360: policy 0.10s, stepping env
    [frozen_flower] chain 368/1000 task 1/1 step 100/360: running policy
    [frozen_flower] chain 368/1000 task 1/1 step 100/360: policy 0.09s, stepping env
    [frozen_flower] chain 368/1000 task 1/1 step 125/360: running policy
    [frozen_flower] chain 368/1000 task 1/1 step 125/360: policy 0.11s, stepping env
    [frozen_flower] chain 368/1000 task 1/1 step 150/360: running policy
    [frozen_flower] chain 368/1000 task 1/1 step 150/360: policy 0.11s, stepping env
    [frozen_flower] chain 368/1000 task 1/1 success at step 151
    [frozen_flower] chain 368/1000 task 1/1 success: 151 steps, 19.7s
    [frozen_flower] chain 369/1000 start: ['turn_on_led']
    [frozen_flower] chain 369/1000 instructions: ['press the button to turn on the led light']
    [frozen_flower] chain 369/1000 task 1/1 start: turn_on_led | instruction: press the button to turn on the led light
    [frozen_flower] chain 369/1000 task 1/1 step 1/360: running policy
    [frozen_flower] chain 369/1000 task 1/1 step 1/360: policy 0.26s, stepping env
    [frozen_flower] chain 369/1000 task 1/1 step 25/360: running policy
    [frozen_flower] chain 369/1000 task 1/1 step 25/360: policy 0.11s, stepping env
    [frozen_flower] chain 369/1000 task 1/1 success at step 35
    [frozen_flower] chain 369/1000 task 1/1 success: 35 steps, 4.7s
    [frozen_flower] chain 370/1000 start: ['turn_on_led']
    [frozen_flower] chain 370/1000 instructions: ['press the button to turn on the led light']
    [frozen_flower] chain 370/1000 task 1/1 start: turn_on_led | instruction: press the button to turn on the led light
    [frozen_flower] chain 370/1000 task 1/1 step 1/360: running policy
    [frozen_flower] chain 370/1000 task 1/1 step 1/360: policy 0.28s, stepping env
    [frozen_flower] chain 370/1000 task 1/1 step 25/360: running policy
    [frozen_flower] chain 370/1000 task 1/1 step 25/360: policy 0.09s, stepping env
    [frozen_flower] chain 370/1000 task 1/1 success at step 40
    [frozen_flower] chain 370/1000 task 1/1 success: 40 steps, 5.0s
    [frozen_flower] 370/1000 chains, L1 success: 97.6%
    [frozen_flower] chain 371/1000 start: ['turn_off_lightbulb']
    [frozen_flower] chain 371/1000 instructions: ['use the switch to turn off the light bulb']
    [frozen_flower] chain 371/1000 task 1/1 start: turn_off_lightbulb | instruction: use the switch to turn off the light bulb
    [frozen_flower] chain 371/1000 task 1/1 step 1/360: running policy
    [frozen_flower] chain 371/1000 task 1/1 step 1/360: policy 0.28s, stepping env
    [frozen_flower] chain 371/1000 task 1/1 step 25/360: running policy
    [frozen_flower] chain 371/1000 task 1/1 step 25/360: policy 0.09s, stepping env
    [frozen_flower] chain 371/1000 task 1/1 step 50/360: running policy
    [frozen_flower] chain 371/1000 task 1/1 step 50/360: policy 0.11s, stepping env
    [frozen_flower] chain 371/1000 task 1/1 success at step 56
    [frozen_flower] chain 371/1000 task 1/1 success: 56 steps, 7.3s
    [frozen_flower] chain 372/1000 start: ['open_drawer']
    [frozen_flower] chain 372/1000 instructions: ['pull the handle to open the drawer']
    [frozen_flower] chain 372/1000 task 1/1 start: open_drawer | instruction: pull the handle to open the drawer
    [frozen_flower] chain 372/1000 task 1/1 step 1/360: running policy
    [frozen_flower] chain 372/1000 task 1/1 step 1/360: policy 0.30s, stepping env
    [frozen_flower] chain 372/1000 task 1/1 step 25/360: running policy
    [frozen_flower] chain 372/1000 task 1/1 step 25/360: policy 0.11s, stepping env
    [frozen_flower] chain 372/1000 task 1/1 step 50/360: running policy
    [frozen_flower] chain 372/1000 task 1/1 step 50/360: policy 0.10s, stepping env
    [frozen_flower] chain 372/1000 task 1/1 success at step 61
    [frozen_flower] chain 372/1000 task 1/1 success: 61 steps, 8.2s
    [frozen_flower] chain 373/1000 start: ['lift_red_block_slider']
    [frozen_flower] chain 373/1000 instructions: ['lift the red block from the sliding cabinet']
    [frozen_flower] chain 373/1000 task 1/1 start: lift_red_block_slider | instruction: lift the red block from the sliding cabinet
    [frozen_flower] chain 373/1000 task 1/1 step 1/360: running policy
    [frozen_flower] chain 373/1000 task 1/1 step 1/360: policy 0.29s, stepping env
    [frozen_flower] chain 373/1000 task 1/1 step 25/360: running policy
    [frozen_flower] chain 373/1000 task 1/1 step 25/360: policy 0.10s, stepping env
    [frozen_flower] chain 373/1000 task 1/1 step 50/360: running policy
    [frozen_flower] chain 373/1000 task 1/1 step 50/360: policy 0.12s, stepping env
    [frozen_flower] chain 373/1000 task 1/1 step 75/360: running policy
    [frozen_flower] chain 373/1000 task 1/1 step 75/360: policy 0.00s, stepping env
    [frozen_flower] chain 373/1000 task 1/1 step 100/360: running policy
    [frozen_flower] chain 373/1000 task 1/1 step 100/360: policy 0.00s, stepping env
    [frozen_flower] chain 373/1000 task 1/1 step 125/360: running policy
    [frozen_flower] chain 373/1000 task 1/1 step 125/360: policy 0.00s, stepping env
    [frozen_flower] chain 373/1000 task 1/1 step 150/360: running policy
    [frozen_flower] chain 373/1000 task 1/1 step 150/360: policy 0.00s, stepping env
    [frozen_flower] chain 373/1000 task 1/1 step 175/360: running policy
    [frozen_flower] chain 373/1000 task 1/1 step 175/360: policy 0.04s, stepping env
    [frozen_flower] chain 373/1000 task 1/1 step 200/360: running policy
    [frozen_flower] chain 373/1000 task 1/1 step 200/360: policy 0.10s, stepping env
    [frozen_flower] chain 373/1000 task 1/1 step 225/360: running policy
    [frozen_flower] chain 373/1000 task 1/1 step 225/360: policy 0.08s, stepping env
    [frozen_flower] chain 373/1000 task 1/1 step 250/360: running policy
    [frozen_flower] chain 373/1000 task 1/1 step 250/360: policy 0.09s, stepping env
    [frozen_flower] chain 373/1000 task 1/1 step 275/360: running policy
    [frozen_flower] chain 373/1000 task 1/1 step 275/360: policy 0.09s, stepping env
    [frozen_flower] chain 373/1000 task 1/1 step 300/360: running policy
    [frozen_flower] chain 373/1000 task 1/1 step 300/360: policy 0.09s, stepping env
    [frozen_flower] chain 373/1000 task 1/1 step 325/360: running policy
    [frozen_flower] chain 373/1000 task 1/1 step 325/360: policy 0.07s, stepping env
    [frozen_flower] chain 373/1000 task 1/1 step 350/360: running policy
    [frozen_flower] chain 373/1000 task 1/1 step 350/360: policy 0.08s, stepping env
    [frozen_flower] chain 373/1000 task 1/1 failed: 360 steps, 31.6s
    [frozen_flower] chain 374/1000 start: ['push_blue_block_right']
    [frozen_flower] chain 374/1000 instructions: ['go push the blue block right']
    [frozen_flower] chain 374/1000 task 1/1 start: push_blue_block_right | instruction: go push the blue block right
    [frozen_flower] chain 374/1000 task 1/1 step 1/360: running policy
    [frozen_flower] chain 374/1000 task 1/1 step 1/360: policy 0.32s, stepping env
    [frozen_flower] chain 374/1000 task 1/1 step 25/360: running policy
    [frozen_flower] chain 374/1000 task 1/1 step 25/360: policy 0.01s, stepping env
    [frozen_flower] chain 374/1000 task 1/1 step 50/360: running policy
    [frozen_flower] chain 374/1000 task 1/1 step 50/360: policy 0.08s, stepping env
    [frozen_flower] chain 374/1000 task 1/1 success at step 50
    [frozen_flower] chain 374/1000 task 1/1 success: 50 steps, 5.2s
    [frozen_flower] chain 375/1000 start: ['push_blue_block_left']
    [frozen_flower] chain 375/1000 instructions: ['go push the blue block left']
    [frozen_flower] chain 375/1000 task 1/1 start: push_blue_block_left | instruction: go push the blue block left
    [frozen_flower] chain 375/1000 task 1/1 step 1/360: running policy
    [frozen_flower] chain 375/1000 task 1/1 step 1/360: policy 0.31s, stepping env
    [frozen_flower] chain 375/1000 task 1/1 step 25/360: running policy
    [frozen_flower] chain 375/1000 task 1/1 step 25/360: policy 0.07s, stepping env
    [frozen_flower] chain 375/1000 task 1/1 step 50/360: running policy
    [frozen_flower] chain 375/1000 task 1/1 step 50/360: policy 0.06s, stepping env
    [frozen_flower] chain 375/1000 task 1/1 success at step 68
    [frozen_flower] chain 375/1000 task 1/1 success: 68 steps, 6.7s
    [frozen_flower] chain 376/1000 start: ['open_drawer']
    [frozen_flower] chain 376/1000 instructions: ['pull the handle to open the drawer']
    [frozen_flower] chain 376/1000 task 1/1 start: open_drawer | instruction: pull the handle to open the drawer
    [frozen_flower] chain 376/1000 task 1/1 step 1/360: running policy
    [frozen_flower] chain 376/1000 task 1/1 step 1/360: policy 0.31s, stepping env
    [frozen_flower] chain 376/1000 task 1/1 step 25/360: running policy
    [frozen_flower] chain 376/1000 task 1/1 step 25/360: policy 0.04s, stepping env
    [frozen_flower] chain 376/1000 task 1/1 step 50/360: running policy
    [frozen_flower] chain 376/1000 task 1/1 step 50/360: policy 0.04s, stepping env
    [frozen_flower] chain 376/1000 task 1/1 success at step 60
    [frozen_flower] chain 376/1000 task 1/1 success: 60 steps, 3.9s
    [frozen_flower] chain 377/1000 start: ['move_slider_right']
    [frozen_flower] chain 377/1000 instructions: ['push the sliding door to the right side']
    [frozen_flower] chain 377/1000 task 1/1 start: move_slider_right | instruction: push the sliding door to the right side
    [frozen_flower] chain 377/1000 task 1/1 step 1/360: running policy
    [frozen_flower] chain 377/1000 task 1/1 step 1/360: policy 0.20s, stepping env
    [frozen_flower] chain 377/1000 task 1/1 step 25/360: running policy
    [frozen_flower] chain 377/1000 task 1/1 step 25/360: policy 0.00s, stepping env
    [frozen_flower] chain 377/1000 task 1/1 step 50/360: running policy
    [frozen_flower] chain 377/1000 task 1/1 step 50/360: policy 0.00s, stepping env
    [frozen_flower] chain 377/1000 task 1/1 success at step 61
    [frozen_flower] chain 377/1000 task 1/1 success: 61 steps, 3.6s
    [frozen_flower] chain 378/1000 start: ['open_drawer']
    [frozen_flower] chain 378/1000 instructions: ['pull the handle to open the drawer']
    [frozen_flower] chain 378/1000 task 1/1 start: open_drawer | instruction: pull the handle to open the drawer
    [frozen_flower] chain 378/1000 task 1/1 step 1/360: running policy
    [frozen_flower] chain 378/1000 task 1/1 step 1/360: policy 0.35s, stepping env
    [frozen_flower] chain 378/1000 task 1/1 step 25/360: running policy
    [frozen_flower] chain 378/1000 task 1/1 step 25/360: policy 0.07s, stepping env
    [frozen_flower] chain 378/1000 task 1/1 step 50/360: running policy
    [frozen_flower] chain 378/1000 task 1/1 step 50/360: policy 0.08s, stepping env
    [frozen_flower] chain 378/1000 task 1/1 success at step 54
    [frozen_flower] chain 378/1000 task 1/1 success: 54 steps, 5.4s
    [frozen_flower] chain 379/1000 start: ['open_drawer']
    [frozen_flower] chain 379/1000 instructions: ['pull the handle to open the drawer']
    [frozen_flower] chain 379/1000 task 1/1 start: open_drawer | instruction: pull the handle to open the drawer
    [frozen_flower] chain 379/1000 task 1/1 step 1/360: running policy
    [frozen_flower] chain 379/1000 task 1/1 step 1/360: policy 0.27s, stepping env
    [frozen_flower] chain 379/1000 task 1/1 step 25/360: running policy
    [frozen_flower] chain 379/1000 task 1/1 step 25/360: policy 0.08s, stepping env
    [frozen_flower] chain 379/1000 task 1/1 success at step 46
    [frozen_flower] chain 379/1000 task 1/1 success: 46 steps, 4.9s
    [frozen_flower] chain 380/1000 start: ['move_slider_left']
    [frozen_flower] chain 380/1000 instructions: ['push the sliding door to the left side']
    [frozen_flower] chain 380/1000 task 1/1 start: move_slider_left | instruction: push the sliding door to the left side
    [frozen_flower] chain 380/1000 task 1/1 step 1/360: running policy
    [frozen_flower] chain 380/1000 task 1/1 step 1/360: policy 0.27s, stepping env
    [frozen_flower] chain 380/1000 task 1/1 step 25/360: running policy
    [frozen_flower] chain 380/1000 task 1/1 step 25/360: policy 0.07s, stepping env
    [frozen_flower] chain 380/1000 task 1/1 step 50/360: running policy
    [frozen_flower] chain 380/1000 task 1/1 step 50/360: policy 0.07s, stepping env
    [frozen_flower] chain 380/1000 task 1/1 success at step 51
    [frozen_flower] chain 380/1000 task 1/1 success: 51 steps, 5.5s
    [frozen_flower] 380/1000 chains, L1 success: 97.4%
    [frozen_flower] chain 381/1000 start: ['open_drawer']
    [frozen_flower] chain 381/1000 instructions: ['pull the handle to open the drawer']
    [frozen_flower] chain 381/1000 task 1/1 start: open_drawer | instruction: pull the handle to open the drawer
    [frozen_flower] chain 381/1000 task 1/1 step 1/360: running policy
    [frozen_flower] chain 381/1000 task 1/1 step 1/360: policy 0.28s, stepping env
    [frozen_flower] chain 381/1000 task 1/1 step 25/360: running policy
    [frozen_flower] chain 381/1000 task 1/1 step 25/360: policy 0.08s, stepping env
    [frozen_flower] chain 381/1000 task 1/1 step 50/360: running policy
    [frozen_flower] chain 381/1000 task 1/1 step 50/360: policy 0.08s, stepping env
    [frozen_flower] chain 381/1000 task 1/1 success at step 52
    [frozen_flower] chain 381/1000 task 1/1 success: 52 steps, 5.5s
    [frozen_flower] chain 382/1000 start: ['lift_pink_block_slider']
    [frozen_flower] chain 382/1000 instructions: ['lift the pink block from the sliding cabinet']
    [frozen_flower] chain 382/1000 task 1/1 start: lift_pink_block_slider | instruction: lift the pink block from the sliding cabinet
    [frozen_flower] chain 382/1000 task 1/1 step 1/360: running policy
    [frozen_flower] chain 382/1000 task 1/1 step 1/360: policy 0.27s, stepping env
    [frozen_flower] chain 382/1000 task 1/1 step 25/360: running policy
    [frozen_flower] chain 382/1000 task 1/1 step 25/360: policy 0.01s, stepping env
    [frozen_flower] chain 382/1000 task 1/1 step 50/360: running policy
    [frozen_flower] chain 382/1000 task 1/1 step 50/360: policy 0.01s, stepping env
    [frozen_flower] chain 382/1000 task 1/1 step 75/360: running policy
    [frozen_flower] chain 382/1000 task 1/1 step 75/360: policy 0.00s, stepping env
    [frozen_flower] chain 382/1000 task 1/1 success at step 78
    [frozen_flower] chain 382/1000 task 1/1 success: 78 steps, 6.2s
    [frozen_flower] chain 383/1000 start: ['turn_on_led']
    [frozen_flower] chain 383/1000 instructions: ['press the button to turn on the led light']
    [frozen_flower] chain 383/1000 task 1/1 start: turn_on_led | instruction: press the button to turn on the led light
    [frozen_flower] chain 383/1000 task 1/1 step 1/360: running policy
    [frozen_flower] chain 383/1000 task 1/1 step 1/360: policy 0.24s, stepping env
    [frozen_flower] chain 383/1000 task 1/1 step 25/360: running policy
    [frozen_flower] chain 383/1000 task 1/1 step 25/360: policy 0.00s, stepping env
    [frozen_flower] chain 383/1000 task 1/1 success at step 36
    [frozen_flower] chain 383/1000 task 1/1 success: 36 steps, 2.1s
    [frozen_flower] chain 384/1000 start: ['lift_blue_block_table']
    [frozen_flower] chain 384/1000 instructions: ['grasp and lift the blue block']
    [frozen_flower] chain 384/1000 task 1/1 start: lift_blue_block_table | instruction: grasp and lift the blue block
    [frozen_flower] chain 384/1000 task 1/1 step 1/360: running policy
    [frozen_flower] chain 384/1000 task 1/1 step 1/360: policy 0.24s, stepping env
    [frozen_flower] chain 384/1000 task 1/1 step 25/360: running policy
    [frozen_flower] chain 384/1000 task 1/1 step 25/360: policy 0.07s, stepping env
    [frozen_flower] chain 384/1000 task 1/1 success at step 40
    [frozen_flower] chain 384/1000 task 1/1 success: 40 steps, 3.4s
    [frozen_flower] chain 385/1000 start: ['move_slider_left']
    [frozen_flower] chain 385/1000 instructions: ['push the sliding door to the left side']
    [frozen_flower] chain 385/1000 task 1/1 start: move_slider_left | instruction: push the sliding door to the left side
    [frozen_flower] chain 385/1000 task 1/1 step 1/360: running policy
    [frozen_flower] chain 385/1000 task 1/1 step 1/360: policy 0.27s, stepping env
    [frozen_flower] chain 385/1000 task 1/1 step 25/360: running policy
    [frozen_flower] chain 385/1000 task 1/1 step 25/360: policy 0.08s, stepping env
    [frozen_flower] chain 385/1000 task 1/1 step 50/360: running policy
    [frozen_flower] chain 385/1000 task 1/1 step 50/360: policy 0.07s, stepping env
    [frozen_flower] chain 385/1000 task 1/1 success at step 53
    [frozen_flower] chain 385/1000 task 1/1 success: 53 steps, 5.4s
    [frozen_flower] chain 386/1000 start: ['turn_off_led']
    [frozen_flower] chain 386/1000 instructions: ['press the button to turn off the led light']
    [frozen_flower] chain 386/1000 task 1/1 start: turn_off_led | instruction: press the button to turn off the led light
    [frozen_flower] chain 386/1000 task 1/1 step 1/360: running policy
    [frozen_flower] chain 386/1000 task 1/1 step 1/360: policy 0.29s, stepping env
    [frozen_flower] chain 386/1000 task 1/1 step 25/360: running policy
    [frozen_flower] chain 386/1000 task 1/1 step 25/360: policy 0.08s, stepping env
    [frozen_flower] chain 386/1000 task 1/1 success at step 38
    [frozen_flower] chain 386/1000 task 1/1 success: 38 steps, 4.2s
    [frozen_flower] chain 387/1000 start: ['lift_red_block_table']
    [frozen_flower] chain 387/1000 instructions: ['grasp and lift the red block']
    [frozen_flower] chain 387/1000 task 1/1 start: lift_red_block_table | instruction: grasp and lift the red block
    [frozen_flower] chain 387/1000 task 1/1 step 1/360: running policy
    [frozen_flower] chain 387/1000 task 1/1 step 1/360: policy 0.30s, stepping env
    [frozen_flower] chain 387/1000 task 1/1 step 25/360: running policy
    [frozen_flower] chain 387/1000 task 1/1 step 25/360: policy 0.08s, stepping env
    [frozen_flower] chain 387/1000 task 1/1 step 50/360: running policy
    [frozen_flower] chain 387/1000 task 1/1 step 50/360: policy 0.08s, stepping env
    [frozen_flower] chain 387/1000 task 1/1 step 75/360: running policy
    [frozen_flower] chain 387/1000 task 1/1 step 75/360: policy 0.02s, stepping env
    [frozen_flower] chain 387/1000 task 1/1 step 100/360: running policy
    [frozen_flower] chain 387/1000 task 1/1 step 100/360: policy 0.09s, stepping env
    [frozen_flower] chain 387/1000 task 1/1 step 125/360: running policy
    [frozen_flower] chain 387/1000 task 1/1 step 125/360: policy 0.09s, stepping env
    [frozen_flower] chain 387/1000 task 1/1 step 150/360: running policy
    [frozen_flower] chain 387/1000 task 1/1 step 150/360: policy 0.08s, stepping env
    [frozen_flower] chain 387/1000 task 1/1 success at step 160
    [frozen_flower] chain 387/1000 task 1/1 success: 160 steps, 16.3s
    [frozen_flower] chain 388/1000 start: ['open_drawer']
    [frozen_flower] chain 388/1000 instructions: ['pull the handle to open the drawer']
    [frozen_flower] chain 388/1000 task 1/1 start: open_drawer | instruction: pull the handle to open the drawer
    [frozen_flower] chain 388/1000 task 1/1 step 1/360: running policy
    [frozen_flower] chain 388/1000 task 1/1 step 1/360: policy 0.26s, stepping env
    [frozen_flower] chain 388/1000 task 1/1 step 25/360: running policy
    [frozen_flower] chain 388/1000 task 1/1 step 25/360: policy 0.08s, stepping env
    [frozen_flower] chain 388/1000 task 1/1 step 50/360: running policy
    [frozen_flower] chain 388/1000 task 1/1 step 50/360: policy 0.01s, stepping env
    [frozen_flower] chain 388/1000 task 1/1 success at step 57
    [frozen_flower] chain 388/1000 task 1/1 success: 57 steps, 6.0s
    [frozen_flower] chain 389/1000 start: ['open_drawer']
    [frozen_flower] chain 389/1000 instructions: ['pull the handle to open the drawer']
    [frozen_flower] chain 389/1000 task 1/1 start: open_drawer | instruction: pull the handle to open the drawer
    [frozen_flower] chain 389/1000 task 1/1 step 1/360: running policy
    [frozen_flower] chain 389/1000 task 1/1 step 1/360: policy 0.33s, stepping env
    [frozen_flower] chain 389/1000 task 1/1 step 25/360: running policy
    [frozen_flower] chain 389/1000 task 1/1 step 25/360: policy 0.05s, stepping env
    [frozen_flower] chain 389/1000 task 1/1 step 50/360: running policy
    [frozen_flower] chain 389/1000 task 1/1 step 50/360: policy 0.00s, stepping env
    [frozen_flower] chain 389/1000 task 1/1 success at step 60
    [frozen_flower] chain 389/1000 task 1/1 success: 60 steps, 2.8s
    [frozen_flower] chain 390/1000 start: ['lift_red_block_table']
    [frozen_flower] chain 390/1000 instructions: ['grasp and lift the red block']
    [frozen_flower] chain 390/1000 task 1/1 start: lift_red_block_table | instruction: grasp and lift the red block
    [frozen_flower] chain 390/1000 task 1/1 step 1/360: running policy
    [frozen_flower] chain 390/1000 task 1/1 step 1/360: policy 0.16s, stepping env
    [frozen_flower] chain 390/1000 task 1/1 step 25/360: running policy
    [frozen_flower] chain 390/1000 task 1/1 step 25/360: policy 0.00s, stepping env
    [frozen_flower] chain 390/1000 task 1/1 success at step 41
    [frozen_flower] chain 390/1000 task 1/1 success: 41 steps, 1.5s
    [frozen_flower] 390/1000 chains, L1 success: 97.4%
    [frozen_flower] chain 391/1000 start: ['push_red_block_left']
    [frozen_flower] chain 391/1000 instructions: ['go push the red block left']
    [frozen_flower] chain 391/1000 task 1/1 start: push_red_block_left | instruction: go push the red block left
    [frozen_flower] chain 391/1000 task 1/1 step 1/360: running policy
    [frozen_flower] chain 391/1000 task 1/1 step 1/360: policy 0.26s, stepping env
    [frozen_flower] chain 391/1000 task 1/1 step 25/360: running policy
    [frozen_flower] chain 391/1000 task 1/1 step 25/360: policy 0.04s, stepping env
    [frozen_flower] chain 391/1000 task 1/1 step 50/360: running policy
    [frozen_flower] chain 391/1000 task 1/1 step 50/360: policy 0.00s, stepping env
    [frozen_flower] chain 391/1000 task 1/1 success at step 54
    [frozen_flower] chain 391/1000 task 1/1 success: 54 steps, 4.0s
    [frozen_flower] chain 392/1000 start: ['move_slider_right']
    [frozen_flower] chain 392/1000 instructions: ['push the sliding door to the right side']
    [frozen_flower] chain 392/1000 task 1/1 start: move_slider_right | instruction: push the sliding door to the right side
    [frozen_flower] chain 392/1000 task 1/1 step 1/360: running policy
    [frozen_flower] chain 392/1000 task 1/1 step 1/360: policy 0.23s, stepping env
    [frozen_flower] chain 392/1000 task 1/1 step 25/360: running policy
    [frozen_flower] chain 392/1000 task 1/1 step 25/360: policy 0.02s, stepping env
    [frozen_flower] chain 392/1000 task 1/1 step 50/360: running policy
    [frozen_flower] chain 392/1000 task 1/1 step 50/360: policy 0.00s, stepping env
    [frozen_flower] chain 392/1000 task 1/1 success at step 62
    [frozen_flower] chain 392/1000 task 1/1 success: 62 steps, 2.7s
    [frozen_flower] chain 393/1000 start: ['move_slider_right']
    [frozen_flower] chain 393/1000 instructions: ['push the sliding door to the right side']
    [frozen_flower] chain 393/1000 task 1/1 start: move_slider_right | instruction: push the sliding door to the right side
    [frozen_flower] chain 393/1000 task 1/1 step 1/360: running policy
    [frozen_flower] chain 393/1000 task 1/1 step 1/360: policy 0.15s, stepping env
    [frozen_flower] chain 393/1000 task 1/1 step 25/360: running policy
    [frozen_flower] chain 393/1000 task 1/1 step 25/360: policy 0.00s, stepping env
    [frozen_flower] chain 393/1000 task 1/1 step 50/360: running policy
    [frozen_flower] chain 393/1000 task 1/1 step 50/360: policy 0.00s, stepping env
    [frozen_flower] chain 393/1000 task 1/1 success at step 61
    [frozen_flower] chain 393/1000 task 1/1 success: 61 steps, 1.5s
    [frozen_flower] chain 394/1000 start: ['open_drawer']
    [frozen_flower] chain 394/1000 instructions: ['pull the handle to open the drawer']
    [frozen_flower] chain 394/1000 task 1/1 start: open_drawer | instruction: pull the handle to open the drawer
    [frozen_flower] chain 394/1000 task 1/1 step 1/360: running policy
    [frozen_flower] chain 394/1000 task 1/1 step 1/360: policy 0.16s, stepping env
    [frozen_flower] chain 394/1000 task 1/1 step 25/360: running policy
    [frozen_flower] chain 394/1000 task 1/1 step 25/360: policy 0.00s, stepping env
    [frozen_flower] chain 394/1000 task 1/1 step 50/360: running policy
    [frozen_flower] chain 394/1000 task 1/1 step 50/360: policy 0.00s, stepping env
    [frozen_flower] chain 394/1000 task 1/1 success at step 51
    [frozen_flower] chain 394/1000 task 1/1 success: 51 steps, 1.3s
    [frozen_flower] chain 395/1000 start: ['lift_blue_block_slider']
    [frozen_flower] chain 395/1000 instructions: ['lift the blue block from the sliding cabinet']
    [frozen_flower] chain 395/1000 task 1/1 start: lift_blue_block_slider | instruction: lift the blue block from the sliding cabinet
    [frozen_flower] chain 395/1000 task 1/1 step 1/360: running policy
    [frozen_flower] chain 395/1000 task 1/1 step 1/360: policy 0.16s, stepping env
    [frozen_flower] chain 395/1000 task 1/1 step 25/360: running policy
    [frozen_flower] chain 395/1000 task 1/1 step 25/360: policy 0.00s, stepping env
    [frozen_flower] chain 395/1000 task 1/1 step 50/360: running policy
    [frozen_flower] chain 395/1000 task 1/1 step 50/360: policy 0.00s, stepping env
    [frozen_flower] chain 395/1000 task 1/1 success at step 68
    [frozen_flower] chain 395/1000 task 1/1 success: 68 steps, 1.6s
    [frozen_flower] chain 396/1000 start: ['close_drawer']
    [frozen_flower] chain 396/1000 instructions: ['push the handle to close the drawer']
    [frozen_flower] chain 396/1000 task 1/1 start: close_drawer | instruction: push the handle to close the drawer
    [frozen_flower] chain 396/1000 task 1/1 step 1/360: running policy
    [frozen_flower] chain 396/1000 task 1/1 step 1/360: policy 0.16s, stepping env
    [frozen_flower] chain 396/1000 task 1/1 step 25/360: running policy
    [frozen_flower] chain 396/1000 task 1/1 step 25/360: policy 0.12s, stepping env
    [frozen_flower] chain 396/1000 task 1/1 step 50/360: running policy
    [frozen_flower] chain 396/1000 task 1/1 step 50/360: policy 0.11s, stepping env
    [frozen_flower] chain 396/1000 task 1/1 success at step 56
    [frozen_flower] chain 396/1000 task 1/1 success: 56 steps, 5.7s
    [frozen_flower] chain 397/1000 start: ['turn_on_led']
    [frozen_flower] chain 397/1000 instructions: ['press the button to turn on the led light']
    [frozen_flower] chain 397/1000 task 1/1 start: turn_on_led | instruction: press the button to turn on the led light
    [frozen_flower] chain 397/1000 task 1/1 step 1/360: running policy
    [frozen_flower] chain 397/1000 task 1/1 step 1/360: policy 0.30s, stepping env
    [frozen_flower] chain 397/1000 task 1/1 step 25/360: running policy
    [frozen_flower] chain 397/1000 task 1/1 step 25/360: policy 0.11s, stepping env
    [frozen_flower] chain 397/1000 task 1/1 success at step 35
    [frozen_flower] chain 397/1000 task 1/1 success: 35 steps, 4.7s
    [frozen_flower] chain 398/1000 start: ['move_slider_left']
    [frozen_flower] chain 398/1000 instructions: ['push the sliding door to the left side']
    [frozen_flower] chain 398/1000 task 1/1 start: move_slider_left | instruction: push the sliding door to the left side
    [frozen_flower] chain 398/1000 task 1/1 step 1/360: running policy
    [frozen_flower] chain 398/1000 task 1/1 step 1/360: policy 0.31s, stepping env
    [frozen_flower] chain 398/1000 task 1/1 step 25/360: running policy
    [frozen_flower] chain 398/1000 task 1/1 step 25/360: policy 0.10s, stepping env
