======================================================================
CE-AIS Paper Main Experiments
Methods: ['frozen_flower']
Chains: 250 x 5
Device: cuda:7 (requested=cuda:7, visible=None)
EGL: enabled (EGL_VISIBLE_DEVICES=7)
======================================================================

[1] Initializing CALVIN environment...
Gym has been unmaintained since 2022 and does not support NumPy 2.0 amongst other critical functionality.
Please upgrade to Gymnasium, the maintained drop-in replacement of Gym, or contact the authors of your software and request that they upgrade.
Users of this version of Gym should be able to simply replace 'import gym' with 'import gymnasium as gym' in the vast majority of cases.
See the migration guide at https://gymnasium.farama.org/introduction/migration_guide/ for additional information.
pybullet build time: Oct 21 2025 10:07:17
/data0/yejinxuan/workspace/calvin/calvin_env/calvin_env/envs/play_table_env.py:289: UserWarning: 
The version_base parameter is not specified.
Please specify a compatability version level, or None.
Will assume defaults for version 1.1
  @hydra.main(config_path="../../conf", config_name="config_data_collection")
/data0/yejinxuan/workspace/calvin/calvin_env/calvin_env/envs/play_table_env.py:284: UserWarning: 
The version_base parameter is not specified.
Please specify a compatability version level, or None.
Will assume defaults for version 1.1
  hydra.initialize(".")
argv[0]=--width=200
argv[1]=--height=200
EGL device choice: 7 of 17 (from EGL_VISIBLE_DEVICES)
Loaded EGL 1.5 after reload.
GL_VENDOR=NVIDIA Corporation
GL_RENDERER=NVIDIA A100-SXM4-80GB/PCIe/SSE2
GL_VERSION=3.3.0 NVIDIA 595.71.05
GL_SHADING_LANGUAGE_VERSION=3.30 NVIDIA via Cg compiler
Version = 3.3.0 NVIDIA 595.71.05
Vendor = NVIDIA Corporation
Renderer = NVIDIA A100-SXM4-80GB/PCIe/SSE2
  Available tasks: 34
/data0/yejinxuan/ce-ais/.venv/lib/python3.12/site-packages/lightning_lite/__init__.py:29: UserWarning: pkg_resources is deprecated as an API. See https://setuptools.pypa.io/en/latest/pkg_resources.html. The pkg_resources package is slated for removal as early as 2025-11-30. Refrain from using this package or pin to Setuptools<81.
  __import__("pkg_resources").declare_namespace(__name__)
  Sequence source: flower_official

[Eval] Running: frozen_flower
Loading Florence-2 from /data0/yejinxuan/hf_cache/hub/Florence-2-large
The new embeddings will be initialized from a multivariate normal distribution that has old embeddings' mean and covariance. As described in this article: https://nlp.stanford.edu/~johnhew/vocab-expansion.html. To disable this, use `mean_resizing=False`
Loading pretrained weights from /data0/yejinxuan/ce-ais/data/flower_calvin_abc/model.safetensors...
Loaded safetensors file
Pretrained weights loaded with the following issues:
  ⚠️ Missing keys (not found in checkpoint, using default init): 2
    ['vlm.language_model.final_logits_bias', 'vlm.language_model.model.shared.weight'] ...
  ⚠️ Unexpected keys (ignored): 2
    ['vlm.language_final_logits_bias', 'vlm.language_shared.weight'] ...
    [frozen_flower] chain 1/250 start: ['lift_pink_block_table', 'place_in_slider', 'turn_on_led', 'rotate_blue_block_right', 'move_slider_right']
ven = NVIDIA Corporation
ven = NVIDIA Corporation
    [frozen_flower] chain 1/250 task 1/5 success: 37 steps, 2.3s
    [frozen_flower] chain 1/250 task 2/5 success: 32 steps, 4.3s
    [frozen_flower] chain 1/250 task 3/5 success: 44 steps, 19.2s
    [frozen_flower] chain 1/250 task 4/5 success: 94 steps, 46.4s
    [frozen_flower] chain 1/250 task 5/5 success: 76 steps, 36.2s
    [frozen_flower] chain 2/250 start: ['lift_pink_block_slider', 'place_in_slider', 'rotate_red_block_left', 'open_drawer', 'turn_off_led']
    [frozen_flower] chain 2/250 task 1/5 success: 53 steps, 25.6s
    [frozen_flower] chain 2/250 task 2/5 success: 10 steps, 4.2s
    [frozen_flower] chain 2/250 task 3/5 success: 70 steps, 48.5s
    [frozen_flower] chain 2/250 task 4/5 success: 75 steps, 45.7s
    [frozen_flower] chain 2/250 task 5/5 success: 72 steps, 44.2s
    [frozen_flower] chain 3/250 start: ['push_pink_block_left', 'turn_on_lightbulb', 'lift_pink_block_table', 'stack_block', 'move_slider_left']
    [frozen_flower] chain 3/250 task 1/5 success: 79 steps, 47.5s
    [frozen_flower] chain 3/250 task 2/5 success: 65 steps, 39.7s
    [frozen_flower] chain 3/250 task 3/5 success: 73 steps, 43.5s
    [frozen_flower] chain 3/250 task 4/5 success: 191 steps, 113.9s
    [frozen_flower] chain 3/250 task 5/5 success: 91 steps, 55.8s
    [frozen_flower] chain 4/250 start: ['lift_pink_block_slider', 'place_in_slider', 'turn_off_lightbulb', 'close_drawer', 'push_red_block_right']
    [frozen_flower] chain 4/250 task 1/5 success: 54 steps, 32.6s
    [frozen_flower] chain 4/250 task 2/5 success: 10 steps, 5.6s
    [frozen_flower] chain 4/250 task 3/5 success: 60 steps, 39.6s
    [frozen_flower] chain 4/250 task 4/5 success: 94 steps, 58.1s
    [frozen_flower] chain 4/250 task 5/5 success: 102 steps, 61.0s
    [frozen_flower] chain 5/250 start: ['rotate_red_block_right', 'close_drawer', 'move_slider_left', 'lift_blue_block_table', 'place_in_slider']
    [frozen_flower] chain 5/250 task 1/5 failed: 360 steps, 261.1s
    [frozen_flower] chain 6/250 start: ['open_drawer', 'turn_off_lightbulb', 'move_slider_left', 'lift_pink_block_slider', 'stack_block']
    [frozen_flower] chain 6/250 task 1/5 success: 57 steps, 37.6s
    [frozen_flower] chain 6/250 task 2/5 success: 78 steps, 52.0s
    [frozen_flower] chain 6/250 task 3/5 success: 74 steps, 49.1s
    [frozen_flower] chain 6/250 task 4/5 success: 63 steps, 40.1s
    [frozen_flower] chain 6/250 task 5/5 success: 43 steps, 27.2s
    [frozen_flower] chain 7/250 start: ['push_red_block_left', 'turn_on_lightbulb', 'open_drawer', 'push_into_drawer', 'lift_blue_block_slider']
    [frozen_flower] chain 7/250 task 1/5 success: 68 steps, 44.6s
    [frozen_flower] chain 7/250 task 2/5 success: 59 steps, 39.8s
    [frozen_flower] chain 7/250 task 3/5 success: 67 steps, 43.5s
    [frozen_flower] chain 7/250 task 4/5 success: 102 steps, 66.3s
    [frozen_flower] chain 7/250 task 5/5 success: 82 steps, 53.8s
    [frozen_flower] chain 8/250 start: ['turn_off_lightbulb', 'rotate_red_block_right', 'lift_red_block_table', 'stack_block', 'close_drawer']
    [frozen_flower] chain 8/250 task 1/5 success: 59 steps, 38.9s
    [frozen_flower] chain 8/250 task 2/5 success: 125 steps, 78.8s
    [frozen_flower] chain 8/250 task 3/5 success: 56 steps, 37.1s
    [frozen_flower] chain 8/250 task 4/5 failed: 360 steps, 253.2s
    [frozen_flower] chain 9/250 start: ['lift_red_block_slider', 'place_in_slider', 'open_drawer', 'push_into_drawer', 'move_slider_right']
    [frozen_flower] chain 9/250 task 1/5 success: 52 steps, 39.3s
    [frozen_flower] chain 9/250 task 2/5 success: 12 steps, 9.0s
    [frozen_flower] chain 9/250 task 3/5 success: 70 steps, 46.3s
    [frozen_flower] chain 9/250 task 4/5 success: 95 steps, 61.7s
    [frozen_flower] chain 9/250 task 5/5 success: 85 steps, 55.9s
    [frozen_flower] chain 10/250 start: ['lift_blue_block_table', 'place_in_slider', 'move_slider_left', 'rotate_pink_block_right', 'lift_red_block_slider']
    [frozen_flower] chain 10/250 task 1/5 success: 51 steps, 33.4s
    [frozen_flower] chain 10/250 task 2/5 failed: 360 steps, 234.7s
    [frozen_flower] 10/250 chains, L1 success: 90.0%
    [frozen_flower] chain 11/250 start: ['push_blue_block_left', 'lift_red_block_table', 'place_in_slider', 'push_into_drawer', 'move_slider_right']
    [frozen_flower] chain 11/250 task 1/5 success: 82 steps, 52.8s
    [frozen_flower] chain 11/250 task 2/5 success: 123 steps, 79.1s
    [frozen_flower] chain 11/250 task 3/5 success: 39 steps, 25.0s
    [frozen_flower] chain 11/250 task 4/5 success: 90 steps, 58.7s
    [frozen_flower] chain 11/250 task 5/5 success: 64 steps, 42.0s
    [frozen_flower] chain 12/250 start: ['push_red_block_left', 'push_into_drawer', 'move_slider_right', 'turn_on_lightbulb', 'lift_blue_block_slider']
    [frozen_flower] chain 12/250 task 1/5 success: 61 steps, 43.6s
    [frozen_flower] chain 12/250 task 2/5 failed: 360 steps, 211.7s
    [frozen_flower] chain 13/250 start: ['open_drawer', 'rotate_blue_block_right', 'move_slider_right', 'lift_pink_block_slider', 'place_in_drawer']
    [frozen_flower] chain 13/250 task 1/5 success: 56 steps, 29.3s
    [frozen_flower] chain 13/250 task 2/5 success: 127 steps, 66.7s
    [frozen_flower] chain 13/250 task 3/5 success: 79 steps, 44.7s
    [frozen_flower] chain 13/250 task 4/5 success: 91 steps, 54.7s
    [frozen_flower] chain 13/250 task 5/5 success: 50 steps, 29.0s
    [frozen_flower] chain 14/250 start: ['push_into_drawer', 'lift_red_block_slider', 'place_in_drawer', 'turn_on_led', 'lift_pink_block_drawer']
    [frozen_flower] chain 14/250 task 1/5 success: 228 steps, 128.7s
    [frozen_flower] chain 14/250 task 2/5 success: 86 steps, 49.2s
    [frozen_flower] chain 14/250 task 3/5 success: 62 steps, 35.5s
    [frozen_flower] chain 14/250 task 4/5 success: 52 steps, 31.7s
    [frozen_flower] chain 14/250 task 5/5 success: 56 steps, 33.7s
    [frozen_flower] chain 15/250 start: ['lift_pink_block_table', 'place_in_slider', 'open_drawer', 'turn_off_led', 'lift_red_block_slider']
    [frozen_flower] chain 15/250 task 1/5 success: 52 steps, 30.6s
    [frozen_flower] chain 15/250 task 2/5 failed: 360 steps, 217.4s
    [frozen_flower] chain 16/250 start: ['close_drawer', 'lift_red_block_table', 'stack_block', 'unstack_block', 'rotate_red_block_right']
    [frozen_flower] chain 16/250 task 1/5 success: 51 steps, 34.6s
    [frozen_flower] chain 16/250 task 2/5 success: 74 steps, 49.9s
    [frozen_flower] chain 16/250 task 3/5 success: 33 steps, 21.9s
    [frozen_flower] chain 16/250 task 4/5 success: 37 steps, 24.2s
    [frozen_flower] chain 16/250 task 5/5 failed: 360 steps, 214.5s
    [frozen_flower] chain 17/250 start: ['push_blue_block_right', 'turn_off_led', 'move_slider_right', 'lift_blue_block_table', 'place_in_slider']
    [frozen_flower] chain 17/250 task 1/5 success: 103 steps, 62.7s
    [frozen_flower] chain 17/250 task 2/5 success: 65 steps, 40.2s
    [frozen_flower] chain 17/250 task 3/5 success: 68 steps, 42.8s
    [frozen_flower] chain 17/250 task 4/5 success: 88 steps, 54.2s
    [frozen_flower] chain 17/250 task 5/5 failed: 360 steps, 217.8s
    [frozen_flower] chain 18/250 start: ['move_slider_right', 'turn_on_led', 'push_red_block_right', 'lift_pink_block_table', 'place_in_drawer']
    [frozen_flower] chain 18/250 task 1/5 success: 63 steps, 39.3s
    [frozen_flower] chain 18/250 task 2/5 success: 46 steps, 29.3s
    [frozen_flower] chain 18/250 task 3/5 success: 102 steps, 66.3s
    [frozen_flower] chain 18/250 task 4/5 success: 71 steps, 50.4s
    [frozen_flower] chain 18/250 task 5/5 success: 32 steps, 23.0s
    [frozen_flower] chain 19/250 start: ['close_drawer', 'lift_blue_block_table', 'stack_block', 'unstack_block', 'rotate_blue_block_right']
    [frozen_flower] chain 19/250 task 1/5 success: 58 steps, 39.5s
    [frozen_flower] chain 19/250 task 2/5 failed: 360 steps, 231.5s
    [frozen_flower] chain 20/250 start: ['push_red_block_right', 'lift_blue_block_slider', 'stack_block', 'open_drawer', 'turn_on_led']
    [frozen_flower] chain 20/250 task 1/5 success: 172 steps, 108.1s
    [frozen_flower] chain 20/250 task 2/5 success: 62 steps, 42.3s
    [frozen_flower] chain 20/250 task 3/5 success: 53 steps, 35.6s
    [frozen_flower] chain 20/250 task 4/5 success: 61 steps, 38.3s
    [frozen_flower] chain 20/250 task 5/5 success: 62 steps, 38.9s
    [frozen_flower] 20/250 chains, L1 success: 95.0%
    [frozen_flower] chain 21/250 start: ['rotate_red_block_right', 'close_drawer', 'lift_red_block_table', 'stack_block', 'lift_blue_block_slider']
    [frozen_flower] chain 21/250 task 1/5 success: 72 steps, 44.8s
    [frozen_flower] chain 21/250 task 2/5 success: 79 steps, 51.6s
    [frozen_flower] chain 21/250 task 3/5 success: 70 steps, 43.8s
    [frozen_flower] chain 21/250 task 4/5 success: 28 steps, 18.4s
    [frozen_flower] chain 21/250 task 5/5 success: 64 steps, 42.1s
    [frozen_flower] chain 22/250 start: ['push_blue_block_right', 'lift_pink_block_slider', 'stack_block', 'open_drawer', 'unstack_block']
    [frozen_flower] chain 22/250 task 1/5 success: 242 steps, 145.7s
    [frozen_flower] chain 22/250 task 2/5 success: 83 steps, 46.4s
    [frozen_flower] chain 22/250 task 3/5 success: 328 steps, 170.6s
    [frozen_flower] chain 22/250 task 4/5 success: 70 steps, 37.8s
    [frozen_flower] chain 22/250 task 5/5 success: 135 steps, 75.7s
    [frozen_flower] chain 23/250 start: ['rotate_pink_block_left', 'open_drawer', 'move_slider_left', 'lift_red_block_slider', 'place_in_drawer']
    [frozen_flower] chain 23/250 task 1/5 success: 83 steps, 51.5s
    [frozen_flower] chain 23/250 task 2/5 success: 76 steps, 45.8s
    [frozen_flower] chain 23/250 task 3/5 success: 94 steps, 52.7s
    [frozen_flower] chain 23/250 task 4/5 success: 168 steps, 107.1s
    [frozen_flower] chain 23/250 task 5/5 success: 47 steps, 30.9s
    [frozen_flower] chain 24/250 start: ['open_drawer', 'lift_blue_block_slider', 'place_in_slider', 'turn_on_lightbulb', 'push_red_block_left']
    [frozen_flower] chain 24/250 task 1/5 success: 60 steps, 37.1s
    [frozen_flower] chain 24/250 task 2/5 success: 82 steps, 47.1s
    [frozen_flower] chain 24/250 task 3/5 success: 8 steps, 4.6s
    [frozen_flower] chain 24/250 task 4/5 success: 48 steps, 24.8s
    [frozen_flower] chain 24/250 task 5/5 success: 120 steps, 63.5s
    [frozen_flower] chain 25/250 start: ['open_drawer', 'lift_pink_block_slider', 'place_in_slider', 'push_blue_block_right', 'lift_blue_block_table']
    [frozen_flower] chain 25/250 task 1/5 success: 53 steps, 27.5s
    [frozen_flower] chain 25/250 task 2/5 success: 87 steps, 45.7s
    [frozen_flower] chain 25/250 task 3/5 success: 11 steps, 6.3s
    [frozen_flower] chain 25/250 task 4/5 failed: 360 steps, 180.0s
    [frozen_flower] chain 26/250 start: ['lift_pink_block_slider', 'place_in_drawer', 'close_drawer', 'push_blue_block_left', 'turn_off_led']
    [frozen_flower] chain 26/250 task 1/5 success: 60 steps, 34.3s
    [frozen_flower] chain 26/250 task 2/5 success: 53 steps, 28.9s
    [frozen_flower] chain 26/250 task 3/5 success: 68 steps, 36.9s
    [frozen_flower] chain 26/250 task 4/5 success: 95 steps, 54.8s
    [frozen_flower] chain 26/250 task 5/5 success: 52 steps, 30.0s
    [frozen_flower] chain 27/250 start: ['turn_off_lightbulb', 'rotate_pink_block_left', 'lift_pink_block_table', 'stack_block', 'close_drawer']
    [frozen_flower] chain 27/250 task 1/5 success: 57 steps, 30.9s
    [frozen_flower] chain 27/250 task 2/5 success: 83 steps, 46.2s
    [frozen_flower] chain 27/250 task 3/5 success: 19 steps, 10.2s
    [frozen_flower] chain 27/250 task 4/5 success: 40 steps, 20.9s
    [frozen_flower] chain 27/250 task 5/5 success: 74 steps, 40.8s
    [frozen_flower] chain 28/250 start: ['lift_blue_block_table', 'stack_block', 'unstack_block', 'turn_on_lightbulb', 'rotate_blue_block_right']
    [frozen_flower] chain 28/250 task 1/5 success: 34 steps, 18.8s
    [frozen_flower] chain 28/250 task 2/5 success: 8 steps, 4.4s
    [frozen_flower] chain 28/250 task 3/5 success: 39 steps, 19.2s
    [frozen_flower] chain 28/250 task 4/5 success: 52 steps, 26.7s
    [frozen_flower] chain 28/250 task 5/5 success: 117 steps, 57.9s
    [frozen_flower] chain 29/250 start: ['turn_off_lightbulb', 'lift_red_block_slider', 'place_in_slider', 'open_drawer', 'rotate_pink_block_right']
    [frozen_flower] chain 29/250 task 1/5 success: 52 steps, 26.7s
    [frozen_flower] chain 29/250 task 2/5 success: 61 steps, 29.0s
    [frozen_flower] chain 29/250 task 3/5 success: 16 steps, 8.2s
    [frozen_flower] chain 29/250 task 4/5 success: 81 steps, 40.5s
    [frozen_flower] chain 29/250 task 5/5 success: 123 steps, 61.6s
    [frozen_flower] chain 30/250 start: ['open_drawer', 'turn_on_led', 'lift_red_block_table', 'place_in_drawer', 'move_slider_right']
    [frozen_flower] chain 30/250 task 1/5 success: 51 steps, 24.5s
    [frozen_flower] chain 30/250 task 2/5 success: 63 steps, 31.8s
    [frozen_flower] chain 30/250 task 3/5 success: 54 steps, 25.9s
    [frozen_flower] chain 30/250 task 4/5 success: 33 steps, 16.8s
    [frozen_flower] chain 30/250 task 5/5 success: 74 steps, 39.3s
    [frozen_flower] 30/250 chains, L1 success: 96.7%
    [frozen_flower] chain 31/250 start: ['push_red_block_left', 'lift_red_block_table', 'place_in_slider', 'move_slider_right', 'turn_off_lightbulb']
    [frozen_flower] chain 31/250 task 1/5 success: 64 steps, 33.1s
    [frozen_flower] chain 31/250 task 2/5 success: 54 steps, 27.6s
    [frozen_flower] chain 31/250 task 3/5 success: 26 steps, 13.6s
    [frozen_flower] chain 31/250 task 4/5 success: 68 steps, 32.2s
    [frozen_flower] chain 31/250 task 5/5 failed: 360 steps, 187.3s
    [frozen_flower] chain 32/250 start: ['lift_red_block_slider', 'stack_block', 'unstack_block', 'push_blue_block_left', 'lift_red_block_table']
    [frozen_flower] chain 32/250 task 1/5 success: 73 steps, 45.2s
    [frozen_flower] chain 32/250 task 2/5 success: 62 steps, 37.2s
    [frozen_flower] chain 32/250 task 3/5 success: 29 steps, 18.1s
    [frozen_flower] chain 32/250 task 4/5 success: 44 steps, 27.2s
    [frozen_flower] chain 32/250 task 5/5 success: 74 steps, 44.4s
    [frozen_flower] chain 33/250 start: ['rotate_red_block_right', 'lift_red_block_table', 'stack_block', 'close_drawer', 'turn_off_lightbulb']
    [frozen_flower] chain 33/250 task 1/5 success: 88 steps, 50.7s
    [frozen_flower] chain 33/250 task 2/5 success: 169 steps, 96.1s
    [frozen_flower] chain 33/250 task 3/5 success: 54 steps, 31.1s
    [frozen_flower] chain 33/250 task 4/5 success: 73 steps, 39.7s
    [frozen_flower] chain 33/250 task 5/5 success: 71 steps, 40.9s
    [frozen_flower] chain 34/250 start: ['push_blue_block_left', 'lift_pink_block_slider', 'place_in_slider', 'turn_off_led', 'move_slider_left']
    [frozen_flower] chain 34/250 task 1/5 success: 66 steps, 39.3s
    [frozen_flower] chain 34/250 task 2/5 success: 79 steps, 50.9s
    [frozen_flower] chain 34/250 task 3/5 success: 9 steps, 4.8s
    [frozen_flower] chain 34/250 task 4/5 success: 37 steps, 21.6s
    [frozen_flower] chain 34/250 task 5/5 success: 64 steps, 38.1s
    [frozen_flower] chain 35/250 start: ['push_blue_block_left', 'move_slider_left', 'open_drawer', 'lift_blue_block_table', 'place_in_slider']
    [frozen_flower] chain 35/250 task 1/5 success: 69 steps, 37.1s
    [frozen_flower] chain 35/250 task 2/5 success: 55 steps, 30.5s
    [frozen_flower] chain 35/250 task 3/5 success: 74 steps, 40.2s
    [frozen_flower] chain 35/250 task 4/5 success: 173 steps, 94.9s
    [frozen_flower] chain 35/250 task 5/5 failed: 360 steps, 181.4s
    [frozen_flower] chain 36/250 start: ['open_drawer', 'turn_on_lightbulb', 'lift_blue_block_table', 'place_in_drawer', 'push_pink_block_right']
    [frozen_flower] chain 36/250 task 1/5 success: 55 steps, 31.7s
    [frozen_flower] chain 36/250 task 2/5 success: 70 steps, 34.3s
    [frozen_flower] chain 36/250 task 3/5 success: 46 steps, 23.7s
    [frozen_flower] chain 36/250 task 4/5 success: 38 steps, 18.6s
    [frozen_flower] chain 36/250 task 5/5 success: 76 steps, 38.2s
    [frozen_flower] chain 37/250 start: ['push_pink_block_left', 'lift_blue_block_table', 'stack_block', 'move_slider_left', 'lift_red_block_slider']
    [frozen_flower] chain 37/250 task 1/5 success: 67 steps, 32.9s
    [frozen_flower] chain 37/250 task 2/5 success: 66 steps, 31.6s
    [frozen_flower] chain 37/250 task 3/5 success: 15 steps, 6.5s
    [frozen_flower] chain 37/250 task 4/5 success: 55 steps, 26.0s
    [frozen_flower] chain 37/250 task 5/5 success: 97 steps, 44.9s
    [frozen_flower] chain 38/250 start: ['lift_red_block_slider', 'stack_block', 'close_drawer', 'turn_off_led', 'unstack_block']
    [frozen_flower] chain 38/250 task 1/5 success: 66 steps, 33.3s
    [frozen_flower] chain 38/250 task 2/5 success: 65 steps, 33.6s
    [frozen_flower] chain 38/250 task 3/5 success: 84 steps, 43.8s
    [frozen_flower] chain 38/250 task 4/5 success: 74 steps, 37.7s
    [frozen_flower] chain 38/250 task 5/5 success: 79 steps, 39.6s
    [frozen_flower] chain 39/250 start: ['lift_blue_block_slider', 'place_in_slider', 'turn_on_lightbulb', 'open_drawer', 'push_pink_block_left']
    [frozen_flower] chain 39/250 task 1/5 success: 51 steps, 27.2s
    [frozen_flower] chain 39/250 task 2/5 success: 7 steps, 3.8s
    [frozen_flower] chain 39/250 task 3/5 success: 51 steps, 27.6s
    [frozen_flower] chain 39/250 task 4/5 success: 76 steps, 40.4s
    [frozen_flower] chain 39/250 task 5/5 success: 90 steps, 45.0s
    [frozen_flower] chain 40/250 start: ['close_drawer', 'rotate_red_block_left', 'lift_blue_block_table', 'place_in_slider', 'turn_on_lightbulb']
    [frozen_flower] chain 40/250 task 1/5 success: 52 steps, 28.6s
    [frozen_flower] chain 40/250 task 2/5 success: 214 steps, 106.8s
    [frozen_flower] chain 40/250 task 3/5 success: 115 steps, 57.4s
    [frozen_flower] chain 40/250 task 4/5 success: 35 steps, 18.0s
    [frozen_flower] chain 40/250 task 5/5 success: 55 steps, 28.1s
    [frozen_flower] 40/250 chains, L1 success: 97.5%
    [frozen_flower] chain 41/250 start: ['lift_blue_block_table', 'place_in_slider', 'move_slider_right', 'turn_on_lightbulb', 'push_red_block_left']
    [frozen_flower] chain 41/250 task 1/5 success: 53 steps, 29.9s
    [frozen_flower] chain 41/250 task 2/5 failed: 360 steps, 194.7s
    [frozen_flower] chain 42/250 start: ['turn_on_lightbulb', 'move_slider_right', 'open_drawer', 'lift_red_block_slider', 'place_in_slider']
    [frozen_flower] chain 42/250 task 1/5 success: 53 steps, 26.5s
    [frozen_flower] chain 42/250 task 2/5 success: 83 steps, 36.2s
    [frozen_flower] chain 42/250 task 3/5 success: 79 steps, 38.3s
    [frozen_flower] chain 42/250 task 4/5 success: 104 steps, 54.3s
    [frozen_flower] chain 42/250 task 5/5 success: 18 steps, 9.3s
    [frozen_flower] chain 43/250 start: ['turn_on_lightbulb', 'move_slider_right', 'rotate_pink_block_left', 'lift_red_block_slider', 'place_in_slider']
    [frozen_flower] chain 43/250 task 1/5 success: 52 steps, 26.8s
    [frozen_flower] chain 43/250 task 2/5 success: 82 steps, 43.5s
    [frozen_flower] chain 43/250 task 3/5 success: 113 steps, 55.4s
    [frozen_flower] chain 43/250 task 4/5 success: 92 steps, 46.5s
    [frozen_flower] chain 43/250 task 5/5 success: 11 steps, 5.0s
    [frozen_flower] chain 44/250 start: ['push_red_block_right', 'lift_red_block_table', 'place_in_slider', 'push_into_drawer', 'lift_pink_block_drawer']
    [frozen_flower] chain 44/250 task 1/5 success: 239 steps, 118.2s
    [frozen_flower] chain 44/250 task 2/5 success: 50 steps, 25.0s
    [frozen_flower] chain 44/250 task 3/5 success: 41 steps, 20.2s
    [frozen_flower] chain 44/250 task 4/5 success: 50 steps, 26.0s
    [frozen_flower] chain 44/250 task 5/5 success: 40 steps, 18.9s
    [frozen_flower] chain 45/250 start: ['turn_off_led', 'move_slider_right', 'rotate_red_block_right', 'close_drawer', 'lift_red_block_table']
    [frozen_flower] chain 45/250 task 1/5 success: 33 steps, 16.1s
    [frozen_flower] chain 45/250 task 2/5 success: 63 steps, 28.0s
    [frozen_flower] chain 45/250 task 3/5 failed: 360 steps, 181.6s
    [frozen_flower] chain 46/250 start: ['open_drawer', 'push_red_block_right', 'lift_blue_block_slider', 'stack_block', 'turn_on_led']
    [frozen_flower] chain 46/250 task 1/5 success: 51 steps, 26.2s
    [frozen_flower] chain 46/250 task 2/5 success: 80 steps, 39.6s
    [frozen_flower] chain 46/250 task 3/5 success: 66 steps, 32.7s
    [frozen_flower] chain 46/250 task 4/5 success: 37 steps, 18.1s
    [frozen_flower] chain 46/250 task 5/5 success: 49 steps, 23.9s
    [frozen_flower] chain 47/250 start: ['lift_blue_block_slider', 'place_in_drawer', 'lift_blue_block_drawer', 'stack_block', 'close_drawer']
    [frozen_flower] chain 47/250 task 1/5 failed: 360 steps, 186.4s
    [frozen_flower] chain 48/250 start: ['move_slider_right', 'rotate_pink_block_right', 'lift_blue_block_slider', 'place_in_slider', 'close_drawer']
    [frozen_flower] chain 48/250 task 1/5 success: 62 steps, 31.1s
    [frozen_flower] chain 48/250 task 2/5 success: 165 steps, 82.7s
    [frozen_flower] chain 48/250 task 3/5 success: 90 steps, 42.5s
    [frozen_flower] chain 48/250 task 4/5 success: 18 steps, 8.5s
    [frozen_flower] chain 48/250 task 5/5 success: 91 steps, 49.2s
    [frozen_flower] chain 49/250 start: ['close_drawer', 'push_pink_block_left', 'turn_on_led', 'move_slider_right', 'lift_pink_block_table']
    [frozen_flower] chain 49/250 task 1/5 success: 58 steps, 28.9s
    [frozen_flower] chain 49/250 task 2/5 success: 106 steps, 52.0s
    [frozen_flower] chain 49/250 task 3/5 success: 51 steps, 26.3s
    [frozen_flower] chain 49/250 task 4/5 success: 62 steps, 32.0s
    [frozen_flower] chain 49/250 task 5/5 success: 54 steps, 26.9s
    [frozen_flower] chain 50/250 start: ['open_drawer', 'push_red_block_left', 'lift_pink_block_slider', 'place_in_slider', 'move_slider_left']
    [frozen_flower] chain 50/250 task 1/5 success: 54 steps, 28.6s
    [frozen_flower] chain 50/250 task 2/5 success: 95 steps, 47.2s
    [frozen_flower] chain 50/250 task 3/5 success: 85 steps, 42.0s
    [frozen_flower] chain 50/250 task 4/5 success: 9 steps, 4.7s
    [frozen_flower] chain 50/250 task 5/5 success: 75 steps, 34.3s
    [frozen_flower] 50/250 chains, L1 success: 96.0%
    [frozen_flower] chain 51/250 start: ['rotate_red_block_right', 'turn_on_led', 'close_drawer', 'move_slider_left', 'lift_red_block_table']
    [frozen_flower] chain 51/250 task 1/5 success: 75 steps, 35.1s
    [frozen_flower] chain 51/250 task 2/5 success: 46 steps, 21.2s
    [frozen_flower] chain 51/250 task 3/5 success: 68 steps, 32.1s
    [frozen_flower] chain 51/250 task 4/5 success: 107 steps, 55.0s
    [frozen_flower] chain 51/250 task 5/5 success: 59 steps, 28.8s
    [frozen_flower] chain 52/250 start: ['open_drawer', 'push_pink_block_right', 'turn_on_lightbulb', 'move_slider_left', 'lift_pink_block_table']
    [frozen_flower] chain 52/250 task 1/5 success: 61 steps, 30.8s
    [frozen_flower] chain 52/250 task 2/5 success: 168 steps, 81.6s
    [frozen_flower] chain 52/250 task 3/5 success: 51 steps, 29.7s
    [frozen_flower] chain 52/250 task 4/5 success: 74 steps, 38.6s
    [frozen_flower] chain 52/250 task 5/5 success: 72 steps, 37.2s
    [frozen_flower] chain 53/250 start: ['push_red_block_right', 'push_into_drawer', 'lift_blue_block_slider', 'place_in_drawer', 'turn_off_lightbulb']
    [frozen_flower] chain 53/250 task 1/5 success: 113 steps, 59.5s
    [frozen_flower] chain 53/250 task 2/5 failed: 360 steps, 183.5s
    [frozen_flower] chain 54/250 start: ['turn_off_lightbulb', 'lift_red_block_slider', 'place_in_slider', 'move_slider_left', 'push_pink_block_left']
    [frozen_flower] chain 54/250 task 1/5 success: 61 steps, 30.2s
    [frozen_flower] chain 54/250 task 2/5 success: 99 steps, 48.5s
    [frozen_flower] chain 54/250 task 3/5 success: 16 steps, 7.6s
    [frozen_flower] chain 54/250 task 4/5 success: 103 steps, 47.7s
    [frozen_flower] chain 54/250 task 5/5 success: 82 steps, 40.6s
    [frozen_flower] chain 55/250 start: ['rotate_blue_block_left', 'lift_pink_block_table', 'stack_block', 'lift_red_block_slider', 'place_in_slider']
    [frozen_flower] chain 55/250 task 1/5 success: 82 steps, 40.3s
    [frozen_flower] chain 55/250 task 2/5 success: 67 steps, 31.4s
    [frozen_flower] chain 55/250 task 3/5 success: 35 steps, 17.2s
    [frozen_flower] chain 55/250 task 4/5 success: 66 steps, 32.2s
    [frozen_flower] chain 55/250 task 5/5 success: 8 steps, 4.0s
    [frozen_flower] chain 56/250 start: ['lift_red_block_slider', 'place_in_slider', 'turn_on_led', 'rotate_blue_block_right', 'lift_blue_block_table']
    [frozen_flower] chain 56/250 task 1/5 success: 54 steps, 26.6s
    [frozen_flower] chain 56/250 task 2/5 success: 15 steps, 7.0s
    [frozen_flower] chain 56/250 task 3/5 success: 39 steps, 19.5s
    [frozen_flower] chain 56/250 task 4/5 success: 104 steps, 49.2s
    [frozen_flower] chain 56/250 task 5/5 success: 92 steps, 42.5s
    [frozen_flower] chain 57/250 start: ['move_slider_left', 'lift_blue_block_table', 'place_in_slider', 'close_drawer', 'turn_off_led']
    [frozen_flower] chain 57/250 task 1/5 success: 55 steps, 26.8s
    [frozen_flower] chain 57/250 task 2/5 failed: 360 steps, 168.7s
    [frozen_flower] chain 58/250 start: ['open_drawer', 'turn_off_led', 'rotate_red_block_right', 'move_slider_right', 'lift_red_block_table']
    [frozen_flower] chain 58/250 task 1/5 success: 58 steps, 25.8s
    [frozen_flower] chain 58/250 task 2/5 success: 65 steps, 31.4s
    [frozen_flower] chain 58/250 task 3/5 failed: 360 steps, 177.4s
    [frozen_flower] chain 59/250 start: ['rotate_pink_block_right', 'open_drawer', 'lift_blue_block_slider', 'place_in_slider', 'move_slider_left']
    [frozen_flower] chain 59/250 task 1/5 success: 132 steps, 76.6s
    [frozen_flower] chain 59/250 task 2/5 success: 80 steps, 51.7s
    [frozen_flower] chain 59/250 task 3/5 success: 94 steps, 58.8s
    [frozen_flower] chain 59/250 task 4/5 success: 7 steps, 3.8s
    [frozen_flower] chain 59/250 task 5/5 success: 67 steps, 32.1s
    [frozen_flower] chain 60/250 start: ['lift_red_block_slider', 'place_in_slider', 'turn_off_lightbulb', 'rotate_blue_block_left', 'open_drawer']
    [frozen_flower] chain 60/250 task 1/5 success: 73 steps, 39.3s
    [frozen_flower] chain 60/250 task 2/5 success: 19 steps, 9.3s
    [frozen_flower] chain 60/250 task 3/5 success: 81 steps, 42.5s
    [frozen_flower] chain 60/250 task 4/5 success: 85 steps, 45.5s
    [frozen_flower] chain 60/250 task 5/5 success: 74 steps, 47.8s
    [frozen_flower] 60/250 chains, L1 success: 96.7%
    [frozen_flower] chain 61/250 start: ['move_slider_right', 'lift_red_block_slider', 'stack_block', 'open_drawer', 'unstack_block']
    [frozen_flower] chain 61/250 task 1/5 success: 64 steps, 39.8s
    [frozen_flower] chain 61/250 task 2/5 success: 73 steps, 45.4s
    [frozen_flower] chain 61/250 task 3/5 success: 54 steps, 29.0s
    [frozen_flower] chain 61/250 task 4/5 success: 60 steps, 28.8s
    [frozen_flower] chain 61/250 task 5/5 success: 71 steps, 34.0s
    [frozen_flower] chain 62/250 start: ['rotate_pink_block_right', 'move_slider_right', 'turn_off_lightbulb', 'lift_blue_block_slider', 'stack_block']
    [frozen_flower] chain 62/250 task 1/5 success: 82 steps, 40.2s
    [frozen_flower] chain 62/250 task 2/5 success: 77 steps, 36.3s
    [frozen_flower] chain 62/250 task 3/5 failed: 360 steps, 180.0s
    [frozen_flower] chain 63/250 start: ['open_drawer', 'rotate_red_block_left', 'lift_red_block_table', 'place_in_slider', 'lift_pink_block_slider']
    [frozen_flower] chain 63/250 task 1/5 success: 55 steps, 27.4s
    [frozen_flower] chain 63/250 task 2/5 success: 212 steps, 104.7s
    [frozen_flower] chain 63/250 task 3/5 success: 61 steps, 31.2s
    [frozen_flower] chain 63/250 task 4/5 success: 70 steps, 34.5s
    [frozen_flower] chain 63/250 task 5/5 success: 107 steps, 55.5s
    [frozen_flower] chain 64/250 start: ['rotate_red_block_right', 'move_slider_left', 'lift_blue_block_slider', 'stack_block', 'open_drawer']
    [frozen_flower] chain 64/250 task 1/5 success: 73 steps, 36.2s
    [frozen_flower] chain 64/250 task 2/5 success: 65 steps, 31.0s
    [frozen_flower] chain 64/250 task 3/5 failed: 360 steps, 176.9s
    [frozen_flower] chain 65/250 start: ['rotate_red_block_right', 'open_drawer', 'move_slider_right', 'lift_blue_block_slider', 'stack_block']
    [frozen_flower] chain 65/250 task 1/5 success: 85 steps, 42.1s
    [frozen_flower] chain 65/250 task 2/5 success: 83 steps, 40.6s
    [frozen_flower] chain 65/250 task 3/5 success: 100 steps, 48.3s
    [frozen_flower] chain 65/250 task 4/5 success: 83 steps, 40.7s
    [frozen_flower] chain 65/250 task 5/5 success: 50 steps, 24.9s
    [frozen_flower] chain 66/250 start: ['push_pink_block_left', 'turn_on_led', 'push_into_drawer', 'move_slider_left', 'close_drawer']
    [frozen_flower] chain 66/250 task 1/5 success: 56 steps, 28.3s
    [frozen_flower] chain 66/250 task 2/5 success: 68 steps, 33.9s
    [frozen_flower] chain 66/250 task 3/5 success: 86 steps, 41.6s
    [frozen_flower] chain 66/250 task 4/5 success: 68 steps, 32.7s
    [frozen_flower] chain 66/250 task 5/5 success: 88 steps, 44.1s
    [frozen_flower] chain 67/250 start: ['turn_off_lightbulb', 'open_drawer', 'push_red_block_left', 'move_slider_right', 'lift_red_block_table']
    [frozen_flower] chain 67/250 task 1/5 success: 52 steps, 24.8s
    [frozen_flower] chain 67/250 task 2/5 success: 77 steps, 37.5s
    [frozen_flower] chain 67/250 task 3/5 success: 86 steps, 43.2s
    [frozen_flower] chain 67/250 task 4/5 success: 78 steps, 39.5s
    [frozen_flower] chain 67/250 task 5/5 success: 60 steps, 28.4s
    [frozen_flower] chain 68/250 start: ['push_red_block_left', 'lift_blue_block_table', 'stack_block', 'unstack_block', 'turn_off_lightbulb']
    [frozen_flower] chain 68/250 task 1/5 success: 68 steps, 34.3s
    [frozen_flower] chain 68/250 task 2/5 failed: 360 steps, 179.4s
    [frozen_flower] chain 69/250 start: ['turn_on_lightbulb', 'move_slider_left', 'push_pink_block_right', 'lift_blue_block_slider', 'place_in_slider']
    [frozen_flower] chain 69/250 task 1/5 success: 51 steps, 23.2s
    [frozen_flower] chain 69/250 task 2/5 success: 77 steps, 42.0s
    [frozen_flower] chain 69/250 task 3/5 success: 323 steps, 164.0s
    [frozen_flower] chain 69/250 task 4/5 failed: 360 steps, 181.3s
    [frozen_flower] chain 70/250 start: ['lift_blue_block_slider', 'stack_block', 'unstack_block', 'move_slider_left', 'lift_blue_block_table']
    [frozen_flower] chain 70/250 task 1/5 success: 70 steps, 36.1s
    [frozen_flower] chain 70/250 task 2/5 success: 56 steps, 27.8s
    [frozen_flower] chain 70/250 task 3/5 success: 42 steps, 21.4s
    [frozen_flower] chain 70/250 task 4/5 success: 75 steps, 36.4s
    [frozen_flower] chain 70/250 task 5/5 success: 67 steps, 31.7s
    [frozen_flower] 70/250 chains, L1 success: 97.1%
    [frozen_flower] chain 71/250 start: ['turn_on_lightbulb', 'move_slider_right', 'rotate_red_block_right', 'lift_blue_block_slider', 'place_in_slider']
    [frozen_flower] chain 71/250 task 1/5 success: 55 steps, 26.1s
    [frozen_flower] chain 71/250 task 2/5 success: 87 steps, 46.9s
    [frozen_flower] chain 71/250 task 3/5 success: 94 steps, 47.6s
    [frozen_flower] chain 71/250 task 4/5 success: 100 steps, 48.9s
    [frozen_flower] chain 71/250 task 5/5 success: 9 steps, 4.4s
    [frozen_flower] chain 72/250 start: ['rotate_pink_block_left', 'turn_off_lightbulb', 'move_slider_right', 'lift_blue_block_table', 'place_in_drawer']
    [frozen_flower] chain 72/250 task 1/5 success: 69 steps, 34.8s
    [frozen_flower] chain 72/250 task 2/5 success: 60 steps, 29.1s
    [frozen_flower] chain 72/250 task 3/5 success: 81 steps, 40.1s
    [frozen_flower] chain 72/250 task 4/5 success: 61 steps, 30.1s
    [frozen_flower] chain 72/250 task 5/5 success: 36 steps, 16.8s
    [frozen_flower] chain 73/250 start: ['push_blue_block_left', 'lift_pink_block_table', 'place_in_slider', 'move_slider_right', 'turn_off_led']
    [frozen_flower] chain 73/250 task 1/5 success: 59 steps, 28.8s
    [frozen_flower] chain 73/250 task 2/5 success: 59 steps, 28.5s
    [frozen_flower] chain 73/250 task 3/5 success: 43 steps, 20.7s
    [frozen_flower] chain 73/250 task 4/5 success: 132 steps, 65.0s
    [frozen_flower] chain 73/250 task 5/5 success: 49 steps, 24.0s
    [frozen_flower] chain 74/250 start: ['push_blue_block_left', 'move_slider_left', 'turn_on_led', 'lift_blue_block_table', 'place_in_drawer']
    [frozen_flower] chain 74/250 task 1/5 success: 74 steps, 35.0s
    [frozen_flower] chain 74/250 task 2/5 success: 92 steps, 44.7s
    [frozen_flower] chain 74/250 task 3/5 success: 48 steps, 23.4s
    [frozen_flower] chain 74/250 task 4/5 success: 71 steps, 36.2s
    [frozen_flower] chain 74/250 task 5/5 success: 36 steps, 17.9s
    [frozen_flower] chain 75/250 start: ['rotate_pink_block_right', 'move_slider_left', 'lift_red_block_table', 'place_in_slider', 'open_drawer']
    [frozen_flower] chain 75/250 task 1/5 success: 72 steps, 34.8s
    [frozen_flower] chain 75/250 task 2/5 success: 77 steps, 39.7s
    [frozen_flower] chain 75/250 task 3/5 success: 78 steps, 36.1s
    [frozen_flower] chain 75/250 task 4/5 success: 79 steps, 38.9s
    [frozen_flower] chain 75/250 task 5/5 success: 90 steps, 43.4s
    [frozen_flower] chain 76/250 start: ['lift_blue_block_table', 'place_in_drawer', 'rotate_red_block_left', 'close_drawer', 'turn_on_led']
    [frozen_flower] chain 76/250 task 1/5 success: 87 steps, 42.2s
    [frozen_flower] chain 76/250 task 2/5 success: 31 steps, 16.2s
    [frozen_flower] chain 76/250 task 3/5 success: 73 steps, 35.1s
    [frozen_flower] chain 76/250 task 4/5 success: 84 steps, 40.8s
    [frozen_flower] chain 76/250 task 5/5 success: 75 steps, 37.6s
    [frozen_flower] chain 77/250 start: ['lift_blue_block_slider', 'place_in_slider', 'turn_on_led', 'open_drawer', 'rotate_pink_block_right']
    [frozen_flower] chain 77/250 task 1/5 success: 67 steps, 31.6s
    [frozen_flower] chain 77/250 task 2/5 success: 10 steps, 5.5s
    [frozen_flower] chain 77/250 task 3/5 success: 43 steps, 20.8s
    [frozen_flower] chain 77/250 task 4/5 success: 70 steps, 35.0s
    [frozen_flower] chain 77/250 task 5/5 success: 132 steps, 62.6s
    [frozen_flower] chain 78/250 start: ['lift_red_block_slider', 'stack_block', 'unstack_block', 'move_slider_right', 'push_red_block_right']
    [frozen_flower] chain 78/250 task 1/5 success: 53 steps, 25.6s
    [frozen_flower] chain 78/250 task 2/5 success: 45 steps, 22.0s
    [frozen_flower] chain 78/250 task 3/5 success: 39 steps, 18.2s
    [frozen_flower] chain 78/250 task 4/5 success: 88 steps, 42.2s
    [frozen_flower] chain 78/250 task 5/5 success: 298 steps, 143.1s
    [frozen_flower] chain 79/250 start: ['push_pink_block_left', 'move_slider_right', 'lift_blue_block_slider', 'place_in_drawer', 'close_drawer']
    [frozen_flower] chain 79/250 task 1/5 success: 63 steps, 30.8s
    [frozen_flower] chain 79/250 task 2/5 success: 75 steps, 37.2s
    [frozen_flower] chain 79/250 task 3/5 success: 148 steps, 75.1s
    [frozen_flower] chain 79/250 task 4/5 failed: 360 steps, 175.3s
    [frozen_flower] chain 80/250 start: ['lift_red_block_slider', 'place_in_slider', 'move_slider_left', 'open_drawer', 'rotate_blue_block_right']
    [frozen_flower] chain 80/250 task 1/5 success: 61 steps, 30.6s
    [frozen_flower] chain 80/250 task 2/5 success: 10 steps, 5.1s
    [frozen_flower] chain 80/250 task 3/5 success: 65 steps, 31.9s
    [frozen_flower] chain 80/250 task 4/5 success: 78 steps, 40.5s
    [frozen_flower] chain 80/250 task 5/5 success: 104 steps, 55.3s
    [frozen_flower] 80/250 chains, L1 success: 97.5%
    [frozen_flower] chain 81/250 start: ['lift_blue_block_slider', 'stack_block', 'unstack_block', 'push_pink_block_right', 'close_drawer']
    [frozen_flower] chain 81/250 task 1/5 success: 66 steps, 35.0s
    [frozen_flower] chain 81/250 task 2/5 success: 49 steps, 25.0s
    [frozen_flower] chain 81/250 task 3/5 success: 58 steps, 29.2s
    [frozen_flower] chain 81/250 task 4/5 success: 140 steps, 70.7s
    [frozen_flower] chain 81/250 task 5/5 success: 75 steps, 37.9s
    [frozen_flower] chain 82/250 start: ['push_blue_block_left', 'close_drawer', 'lift_pink_block_table', 'stack_block', 'move_slider_right']
    [frozen_flower] chain 82/250 task 1/5 success: 66 steps, 34.1s
    [frozen_flower] chain 82/250 task 2/5 success: 82 steps, 41.7s
    [frozen_flower] chain 82/250 task 3/5 success: 96 steps, 48.1s
    [frozen_flower] chain 82/250 task 4/5 success: 13 steps, 6.9s
    [frozen_flower] chain 82/250 task 5/5 success: 72 steps, 36.8s
    [frozen_flower] chain 83/250 start: ['open_drawer', 'push_blue_block_left', 'lift_blue_block_table', 'place_in_drawer', 'turn_on_lightbulb']
    [frozen_flower] chain 83/250 task 1/5 success: 55 steps, 26.1s
    [frozen_flower] chain 83/250 task 2/5 success: 83 steps, 43.1s
    [frozen_flower] chain 83/250 task 3/5 success: 56 steps, 28.6s
    [frozen_flower] chain 83/250 task 4/5 success: 32 steps, 15.9s
    [frozen_flower] chain 83/250 task 5/5 success: 56 steps, 33.1s
    [frozen_flower] chain 84/250 start: ['push_blue_block_left', 'open_drawer', 'push_into_drawer', 'lift_pink_block_slider', 'place_in_slider']
    [frozen_flower] chain 84/250 task 1/5 success: 70 steps, 35.4s
    [frozen_flower] chain 84/250 task 2/5 success: 70 steps, 34.6s
    [frozen_flower] chain 84/250 task 3/5 success: 144 steps, 72.1s
    [frozen_flower] chain 84/250 task 4/5 success: 89 steps, 40.5s
    [frozen_flower] chain 84/250 task 5/5 success: 10 steps, 4.4s
    [frozen_flower] chain 85/250 start: ['rotate_pink_block_left', 'open_drawer', 'turn_on_lightbulb', 'lift_blue_block_slider', 'place_in_slider']
    [frozen_flower] chain 85/250 task 1/5 success: 85 steps, 40.4s
    [frozen_flower] chain 85/250 task 2/5 success: 87 steps, 41.1s
    [frozen_flower] chain 85/250 task 3/5 success: 64 steps, 29.7s
    [frozen_flower] chain 85/250 task 4/5 success: 98 steps, 46.2s
    [frozen_flower] chain 85/250 task 5/5 success: 7 steps, 3.3s
    [frozen_flower] chain 86/250 start: ['move_slider_right', 'open_drawer', 'turn_off_lightbulb', 'lift_pink_block_table', 'place_in_slider']
    [frozen_flower] chain 86/250 task 1/5 success: 64 steps, 30.7s
    [frozen_flower] chain 86/250 task 2/5 success: 71 steps, 33.8s
    [frozen_flower] chain 86/250 task 3/5 success: 79 steps, 36.5s
    [frozen_flower] chain 86/250 task 4/5 success: 60 steps, 27.2s
    [frozen_flower] chain 86/250 task 5/5 success: 47 steps, 22.1s
    [frozen_flower] chain 87/250 start: ['move_slider_left', 'turn_on_led', 'close_drawer', 'push_pink_block_left', 'lift_red_block_slider']
    [frozen_flower] chain 87/250 task 1/5 success: 50 steps, 24.4s
    [frozen_flower] chain 87/250 task 2/5 success: 40 steps, 18.6s
    [frozen_flower] chain 87/250 task 3/5 success: 77 steps, 36.6s
    [frozen_flower] chain 87/250 task 4/5 success: 79 steps, 38.3s
    [frozen_flower] chain 87/250 task 5/5 failed: 360 steps, 166.6s
    [frozen_flower] chain 88/250 start: ['rotate_pink_block_left', 'lift_red_block_table', 'place_in_slider', 'turn_on_lightbulb', 'lift_blue_block_slider']
    [frozen_flower] chain 88/250 task 1/5 success: 72 steps, 34.6s
    [frozen_flower] chain 88/250 task 2/5 success: 53 steps, 25.4s
    [frozen_flower] chain 88/250 task 3/5 success: 49 steps, 24.2s
    [frozen_flower] chain 88/250 task 4/5 success: 59 steps, 27.4s
    [frozen_flower] chain 88/250 task 5/5 success: 67 steps, 31.7s
    [frozen_flower] chain 89/250 start: ['move_slider_right', 'lift_blue_block_table', 'place_in_slider', 'turn_off_lightbulb', 'rotate_red_block_left']
    [frozen_flower] chain 89/250 task 1/5 success: 59 steps, 27.1s
    [frozen_flower] chain 89/250 task 2/5 failed: 360 steps, 174.5s
    [frozen_flower] chain 90/250 start: ['lift_blue_block_table', 'place_in_slider', 'move_slider_right', 'close_drawer', 'lift_red_block_slider']
    [frozen_flower] chain 90/250 task 1/5 success: 41 steps, 20.3s
    [frozen_flower] chain 90/250 task 2/5 success: 42 steps, 21.2s
    [frozen_flower] chain 90/250 task 3/5 success: 68 steps, 31.0s
    [frozen_flower] chain 90/250 task 4/5 success: 87 steps, 42.2s
    [frozen_flower] chain 90/250 task 5/5 success: 106 steps, 48.9s
    [frozen_flower] 90/250 chains, L1 success: 97.8%
    [frozen_flower] chain 91/250 start: ['turn_off_lightbulb', 'rotate_pink_block_right', 'lift_blue_block_slider', 'place_in_drawer', 'close_drawer']
    [frozen_flower] chain 91/250 task 1/5 success: 51 steps, 23.5s
    [frozen_flower] chain 91/250 task 2/5 success: 93 steps, 42.3s
    [frozen_flower] chain 91/250 task 3/5 success: 72 steps, 33.9s
    [frozen_flower] chain 91/250 task 4/5 success: 54 steps, 25.9s
    [frozen_flower] chain 91/250 task 5/5 success: 59 steps, 28.5s
    [frozen_flower] chain 92/250 start: ['turn_off_lightbulb', 'move_slider_right', 'close_drawer', 'lift_red_block_table', 'place_in_slider']
    [frozen_flower] chain 92/250 task 1/5 success: 52 steps, 23.8s
    [frozen_flower] chain 92/250 task 2/5 success: 81 steps, 37.5s
    [frozen_flower] chain 92/250 task 3/5 success: 87 steps, 39.1s
    [frozen_flower] chain 92/250 task 4/5 success: 72 steps, 36.6s
    [frozen_flower] chain 92/250 task 5/5 failed: 360 steps, 168.6s
    [frozen_flower] chain 93/250 start: ['turn_on_led', 'rotate_blue_block_left', 'lift_blue_block_table', 'place_in_drawer', 'lift_pink_block_slider']
    [frozen_flower] chain 93/250 task 1/5 success: 31 steps, 14.3s
    [frozen_flower] chain 93/250 task 2/5 success: 85 steps, 40.4s
    [frozen_flower] chain 93/250 task 3/5 success: 80 steps, 35.5s
    [frozen_flower] chain 93/250 task 4/5 success: 50 steps, 22.3s
    [frozen_flower] chain 93/250 task 5/5 success: 93 steps, 41.9s
    [frozen_flower] chain 94/250 start: ['turn_on_led', 'push_pink_block_left', 'lift_pink_block_table', 'stack_block', 'move_slider_left']
    [frozen_flower] chain 94/250 task 1/5 success: 38 steps, 17.4s
    [frozen_flower] chain 94/250 task 2/5 success: 122 steps, 58.7s
    [frozen_flower] chain 94/250 task 3/5 success: 65 steps, 31.2s
    [frozen_flower] chain 94/250 task 4/5 success: 38 steps, 18.3s
    [frozen_flower] chain 94/250 task 5/5 success: 55 steps, 25.9s
    [frozen_flower] chain 95/250 start: ['lift_pink_block_table', 'place_in_slider', 'open_drawer', 'turn_on_led', 'rotate_red_block_left']
    [frozen_flower] chain 95/250 task 1/5 success: 40 steps, 18.8s
    [frozen_flower] chain 95/250 task 2/5 success: 40 steps, 17.8s
    [frozen_flower] chain 95/250 task 3/5 success: 81 steps, 38.6s
    [frozen_flower] chain 95/250 task 4/5 success: 67 steps, 30.6s
    [frozen_flower] chain 95/250 task 5/5 success: 95 steps, 45.4s
    [frozen_flower] chain 96/250 start: ['open_drawer', 'rotate_pink_block_right', 'lift_pink_block_table', 'place_in_slider', 'turn_off_lightbulb']
    [frozen_flower] chain 96/250 task 1/5 success: 51 steps, 24.9s
    [frozen_flower] chain 96/250 task 2/5 success: 145 steps, 74.9s
    [frozen_flower] chain 96/250 task 3/5 success: 17 steps, 8.3s
    [frozen_flower] chain 96/250 task 4/5 failed: 360 steps, 176.2s
    [frozen_flower] chain 97/250 start: ['lift_red_block_slider', 'place_in_drawer', 'lift_pink_block_table', 'stack_block', 'turn_on_led']
    [frozen_flower] chain 97/250 task 1/5 success: 60 steps, 31.0s
    [frozen_flower] chain 97/250 task 2/5 success: 60 steps, 31.0s
    [frozen_flower] chain 97/250 task 3/5 success: 88 steps, 45.3s
    [frozen_flower] chain 97/250 task 4/5 success: 40 steps, 22.6s
    [frozen_flower] chain 97/250 task 5/5 success: 51 steps, 26.4s
    [frozen_flower] chain 98/250 start: ['move_slider_left', 'push_blue_block_right', 'turn_on_lightbulb', 'open_drawer', 'lift_blue_block_table']
    [frozen_flower] chain 98/250 task 1/5 success: 61 steps, 32.1s
    [frozen_flower] chain 98/250 task 2/5 success: 223 steps, 129.2s
    [frozen_flower] chain 98/250 task 3/5 success: 49 steps, 27.9s
    [frozen_flower] chain 98/250 task 4/5 success: 67 steps, 38.4s
    [frozen_flower] chain 98/250 task 5/5 success: 75 steps, 44.9s
    [frozen_flower] chain 99/250 start: ['lift_blue_block_slider', 'stack_block', 'close_drawer', 'unstack_block', 'rotate_blue_block_right']
    [frozen_flower] chain 99/250 task 1/5 success: 56 steps, 31.3s
    [frozen_flower] chain 99/250 task 2/5 success: 51 steps, 29.4s
    [frozen_flower] chain 99/250 task 3/5 success: 66 steps, 37.3s
    [frozen_flower] chain 99/250 task 4/5 success: 71 steps, 40.3s
    [frozen_flower] chain 99/250 task 5/5 failed: 360 steps, 202.2s
    [frozen_flower] chain 100/250 start: ['move_slider_left', 'rotate_red_block_right', 'lift_red_block_table', 'place_in_slider', 'turn_on_lightbulb']
    [frozen_flower] chain 100/250 task 1/5 success: 53 steps, 33.2s
    [frozen_flower] chain 100/250 task 2/5 success: 138 steps, 77.9s
    [frozen_flower] chain 100/250 task 3/5 success: 74 steps, 39.8s
    [frozen_flower] chain 100/250 task 4/5 success: 28 steps, 15.5s
    [frozen_flower] chain 100/250 task 5/5 success: 52 steps, 28.6s
    [frozen_flower] 100/250 chains, L1 success: 98.0%
    [frozen_flower] chain 101/250 start: ['rotate_pink_block_right', 'lift_red_block_table', 'place_in_slider', 'turn_on_led', 'close_drawer']
    [frozen_flower] chain 101/250 task 1/5 success: 82 steps, 41.6s
    [frozen_flower] chain 101/250 task 2/5 success: 71 steps, 35.0s
    [frozen_flower] chain 101/250 task 3/5 success: 30 steps, 16.1s
    [frozen_flower] chain 101/250 task 4/5 success: 39 steps, 21.3s
    [frozen_flower] chain 101/250 task 5/5 success: 80 steps, 36.2s
    [frozen_flower] chain 102/250 start: ['turn_off_led', 'move_slider_left', 'lift_pink_block_table', 'place_in_drawer', 'rotate_red_block_right']
    [frozen_flower] chain 102/250 task 1/5 success: 36 steps, 16.3s
    [frozen_flower] chain 102/250 task 2/5 success: 122 steps, 73.8s
    [frozen_flower] chain 102/250 task 3/5 success: 60 steps, 36.5s
    [frozen_flower] chain 102/250 task 4/5 success: 35 steps, 17.9s
    [frozen_flower] chain 102/250 task 5/5 success: 96 steps, 48.9s
    [frozen_flower] chain 103/250 start: ['move_slider_left', 'turn_on_led', 'push_red_block_left', 'lift_red_block_table', 'place_in_drawer']
    [frozen_flower] chain 103/250 task 1/5 success: 101 steps, 57.5s
    [frozen_flower] chain 103/250 task 2/5 success: 47 steps, 28.5s
    [frozen_flower] chain 103/250 task 3/5 success: 85 steps, 49.1s
    [frozen_flower] chain 103/250 task 4/5 success: 51 steps, 29.3s
    [frozen_flower] chain 103/250 task 5/5 success: 35 steps, 18.9s
    [frozen_flower] chain 104/250 start: ['close_drawer', 'push_red_block_left', 'lift_blue_block_slider', 'place_in_slider', 'move_slider_right']
    [frozen_flower] chain 104/250 task 1/5 success: 54 steps, 29.1s
    [frozen_flower] chain 104/250 task 2/5 success: 85 steps, 48.9s
    [frozen_flower] chain 104/250 task 3/5 success: 58 steps, 33.9s
    [frozen_flower] chain 104/250 task 4/5 success: 14 steps, 8.9s
    [frozen_flower] chain 104/250 task 5/5 success: 78 steps, 43.4s
    [frozen_flower] chain 105/250 start: ['push_red_block_left', 'close_drawer', 'turn_off_lightbulb', 'move_slider_left', 'lift_pink_block_slider']
    [frozen_flower] chain 105/250 task 1/5 success: 59 steps, 34.4s
    [frozen_flower] chain 105/250 task 2/5 success: 77 steps, 43.9s
    [frozen_flower] chain 105/250 task 3/5 success: 80 steps, 42.7s
    [frozen_flower] chain 105/250 task 4/5 success: 101 steps, 54.3s
    [frozen_flower] chain 105/250 task 5/5 failed: 360 steps, 194.8s
    [frozen_flower] chain 106/250 start: ['open_drawer', 'move_slider_left', 'turn_off_led', 'push_pink_block_right', 'lift_blue_block_table']
    [frozen_flower] chain 106/250 task 1/5 success: 62 steps, 39.6s
    [frozen_flower] chain 106/250 task 2/5 success: 82 steps, 52.5s
    [frozen_flower] chain 106/250 task 3/5 success: 42 steps, 26.0s
    [frozen_flower] chain 106/250 task 4/5 success: 112 steps, 56.7s
    [frozen_flower] chain 106/250 task 5/5 success: 58 steps, 36.2s
    [frozen_flower] chain 107/250 start: ['open_drawer', 'lift_pink_block_table', 'stack_block', 'unstack_block', 'turn_on_led']
    [frozen_flower] chain 107/250 task 1/5 success: 49 steps, 25.6s
    [frozen_flower] chain 107/250 task 2/5 success: 61 steps, 36.1s
    [frozen_flower] chain 107/250 task 3/5 success: 22 steps, 13.5s
    [frozen_flower] chain 107/250 task 4/5 success: 4 steps, 2.6s
    [frozen_flower] chain 107/250 task 5/5 success: 51 steps, 27.6s
    [frozen_flower] chain 108/250 start: ['open_drawer', 'rotate_red_block_right', 'lift_red_block_table', 'place_in_drawer', 'turn_off_led']
    [frozen_flower] chain 108/250 task 1/5 success: 56 steps, 29.9s
    [frozen_flower] chain 108/250 task 2/5 success: 103 steps, 60.5s
    [frozen_flower] chain 108/250 task 3/5 success: 54 steps, 30.8s
    [frozen_flower] chain 108/250 task 4/5 success: 36 steps, 21.5s
    [frozen_flower] chain 108/250 task 5/5 success: 54 steps, 28.9s
    [frozen_flower] chain 109/250 start: ['open_drawer', 'rotate_blue_block_left', 'lift_red_block_slider', 'place_in_drawer', 'turn_off_lightbulb']
    [frozen_flower] chain 109/250 task 1/5 success: 59 steps, 32.8s
    [frozen_flower] chain 109/250 task 2/5 success: 109 steps, 56.5s
    [frozen_flower] chain 109/250 task 3/5 success: 83 steps, 47.0s
    [frozen_flower] chain 109/250 task 4/5 success: 51 steps, 28.9s
    [frozen_flower] chain 109/250 task 5/5 success: 69 steps, 39.1s
    [frozen_flower] chain 110/250 start: ['lift_pink_block_table', 'place_in_drawer', 'rotate_red_block_left', 'move_slider_left', 'lift_pink_block_drawer']
    [frozen_flower] chain 110/250 task 1/5 success: 37 steps, 19.9s
    [frozen_flower] chain 110/250 task 2/5 success: 32 steps, 19.0s
    [frozen_flower] chain 110/250 task 3/5 success: 89 steps, 49.0s
    [frozen_flower] chain 110/250 task 4/5 success: 89 steps, 48.4s
    [frozen_flower] chain 110/250 task 5/5 success: 47 steps, 27.4s
    [frozen_flower] 110/250 chains, L1 success: 98.2%
    [frozen_flower] chain 111/250 start: ['turn_on_led', 'rotate_pink_block_right', 'lift_red_block_table', 'place_in_drawer', 'close_drawer']
    [frozen_flower] chain 111/250 task 1/5 success: 32 steps, 17.1s
    [frozen_flower] chain 111/250 task 2/5 success: 104 steps, 54.9s
    [frozen_flower] chain 111/250 task 3/5 success: 67 steps, 39.1s
    [frozen_flower] chain 111/250 task 4/5 success: 33 steps, 19.6s
    [frozen_flower] chain 111/250 task 5/5 success: 62 steps, 38.1s
    [frozen_flower] chain 112/250 start: ['rotate_red_block_left', 'open_drawer', 'lift_red_block_table', 'place_in_slider', 'turn_on_lightbulb']
    [frozen_flower] chain 112/250 task 1/5 success: 74 steps, 43.3s
    [frozen_flower] chain 112/250 task 2/5 success: 79 steps, 49.9s
    [frozen_flower] chain 112/250 task 3/5 success: 67 steps, 40.0s
    [frozen_flower] chain 112/250 task 4/5 success: 43 steps, 23.8s
    [frozen_flower] chain 112/250 task 5/5 success: 73 steps, 41.0s
    [frozen_flower] chain 113/250 start: ['open_drawer', 'turn_on_led', 'rotate_blue_block_left', 'lift_red_block_slider', 'place_in_drawer']
    [frozen_flower] chain 113/250 task 1/5 success: 57 steps, 31.1s
    [frozen_flower] chain 113/250 task 2/5 success: 66 steps, 33.9s
    [frozen_flower] chain 113/250 task 3/5 success: 89 steps, 51.2s
    [frozen_flower] chain 113/250 task 4/5 success: 67 steps, 37.6s
    [frozen_flower] chain 113/250 task 5/5 success: 61 steps, 38.9s
    [frozen_flower] chain 114/250 start: ['open_drawer', 'rotate_blue_block_right', 'turn_off_lightbulb', 'lift_blue_block_table', 'place_in_slider']
    [frozen_flower] chain 114/250 task 1/5 success: 60 steps, 39.2s
    [frozen_flower] chain 114/250 task 2/5 success: 225 steps, 144.5s
    [frozen_flower] chain 114/250 task 3/5 success: 69 steps, 42.4s
    [frozen_flower] chain 114/250 task 4/5 failed: 360 steps, 205.8s
    [frozen_flower] chain 115/250 start: ['turn_on_led', 'push_pink_block_left', 'move_slider_left', 'lift_blue_block_slider', 'place_in_slider']
    [frozen_flower] chain 115/250 task 1/5 success: 41 steps, 24.5s
    [frozen_flower] chain 115/250 task 2/5 success: 95 steps, 54.2s
    [frozen_flower] chain 115/250 task 3/5 success: 57 steps, 36.7s
    [frozen_flower] chain 115/250 task 4/5 failed: 360 steps, 209.3s
    [frozen_flower] chain 116/250 start: ['turn_on_led', 'lift_pink_block_slider', 'place_in_slider', 'open_drawer', 'move_slider_right']
    [frozen_flower] chain 116/250 task 1/5 success: 45 steps, 26.8s
    [frozen_flower] chain 116/250 task 2/5 success: 61 steps, 34.9s
    [frozen_flower] chain 116/250 task 3/5 success: 5 steps, 3.5s
    [frozen_flower] chain 116/250 task 4/5 success: 71 steps, 36.3s
    [frozen_flower] chain 116/250 task 5/5 success: 83 steps, 49.2s
    [frozen_flower] chain 117/250 start: ['lift_red_block_table', 'stack_block', 'turn_off_lightbulb', 'unstack_block', 'push_pink_block_right']
    [frozen_flower] chain 117/250 task 1/5 success: 51 steps, 32.2s
    [frozen_flower] chain 117/250 task 2/5 success: 39 steps, 26.2s
    [frozen_flower] chain 117/250 task 3/5 success: 59 steps, 38.6s
    [frozen_flower] chain 117/250 task 4/5 success: 67 steps, 44.7s
    [frozen_flower] chain 117/250 task 5/5 success: 158 steps, 101.8s
    [frozen_flower] chain 118/250 start: ['push_blue_block_left', 'lift_red_block_table', 'stack_block', 'turn_off_lightbulb', 'unstack_block']
    [frozen_flower] chain 118/250 task 1/5 failed: 360 steps, 201.4s
    [frozen_flower] chain 119/250 start: ['turn_on_led', 'open_drawer', 'push_pink_block_left', 'lift_blue_block_table', 'place_in_drawer']
    [frozen_flower] chain 119/250 task 1/5 success: 35 steps, 19.2s
    [frozen_flower] chain 119/250 task 2/5 success: 65 steps, 34.9s
    [frozen_flower] chain 119/250 task 3/5 success: 84 steps, 45.8s
    [frozen_flower] chain 119/250 task 4/5 success: 70 steps, 42.5s
    [frozen_flower] chain 119/250 task 5/5 success: 31 steps, 21.1s
    [frozen_flower] chain 120/250 start: ['turn_on_led', 'lift_red_block_table', 'place_in_slider', 'move_slider_right', 'close_drawer']
    [frozen_flower] chain 120/250 task 1/5 success: 33 steps, 20.4s
    [frozen_flower] chain 120/250 task 2/5 success: 57 steps, 32.6s
    [frozen_flower] chain 120/250 task 3/5 success: 31 steps, 18.9s
    [frozen_flower] chain 120/250 task 4/5 success: 76 steps, 42.8s
    [frozen_flower] chain 120/250 task 5/5 success: 86 steps, 49.0s
    [frozen_flower] 120/250 chains, L1 success: 97.5%
    [frozen_flower] chain 121/250 start: ['turn_off_lightbulb', 'push_blue_block_right', 'move_slider_right', 'lift_pink_block_table', 'stack_block']
    [frozen_flower] chain 121/250 task 1/5 success: 52 steps, 30.6s
    [frozen_flower] chain 121/250 task 2/5 success: 117 steps, 66.3s
    [frozen_flower] chain 121/250 task 3/5 success: 63 steps, 37.4s
    [frozen_flower] chain 121/250 task 4/5 success: 65 steps, 37.2s
    [frozen_flower] chain 121/250 task 5/5 success: 230 steps, 123.4s
    [frozen_flower] chain 122/250 start: ['open_drawer', 'push_red_block_left', 'lift_pink_block_table', 'stack_block', 'turn_on_led']
    [frozen_flower] chain 122/250 task 1/5 success: 60 steps, 30.4s
    [frozen_flower] chain 122/250 task 2/5 success: 89 steps, 45.5s
    [frozen_flower] chain 122/250 task 3/5 success: 64 steps, 35.9s
    [frozen_flower] chain 122/250 task 4/5 success: 45 steps, 26.4s
    [frozen_flower] chain 122/250 task 5/5 success: 52 steps, 29.9s
    [frozen_flower] chain 123/250 start: ['lift_red_block_slider', 'stack_block', 'unstack_block', 'push_blue_block_left', 'lift_blue_block_table']
    [frozen_flower] chain 123/250 task 1/5 success: 52 steps, 28.7s
    [frozen_flower] chain 123/250 task 2/5 success: 42 steps, 23.5s
    [frozen_flower] chain 123/250 task 3/5 success: 2 steps, 1.4s
    [frozen_flower] chain 123/250 task 4/5 success: 87 steps, 51.7s
    [frozen_flower] chain 123/250 task 5/5 success: 50 steps, 27.1s
    [frozen_flower] chain 124/250 start: ['push_blue_block_right', 'move_slider_right', 'turn_off_led', 'open_drawer', 'lift_red_block_slider']
    [frozen_flower] chain 124/250 task 1/5 success: 48 steps, 27.8s
    [frozen_flower] chain 124/250 task 2/5 success: 76 steps, 45.9s
    [frozen_flower] chain 124/250 task 3/5 success: 37 steps, 22.8s
    [frozen_flower] chain 124/250 task 4/5 success: 70 steps, 40.2s
    [frozen_flower] chain 124/250 task 5/5 success: 101 steps, 58.6s
    [frozen_flower] chain 125/250 start: ['push_blue_block_left', 'turn_on_led', 'move_slider_left', 'close_drawer', 'lift_blue_block_table']
    [frozen_flower] chain 125/250 task 1/5 success: 66 steps, 35.3s
    [frozen_flower] chain 125/250 task 2/5 success: 54 steps, 32.2s
    [frozen_flower] chain 125/250 task 3/5 success: 71 steps, 43.3s
    [frozen_flower] chain 125/250 task 4/5 success: 83 steps, 48.4s
    [frozen_flower] chain 125/250 task 5/5 success: 75 steps, 43.5s
    [frozen_flower] chain 126/250 start: ['open_drawer', 'push_pink_block_left', 'lift_red_block_table', 'place_in_slider', 'turn_off_lightbulb']
    [frozen_flower] chain 126/250 task 1/5 success: 54 steps, 33.0s
    [frozen_flower] chain 126/250 task 2/5 success: 86 steps, 50.0s
    [frozen_flower] chain 126/250 task 3/5 success: 62 steps, 35.1s
    [frozen_flower] chain 126/250 task 4/5 success: 81 steps, 48.3s
    [frozen_flower] chain 126/250 task 5/5 success: 76 steps, 40.1s
    [frozen_flower] chain 127/250 start: ['move_slider_right', 'push_blue_block_right', 'lift_blue_block_table', 'place_in_drawer', 'turn_on_lightbulb']
    [frozen_flower] chain 127/250 task 1/5 success: 58 steps, 31.2s
    [frozen_flower] chain 127/250 task 2/5 success: 161 steps, 96.0s
    [frozen_flower] chain 127/250 task 3/5 success: 44 steps, 29.8s
    [frozen_flower] chain 127/250 task 4/5 success: 28 steps, 18.2s
    [frozen_flower] chain 127/250 task 5/5 success: 53 steps, 35.5s
    [frozen_flower] chain 128/250 start: ['open_drawer', 'rotate_blue_block_right', 'turn_on_lightbulb', 'lift_blue_block_table', 'place_in_slider']
    [frozen_flower] chain 128/250 task 1/5 success: 59 steps, 35.4s
    [frozen_flower] chain 128/250 task 2/5 success: 107 steps, 64.3s
    [frozen_flower] chain 128/250 task 3/5 success: 47 steps, 25.7s
    [frozen_flower] chain 128/250 task 4/5 success: 42 steps, 24.4s
    [frozen_flower] chain 128/250 task 5/5 success: 40 steps, 24.2s
    [frozen_flower] chain 129/250 start: ['open_drawer', 'push_blue_block_right', 'lift_pink_block_slider', 'stack_block', 'turn_off_lightbulb']
    [frozen_flower] chain 129/250 task 1/5 success: 59 steps, 34.0s
    [frozen_flower] chain 129/250 task 2/5 success: 84 steps, 48.9s
    [frozen_flower] chain 129/250 task 3/5 success: 91 steps, 51.2s
    [frozen_flower] chain 129/250 task 4/5 success: 56 steps, 30.4s
    [frozen_flower] chain 129/250 task 5/5 success: 51 steps, 29.6s
    [frozen_flower] chain 130/250 start: ['move_slider_left', 'push_blue_block_right', 'turn_on_lightbulb', 'lift_blue_block_table', 'place_in_slider']
    [frozen_flower] chain 130/250 task 1/5 success: 48 steps, 24.6s
    [frozen_flower] chain 130/250 task 2/5 success: 310 steps, 173.6s
    [frozen_flower] chain 130/250 task 3/5 success: 48 steps, 27.6s
    [frozen_flower] chain 130/250 task 4/5 success: 110 steps, 65.6s
    [frozen_flower] chain 130/250 task 5/5 failed: 360 steps, 240.4s
    [frozen_flower] 130/250 chains, L1 success: 97.7%
    [frozen_flower] chain 131/250 start: ['open_drawer', 'move_slider_left', 'rotate_blue_block_left', 'turn_on_lightbulb', 'lift_red_block_table']
    [frozen_flower] chain 131/250 task 1/5 success: 52 steps, 30.6s
    [frozen_flower] chain 131/250 task 2/5 success: 85 steps, 49.5s
    [frozen_flower] chain 131/250 task 3/5 success: 182 steps, 104.3s
    [frozen_flower] chain 131/250 task 4/5 success: 65 steps, 37.1s
    [frozen_flower] chain 131/250 task 5/5 success: 118 steps, 66.2s
    [frozen_flower] chain 132/250 start: ['lift_pink_block_slider', 'place_in_slider', 'move_slider_left', 'turn_off_lightbulb', 'push_red_block_right']
    [frozen_flower] chain 132/250 task 1/5 success: 62 steps, 36.4s
    [frozen_flower] chain 132/250 task 2/5 success: 16 steps, 9.5s
    [frozen_flower] chain 132/250 task 3/5 success: 73 steps, 42.0s
    [frozen_flower] chain 132/250 task 4/5 success: 68 steps, 38.7s
    [frozen_flower] chain 132/250 task 5/5 success: 83 steps, 46.2s
    [frozen_flower] chain 133/250 start: ['turn_on_led', 'open_drawer', 'push_pink_block_left', 'lift_blue_block_table', 'place_in_drawer']
    [frozen_flower] chain 133/250 task 1/5 success: 36 steps, 21.2s
    [frozen_flower] chain 133/250 task 2/5 success: 76 steps, 42.9s
    [frozen_flower] chain 133/250 task 3/5 success: 81 steps, 49.4s
    [frozen_flower] chain 133/250 task 4/5 success: 59 steps, 33.0s
    [frozen_flower] chain 133/250 task 5/5 success: 34 steps, 23.9s
    [frozen_flower] chain 134/250 start: ['lift_blue_block_table', 'place_in_drawer', 'push_pink_block_right', 'close_drawer', 'move_slider_left']
    [frozen_flower] chain 134/250 task 1/5 success: 40 steps, 26.1s
    [frozen_flower] chain 134/250 task 2/5 success: 30 steps, 20.4s
    [frozen_flower] chain 134/250 task 3/5 success: 133 steps, 89.5s
    [frozen_flower] chain 134/250 task 4/5 success: 73 steps, 44.6s
    [frozen_flower] chain 134/250 task 5/5 success: 86 steps, 46.0s
    [frozen_flower] chain 135/250 start: ['move_slider_left', 'open_drawer', 'lift_pink_block_slider', 'place_in_slider', 'rotate_red_block_left']
    [frozen_flower] chain 135/250 task 1/5 success: 47 steps, 30.0s
    [frozen_flower] chain 135/250 task 2/5 success: 73 steps, 44.9s
    [frozen_flower] chain 135/250 task 3/5 success: 172 steps, 91.2s
    [frozen_flower] chain 135/250 task 4/5 success: 8 steps, 4.4s
    [frozen_flower] chain 135/250 task 5/5 success: 77 steps, 42.6s
    [frozen_flower] chain 136/250 start: ['turn_off_led', 'move_slider_right', 'rotate_blue_block_right', 'open_drawer', 'push_into_drawer']
    [frozen_flower] chain 136/250 task 1/5 success: 34 steps, 17.7s
    [frozen_flower] chain 136/250 task 2/5 success: 61 steps, 35.5s
    [frozen_flower] chain 136/250 task 3/5 success: 76 steps, 45.9s
    [frozen_flower] chain 136/250 task 4/5 success: 69 steps, 38.0s
    [frozen_flower] chain 136/250 task 5/5 success: 84 steps, 49.3s
    [frozen_flower] chain 137/250 start: ['lift_red_block_table', 'place_in_slider', 'push_blue_block_right', 'push_into_drawer', 'lift_pink_block_slider']
    [frozen_flower] chain 137/250 task 1/5 success: 97 steps, 57.1s
    [frozen_flower] chain 137/250 task 2/5 success: 50 steps, 29.3s
    [frozen_flower] chain 137/250 task 3/5 success: 59 steps, 35.9s
    [frozen_flower] chain 137/250 task 4/5 failed: 360 steps, 232.9s
    [frozen_flower] chain 138/250 start: ['open_drawer', 'rotate_blue_block_right', 'move_slider_right', 'lift_pink_block_table', 'stack_block']
    [frozen_flower] chain 138/250 task 1/5 success: 60 steps, 30.0s
    [frozen_flower] chain 138/250 task 2/5 success: 153 steps, 89.0s
    [frozen_flower] chain 138/250 task 3/5 success: 81 steps, 44.8s
    [frozen_flower] chain 138/250 task 4/5 success: 60 steps, 34.9s
    [frozen_flower] chain 138/250 task 5/5 success: 203 steps, 114.1s
    [frozen_flower] chain 139/250 start: ['open_drawer', 'move_slider_left', 'rotate_red_block_right', 'lift_blue_block_slider', 'place_in_slider']
    [frozen_flower] chain 139/250 task 1/5 success: 58 steps, 32.6s
    [frozen_flower] chain 139/250 task 2/5 success: 113 steps, 63.0s
    [frozen_flower] chain 139/250 task 3/5 success: 86 steps, 41.7s
    [frozen_flower] chain 139/250 task 4/5 success: 208 steps, 118.0s
    [frozen_flower] chain 139/250 task 5/5 success: 10 steps, 5.8s
    [frozen_flower] chain 140/250 start: ['lift_red_block_table', 'place_in_slider', 'turn_on_lightbulb', 'move_slider_right', 'rotate_pink_block_left']
    [frozen_flower] chain 140/250 task 1/5 success: 40 steps, 22.5s
    [frozen_flower] chain 140/250 task 2/5 success: 33 steps, 20.8s
    [frozen_flower] chain 140/250 task 3/5 success: 63 steps, 39.7s
    [frozen_flower] chain 140/250 task 4/5 success: 84 steps, 53.1s
    [frozen_flower] chain 140/250 task 5/5 success: 97 steps, 63.2s
    [frozen_flower] 140/250 chains, L1 success: 97.9%
    [frozen_flower] chain 141/250 start: ['push_red_block_left', 'move_slider_right', 'lift_red_block_table', 'place_in_slider', 'turn_off_led']
    [frozen_flower] chain 141/250 task 1/5 success: 56 steps, 32.2s
    [frozen_flower] chain 141/250 task 2/5 success: 72 steps, 38.3s
    [frozen_flower] chain 141/250 task 3/5 success: 61 steps, 33.5s
    [frozen_flower] chain 141/250 task 4/5 success: 182 steps, 98.7s
    [frozen_flower] chain 141/250 task 5/5 failed: 360 steps, 200.7s
    [frozen_flower] chain 142/250 start: ['move_slider_right', 'turn_on_lightbulb', 'push_pink_block_left', 'lift_blue_block_table', 'place_in_slider']
    [frozen_flower] chain 142/250 task 1/5 success: 59 steps, 39.1s
    [frozen_flower] chain 142/250 task 2/5 success: 59 steps, 36.3s
    [frozen_flower] chain 142/250 task 3/5 success: 65 steps, 38.1s
    [frozen_flower] chain 142/250 task 4/5 success: 60 steps, 35.5s
    [frozen_flower] chain 142/250 task 5/5 failed: 360 steps, 209.6s
    [frozen_flower] chain 143/250 start: ['move_slider_right', 'push_red_block_left', 'turn_on_lightbulb', 'lift_blue_block_slider', 'place_in_slider']
    [frozen_flower] chain 143/250 task 1/5 success: 62 steps, 35.6s
    [frozen_flower] chain 143/250 task 2/5 success: 66 steps, 35.4s
    [frozen_flower] chain 143/250 task 3/5 success: 55 steps, 28.5s
    [frozen_flower] chain 143/250 task 4/5 success: 128 steps, 63.5s
    [frozen_flower] chain 143/250 task 5/5 success: 7 steps, 4.0s
    [frozen_flower] chain 144/250 start: ['open_drawer', 'push_blue_block_left', 'move_slider_left', 'push_into_drawer', 'lift_pink_block_slider']
    [frozen_flower] chain 144/250 task 1/5 success: 59 steps, 31.1s
    [frozen_flower] chain 144/250 task 2/5 success: 87 steps, 43.5s
    [frozen_flower] chain 144/250 task 3/5 success: 72 steps, 38.0s
    [frozen_flower] chain 144/250 task 4/5 success: 73 steps, 37.7s
    [frozen_flower] chain 144/250 task 5/5 failed: 360 steps, 194.2s
    [frozen_flower] chain 145/250 start: ['lift_blue_block_slider', 'place_in_slider', 'rotate_red_block_left', 'open_drawer', 'move_slider_left']
    [frozen_flower] chain 145/250 task 1/5 success: 65 steps, 39.4s
    [frozen_flower] chain 145/250 task 2/5 success: 9 steps, 5.0s
    [frozen_flower] chain 145/250 task 3/5 success: 102 steps, 61.2s
    [frozen_flower] chain 145/250 task 4/5 success: 79 steps, 47.5s
    [frozen_flower] chain 145/250 task 5/5 success: 79 steps, 47.6s
    [frozen_flower] chain 146/250 start: ['close_drawer', 'lift_pink_block_slider', 'place_in_slider', 'lift_red_block_table', 'stack_block']
    [frozen_flower] chain 146/250 task 1/5 success: 62 steps, 36.9s
    [frozen_flower] chain 146/250 task 2/5 success: 99 steps, 58.3s
    [frozen_flower] chain 146/250 task 3/5 success: 10 steps, 6.6s
    [frozen_flower] chain 146/250 task 4/5 success: 137 steps, 80.5s
    [frozen_flower] chain 146/250 task 5/5 failed: 360 steps, 223.6s
    [frozen_flower] chain 147/250 start: ['turn_on_led', 'lift_red_block_table', 'place_in_slider', 'open_drawer', 'push_into_drawer']
    [frozen_flower] chain 147/250 task 1/5 success: 37 steps, 22.5s
    [frozen_flower] chain 147/250 task 2/5 success: 66 steps, 40.9s
    [frozen_flower] chain 147/250 task 3/5 success: 27 steps, 16.8s
    [frozen_flower] chain 147/250 task 4/5 success: 82 steps, 52.7s
    [frozen_flower] chain 147/250 task 5/5 success: 92 steps, 58.0s
    [frozen_flower] chain 148/250 start: ['move_slider_left', 'open_drawer', 'turn_off_lightbulb', 'lift_pink_block_slider', 'place_in_drawer']
    [frozen_flower] chain 148/250 task 1/5 success: 94 steps, 58.2s
    [frozen_flower] chain 148/250 task 2/5 success: 90 steps, 55.2s
    [frozen_flower] chain 148/250 task 3/5 success: 78 steps, 50.0s
    [frozen_flower] chain 148/250 task 4/5 success: 66 steps, 53.6s
    [frozen_flower] chain 148/250 task 5/5 success: 44 steps, 32.9s
    [frozen_flower] chain 149/250 start: ['rotate_red_block_right', 'lift_red_block_table', 'place_in_drawer', 'turn_off_led', 'close_drawer']
    [frozen_flower] chain 149/250 task 1/5 success: 86 steps, 67.4s
    [frozen_flower] chain 149/250 task 2/5 success: 62 steps, 48.7s
    [frozen_flower] chain 149/250 task 3/5 success: 38 steps, 29.6s
    [frozen_flower] chain 149/250 task 4/5 success: 53 steps, 37.6s
    [frozen_flower] chain 149/250 task 5/5 success: 76 steps, 53.2s
    [frozen_flower] chain 150/250 start: ['lift_red_block_table', 'place_in_drawer', 'push_pink_block_left', 'turn_off_lightbulb', 'close_drawer']
    [frozen_flower] chain 150/250 task 1/5 success: 38 steps, 26.0s
    [frozen_flower] chain 150/250 task 2/5 success: 36 steps, 24.6s
    [frozen_flower] chain 150/250 task 3/5 success: 69 steps, 46.5s
    [frozen_flower] chain 150/250 task 4/5 success: 61 steps, 41.7s
    [frozen_flower] chain 150/250 task 5/5 success: 92 steps, 62.9s
    [frozen_flower] 150/250 chains, L1 success: 98.0%
    [frozen_flower] chain 151/250 start: ['rotate_pink_block_right', 'lift_blue_block_table', 'place_in_slider', 'move_slider_right', 'turn_off_led']
    [frozen_flower] chain 151/250 task 1/5 success: 146 steps, 99.3s
    [frozen_flower] chain 151/250 task 2/5 success: 77 steps, 51.5s
    [frozen_flower] chain 151/250 task 3/5 success: 40 steps, 26.4s
    [frozen_flower] chain 151/250 task 4/5 success: 66 steps, 45.7s
    [frozen_flower] chain 151/250 task 5/5 success: 54 steps, 36.6s
    [frozen_flower] chain 152/250 start: ['push_blue_block_left', 'move_slider_left', 'turn_on_lightbulb', 'close_drawer', 'lift_pink_block_table']
    [frozen_flower] chain 152/250 task 1/5 success: 65 steps, 43.1s
    [frozen_flower] chain 152/250 task 2/5 success: 62 steps, 43.0s
    [frozen_flower] chain 152/250 task 3/5 success: 57 steps, 39.0s
    [frozen_flower] chain 152/250 task 4/5 success: 89 steps, 58.0s
    [frozen_flower] chain 152/250 task 5/5 success: 74 steps, 55.2s
    [frozen_flower] chain 153/250 start: ['push_pink_block_right', 'open_drawer', 'move_slider_right', 'lift_red_block_table', 'place_in_drawer']
    [frozen_flower] chain 153/250 task 1/5 success: 188 steps, 146.0s
    [frozen_flower] chain 153/250 task 2/5 success: 60 steps, 46.8s
    [frozen_flower] chain 153/250 task 3/5 success: 93 steps, 59.7s
    [frozen_flower] chain 153/250 task 4/5 success: 56 steps, 37.6s
    [frozen_flower] chain 153/250 task 5/5 success: 37 steps, 25.4s
    [frozen_flower] chain 154/250 start: ['lift_pink_block_slider', 'place_in_slider', 'turn_on_led', 'close_drawer', 'rotate_blue_block_left']
    [frozen_flower] chain 154/250 task 1/5 success: 68 steps, 46.7s
    [frozen_flower] chain 154/250 task 2/5 success: 8 steps, 5.8s
    [frozen_flower] chain 154/250 task 3/5 success: 43 steps, 29.8s
    [frozen_flower] chain 154/250 task 4/5 success: 83 steps, 56.0s
    [frozen_flower] chain 154/250 task 5/5 success: 114 steps, 75.8s
    [frozen_flower] chain 155/250 start: ['lift_pink_block_table', 'place_in_slider', 'close_drawer', 'push_blue_block_right', 'lift_red_block_slider']
    [frozen_flower] chain 155/250 task 1/5 success: 50 steps, 33.0s
    [frozen_flower] chain 155/250 task 2/5 failed: 360 steps, 234.8s
    [frozen_flower] chain 156/250 start: ['rotate_red_block_left', 'close_drawer', 'turn_off_led', 'lift_pink_block_table', 'place_in_slider']
    [frozen_flower] chain 156/250 task 1/5 success: 70 steps, 46.6s
    [frozen_flower] chain 156/250 task 2/5 success: 78 steps, 50.9s
    [frozen_flower] chain 156/250 task 3/5 success: 77 steps, 51.0s
    [frozen_flower] chain 156/250 task 4/5 success: 69 steps, 50.2s
    [frozen_flower] chain 156/250 task 5/5 failed: 360 steps, 268.3s
    [frozen_flower] chain 157/250 start: ['lift_pink_block_slider', 'place_in_slider', 'rotate_red_block_right', 'turn_on_led', 'push_into_drawer']
    [frozen_flower] chain 157/250 task 1/5 success: 72 steps, 48.3s
    [frozen_flower] chain 157/250 task 2/5 success: 11 steps, 8.0s
    [frozen_flower] chain 157/250 task 3/5 success: 101 steps, 68.5s
    [frozen_flower] chain 157/250 task 4/5 success: 48 steps, 31.0s
    [frozen_flower] chain 157/250 task 5/5 success: 62 steps, 42.2s
    [frozen_flower] chain 158/250 start: ['turn_on_led', 'move_slider_right', 'push_blue_block_right', 'lift_blue_block_table', 'place_in_slider']
    [frozen_flower] chain 158/250 task 1/5 success: 37 steps, 24.0s
    [frozen_flower] chain 158/250 task 2/5 success: 55 steps, 39.1s
    [frozen_flower] chain 158/250 task 3/5 success: 63 steps, 42.8s
    [frozen_flower] chain 158/250 task 4/5 success: 50 steps, 34.0s
    [frozen_flower] chain 158/250 task 5/5 failed: 360 steps, 314.0s
    [frozen_flower] chain 159/250 start: ['push_red_block_left', 'lift_pink_block_table', 'stack_block', 'turn_on_lightbulb', 'move_slider_right']
    [frozen_flower] chain 159/250 task 1/5 success: 79 steps, 77.1s
    [frozen_flower] chain 159/250 task 2/5 success: 55 steps, 59.4s
    [frozen_flower] chain 159/250 task 3/5 success: 50 steps, 60.2s
    [frozen_flower] chain 159/250 task 4/5 success: 62 steps, 73.3s
    [frozen_flower] chain 159/250 task 5/5 success: 86 steps, 99.2s
    [frozen_flower] chain 160/250 start: ['move_slider_left', 'lift_pink_block_slider', 'place_in_slider', 'turn_off_lightbulb', 'rotate_blue_block_left']
    [frozen_flower] chain 160/250 task 1/5 success: 88 steps, 98.9s
    [frozen_flower] chain 160/250 task 2/5 success: 66 steps, 70.0s
    [frozen_flower] chain 160/250 task 3/5 success: 13 steps, 14.7s
    [frozen_flower] chain 160/250 task 4/5 success: 61 steps, 71.4s
    [frozen_flower] chain 160/250 task 5/5 success: 93 steps, 117.7s
    [frozen_flower] 160/250 chains, L1 success: 98.1%
    [frozen_flower] chain 161/250 start: ['push_into_drawer', 'turn_off_lightbulb', 'lift_pink_block_slider', 'place_in_slider', 'move_slider_left']
    [frozen_flower] chain 161/250 task 1/5 success: 79 steps, 102.2s
    [frozen_flower] chain 161/250 task 2/5 success: 58 steps, 71.8s
    [frozen_flower] chain 161/250 task 3/5 success: 80 steps, 90.3s
    [frozen_flower] chain 161/250 task 4/5 success: 8 steps, 8.9s
    [frozen_flower] chain 161/250 task 5/5 success: 109 steps, 115.9s
    [frozen_flower] chain 162/250 start: ['move_slider_left', 'rotate_blue_block_left', 'push_into_drawer', 'lift_pink_block_slider', 'place_in_drawer']
    [frozen_flower] chain 162/250 task 1/5 success: 83 steps, 83.5s
    [frozen_flower] chain 162/250 task 2/5 success: 99 steps, 92.9s
    [frozen_flower] chain 162/250 task 3/5 success: 60 steps, 57.8s
    [frozen_flower] chain 162/250 task 4/5 success: 61 steps, 69.2s
    [frozen_flower] chain 162/250 task 5/5 success: 41 steps, 46.8s
    [frozen_flower] chain 163/250 start: ['move_slider_left', 'open_drawer', 'lift_blue_block_slider', 'place_in_slider', 'lift_pink_block_table']
    [frozen_flower] chain 163/250 task 1/5 success: 54 steps, 60.5s
    [frozen_flower] chain 163/250 task 2/5 success: 73 steps, 70.9s
    [frozen_flower] chain 163/250 task 3/5 success: 133 steps, 123.1s
    [frozen_flower] chain 163/250 task 4/5 success: 5 steps, 4.7s
    [frozen_flower] chain 163/250 task 5/5 success: 49 steps, 42.7s
    [frozen_flower] chain 164/250 start: ['lift_pink_block_table', 'place_in_slider', 'push_into_drawer', 'turn_off_lightbulb', 'close_drawer']
    [frozen_flower] chain 164/250 task 1/5 success: 35 steps, 29.8s
    [frozen_flower] chain 164/250 task 2/5 success: 28 steps, 23.9s
    [frozen_flower] chain 164/250 task 3/5 success: 77 steps, 64.0s
    [frozen_flower] chain 164/250 task 4/5 success: 46 steps, 38.9s
    [frozen_flower] chain 164/250 task 5/5 success: 87 steps, 68.9s
    [frozen_flower] chain 165/250 start: ['move_slider_right', 'push_red_block_right', 'lift_red_block_table', 'stack_block', 'turn_off_lightbulb']
    [frozen_flower] chain 165/250 task 1/5 success: 64 steps, 52.2s
    [frozen_flower] chain 165/250 task 2/5 success: 148 steps, 116.5s
    [frozen_flower] chain 165/250 task 3/5 success: 48 steps, 37.6s
    [frozen_flower] chain 165/250 task 4/5 success: 24 steps, 24.6s
    [frozen_flower] chain 165/250 task 5/5 success: 47 steps, 47.7s
    [frozen_flower] chain 166/250 start: ['lift_blue_block_slider', 'place_in_slider', 'open_drawer', 'move_slider_right', 'turn_on_led']
    [frozen_flower] chain 166/250 task 1/5 success: 53 steps, 52.7s
    [frozen_flower] chain 166/250 task 2/5 success: 9 steps, 9.1s
    [frozen_flower] chain 166/250 task 3/5 success: 75 steps, 71.0s
    [frozen_flower] chain 166/250 task 4/5 success: 98 steps, 93.1s
    [frozen_flower] chain 166/250 task 5/5 success: 38 steps, 36.9s
    [frozen_flower] chain 167/250 start: ['turn_on_led', 'open_drawer', 'rotate_red_block_right', 'move_slider_right', 'lift_pink_block_table']
    [frozen_flower] chain 167/250 task 1/5 success: 39 steps, 36.4s
    [frozen_flower] chain 167/250 task 2/5 success: 67 steps, 61.5s
    [frozen_flower] chain 167/250 task 3/5 success: 127 steps, 114.2s
    [frozen_flower] chain 167/250 task 4/5 success: 73 steps, 63.9s
    [frozen_flower] chain 167/250 task 5/5 success: 62 steps, 52.4s
    [frozen_flower] chain 168/250 start: ['open_drawer', 'push_into_drawer', 'turn_on_led', 'lift_blue_block_slider', 'place_in_slider']
    [frozen_flower] chain 168/250 task 1/5 success: 58 steps, 52.4s
    [frozen_flower] chain 168/250 task 2/5 success: 81 steps, 81.3s
    [frozen_flower] chain 168/250 task 3/5 success: 72 steps, 71.2s
    [frozen_flower] chain 168/250 task 4/5 success: 67 steps, 67.0s
    [frozen_flower] chain 168/250 task 5/5 success: 13 steps, 13.0s
    [frozen_flower] chain 169/250 start: ['turn_on_lightbulb', 'push_red_block_right', 'push_into_drawer', 'move_slider_right', 'close_drawer']
    [frozen_flower] chain 169/250 task 1/5 success: 51 steps, 44.9s
    [frozen_flower] chain 169/250 task 2/5 success: 355 steps, 319.2s
    [frozen_flower] chain 169/250 task 3/5 failed: 360 steps, 294.0s
    [frozen_flower] chain 170/250 start: ['move_slider_right', 'open_drawer', 'rotate_blue_block_left', 'turn_on_led', 'lift_pink_block_slider']
    [frozen_flower] chain 170/250 task 1/5 success: 63 steps, 56.2s
    [frozen_flower] chain 170/250 task 2/5 success: 67 steps, 64.4s
    [frozen_flower] chain 170/250 task 3/5 success: 96 steps, 91.5s
    [frozen_flower] chain 170/250 task 4/5 success: 51 steps, 47.0s
    [frozen_flower] chain 170/250 task 5/5 success: 65 steps, 62.6s
    [frozen_flower] 170/250 chains, L1 success: 98.2%
    [frozen_flower] chain 171/250 start: ['push_blue_block_left', 'move_slider_right', 'turn_off_led', 'open_drawer', 'lift_pink_block_table']
    [frozen_flower] chain 171/250 task 1/5 failed: 360 steps, 322.2s
    [frozen_flower] chain 172/250 start: ['rotate_pink_block_right', 'open_drawer', 'move_slider_left', 'push_into_drawer', 'turn_off_led']
    [frozen_flower] chain 172/250 task 1/5 success: 100 steps, 99.8s
    [frozen_flower] chain 172/250 task 2/5 success: 85 steps, 84.9s
    [frozen_flower] chain 172/250 task 3/5 success: 151 steps, 151.6s
    [frozen_flower] chain 172/250 task 4/5 success: 61 steps, 59.8s
    [frozen_flower] chain 172/250 task 5/5 success: 44 steps, 43.2s
    [frozen_flower] chain 173/250 start: ['turn_off_lightbulb', 'move_slider_left', 'close_drawer', 'rotate_blue_block_left', 'lift_blue_block_table']
    [frozen_flower] chain 173/250 task 1/5 success: 56 steps, 50.1s
    [frozen_flower] chain 173/250 task 2/5 success: 69 steps, 58.7s
    [frozen_flower] chain 173/250 task 3/5 success: 84 steps, 67.7s
    [frozen_flower] chain 173/250 task 4/5 success: 237 steps, 195.3s
    [frozen_flower] chain 173/250 task 5/5 failed: 360 steps, 391.0s
    [frozen_flower] chain 174/250 start: ['turn_on_lightbulb', 'lift_red_block_slider', 'place_in_drawer', 'rotate_pink_block_left', 'close_drawer']
    [frozen_flower] chain 174/250 task 1/5 success: 56 steps, 65.4s
    [frozen_flower] chain 174/250 task 2/5 success: 64 steps, 67.4s
    [frozen_flower] chain 174/250 task 3/5 success: 49 steps, 48.6s
    [frozen_flower] chain 174/250 task 4/5 success: 82 steps, 84.9s
    [frozen_flower] chain 174/250 task 5/5 success: 84 steps, 83.0s
    [frozen_flower] chain 175/250 start: ['rotate_blue_block_right', 'open_drawer', 'push_into_drawer', 'lift_pink_block_slider', 'place_in_slider']
    [frozen_flower] chain 175/250 task 1/5 success: 74 steps, 83.2s
    [frozen_flower] chain 175/250 task 2/5 success: 75 steps, 87.3s
    [frozen_flower] chain 175/250 task 3/5 success: 81 steps, 91.6s
    [frozen_flower] chain 175/250 task 4/5 success: 52 steps, 58.9s
    [frozen_flower] chain 175/250 task 5/5 success: 10 steps, 12.8s
    [frozen_flower] chain 176/250 start: ['open_drawer', 'turn_on_lightbulb', 'lift_red_block_table', 'place_in_drawer', 'rotate_blue_block_left']
    [frozen_flower] chain 176/250 task 1/5 success: 50 steps, 57.4s
    [frozen_flower] chain 176/250 task 2/5 success: 79 steps, 87.1s
    [frozen_flower] chain 176/250 task 3/5 success: 169 steps, 168.5s
    [frozen_flower] chain 176/250 task 4/5 success: 30 steps, 28.6s
    [frozen_flower] chain 176/250 task 5/5 success: 87 steps, 85.8s
    [frozen_flower] chain 177/250 start: ['turn_off_led', 'rotate_pink_block_left', 'lift_red_block_table', 'place_in_drawer', 'lift_red_block_drawer']
    [frozen_flower] chain 177/250 task 1/5 success: 35 steps, 38.6s
    [frozen_flower] chain 177/250 task 2/5 success: 79 steps, 71.9s
    [frozen_flower] chain 177/250 task 3/5 success: 71 steps, 75.4s
    [frozen_flower] chain 177/250 task 4/5 success: 33 steps, 43.5s
    [frozen_flower] chain 177/250 task 5/5 success: 46 steps, 55.3s
    [frozen_flower] chain 178/250 start: ['open_drawer', 'rotate_blue_block_left', 'lift_blue_block_table', 'stack_block', 'turn_on_lightbulb']
    [frozen_flower] chain 178/250 task 1/5 success: 55 steps, 66.6s
    [frozen_flower] chain 178/250 task 2/5 success: 116 steps, 140.5s
    [frozen_flower] chain 178/250 task 3/5 success: 89 steps, 100.1s
    [frozen_flower] chain 178/250 task 4/5 success: 22 steps, 23.4s
    [frozen_flower] chain 178/250 task 5/5 success: 84 steps, 82.8s
    [frozen_flower] chain 179/250 start: ['close_drawer', 'push_red_block_right', 'lift_pink_block_slider', 'stack_block', 'unstack_block']
    [frozen_flower] chain 179/250 task 1/5 success: 58 steps, 55.9s
    [frozen_flower] chain 179/250 task 2/5 success: 182 steps, 185.7s
    [frozen_flower] chain 179/250 task 3/5 success: 58 steps, 68.2s
    [frozen_flower] chain 179/250 task 4/5 success: 50 steps, 58.5s
    [frozen_flower] chain 179/250 task 5/5 success: 4 steps, 5.1s
    [frozen_flower] chain 180/250 start: ['lift_pink_block_slider', 'place_in_drawer', 'turn_on_lightbulb', 'rotate_red_block_left', 'close_drawer']
    [frozen_flower] chain 180/250 task 1/5 success: 66 steps, 76.1s
    [frozen_flower] chain 180/250 task 2/5 success: 57 steps, 61.9s
    [frozen_flower] chain 180/250 task 3/5 success: 61 steps, 61.7s
    [frozen_flower] chain 180/250 task 4/5 success: 80 steps, 72.8s
    [frozen_flower] chain 180/250 task 5/5 success: 181 steps, 156.1s
    [frozen_flower] 180/250 chains, L1 success: 97.8%
    [frozen_flower] chain 181/250 start: ['push_blue_block_right', 'move_slider_right', 'turn_off_led', 'lift_blue_block_table', 'place_in_drawer']
    [frozen_flower] chain 181/250 task 1/5 success: 99 steps, 86.6s
    [frozen_flower] chain 181/250 task 2/5 success: 73 steps, 72.5s
    [frozen_flower] chain 181/250 task 3/5 success: 54 steps, 55.8s
    [frozen_flower] chain 181/250 task 4/5 success: 72 steps, 72.4s
    [frozen_flower] chain 181/250 task 5/5 success: 37 steps, 38.0s
    [frozen_flower] chain 182/250 start: ['move_slider_left', 'rotate_pink_block_left', 'turn_on_lightbulb', 'lift_pink_block_table', 'place_in_drawer']
    [frozen_flower] chain 182/250 task 1/5 success: 84 steps, 70.0s
    [frozen_flower] chain 182/250 task 2/5 success: 159 steps, 151.4s
    [frozen_flower] chain 182/250 task 3/5 success: 59 steps, 53.9s
    [frozen_flower] chain 182/250 task 4/5 success: 184 steps, 141.5s
    [frozen_flower] chain 182/250 task 5/5 success: 34 steps, 24.3s
    [frozen_flower] chain 183/250 start: ['open_drawer', 'lift_red_block_slider', 'place_in_drawer', 'move_slider_left', 'push_pink_block_right']
    [frozen_flower] chain 183/250 task 1/5 success: 61 steps, 45.1s
    [frozen_flower] chain 183/250 task 2/5 success: 102 steps, 65.7s
    [frozen_flower] chain 183/250 task 3/5 success: 52 steps, 37.6s
    [frozen_flower] chain 183/250 task 4/5 success: 71 steps, 53.6s
    [frozen_flower] chain 183/250 task 5/5 success: 175 steps, 114.7s
    [frozen_flower] chain 184/250 start: ['push_red_block_left', 'move_slider_right', 'lift_blue_block_slider', 'stack_block', 'unstack_block']
    [frozen_flower] chain 184/250 task 1/5 success: 60 steps, 28.2s
    [frozen_flower] chain 184/250 task 2/5 success: 79 steps, 36.3s
    [frozen_flower] chain 184/250 task 3/5 success: 94 steps, 26.9s
    [frozen_flower] chain 184/250 task 4/5 success: 44 steps, 14.5s
    [frozen_flower] chain 184/250 task 5/5 success: 39 steps, 12.6s
    [frozen_flower] chain 185/250 start: ['move_slider_right', 'lift_red_block_slider', 'place_in_drawer', 'close_drawer', 'push_blue_block_right']
    [frozen_flower] chain 185/250 task 1/5 success: 62 steps, 18.5s
    [frozen_flower] chain 185/250 task 2/5 success: 86 steps, 26.7s
    [frozen_flower] chain 185/250 task 3/5 success: 44 steps, 12.7s
    [frozen_flower] chain 185/250 task 4/5 success: 65 steps, 24.3s
    [frozen_flower] chain 185/250 task 5/5 success: 340 steps, 157.6s
    [frozen_flower] chain 186/250 start: ['rotate_blue_block_right', 'lift_red_block_table', 'stack_block', 'move_slider_right', 'turn_on_led']
    [frozen_flower] chain 186/250 task 1/5 success: 81 steps, 53.8s
    [frozen_flower] chain 186/250 task 2/5 success: 130 steps, 81.0s
    [frozen_flower] chain 186/250 task 3/5 success: 27 steps, 15.7s
    [frozen_flower] chain 186/250 task 4/5 success: 74 steps, 46.6s
    [frozen_flower] chain 186/250 task 5/5 success: 59 steps, 35.6s
    [frozen_flower] chain 187/250 start: ['close_drawer', 'move_slider_right', 'rotate_blue_block_left', 'turn_on_led', 'lift_pink_block_table']
    [frozen_flower] chain 187/250 task 1/5 success: 59 steps, 36.7s
    [frozen_flower] chain 187/250 task 2/5 success: 101 steps, 61.9s
    [frozen_flower] chain 187/250 task 3/5 success: 80 steps, 43.9s
    [frozen_flower] chain 187/250 task 4/5 success: 43 steps, 22.4s
    [frozen_flower] chain 187/250 task 5/5 success: 68 steps, 35.8s
    [frozen_flower] chain 188/250 start: ['rotate_pink_block_left', 'open_drawer', 'turn_on_led', 'lift_blue_block_slider', 'place_in_slider']
    [frozen_flower] chain 188/250 task 1/5 success: 113 steps, 61.3s
    [frozen_flower] chain 188/250 task 2/5 success: 76 steps, 40.2s
    [frozen_flower] chain 188/250 task 3/5 success: 72 steps, 39.0s
    [frozen_flower] chain 188/250 task 4/5 success: 68 steps, 35.6s
    [frozen_flower] chain 188/250 task 5/5 success: 11 steps, 5.9s
    [frozen_flower] chain 189/250 start: ['open_drawer', 'turn_off_led', 'lift_red_block_slider', 'place_in_drawer', 'move_slider_left']
    [frozen_flower] chain 189/250 task 1/5 success: 53 steps, 28.3s
    [frozen_flower] chain 189/250 task 2/5 success: 68 steps, 39.1s
    [frozen_flower] chain 189/250 task 3/5 success: 73 steps, 45.9s
    [frozen_flower] chain 189/250 task 4/5 success: 48 steps, 28.5s
    [frozen_flower] chain 189/250 task 5/5 success: 101 steps, 63.1s
    [frozen_flower] chain 190/250 start: ['push_blue_block_left', 'lift_pink_block_slider', 'place_in_drawer', 'turn_off_led', 'lift_pink_block_drawer']
    [frozen_flower] chain 190/250 task 1/5 success: 60 steps, 37.6s
    [frozen_flower] chain 190/250 task 2/5 success: 81 steps, 54.1s
    [frozen_flower] chain 190/250 task 3/5 success: 47 steps, 30.4s
    [frozen_flower] chain 190/250 task 4/5 success: 58 steps, 37.0s
    [frozen_flower] chain 190/250 task 5/5 success: 59 steps, 39.2s
    [frozen_flower] 190/250 chains, L1 success: 97.9%
    [frozen_flower] chain 191/250 start: ['push_blue_block_left', 'move_slider_right', 'open_drawer', 'push_into_drawer', 'lift_pink_block_slider']
    [frozen_flower] chain 191/250 task 1/5 success: 67 steps, 44.8s
    [frozen_flower] chain 191/250 task 2/5 success: 109 steps, 73.3s
    [frozen_flower] chain 191/250 task 3/5 success: 81 steps, 51.8s
    [frozen_flower] chain 191/250 task 4/5 success: 89 steps, 58.7s
    [frozen_flower] chain 191/250 task 5/5 success: 83 steps, 54.0s
    [frozen_flower] chain 192/250 start: ['push_red_block_right', 'lift_pink_block_slider', 'stack_block', 'move_slider_right', 'open_drawer']
    [frozen_flower] chain 192/250 task 1/5 success: 236 steps, 156.1s
    [frozen_flower] chain 192/250 task 2/5 success: 78 steps, 46.5s
    [frozen_flower] chain 192/250 task 3/5 success: 55 steps, 30.9s
    [frozen_flower] chain 192/250 task 4/5 success: 90 steps, 49.7s
    [frozen_flower] chain 192/250 task 5/5 success: 74 steps, 40.6s
    [frozen_flower] chain 193/250 start: ['push_pink_block_left', 'turn_off_lightbulb', 'move_slider_right', 'lift_red_block_table', 'place_in_drawer']
    [frozen_flower] chain 193/250 task 1/5 success: 61 steps, 32.4s
    [frozen_flower] chain 193/250 task 2/5 success: 62 steps, 33.8s
    [frozen_flower] chain 193/250 task 3/5 success: 83 steps, 45.8s
    [frozen_flower] chain 193/250 task 4/5 success: 80 steps, 44.5s
    [frozen_flower] chain 193/250 task 5/5 success: 31 steps, 17.9s
    [frozen_flower] chain 194/250 start: ['push_red_block_right', 'move_slider_right', 'lift_pink_block_slider', 'stack_block', 'open_drawer']
    [frozen_flower] chain 194/250 task 1/5 success: 164 steps, 88.4s
    [frozen_flower] chain 194/250 task 2/5 success: 79 steps, 41.6s
    [frozen_flower] chain 194/250 task 3/5 success: 82 steps, 44.7s
    [frozen_flower] chain 194/250 task 4/5 success: 93 steps, 49.6s
    [frozen_flower] chain 194/250 task 5/5 success: 70 steps, 38.4s
    [frozen_flower] chain 195/250 start: ['rotate_red_block_left', 'turn_on_led', 'lift_red_block_table', 'stack_block', 'close_drawer']
    [frozen_flower] chain 195/250 task 1/5 success: 76 steps, 41.0s
    [frozen_flower] chain 195/250 task 2/5 success: 61 steps, 34.2s
    [frozen_flower] chain 195/250 task 3/5 success: 68 steps, 36.1s
    [frozen_flower] chain 195/250 task 4/5 success: 28 steps, 15.7s
    [frozen_flower] chain 195/250 task 5/5 success: 64 steps, 33.9s
    [frozen_flower] chain 196/250 start: ['lift_pink_block_table', 'stack_block', 'close_drawer', 'turn_on_lightbulb', 'unstack_block']
    [frozen_flower] chain 196/250 task 1/5 success: 39 steps, 21.2s
    [frozen_flower] chain 196/250 task 2/5 success: 165 steps, 91.8s
    [frozen_flower] chain 196/250 task 3/5 success: 68 steps, 35.9s
    [frozen_flower] chain 196/250 task 4/5 success: 92 steps, 49.5s
    [frozen_flower] chain 196/250 task 5/5 success: 42 steps, 23.5s
    [frozen_flower] chain 197/250 start: ['rotate_blue_block_right', 'turn_off_led', 'open_drawer', 'lift_pink_block_table', 'stack_block']
    [frozen_flower] chain 197/250 task 1/5 success: 68 steps, 40.5s
    [frozen_flower] chain 197/250 task 2/5 success: 46 steps, 26.9s
    [frozen_flower] chain 197/250 task 3/5 success: 72 steps, 39.6s
    [frozen_flower] chain 197/250 task 4/5 success: 92 steps, 49.4s
    [frozen_flower] chain 197/250 task 5/5 failed: 360 steps, 191.8s
    [frozen_flower] chain 198/250 start: ['close_drawer', 'move_slider_right', 'turn_on_led', 'push_pink_block_left', 'lift_red_block_table']
    [frozen_flower] chain 198/250 task 1/5 success: 61 steps, 34.9s
    [frozen_flower] chain 198/250 task 2/5 success: 101 steps, 53.4s
    [frozen_flower] chain 198/250 task 3/5 success: 45 steps, 24.5s
    [frozen_flower] chain 198/250 task 4/5 success: 81 steps, 42.7s
    [frozen_flower] chain 198/250 task 5/5 success: 56 steps, 30.6s
    [frozen_flower] chain 199/250 start: ['turn_off_lightbulb', 'push_blue_block_right', 'lift_red_block_slider', 'stack_block', 'unstack_block']
    [frozen_flower] chain 199/250 task 1/5 success: 57 steps, 29.3s
    [frozen_flower] chain 199/250 task 2/5 success: 129 steps, 73.3s
    [frozen_flower] chain 199/250 task 3/5 success: 92 steps, 52.6s
    [frozen_flower] chain 199/250 task 4/5 success: 83 steps, 47.4s
    [frozen_flower] chain 199/250 task 5/5 success: 39 steps, 21.3s
    [frozen_flower] chain 200/250 start: ['lift_red_block_slider', 'place_in_slider', 'rotate_pink_block_left', 'move_slider_left', 'turn_off_led']
    [frozen_flower] chain 200/250 task 1/5 success: 65 steps, 35.0s
    [frozen_flower] chain 200/250 task 2/5 success: 6 steps, 3.5s
    [frozen_flower] chain 200/250 task 3/5 success: 93 steps, 56.6s
    [frozen_flower] chain 200/250 task 4/5 success: 69 steps, 43.7s
    [frozen_flower] chain 200/250 task 5/5 success: 38 steps, 24.5s
    [frozen_flower] 200/250 chains, L1 success: 98.0%
    [frozen_flower] chain 201/250 start: ['move_slider_right', 'turn_off_led', 'push_red_block_left', 'lift_red_block_table', 'place_in_drawer']
    [frozen_flower] chain 201/250 task 1/5 success: 63 steps, 38.7s
    [frozen_flower] chain 201/250 task 2/5 success: 45 steps, 29.1s
    [frozen_flower] chain 201/250 task 3/5 success: 90 steps, 57.4s
    [frozen_flower] chain 201/250 task 4/5 success: 52 steps, 33.6s
    [frozen_flower] chain 201/250 task 5/5 success: 33 steps, 21.3s
    [frozen_flower] chain 202/250 start: ['push_pink_block_left', 'move_slider_left', 'lift_blue_block_slider', 'stack_block', 'turn_off_lightbulb']
    [frozen_flower] chain 202/250 task 1/5 success: 65 steps, 43.2s
    [frozen_flower] chain 202/250 task 2/5 success: 60 steps, 38.7s
    [frozen_flower] chain 202/250 task 3/5 success: 60 steps, 38.5s
    [frozen_flower] chain 202/250 task 4/5 success: 27 steps, 18.1s
    [frozen_flower] chain 202/250 task 5/5 success: 53 steps, 35.9s
    [frozen_flower] chain 203/250 start: ['turn_on_led', 'push_red_block_left', 'lift_red_block_table', 'stack_block', 'close_drawer']
    [frozen_flower] chain 203/250 task 1/5 success: 33 steps, 22.7s
    [frozen_flower] chain 203/250 task 2/5 success: 83 steps, 52.8s
    [frozen_flower] chain 203/250 task 3/5 success: 48 steps, 31.4s
    [frozen_flower] chain 203/250 task 4/5 success: 24 steps, 15.7s
    [frozen_flower] chain 203/250 task 5/5 success: 69 steps, 45.2s
    [frozen_flower] chain 204/250 start: ['push_blue_block_left', 'move_slider_right', 'open_drawer', 'lift_pink_block_slider', 'place_in_drawer']
    [frozen_flower] chain 204/250 task 1/5 success: 58 steps, 39.5s
    [frozen_flower] chain 204/250 task 2/5 success: 66 steps, 44.7s
    [frozen_flower] chain 204/250 task 3/5 success: 74 steps, 49.1s
    [frozen_flower] chain 204/250 task 4/5 success: 92 steps, 59.8s
    [frozen_flower] chain 204/250 task 5/5 success: 46 steps, 29.0s
    [frozen_flower] chain 205/250 start: ['move_slider_right', 'turn_on_led', 'close_drawer', 'push_blue_block_right', 'lift_red_block_table']
    [frozen_flower] chain 205/250 task 1/5 success: 65 steps, 40.7s
    [frozen_flower] chain 205/250 task 2/5 success: 60 steps, 36.0s
    [frozen_flower] chain 205/250 task 3/5 success: 70 steps, 41.4s
    [frozen_flower] chain 205/250 task 4/5 success: 87 steps, 58.6s
    [frozen_flower] chain 205/250 task 5/5 success: 50 steps, 34.5s
    [frozen_flower] chain 206/250 start: ['close_drawer', 'turn_off_lightbulb', 'rotate_blue_block_left', 'lift_red_block_slider', 'stack_block']
    [frozen_flower] chain 206/250 task 1/5 success: 58 steps, 41.3s
    [frozen_flower] chain 206/250 task 2/5 success: 75 steps, 55.5s
    [frozen_flower] chain 206/250 task 3/5 success: 90 steps, 61.9s
    [frozen_flower] chain 206/250 task 4/5 success: 88 steps, 58.7s
    [frozen_flower] chain 206/250 task 5/5 success: 66 steps, 42.2s
    [frozen_flower] chain 207/250 start: ['push_pink_block_right', 'open_drawer', 'lift_blue_block_table', 'place_in_slider', 'move_slider_right']
    [frozen_flower] chain 207/250 task 1/5 success: 82 steps, 49.9s
    [frozen_flower] chain 207/250 task 2/5 success: 70 steps, 42.2s
    [frozen_flower] chain 207/250 task 3/5 success: 82 steps, 49.0s
    [frozen_flower] chain 207/250 task 4/5 success: 330 steps, 200.8s
    [frozen_flower] chain 207/250 task 5/5 failed: 360 steps, 213.7s
    [frozen_flower] chain 208/250 start: ['open_drawer', 'turn_on_led', 'move_slider_right', 'rotate_red_block_left', 'lift_red_block_table']
    [frozen_flower] chain 208/250 task 1/5 success: 49 steps, 29.7s
    [frozen_flower] chain 208/250 task 2/5 success: 68 steps, 48.5s
    [frozen_flower] chain 208/250 task 3/5 success: 59 steps, 41.7s
    [frozen_flower] chain 208/250 task 4/5 success: 100 steps, 70.8s
    [frozen_flower] chain 208/250 task 5/5 success: 53 steps, 38.2s
    [frozen_flower] chain 209/250 start: ['turn_on_led', 'move_slider_left', 'push_red_block_right', 'open_drawer', 'lift_red_block_table']
    [frozen_flower] chain 209/250 task 1/5 success: 45 steps, 28.8s
    [frozen_flower] chain 209/250 task 2/5 success: 64 steps, 40.8s
    [frozen_flower] chain 209/250 task 3/5 failed: 360 steps, 226.8s
    [frozen_flower] chain 210/250 start: ['rotate_red_block_right', 'turn_off_led', 'open_drawer', 'push_into_drawer', 'lift_pink_block_slider']
    [frozen_flower] chain 210/250 task 1/5 success: 81 steps, 49.2s
    [frozen_flower] chain 210/250 task 2/5 success: 59 steps, 36.9s
    [frozen_flower] chain 210/250 task 3/5 success: 68 steps, 41.0s
    [frozen_flower] chain 210/250 task 4/5 success: 158 steps, 97.4s
    [frozen_flower] chain 210/250 task 5/5 success: 78 steps, 48.3s
    [frozen_flower] 210/250 chains, L1 success: 98.1%
    [frozen_flower] chain 211/250 start: ['open_drawer', 'turn_off_lightbulb', 'push_blue_block_right', 'lift_blue_block_table', 'place_in_drawer']
    [frozen_flower] chain 211/250 task 1/5 success: 46 steps, 28.0s
    [frozen_flower] chain 211/250 task 2/5 success: 72 steps, 45.1s
    [frozen_flower] chain 211/250 task 3/5 success: 72 steps, 49.0s
    [frozen_flower] chain 211/250 task 4/5 failed: 360 steps, 247.0s
    [frozen_flower] chain 212/250 start: ['push_pink_block_left', 'lift_red_block_table', 'place_in_slider', 'move_slider_left', 'open_drawer']
    [frozen_flower] chain 212/250 task 1/5 success: 65 steps, 42.5s
    [frozen_flower] chain 212/250 task 2/5 success: 62 steps, 40.3s
    [frozen_flower] chain 212/250 task 3/5 success: 58 steps, 38.9s
    [frozen_flower] chain 212/250 task 4/5 success: 68 steps, 47.6s
    [frozen_flower] chain 212/250 task 5/5 success: 80 steps, 57.0s
    [frozen_flower] chain 213/250 start: ['lift_blue_block_table', 'place_in_slider', 'push_pink_block_right', 'turn_on_led', 'move_slider_right']
    [frozen_flower] chain 213/250 task 1/5 success: 52 steps, 39.0s
    [frozen_flower] chain 213/250 task 2/5 success: 37 steps, 25.7s
    [frozen_flower] chain 213/250 task 3/5 success: 54 steps, 34.5s
    [frozen_flower] chain 213/250 task 4/5 success: 48 steps, 31.2s
    [frozen_flower] chain 213/250 task 5/5 success: 69 steps, 43.9s
    [frozen_flower] chain 214/250 start: ['push_red_block_left', 'move_slider_right', 'lift_blue_block_slider', 'place_in_slider', 'turn_on_led']
    [frozen_flower] chain 214/250 task 1/5 success: 56 steps, 36.7s
    [frozen_flower] chain 214/250 task 2/5 success: 63 steps, 39.0s
    [frozen_flower] chain 214/250 task 3/5 success: 83 steps, 53.4s
    [frozen_flower] chain 214/250 task 4/5 success: 11 steps, 7.1s
    [frozen_flower] chain 214/250 task 5/5 success: 46 steps, 29.5s
    [frozen_flower] chain 215/250 start: ['push_red_block_right', 'move_slider_right', 'lift_pink_block_slider', 'place_in_slider', 'turn_off_led']
    [frozen_flower] chain 215/250 task 1/5 success: 208 steps, 130.2s
    [frozen_flower] chain 215/250 task 2/5 success: 85 steps, 54.8s
    [frozen_flower] chain 215/250 task 3/5 success: 79 steps, 50.5s
    [frozen_flower] chain 215/250 task 4/5 success: 8 steps, 4.8s
    [frozen_flower] chain 215/250 task 5/5 success: 40 steps, 25.9s
    [frozen_flower] chain 216/250 start: ['push_blue_block_right', 'open_drawer', 'turn_on_led', 'lift_blue_block_table', 'place_in_drawer']
    [frozen_flower] chain 216/250 task 1/5 success: 121 steps, 76.9s
    [frozen_flower] chain 216/250 task 2/5 success: 55 steps, 36.8s
    [frozen_flower] chain 216/250 task 3/5 success: 57 steps, 41.9s
    [frozen_flower] chain 216/250 task 4/5 success: 107 steps, 78.3s
    [frozen_flower] chain 216/250 task 5/5 success: 40 steps, 29.5s
    [frozen_flower] chain 217/250 start: ['push_blue_block_left', 'move_slider_left', 'close_drawer', 'turn_off_led', 'lift_blue_block_table']
    [frozen_flower] chain 217/250 task 1/5 success: 53 steps, 38.8s
    [frozen_flower] chain 217/250 task 2/5 success: 57 steps, 38.0s
    [frozen_flower] chain 217/250 task 3/5 success: 98 steps, 65.3s
    [frozen_flower] chain 217/250 task 4/5 success: 85 steps, 52.2s
    [frozen_flower] chain 217/250 task 5/5 success: 86 steps, 54.0s
    [frozen_flower] chain 218/250 start: ['move_slider_left', 'open_drawer', 'lift_blue_block_slider', 'place_in_drawer', 'push_pink_block_right']
    [frozen_flower] chain 218/250 task 1/5 success: 84 steps, 55.6s
    [frozen_flower] chain 218/250 task 2/5 success: 77 steps, 47.5s
    [frozen_flower] chain 218/250 task 3/5 failed: 360 steps, 222.7s
    [frozen_flower] chain 219/250 start: ['rotate_pink_block_right', 'lift_pink_block_table', 'place_in_slider', 'close_drawer', 'lift_red_block_slider']
    [frozen_flower] chain 219/250 task 1/5 success: 103 steps, 72.3s
    [frozen_flower] chain 219/250 task 2/5 success: 119 steps, 76.1s
    [frozen_flower] chain 219/250 task 3/5 failed: 360 steps, 211.8s
    [frozen_flower] chain 220/250 start: ['lift_pink_block_table', 'place_in_slider', 'close_drawer', 'push_red_block_right', 'turn_on_lightbulb']
    [frozen_flower] chain 220/250 task 1/5 success: 55 steps, 30.2s
    [frozen_flower] chain 220/250 task 2/5 success: 34 steps, 18.6s
    [frozen_flower] chain 220/250 task 3/5 success: 88 steps, 43.5s
    [frozen_flower] chain 220/250 task 4/5 success: 89 steps, 46.1s
    [frozen_flower] chain 220/250 task 5/5 success: 58 steps, 30.7s
    [frozen_flower] 220/250 chains, L1 success: 98.2%
    [frozen_flower] chain 221/250 start: ['lift_pink_block_slider', 'stack_block', 'move_slider_left', 'close_drawer', 'turn_off_led']
    [frozen_flower] chain 221/250 task 1/5 success: 59 steps, 30.6s
    [frozen_flower] chain 221/250 task 2/5 success: 63 steps, 34.2s
    [frozen_flower] chain 221/250 task 3/5 success: 64 steps, 34.5s
    [frozen_flower] chain 221/250 task 4/5 success: 76 steps, 40.4s
    [frozen_flower] chain 221/250 task 5/5 success: 61 steps, 31.4s
    [frozen_flower] chain 222/250 start: ['turn_off_led', 'push_blue_block_left', 'open_drawer', 'lift_blue_block_table', 'place_in_slider']
    [frozen_flower] chain 222/250 task 1/5 success: 41 steps, 22.2s
    [frozen_flower] chain 222/250 task 2/5 success: 61 steps, 30.4s
    [frozen_flower] chain 222/250 task 3/5 success: 63 steps, 31.7s
    [frozen_flower] chain 222/250 task 4/5 success: 87 steps, 45.9s
    [frozen_flower] chain 222/250 task 5/5 success: 36 steps, 19.7s
    [frozen_flower] chain 223/250 start: ['lift_blue_block_slider', 'place_in_drawer', 'turn_on_lightbulb', 'close_drawer', 'push_red_block_right']
    [frozen_flower] chain 223/250 task 1/5 success: 69 steps, 37.0s
    [frozen_flower] chain 223/250 task 2/5 success: 41 steps, 22.4s
    [frozen_flower] chain 223/250 task 3/5 success: 65 steps, 33.3s
    [frozen_flower] chain 223/250 task 4/5 success: 82 steps, 44.3s
    [frozen_flower] chain 223/250 task 5/5 success: 85 steps, 44.5s
    [frozen_flower] chain 224/250 start: ['rotate_red_block_right', 'lift_pink_block_table', 'place_in_slider', 'lift_blue_block_slider', 'stack_block']
    [frozen_flower] chain 224/250 task 1/5 success: 72 steps, 37.1s
    [frozen_flower] chain 224/250 task 2/5 success: 82 steps, 44.9s
    [frozen_flower] chain 224/250 task 3/5 success: 51 steps, 37.3s
    [frozen_flower] chain 224/250 task 4/5 failed: 360 steps, 286.2s
    [frozen_flower] chain 225/250 start: ['open_drawer', 'rotate_red_block_left', 'lift_blue_block_slider', 'place_in_slider', 'turn_on_lightbulb']
    [frozen_flower] chain 225/250 task 1/5 success: 50 steps, 43.8s
    [frozen_flower] chain 225/250 task 2/5 success: 113 steps, 115.0s
    [frozen_flower] chain 225/250 task 3/5 success: 91 steps, 92.5s
    [frozen_flower] chain 225/250 task 4/5 success: 9 steps, 6.9s
    [frozen_flower] chain 225/250 task 5/5 success: 67 steps, 40.2s
    [frozen_flower] chain 226/250 start: ['lift_pink_block_slider', 'stack_block', 'unstack_block', 'turn_off_led', 'rotate_red_block_left']
    [frozen_flower] chain 226/250 task 1/5 success: 49 steps, 25.7s
    [frozen_flower] chain 226/250 task 2/5 success: 30 steps, 16.0s
    [frozen_flower] chain 226/250 task 3/5 success: 38 steps, 20.4s
    [frozen_flower] chain 226/250 task 4/5 success: 42 steps, 21.7s
    [frozen_flower] chain 226/250 task 5/5 success: 81 steps, 43.4s
    [frozen_flower] chain 227/250 start: ['push_blue_block_right', 'open_drawer', 'turn_on_lightbulb', 'push_into_drawer', 'move_slider_right']
    [frozen_flower] chain 227/250 task 1/5 success: 278 steps, 146.2s
    [frozen_flower] chain 227/250 task 2/5 success: 59 steps, 30.6s
    [frozen_flower] chain 227/250 task 3/5 success: 69 steps, 35.4s
    [frozen_flower] chain 227/250 task 4/5 success: 60 steps, 30.8s
    [frozen_flower] chain 227/250 task 5/5 success: 86 steps, 43.0s
    [frozen_flower] chain 228/250 start: ['push_red_block_left', 'turn_on_led', 'lift_blue_block_slider', 'place_in_slider', 'lift_pink_block_table']
    [frozen_flower] chain 228/250 task 1/5 success: 46 steps, 23.6s
    [frozen_flower] chain 228/250 task 2/5 success: 13 steps, 7.1s
    [frozen_flower] chain 228/250 task 3/5 success: 66 steps, 35.8s
    [frozen_flower] chain 228/250 task 4/5 success: 7 steps, 3.8s
    [frozen_flower] chain 228/250 task 5/5 success: 81 steps, 44.0s
    [frozen_flower] chain 229/250 start: ['rotate_pink_block_left', 'open_drawer', 'move_slider_left', 'turn_on_led', 'lift_pink_block_table']
    [frozen_flower] chain 229/250 task 1/5 success: 82 steps, 44.2s
    [frozen_flower] chain 229/250 task 2/5 success: 77 steps, 42.2s
    [frozen_flower] chain 229/250 task 3/5 success: 84 steps, 42.7s
    [frozen_flower] chain 229/250 task 4/5 success: 43 steps, 22.5s
    [frozen_flower] chain 229/250 task 5/5 success: 185 steps, 97.9s
    [frozen_flower] chain 230/250 start: ['close_drawer', 'rotate_red_block_left', 'lift_red_block_table', 'place_in_slider', 'lift_pink_block_slider']
    [frozen_flower] chain 230/250 task 1/5 success: 54 steps, 28.4s
    [frozen_flower] chain 230/250 task 2/5 success: 105 steps, 53.9s
    [frozen_flower] chain 230/250 task 3/5 success: 50 steps, 26.5s
    [frozen_flower] chain 230/250 task 4/5 failed: 360 steps, 186.6s
    [frozen_flower] 230/250 chains, L1 success: 98.3%
    [frozen_flower] chain 231/250 start: ['lift_red_block_table', 'place_in_slider', 'close_drawer', 'move_slider_left', 'turn_off_lightbulb']
    [frozen_flower] chain 231/250 task 1/5 success: 50 steps, 25.7s
    [frozen_flower] chain 231/250 task 2/5 failed: 360 steps, 181.9s
    [frozen_flower] chain 232/250 start: ['lift_red_block_slider', 'stack_block', 'unstack_block', 'push_red_block_left', 'move_slider_left']
    [frozen_flower] chain 232/250 task 1/5 success: 64 steps, 35.2s
    [frozen_flower] chain 232/250 task 2/5 success: 46 steps, 23.2s
    [frozen_flower] chain 232/250 task 3/5 success: 22 steps, 11.2s
    [frozen_flower] chain 232/250 task 4/5 failed: 360 steps, 188.5s
    [frozen_flower] chain 233/250 start: ['turn_on_led', 'move_slider_right', 'push_blue_block_left', 'lift_red_block_table', 'place_in_slider']
    [frozen_flower] chain 233/250 task 1/5 success: 36 steps, 19.1s
    [frozen_flower] chain 233/250 task 2/5 success: 61 steps, 31.7s
    [frozen_flower] chain 233/250 task 3/5 failed: 360 steps, 221.1s
    [frozen_flower] chain 234/250 start: ['lift_pink_block_slider', 'place_in_slider', 'move_slider_left', 'turn_on_lightbulb', 'rotate_red_block_right']
    [frozen_flower] chain 234/250 task 1/5 success: 72 steps, 45.5s
    [frozen_flower] chain 234/250 task 2/5 success: 14 steps, 9.0s
    [frozen_flower] chain 234/250 task 3/5 success: 102 steps, 64.5s
    [frozen_flower] chain 234/250 task 4/5 success: 69 steps, 43.3s
    [frozen_flower] chain 234/250 task 5/5 success: 75 steps, 47.2s
    [frozen_flower] chain 235/250 start: ['push_blue_block_left', 'turn_off_lightbulb', 'lift_pink_block_table', 'place_in_slider', 'close_drawer']
    [frozen_flower] chain 235/250 task 1/5 success: 51 steps, 32.3s
    [frozen_flower] chain 235/250 task 2/5 success: 72 steps, 46.1s
    [frozen_flower] chain 235/250 task 3/5 success: 61 steps, 38.1s
    [frozen_flower] chain 235/250 task 4/5 success: 50 steps, 30.4s
    [frozen_flower] chain 235/250 task 5/5 success: 89 steps, 55.3s
    [frozen_flower] chain 236/250 start: ['turn_on_lightbulb', 'push_red_block_left', 'open_drawer', 'lift_blue_block_slider', 'place_in_slider']
    [frozen_flower] chain 236/250 task 1/5 success: 45 steps, 29.4s
    [frozen_flower] chain 236/250 task 2/5 success: 73 steps, 46.0s
    [frozen_flower] chain 236/250 task 3/5 success: 66 steps, 40.7s
    [frozen_flower] chain 236/250 task 4/5 success: 109 steps, 67.7s
    [frozen_flower] chain 236/250 task 5/5 success: 18 steps, 11.8s
    [frozen_flower] chain 237/250 start: ['open_drawer', 'lift_red_block_slider', 'place_in_slider', 'push_into_drawer', 'lift_blue_block_drawer']
    [frozen_flower] chain 237/250 task 1/5 success: 62 steps, 35.0s
    [frozen_flower] chain 237/250 task 2/5 success: 81 steps, 45.2s
    [frozen_flower] chain 237/250 task 3/5 success: 14 steps, 8.1s
    [frozen_flower] chain 237/250 task 4/5 success: 78 steps, 46.1s
    [frozen_flower] chain 237/250 task 5/5 success: 42 steps, 28.8s
    [frozen_flower] chain 238/250 start: ['rotate_red_block_right', 'turn_on_lightbulb', 'lift_red_block_table', 'place_in_drawer', 'lift_pink_block_slider']
    [frozen_flower] chain 238/250 task 1/5 success: 174 steps, 131.6s
    [frozen_flower] chain 238/250 task 2/5 success: 57 steps, 53.3s
    [frozen_flower] chain 238/250 task 3/5 success: 93 steps, 84.7s
    [frozen_flower] chain 238/250 task 4/5 success: 35 steps, 31.5s
    [frozen_flower] chain 238/250 task 5/5 success: 64 steps, 43.7s
    [frozen_flower] chain 239/250 start: ['push_into_drawer', 'close_drawer', 'move_slider_right', 'lift_pink_block_slider', 'place_in_slider']
    [frozen_flower] chain 239/250 task 1/5 success: 72 steps, 46.8s
    [frozen_flower] chain 239/250 task 2/5 success: 60 steps, 38.4s
    [frozen_flower] chain 239/250 task 3/5 success: 100 steps, 69.1s
    [frozen_flower] chain 239/250 task 4/5 success: 90 steps, 65.8s
    [frozen_flower] chain 239/250 task 5/5 success: 11 steps, 9.7s
    [frozen_flower] chain 240/250 start: ['push_pink_block_right', 'lift_blue_block_table', 'stack_block', 'unstack_block', 'close_drawer']
    [frozen_flower] chain 240/250 task 1/5 success: 55 steps, 42.3s
    [frozen_flower] chain 240/250 task 2/5 success: 77 steps, 59.0s
    [frozen_flower] chain 240/250 task 3/5 success: 13 steps, 8.7s
    [frozen_flower] chain 240/250 task 4/5 success: 41 steps, 29.2s
    [frozen_flower] chain 240/250 task 5/5 success: 74 steps, 53.5s
    [frozen_flower] 240/250 chains, L1 success: 98.3%
    [frozen_flower] chain 241/250 start: ['push_into_drawer', 'lift_blue_block_slider', 'place_in_drawer', 'turn_off_led', 'close_drawer']
    [frozen_flower] chain 241/250 task 1/5 success: 79 steps, 58.0s
    [frozen_flower] chain 241/250 task 2/5 success: 87 steps, 56.2s
    [frozen_flower] chain 241/250 task 3/5 success: 53 steps, 31.4s
    [frozen_flower] chain 241/250 task 4/5 success: 49 steps, 28.1s
    [frozen_flower] chain 241/250 task 5/5 success: 84 steps, 49.5s
    [frozen_flower] chain 242/250 start: ['push_pink_block_right', 'lift_blue_block_slider', 'place_in_slider', 'open_drawer', 'turn_off_led']
    [frozen_flower] chain 242/250 task 1/5 success: 42 steps, 26.8s
    [frozen_flower] chain 242/250 task 2/5 success: 83 steps, 55.2s
    [frozen_flower] chain 242/250 task 3/5 success: 16 steps, 11.3s
    [frozen_flower] chain 242/250 task 4/5 success: 88 steps, 60.0s
    [frozen_flower] chain 242/250 task 5/5 success: 72 steps, 48.5s
    [frozen_flower] chain 243/250 start: ['lift_red_block_table', 'place_in_drawer', 'rotate_blue_block_right', 'close_drawer', 'turn_off_led']
    [frozen_flower] chain 243/250 task 1/5 success: 175 steps, 105.5s
    [frozen_flower] chain 243/250 task 2/5 success: 34 steps, 19.5s
    [frozen_flower] chain 243/250 task 3/5 success: 82 steps, 48.1s
    [frozen_flower] chain 243/250 task 4/5 success: 82 steps, 48.3s
    [frozen_flower] chain 243/250 task 5/5 success: 67 steps, 39.2s
    [frozen_flower] chain 244/250 start: ['move_slider_right', 'turn_off_led', 'lift_blue_block_slider', 'stack_block', 'open_drawer']
    [frozen_flower] chain 244/250 task 1/5 success: 61 steps, 34.9s
    [frozen_flower] chain 244/250 task 2/5 success: 38 steps, 21.9s
    [frozen_flower] chain 244/250 task 3/5 success: 74 steps, 42.5s
    [frozen_flower] chain 244/250 task 4/5 success: 52 steps, 31.5s
    [frozen_flower] chain 244/250 task 5/5 success: 63 steps, 35.5s
    [frozen_flower] chain 245/250 start: ['move_slider_right', 'turn_on_led', 'rotate_blue_block_right', 'open_drawer', 'lift_blue_block_table']
    [frozen_flower] chain 245/250 task 1/5 success: 63 steps, 35.3s
    [frozen_flower] chain 245/250 task 2/5 success: 43 steps, 24.1s
    [frozen_flower] chain 245/250 task 3/5 success: 104 steps, 59.1s
    [frozen_flower] chain 245/250 task 4/5 success: 81 steps, 49.2s
    [frozen_flower] chain 245/250 task 5/5 success: 75 steps, 45.0s
    [frozen_flower] chain 246/250 start: ['move_slider_right', 'lift_pink_block_slider', 'place_in_slider', 'push_red_block_left', 'turn_off_led']
    [frozen_flower] chain 246/250 task 1/5 success: 65 steps, 38.6s
    [frozen_flower] chain 246/250 task 2/5 success: 81 steps, 52.5s
    [frozen_flower] chain 246/250 task 3/5 success: 10 steps, 7.1s
    [frozen_flower] chain 246/250 task 4/5 success: 161 steps, 112.7s
    [frozen_flower] chain 246/250 task 5/5 success: 45 steps, 31.8s
    [frozen_flower] chain 247/250 start: ['turn_on_led', 'rotate_blue_block_right', 'lift_red_block_slider', 'place_in_slider', 'open_drawer']
    [frozen_flower] chain 247/250 task 1/5 success: 34 steps, 23.2s
    [frozen_flower] chain 247/250 task 2/5 success: 95 steps, 58.3s
    [frozen_flower] chain 247/250 task 3/5 success: 61 steps, 39.6s
    [frozen_flower] chain 247/250 task 4/5 success: 17 steps, 10.8s
    [frozen_flower] chain 247/250 task 5/5 success: 73 steps, 46.4s
    [frozen_flower] chain 248/250 start: ['lift_red_block_table', 'place_in_drawer', 'rotate_pink_block_right', 'turn_off_lightbulb', 'close_drawer']
    [frozen_flower] chain 248/250 task 1/5 success: 40 steps, 25.5s
    [frozen_flower] chain 248/250 task 2/5 success: 36 steps, 22.1s
    [frozen_flower] chain 248/250 task 3/5 success: 154 steps, 98.8s
    [frozen_flower] chain 248/250 task 4/5 success: 57 steps, 37.1s
    [frozen_flower] chain 248/250 task 5/5 success: 82 steps, 51.8s
    [frozen_flower] chain 249/250 start: ['push_pink_block_left', 'open_drawer', 'turn_off_led', 'move_slider_right', 'lift_pink_block_table']
    [frozen_flower] chain 249/250 task 1/5 success: 60 steps, 29.0s
    [frozen_flower] chain 249/250 task 2/5 success: 63 steps, 38.4s
    [frozen_flower] chain 249/250 task 3/5 success: 73 steps, 44.9s
    [frozen_flower] chain 249/250 task 4/5 success: 63 steps, 34.8s
    [frozen_flower] chain 249/250 task 5/5 success: 59 steps, 36.7s
    [frozen_flower] chain 250/250 start: ['push_into_drawer', 'lift_blue_block_drawer', 'place_in_slider', 'close_drawer', 'turn_on_led']
    [frozen_flower] chain 250/250 task 1/5 success: 87 steps, 63.5s
    [frozen_flower] chain 250/250 task 2/5 success: 52 steps, 37.2s
    [frozen_flower] chain 250/250 task 3/5 failed: 360 steps, 214.7s
    [frozen_flower] 250/250 chains, L1 success: 98.4%
  [frozen_flower] L1=98.4%, L3=90.0%, L5=78.0%, latency=613.4ms

Results saved: results/ce_ais_finetuned_head/flower/worker_1/main_experiment.json

======================================================================
Method                     L1       L2       L3       L4       L5  Lat(ms)
----------------------------------------------------------------------
frozen_flower          98.4%   94.0%   90.0%   85.2%   78.0%   613.4
======================================================================
disconnecting id 0 from server
Destroy EGL OpenGL window.
disconnecting id -1 from server
